scenario,region,sector,period,season,tod,input_comm,tech,vintage,output_comm,flow
BAU_UR,shungnak,electric,2030,fall,0,ELC,ELECT,2030,ELECD,14632.673
BAU_UR,shungnak,electric,2030,fall,0,HYD,GHYD_01,2030,ELC,6057.5303
BAU_UR,shungnak,electric,2030,fall,0,WND,GWND_01,2030,ELC,5398.3414
BAU_UR,shungnak,electric,2030,fall,1,ELC,ELECT,2030,ELECD,14981.07
BAU_UR,shungnak,electric,2030,fall,1,HYD,GHYD_01,2030,ELC,6057.5303
BAU_UR,shungnak,electric,2030,fall,1,WND,GWND_01,2030,ELC,5522.4412
BAU_UR,shungnak,electric,2030,fall,10,ELC,ELECT,2030,ELECD,21600.613
BAU_UR,shungnak,electric,2030,fall,10,HYD,GHYD_01,2030,ELC,6057.5303
BAU_UR,shungnak,electric,2030,fall,10,SOL,GSOL_01,2025,ELC,1337.888
BAU_UR,shungnak,electric,2030,fall,10,SOL,GSOL_01,2030,ELC,1795.3409
BAU_UR,shungnak,electric,2030,fall,10,WND,GWND_01,2030,ELC,5239.5666
BAU_UR,shungnak,electric,2030,fall,11,ELC,ELECT,2030,ELECD,23168.4
BAU_UR,shungnak,electric,2030,fall,11,HYD,GHYD_01,2030,ELC,6057.5303
BAU_UR,shungnak,electric,2030,fall,11,SOL,GSOL_01,2025,ELC,2424.1783
BAU_UR,shungnak,electric,2030,fall,11,SOL,GSOL_01,2030,ELC,3253.0573
BAU_UR,shungnak,electric,2030,fall,11,WND,GWND_01,2030,ELC,5190.2917
BAU_UR,shungnak,electric,2030,fall,12,ELC,ELECT,2030,ELECD,21426.415
BAU_UR,shungnak,electric,2030,fall,12,HYD,GHYD_01,2030,ELC,6057.5303
BAU_UR,shungnak,electric,2030,fall,12,SOL,GSOL_01,2025,ELC,2991.9732
BAU_UR,shungnak,electric,2030,fall,12,SOL,GSOL_01,2030,ELC,4014.9936
BAU_UR,shungnak,electric,2030,fall,12,WND,GWND_01,2030,ELC,5217.6667
BAU_UR,shungnak,electric,2030,fall,13,ELC,ELECT,2030,ELECD,21252.216
BAU_UR,shungnak,electric,2030,fall,13,HYD,GHYD_01,2030,ELC,6057.5303
BAU_UR,shungnak,electric,2030,fall,13,SOL,GSOL_01,2025,ELC,3292.8705
BAU_UR,shungnak,electric,2030,fall,13,SOL,GSOL_01,2030,ELC,4418.7742
BAU_UR,shungnak,electric,2030,fall,13,WND,GWND_01,2030,ELC,5188.4667
BAU_UR,shungnak,electric,2030,fall,14,ELC,ELECT,2030,ELECD,21949.01
BAU_UR,shungnak,electric,2030,fall,14,HYD,GHYD_01,2030,ELC,6057.5303
BAU_UR,shungnak,electric,2030,fall,14,SOL,GSOL_01,2025,ELC,3109.2722
BAU_UR,shungnak,electric,2030,fall,14,SOL,GSOL_01,2030,ELC,4172.3996
BAU_UR,shungnak,electric,2030,fall,14,WND,GWND_01,2030,ELC,5259.6416
BAU_UR,shungnak,electric,2030,fall,15,ELC,ELECT,2030,ELECD,18465.04
BAU_UR,shungnak,electric,2030,fall,15,HYD,GHYD_01,2030,ELC,6057.5303
BAU_UR,shungnak,electric,2030,fall,15,SOL,GSOL_01,2025,ELC,2594.1768
BAU_UR,shungnak,electric,2030,fall,15,SOL,GSOL_01,2030,ELC,3481.1819
BAU_UR,shungnak,electric,2030,fall,15,WND,GWND_01,2030,ELC,5137.3668
BAU_UR,shungnak,electric,2030,fall,16,ELC,ELECT,2030,ELECD,21426.415
BAU_UR,shungnak,electric,2030,fall,16,HYD,GHYD_01,2030,ELC,6057.5303
BAU_UR,shungnak,electric,2030,fall,16,SOL,GSOL_01,2025,ELC,1790.084
BAU_UR,shungnak,electric,2030,fall,16,SOL,GSOL_01,2030,ELC,2402.1524
BAU_UR,shungnak,electric,2030,fall,16,WND,GWND_01,2030,ELC,5423.8913
BAU_UR,shungnak,electric,2030,fall,17,ELC,ELECT,2030,ELECD,21252.216
BAU_UR,shungnak,electric,2030,fall,17,HYD,GHYD_01,2030,ELC,6057.5303
BAU_UR,shungnak,electric,2030,fall,17,SOL,GSOL_01,2025,ELC,904.3919
BAU_UR,shungnak,electric,2030,fall,17,SOL,GSOL_01,2030,ELC,1213.6231
BAU_UR,shungnak,electric,2030,fall,17,WND,GWND_01,2030,ELC,5471.3412
BAU_UR,shungnak,electric,2030,fall,18,ELC,ELECT,2030,ELECD,20032.827
BAU_UR,shungnak,electric,2030,fall,18,HYD,GHYD_01,2030,ELC,6057.5303
BAU_UR,shungnak,electric,2030,fall,18,SOL,GSOL_01,2025,ELC,317.89715
BAU_UR,shungnak,electric,2030,fall,18,SOL,GSOL_01,2030,ELC,426.59307
BAU_UR,shungnak,electric,2030,fall,18,WND,GWND_01,2030,ELC,5206.7167
BAU_UR,shungnak,electric,2030,fall,19,ELC,ELECT,2030,ELECD,15677.864
BAU_UR,shungnak,electric,2030,fall,19,HYD,GHYD_01,2030,ELC,6057.5303
BAU_UR,shungnak,electric,2030,fall,19,SOL,GSOL_01,2025,ELC,78.1993
BAU_UR,shungnak,electric,2030,fall,19,SOL,GSOL_01,2030,ELC,104.93733
BAU_UR,shungnak,electric,2030,fall,19,WND,GWND_01,2030,ELC,5146.4918
BAU_UR,shungnak,electric,2030,fall,2,ELC,ELECT,2030,ELECD,14458.475
BAU_UR,shungnak,electric,2030,fall,2,HYD,GHYD_01,2030,ELC,6057.5303
BAU_UR,shungnak,electric,2030,fall,2,WND,GWND_01,2030,ELC,5560.7661
BAU_UR,shungnak,electric,2030,fall,20,ELC,ELECT,2030,ELECD,20032.827
BAU_UR,shungnak,electric,2030,fall,20,HYD,GHYD_01,2030,ELC,6057.5303
BAU_UR,shungnak,electric,2030,fall,20,SOL,GSOL_01,2025,ELC,5.0999543
BAU_UR,shungnak,electric,2030,fall,20,SOL,GSOL_01,2030,ELC,6.843739
BAU_UR,shungnak,electric,2030,fall,20,WND,GWND_01,2030,ELC,5210.3667
BAU_UR,shungnak,electric,2030,fall,21,ELC,ELECT,2030,ELECD,19161.834
BAU_UR,shungnak,electric,2030,fall,21,HYD,GHYD_01,2030,ELC,6057.5303
BAU_UR,shungnak,electric,2030,fall,21,WND,GWND_01,2030,ELC,4982.242
BAU_UR,shungnak,electric,2030,fall,22,ELC,ELECT,2030,ELECD,17768.246
BAU_UR,shungnak,electric,2030,fall,22,HYD,GHYD_01,2030,ELC,6057.5303
BAU_UR,shungnak,electric,2030,fall,22,WND,GWND_01,2030,ELC,5305.2665
BAU_UR,shungnak,electric,2030,fall,23,ELC,ELECT,2030,ELECD,16548.857
BAU_UR,shungnak,electric,2030,fall,23,HYD,GHYD_01,2030,ELC,6057.5303
BAU_UR,shungnak,electric,2030,fall,23,WND,GWND_01,2030,ELC,5203.0667
BAU_UR,shungnak,electric,2030,fall,3,ELC,ELECT,2030,ELECD,14284.277
BAU_UR,shungnak,electric,2030,fall,3,HYD,GHYD_01,2030,ELC,6057.5303
BAU_UR,shungnak,electric,2030,fall,3,WND,GWND_01,2030,ELC,5485.9412
BAU_UR,shungnak,electric,2030,fall,4,ELC,ELECT,2030,ELECD,13935.88
BAU_UR,shungnak,electric,2030,fall,4,HYD,GHYD_01,2030,ELC,6057.5303
BAU_UR,shungnak,electric,2030,fall,4,WND,GWND_01,2030,ELC,5330.8165
BAU_UR,shungnak,electric,2030,fall,5,ELC,ELECT,2030,ELECD,14284.277
BAU_UR,shungnak,electric,2030,fall,5,HYD,GHYD_01,2030,ELC,6057.5303
BAU_UR,shungnak,electric,2030,fall,5,WND,GWND_01,2030,ELC,5516.9662
BAU_UR,shungnak,electric,2030,fall,6,ELC,ELECT,2030,ELECD,15329.467
BAU_UR,shungnak,electric,2030,fall,6,HYD,GHYD_01,2030,ELC,6057.5303
BAU_UR,shungnak,electric,2030,fall,6,WND,GWND_01,2030,ELC,5418.4163
BAU_UR,shungnak,electric,2030,fall,7,ELC,ELECT,2030,ELECD,16723.055
BAU_UR,shungnak,electric,2030,fall,7,HYD,GHYD_01,2030,ELC,6057.5303
BAU_UR,shungnak,electric,2030,fall,7,SOL,GSOL_01,2025,ELC,30.599726
BAU_UR,shungnak,electric,2030,fall,7,SOL,GSOL_01,2030,ELC,41.062434
BAU_UR,shungnak,electric,2030,fall,7,WND,GWND_01,2030,ELC,5401.9914
BAU_UR,shungnak,electric,2030,fall,8,ELC,ELECT,2030,ELECD,21426.415
BAU_UR,shungnak,electric,2030,fall,8,HYD,GHYD_01,2030,ELC,6057.5303
BAU_UR,shungnak,electric,2030,fall,8,SOL,GSOL_01,2025,ELC,295.79735
BAU_UR,shungnak,electric,2030,fall,8,SOL,GSOL_01,2030,ELC,396.93686
BAU_UR,shungnak,electric,2030,fall,8,WND,GWND_01,2030,ELC,5518.7912
BAU_UR,shungnak,electric,2030,fall,9,ELC,ELECT,2030,ELECD,21426.415
BAU_UR,shungnak,electric,2030,fall,9,HYD,GHYD_01,2030,ELC,6057.5303
BAU_UR,shungnak,electric,2030,fall,9,SOL,GSOL_01,2025,ELC,630.69435
BAU_UR,shungnak,electric,2030,fall,9,SOL,GSOL_01,2030,ELC,846.3424
BAU_UR,shungnak,electric,2030,fall,9,WND,GWND_01,2030,ELC,5310.7415
BAU_UR,shungnak,electric,2030,spring,0,DSL,GDSL_02,2025,ELC,19227.28794117647
BAU_UR,shungnak,electric,2030,spring,0,ELC,ELECT,2030,ELECD,15852.063
BAU_UR,shungnak,electric,2030,spring,0,HYD,GHYD_01,2030,ELC,4270.4932
BAU_UR,shungnak,electric,2030,spring,0,WND,GWND_01,2030,ELC,5044.2919
BAU_UR,shungnak,electric,2030,spring,1,DSL,GDSL_01,2025,ELC,19280.964117647058
BAU_UR,shungnak,electric,2030,spring,1,ELC,ELECT,2030,ELECD,15852.063
BAU_UR,shungnak,electric,2030,spring,1,HYD,GHYD_01,2030,ELC,4270.4932
BAU_UR,shungnak,electric,2030,spring,1,WND,GWND_01,2030,ELC,5026.042
BAU_UR,shungnak,electric,2030,spring,10,ELC,EBATT_01,2030,ELC,239.60597
BAU_UR,shungnak,electric,2030,spring,10,ELC,ELECT,2030,ELECD,23168.4
BAU_UR,shungnak,electric,2030,spring,10,HYD,GHYD_01,2030,ELC,4270.4932
BAU_UR,shungnak,electric,2030,spring,10,SOL,GSOL_01,2025,ELC,6034.946
BAU_UR,shungnak,electric,2030,spring,10,SOL,GSOL_01,2030,ELC,8098.4245
BAU_UR,shungnak,electric,2030,spring,10,WND,GWND_01,2030,ELC,5004.142
BAU_UR,shungnak,electric,2030,spring,11,ELC,EBATT_01,2030,ELC,2891.0071
BAU_UR,shungnak,electric,2030,spring,11,ELC,ELECT,2030,ELECD,23690.995
BAU_UR,shungnak,electric,2030,spring,11,HYD,GHYD_01,2030,ELC,4270.4932
BAU_UR,shungnak,electric,2030,spring,11,SOL,GSOL_01,2025,ELC,7507.1328
BAU_UR,shungnak,electric,2030,spring,11,SOL,GSOL_01,2030,ELC,10073.984
BAU_UR,shungnak,electric,2030,spring,11,WND,GWND_01,2030,ELC,4730.3924
BAU_UR,shungnak,electric,2030,spring,12,ELC,EBATT_01,2030,ELC,5457.6705
BAU_UR,shungnak,electric,2030,spring,12,ELC,ELECT,2030,ELECD,22471.606
BAU_UR,shungnak,electric,2030,spring,12,HYD,GHYD_01,2030,ELC,4270.4932
BAU_UR,shungnak,electric,2030,spring,12,SOL,GSOL_01,2025,ELC,8202.4266
BAU_UR,shungnak,electric,2030,spring,12,SOL,GSOL_01,2030,ELC,11007.014
BAU_UR,shungnak,electric,2030,spring,12,WND,GWND_01,2030,ELC,4449.3429
BAU_UR,shungnak,electric,2030,spring,13,ELC,EBATT_01,2030,ELC,6762.703
BAU_UR,shungnak,electric,2030,spring,13,ELC,ELECT,2030,ELECD,21600.613
BAU_UR,shungnak,electric,2030,spring,13,HYD,GHYD_01,2030,ELC,4270.4932
BAU_UR,shungnak,electric,2030,spring,13,SOL,GSOL_01,2025,ELC,8622.3228
BAU_UR,shungnak,electric,2030,spring,13,SOL,GSOL_01,2030,ELC,11570.481
BAU_UR,shungnak,electric,2030,spring,13,WND,GWND_01,2030,ELC,3900.0188
BAU_UR,shungnak,electric,2030,spring,14,ELC,EBATT_01,2030,ELC,6046.3318
BAU_UR,shungnak,electric,2030,spring,14,ELC,ELECT,2030,ELECD,21949.01
BAU_UR,shungnak,electric,2030,spring,14,HYD,GHYD_01,2030,ELC,4270.4932
BAU_UR,shungnak,electric,2030,spring,14,SOL,GSOL_01,2025,ELC,8588.3231
BAU_UR,shungnak,electric,2030,spring,14,SOL,GSOL_01,2030,ELC,11524.857
BAU_UR,shungnak,electric,2030,spring,14,WND,GWND_01,2030,ELC,3611.6692
BAU_UR,shungnak,electric,2030,spring,15,ELC,EBATT_01,2025,ELC,753.27228
BAU_UR,shungnak,electric,2030,spring,15,ELC,EBATT_01,2030,ELC,4377.076
BAU_UR,shungnak,electric,2030,spring,15,ELC,ELECT,2030,ELECD,21774.812
BAU_UR,shungnak,electric,2030,spring,15,HYD,GHYD_01,2030,ELC,4270.4932
BAU_UR,shungnak,electric,2030,spring,15,SOL,GSOL_01,2025,ELC,8088.5276
BAU_UR,shungnak,electric,2030,spring,15,SOL,GSOL_01,2030,ELC,10854.17
BAU_UR,shungnak,electric,2030,spring,15,WND,GWND_01,2030,ELC,3691.9691
BAU_UR,shungnak,electric,2030,spring,16,ELC,EBATT_01,2025,ELC,1890.3811
BAU_UR,shungnak,electric,2030,spring,16,ELC,ELECT,2030,ELECD,22820.003
BAU_UR,shungnak,electric,2030,spring,16,HYD,GHYD_01,2030,ELC,4270.4932
BAU_UR,shungnak,electric,2030,spring,16,SOL,GSOL_01,2025,ELC,7024.3371
BAU_UR,shungnak,electric,2030,spring,16,SOL,GSOL_01,2030,ELC,9426.1099
BAU_UR,shungnak,electric,2030,spring,16,WND,GWND_01,2030,ELC,3989.4436
BAU_UR,shungnak,electric,2030,spring,17,ELC,ELECT,2030,ELECD,22820.003
BAU_UR,shungnak,electric,2030,spring,17,HYD,GHYD_01,2030,ELC,4270.4932
BAU_UR,shungnak,electric,2030,spring,17,SOL,GSOL_01,2025,ELC,5234.2531
BAU_UR,shungnak,electric,2030,spring,17,SOL,GSOL_01,2030,ELC,7023.9575
BAU_UR,shungnak,electric,2030,spring,17,WND,GWND_01,2030,ELC,4044.1935
BAU_UR,shungnak,electric,2030,spring,18,ELC,ELECT,2030,ELECD,21600.613
BAU_UR,shungnak,electric,2030,spring,18,HYD,GHYD_01,2030,ELC,4270.4932
BAU_UR,shungnak,electric,2030,spring,18,SOL,GSOL_01,2025,ELC,3172.1716
BAU_UR,shungnak,electric,2030,spring,18,SOL,GSOL_01,2030,ELC,4256.8057
BAU_UR,shungnak,electric,2030,spring,18,WND,GWND_01,2030,ELC,4168.2933
BAU_UR,shungnak,electric,2030,spring,19,ELC,ELECT,2030,ELECD,20903.819
BAU_UR,shungnak,electric,2030,spring,19,HYD,GHYD_01,2030,ELC,4270.4932
BAU_UR,shungnak,electric,2030,spring,19,SOL,GSOL_01,2025,ELC,1380.3876
BAU_UR,shungnak,electric,2030,spring,19,SOL,GSOL_01,2030,ELC,1852.372
BAU_UR,shungnak,electric,2030,spring,19,WND,GWND_01,2030,ELC,4292.3931
BAU_UR,shungnak,electric,2030,spring,2,DSL,GDSL_01,2025,ELC,17575.099117647056
BAU_UR,shungnak,electric,2030,spring,2,ELC,ELECT,2030,ELECD,15155.269
BAU_UR,shungnak,electric,2030,spring,2,HYD,GHYD_01,2030,ELC,4270.4932
BAU_UR,shungnak,electric,2030,spring,2,WND,GWND_01,2030,ELC,4909.2421
BAU_UR,shungnak,electric,2030,spring,20,DSL,GDSL_02,2025,ELC,13342.854705882351
BAU_UR,shungnak,electric,2030,spring,20,ELC,ELECT,2030,ELECD,21600.613
BAU_UR,shungnak,electric,2030,spring,20,HYD,GHYD_01,2030,ELC,4270.4932
BAU_UR,shungnak,electric,2030,spring,20,SOL,GSOL_01,2025,ELC,503.19549
BAU_UR,shungnak,electric,2030,spring,20,SOL,GSOL_01,2030,ELC,675.24892
BAU_UR,shungnak,electric,2030,spring,20,WND,GWND_01,2030,ELC,4547.8927
BAU_UR,shungnak,electric,2030,spring,21,DSL,GDSL_03,2025,ELC,32830.61470588235
BAU_UR,shungnak,electric,2030,spring,21,ELC,ELECT,2030,ELECD,20381.224
BAU_UR,shungnak,electric,2030,spring,21,HYD,GHYD_01,2030,ELC,4270.4932
BAU_UR,shungnak,electric,2030,spring,21,SOL,GSOL_01,2025,ELC,219.29804
BAU_UR,shungnak,electric,2030,spring,21,SOL,GSOL_01,2030,ELC,294.28078
BAU_UR,shungnak,electric,2030,spring,21,WND,GWND_01,2030,ELC,4434.7429
BAU_UR,shungnak,electric,2030,spring,22,DSL,GDSL_02,2025,ELC,30704.94705882353
BAU_UR,shungnak,electric,2030,spring,22,ELC,ELECT,2030,ELECD,19858.628
BAU_UR,shungnak,electric,2030,spring,22,HYD,GHYD_01,2030,ELC,4270.4932
BAU_UR,shungnak,electric,2030,spring,22,SOL,GSOL_01,2025,ELC,84.999239
BAU_UR,shungnak,electric,2030,spring,22,SOL,GSOL_01,2030,ELC,114.06232
BAU_UR,shungnak,electric,2030,spring,22,WND,GWND_01,2030,ELC,4949.3921
BAU_UR,shungnak,electric,2030,spring,23,DSL,GDSL_01,2025,ELC,26802.736470588232
BAU_UR,shungnak,electric,2030,spring,23,ELC,ELECT,2030,ELECD,18465.04
BAU_UR,shungnak,electric,2030,spring,23,HYD,GHYD_01,2030,ELC,4270.4932
BAU_UR,shungnak,electric,2030,spring,23,SOL,GSOL_01,2025,ELC,13.599878
BAU_UR,shungnak,electric,2030,spring,23,SOL,GSOL_01,2030,ELC,18.249971
BAU_UR,shungnak,electric,2030,spring,23,WND,GWND_01,2030,ELC,5049.7669
BAU_UR,shungnak,electric,2030,spring,3,DSL,GDSL_03,2025,ELC,16855.83558823529
BAU_UR,shungnak,electric,2030,spring,3,ELC,ELECT,2030,ELECD,15155.269
BAU_UR,shungnak,electric,2030,spring,3,HYD,GHYD_01,2030,ELC,4270.4932
BAU_UR,shungnak,electric,2030,spring,3,WND,GWND_01,2030,ELC,5153.7918
BAU_UR,shungnak,electric,2030,spring,4,DSL,GDSL_03,2025,ELC,16481.568235294115
BAU_UR,shungnak,electric,2030,spring,4,ELC,ELECT,2030,ELECD,15329.467
BAU_UR,shungnak,electric,2030,spring,4,HYD,GHYD_01,2030,ELC,4270.4932
BAU_UR,shungnak,electric,2030,spring,4,SOL,GSOL_01,2025,ELC,20.399817
BAU_UR,shungnak,electric,2030,spring,4,SOL,GSOL_01,2030,ELC,27.374956
BAU_UR,shungnak,electric,2030,spring,4,WND,GWND_01,2030,ELC,5407.4663
BAU_UR,shungnak,electric,2030,spring,5,DSL,GDSL_01,2025,ELC,16323.015
BAU_UR,shungnak,electric,2030,spring,5,ELC,ELECT,2030,ELECD,15677.864
BAU_UR,shungnak,electric,2030,spring,5,HYD,GHYD_01,2030,ELC,4270.4932
BAU_UR,shungnak,electric,2030,spring,5,SOL,GSOL_01,2025,ELC,90.099193
BAU_UR,shungnak,electric,2030,spring,5,SOL,GSOL_01,2030,ELC,120.90606
BAU_UR,shungnak,electric,2030,spring,5,WND,GWND_01,2030,ELC,5646.541
BAU_UR,shungnak,electric,2030,spring,6,DSL,GDSL_01,2025,ELC,15722.994999999999
BAU_UR,shungnak,electric,2030,spring,6,ELC,ELECT,2030,ELECD,16026.261
BAU_UR,shungnak,electric,2030,spring,6,HYD,GHYD_01,2030,ELC,4270.4932
BAU_UR,shungnak,electric,2030,spring,6,SOL,GSOL_01,2025,ELC,302.59729
BAU_UR,shungnak,electric,2030,spring,6,SOL,GSOL_01,2030,ELC,406.06185
BAU_UR,shungnak,electric,2030,spring,6,WND,GWND_01,2030,ELC,5701.2909
BAU_UR,shungnak,electric,2030,spring,7,DSL,GDSL_03,2025,ELC,16402.277352941175
BAU_UR,shungnak,electric,2030,spring,7,ELC,ELECT,2030,ELECD,17594.048
BAU_UR,shungnak,electric,2030,spring,7,HYD,GHYD_01,2030,ELC,4270.4932
BAU_UR,shungnak,electric,2030,spring,7,SOL,GSOL_01,2025,ELC,972.39129
BAU_UR,shungnak,electric,2030,spring,7,SOL,GSOL_01,2030,ELC,1304.8729
BAU_UR,shungnak,electric,2030,spring,7,WND,GWND_01,2030,ELC,5469.5162
BAU_UR,shungnak,electric,2030,spring,8,DSL,GDSL_02,2025,ELC,16572.089411764704
BAU_UR,shungnak,electric,2030,spring,8,ELC,ELECT,2030,ELECD,20903.819
BAU_UR,shungnak,electric,2030,spring,8,HYD,GHYD_01,2030,ELC,4270.4932
BAU_UR,shungnak,electric,2030,spring,8,SOL,GSOL_01,2025,ELC,2264.3797
BAU_UR,shungnak,electric,2030,spring,8,SOL,GSOL_01,2030,ELC,3038.6201
BAU_UR,shungnak,electric,2030,spring,8,WND,GWND_01,2030,ELC,5695.8159
BAU_UR,shungnak,electric,2030,spring,9,DSL,GDSL_02,2025,ELC,6646.7682352941165
BAU_UR,shungnak,electric,2030,spring,9,ELC,ELECT,2030,ELECD,21426.415
BAU_UR,shungnak,electric,2030,spring,9,HYD,GHYD_01,2030,ELC,4270.4932
BAU_UR,shungnak,electric,2030,spring,9,SOL,GSOL_01,2025,ELC,4188.7625
BAU_UR,shungnak,electric,2030,spring,9,SOL,GSOL_01,2030,ELC,5620.991
BAU_UR,shungnak,electric,2030,spring,9,WND,GWND_01,2030,ELC,5086.2669
BAU_UR,shungnak,electric,2030,summer,0,ELC,EBATT_01,2030,ELC,338.21029
BAU_UR,shungnak,electric,2030,summer,0,ELC,ELECT,2030,ELECD,11845.498
BAU_UR,shungnak,electric,2030,summer,0,HYD,GHYD_01,2030,ELC,10853.623
BAU_UR,shungnak,electric,2030,summer,0,SOL,GSOL_01,2025,ELC,16.999848
BAU_UR,shungnak,electric,2030,summer,0,SOL,GSOL_01,2030,ELC,22.812463
BAU_UR,shungnak,electric,2030,summer,0,WND,GWND_01,2030,ELC,1290.2729
BAU_UR,shungnak,electric,2030,summer,1,ELC,EBATT_01,2030,ELC,1073.4894
BAU_UR,shungnak,electric,2030,summer,1,ELC,ELECT,2030,ELECD,10800.307
BAU_UR,shungnak,electric,2030,summer,1,HYD,GHYD_01,2030,ELC,10853.623
BAU_UR,shungnak,electric,2030,summer,1,WND,GWND_01,2030,ELC,1020.1734
BAU_UR,shungnak,electric,2030,summer,10,ELC,EBATT_01,2030,ELC,11138.907
BAU_UR,shungnak,electric,2030,summer,10,ELC,ELECT,2030,ELECD,13239.086
BAU_UR,shungnak,electric,2030,summer,10,HYD,GHYD_01,2030,ELC,10853.623
BAU_UR,shungnak,electric,2030,summer,10,SOL,GSOL_01,2025,ELC,5400.8516
BAU_UR,shungnak,electric,2030,summer,10,SOL,GSOL_01,2030,ELC,7247.5197
BAU_UR,shungnak,electric,2030,summer,10,WND,GWND_01,2030,ELC,875.9986
BAU_UR,shungnak,electric,2030,summer,11,ELC,EBATT_01,2025,ELC,654.87029
BAU_UR,shungnak,electric,2030,summer,11,ELC,EBATT_01,2030,ELC,12474.928
BAU_UR,shungnak,electric,2030,summer,11,ELC,ELECT,2030,ELECD,13587.483
BAU_UR,shungnak,electric,2030,summer,11,HYD,GHYD_01,2030,ELC,10853.623
BAU_UR,shungnak,electric,2030,summer,11,SOL,GSOL_01,2025,ELC,6448.0423
BAU_UR,shungnak,electric,2030,summer,11,SOL,GSOL_01,2030,ELC,8652.7674
BAU_UR,shungnak,electric,2030,summer,11,WND,GWND_01,2030,ELC,762.84878
BAU_UR,shungnak,electric,2030,summer,12,ELC,EBATT_01,2025,ELC,15274.724
BAU_UR,shungnak,electric,2030,summer,12,ELC,ELECT,2030,ELECD,13239.086
BAU_UR,shungnak,electric,2030,summer,12,HYD,GHYD_01,2030,ELC,10853.623
BAU_UR,shungnak,electric,2030,summer,12,SOL,GSOL_01,2025,ELC,7219.8354
BAU_UR,shungnak,electric,2030,summer,12,SOL,GSOL_01,2030,ELC,9688.4532
BAU_UR,shungnak,electric,2030,summer,12,WND,GWND_01,2030,ELC,751.8988
BAU_UR,shungnak,electric,2030,summer,13,ELC,EBATT_01,2025,ELC,16370.419
BAU_UR,shungnak,electric,2030,summer,13,ELC,ELECT,2030,ELECD,13064.887
BAU_UR,shungnak,electric,2030,summer,13,HYD,GHYD_01,2030,ELC,10853.623
BAU_UR,shungnak,electric,2030,summer,13,SOL,GSOL_01,2025,ELC,7593.832
BAU_UR,shungnak,electric,2030,summer,13,SOL,GSOL_01,2030,ELC,10190.327
BAU_UR,shungnak,electric,2030,summer,13,WND,GWND_01,2030,ELC,797.52372
BAU_UR,shungnak,electric,2030,summer,14,ELC,EBATT_01,2025,ELC,17105.815
BAU_UR,shungnak,electric,2030,summer,14,ELC,ELECT,2030,ELECD,12890.689
BAU_UR,shungnak,electric,2030,summer,14,HYD,GHYD_01,2030,ELC,10853.623
BAU_UR,shungnak,electric,2030,summer,14,SOL,GSOL_01,2025,ELC,7804.6301
BAU_UR,shungnak,electric,2030,summer,14,SOL,GSOL_01,2030,ELC,10473.202
BAU_UR,shungnak,electric,2030,summer,14,WND,GWND_01,2030,ELC,865.04862
BAU_UR,shungnak,electric,2030,summer,15,ELC,EBATT_01,2025,ELC,14673.209
BAU_UR,shungnak,electric,2030,summer,15,ELC,ELECT,2030,ELECD,13413.284
BAU_UR,shungnak,electric,2030,summer,15,HYD,GHYD_01,2030,ELC,10853.623
BAU_UR,shungnak,electric,2030,summer,15,SOL,GSOL_01,2025,ELC,7031.1371
BAU_UR,shungnak,electric,2030,summer,15,SOL,GSOL_01,2030,ELC,9435.2349
BAU_UR,shungnak,electric,2030,summer,15,WND,GWND_01,2030,ELC,766.49877
BAU_UR,shungnak,electric,2030,summer,16,ELC,EBATT_01,2025,ELC,11674.979
BAU_UR,shungnak,electric,2030,summer,16,ELC,ELECT,2030,ELECD,14981.07
BAU_UR,shungnak,electric,2030,summer,16,HYD,GHYD_01,2030,ELC,10853.623
BAU_UR,shungnak,electric,2030,summer,16,SOL,GSOL_01,2025,ELC,6480.342
BAU_UR,shungnak,electric,2030,summer,16,SOL,GSOL_01,2030,ELC,8696.1111
BAU_UR,shungnak,electric,2030,summer,16,WND,GWND_01,2030,ELC,625.974
BAU_UR,shungnak,electric,2030,summer,17,ELC,EBATT_01,2025,ELC,8809.9569
BAU_UR,shungnak,electric,2030,summer,17,ELC,ELECT,2030,ELECD,15329.467
BAU_UR,shungnak,electric,2030,summer,17,HYD,GHYD_01,2030,ELC,10853.623
BAU_UR,shungnak,electric,2030,summer,17,SOL,GSOL_01,2025,ELC,5375.3519
BAU_UR,shungnak,electric,2030,summer,17,SOL,GSOL_01,2030,ELC,7213.301
BAU_UR,shungnak,electric,2030,summer,17,WND,GWND_01,2030,ELC,697.14888
BAU_UR,shungnak,electric,2030,summer,18,ELC,EBATT_01,2025,ELC,6994.8913
BAU_UR,shungnak,electric,2030,summer,18,ELC,ELECT,2030,ELECD,13761.681
BAU_UR,shungnak,electric,2030,summer,18,HYD,GHYD_01,2030,ELC,10853.623
BAU_UR,shungnak,electric,2030,summer,18,SOL,GSOL_01,2025,ELC,3833.4657
BAU_UR,shungnak,electric,2030,summer,18,SOL,GSOL_01,2030,ELC,5144.2105
BAU_UR,shungnak,electric,2030,summer,18,WND,GWND_01,2030,ELC,925.27352
BAU_UR,shungnak,electric,2030,summer,19,ELC,EBATT_01,2025,ELC,3471.025
BAU_UR,shungnak,electric,2030,summer,19,ELC,ELECT,2030,ELECD,13413.284
BAU_UR,shungnak,electric,2030,summer,19,HYD,GHYD_01,2030,ELC,10853.623
BAU_UR,shungnak,electric,2030,summer,19,SOL,GSOL_01,2025,ELC,2233.78
BAU_UR,shungnak,electric,2030,summer,19,SOL,GSOL_01,2030,ELC,2997.5577
BAU_UR,shungnak,electric,2030,summer,19,WND,GWND_01,2030,ELC,799.34872
BAU_UR,shungnak,electric,2030,summer,2,ELC,EBATT_01,2030,ELC,1161.913
BAU_UR,shungnak,electric,2030,summer,2,ELC,ELECT,2030,ELECD,10626.108
BAU_UR,shungnak,electric,2030,summer,2,HYD,GHYD_01,2030,ELC,10853.623
BAU_UR,shungnak,electric,2030,summer,2,WND,GWND_01,2030,ELC,934.3985
BAU_UR,shungnak,electric,2030,summer,20,ELC,EBATT_01,2025,ELC,1137.0554
BAU_UR,shungnak,electric,2030,summer,20,ELC,ELECT,2030,ELECD,13413.284
BAU_UR,shungnak,electric,2030,summer,20,HYD,GHYD_01,2030,ELC,10853.623
BAU_UR,shungnak,electric,2030,summer,20,SOL,GSOL_01,2025,ELC,1157.6896
BAU_UR,shungnak,electric,2030,summer,20,SOL,GSOL_01,2030,ELC,1553.5288
BAU_UR,shungnak,electric,2030,summer,20,WND,GWND_01,2030,ELC,985.49842
BAU_UR,shungnak,electric,2030,summer,21,ELC,EBATT_01,2025,ELC,1139.5589
BAU_UR,shungnak,electric,2030,summer,21,ELC,ELECT,2030,ELECD,12368.093
BAU_UR,shungnak,electric,2030,summer,21,HYD,GHYD_01,2030,ELC,10853.623
BAU_UR,shungnak,electric,2030,summer,21,SOL,GSOL_01,2025,ELC,526.99528
BAU_UR,shungnak,electric,2030,summer,21,SOL,GSOL_01,2030,ELC,707.18637
BAU_UR,shungnak,electric,2030,summer,21,WND,GWND_01,2030,ELC,1419.8477
BAU_UR,shungnak,electric,2030,summer,22,ELC,EBATT_01,2025,ELC,615.19257
BAU_UR,shungnak,electric,2030,summer,22,ELC,ELECT,2030,ELECD,12368.093
BAU_UR,shungnak,electric,2030,summer,22,HYD,GHYD_01,2030,ELC,10853.623
BAU_UR,shungnak,electric,2030,summer,22,SOL,GSOL_01,2025,ELC,317.89715
BAU_UR,shungnak,electric,2030,summer,22,SOL,GSOL_01,2030,ELC,426.59307
BAU_UR,shungnak,electric,2030,summer,22,WND,GWND_01,2030,ELC,1385.1728
BAU_UR,shungnak,electric,2030,summer,23,ELC,EBATT_01,2025,ELC,398.91833
BAU_UR,shungnak,electric,2030,summer,23,ELC,ELECT,2030,ELECD,12193.895
BAU_UR,shungnak,electric,2030,summer,23,HYD,GHYD_01,2030,ELC,10853.623
BAU_UR,shungnak,electric,2030,summer,23,SOL,GSOL_01,2025,ELC,93.499163
BAU_UR,shungnak,electric,2030,summer,23,SOL,GSOL_01,2030,ELC,125.46855
BAU_UR,shungnak,electric,2030,summer,23,WND,GWND_01,2030,ELC,1520.2226
BAU_UR,shungnak,electric,2030,summer,3,ELC,EBATT_01,2030,ELC,2039.7065
BAU_UR,shungnak,electric,2030,summer,3,ELC,ELECT,2030,ELECD,9929.3142
BAU_UR,shungnak,electric,2030,summer,3,HYD,GHYD_01,2030,ELC,10853.623
BAU_UR,shungnak,electric,2030,summer,3,SOL,GSOL_01,2025,ELC,20.399817
BAU_UR,shungnak,electric,2030,summer,3,SOL,GSOL_01,2030,ELC,27.374956
BAU_UR,shungnak,electric,2030,summer,3,WND,GWND_01,2030,ELC,1067.6233
BAU_UR,shungnak,electric,2030,summer,4,ELC,EBATT_01,2030,ELC,2496.41
BAU_UR,shungnak,electric,2030,summer,4,ELC,ELECT,2030,ELECD,9755.1157
BAU_UR,shungnak,electric,2030,summer,4,HYD,GHYD_01,2030,ELC,10853.623
BAU_UR,shungnak,electric,2030,summer,4,SOL,GSOL_01,2025,ELC,130.89883
BAU_UR,shungnak,electric,2030,summer,4,SOL,GSOL_01,2030,ELC,175.65597
BAU_UR,shungnak,electric,2030,summer,4,WND,GWND_01,2030,ELC,1091.3483
BAU_UR,shungnak,electric,2030,summer,5,ELC,EBATT_01,2030,ELC,2823.2086
BAU_UR,shungnak,electric,2030,summer,5,ELC,ELECT,2030,ELECD,9755.1157
BAU_UR,shungnak,electric,2030,summer,5,HYD,GHYD_01,2030,ELC,10853.623
BAU_UR,shungnak,electric,2030,summer,5,SOL,GSOL_01,2025,ELC,253.29773
BAU_UR,shungnak,electric,2030,summer,5,SOL,GSOL_01,2030,ELC,339.90571
BAU_UR,shungnak,electric,2030,summer,5,WND,GWND_01,2030,ELC,1131.4982
BAU_UR,shungnak,electric,2030,summer,6,ELC,EBATT_01,2030,ELC,2921.3167
BAU_UR,shungnak,electric,2030,summer,6,ELC,ELECT,2030,ELECD,10451.91
BAU_UR,shungnak,electric,2030,summer,6,HYD,GHYD_01,2030,ELC,10853.623
BAU_UR,shungnak,electric,2030,summer,6,SOL,GSOL_01,2025,ELC,642.59425
BAU_UR,shungnak,electric,2030,summer,6,SOL,GSOL_01,2030,ELC,862.31112
BAU_UR,shungnak,electric,2030,summer,6,WND,GWND_01,2030,ELC,1014.6984
BAU_UR,shungnak,electric,2030,summer,7,ELC,EBATT_01,2030,ELC,4673.6773
BAU_UR,shungnak,electric,2030,summer,7,ELC,ELECT,2030,ELECD,10626.108
BAU_UR,shungnak,electric,2030,summer,7,HYD,GHYD_01,2030,ELC,10853.623
BAU_UR,shungnak,electric,2030,summer,7,SOL,GSOL_01,2025,ELC,1538.4862
BAU_UR,shungnak,electric,2030,summer,7,SOL,GSOL_01,2030,ELC,2064.5279
BAU_UR,shungnak,electric,2030,summer,7,WND,GWND_01,2030,ELC,843.14865
BAU_UR,shungnak,electric,2030,summer,8,ELC,EBATT_01,2030,ELC,7804.7139
BAU_UR,shungnak,electric,2030,summer,8,ELC,ELECT,2030,ELECD,10974.505
BAU_UR,shungnak,electric,2030,summer,8,HYD,GHYD_01,2030,ELC,10853.623
BAU_UR,shungnak,electric,2030,summer,8,SOL,GSOL_01,2025,ELC,3014.073
BAU_UR,shungnak,electric,2030,summer,8,SOL,GSOL_01,2030,ELC,4044.6498
BAU_UR,shungnak,electric,2030,summer,8,WND,GWND_01,2030,ELC,866.87361
BAU_UR,shungnak,electric,2030,summer,9,ELC,EBATT_01,2025,ELC,9032.154
BAU_UR,shungnak,electric,2030,summer,9,ELC,EBATT_01,2030,ELC,953.232
BAU_UR,shungnak,electric,2030,summer,9,ELC,ELECT,2030,ELECD,11322.902
BAU_UR,shungnak,electric,2030,summer,9,HYD,GHYD_01,2030,ELC,10853.623
BAU_UR,shungnak,electric,2030,summer,9,SOL,GSOL_01,2025,ELC,4117.3631
BAU_UR,shungnak,electric,2030,summer,9,SOL,GSOL_01,2030,ELC,5525.1787
BAU_UR,shungnak,electric,2030,summer,9,WND,GWND_01,2030,ELC,812.1237
BAU_UR,shungnak,electric,2030,winter,0,DSL,GDSL_01,2025,ELC,8028.955
BAU_UR,shungnak,electric,2030,winter,0,ELC,ELECT,2030,ELECD,19858.628
BAU_UR,shungnak,electric,2030,winter,0,HYD,GHYD_01,2030,ELC,1011.7784
BAU_UR,shungnak,electric,2030,winter,0,WND,GWND_01,2030,ELC,5513.3162
BAU_UR,shungnak,electric,2030,winter,1,DSL,GDSL_02,2025,ELC,34793.647058823524
BAU_UR,shungnak,electric,2030,winter,1,ELC,ELECT,2030,ELECD,19684.43
BAU_UR,shungnak,electric,2030,winter,1,HYD,GHYD_01,2030,ELC,1011.7784
BAU_UR,shungnak,electric,2030,winter,1,WND,GWND_01,2030,ELC,5620.991
BAU_UR,shungnak,electric,2030,winter,10,DSL,GDSL_02,2025,ELC,53952.06470588235
BAU_UR,shungnak,electric,2030,winter,10,ELC,ELECT,2030,ELECD,25258.782
BAU_UR,shungnak,electric,2030,winter,10,HYD,GHYD_01,2030,ELC,1011.7784
BAU_UR,shungnak,electric,2030,winter,10,SOL,GSOL_01,2025,ELC,193.79826
BAU_UR,shungnak,electric,2030,winter,10,SOL,GSOL_01,2030,ELC,260.06208
BAU_UR,shungnak,electric,2030,winter,10,WND,GWND_01,2030,ELC,5449.4413
BAU_UR,shungnak,electric,2030,winter,11,DSL,GDSL_02,2025,ELC,53338.58235294117
BAU_UR,shungnak,electric,2030,winter,11,ELC,ELECT,2030,ELECD,26129.774
BAU_UR,shungnak,electric,2030,winter,11,HYD,GHYD_01,2030,ELC,1011.7784
BAU_UR,shungnak,electric,2030,winter,11,SOL,GSOL_01,2025,ELC,657.89411
BAU_UR,shungnak,electric,2030,winter,11,SOL,GSOL_01,2030,ELC,882.84234
BAU_UR,shungnak,electric,2030,winter,11,WND,GWND_01,2030,ELC,5442.1413
BAU_UR,shungnak,electric,2030,winter,12,DSL,GDSL_02,2025,ELC,48174.96764705882
BAU_UR,shungnak,electric,2030,winter,12,ELC,ELECT,2030,ELECD,25781.377
BAU_UR,shungnak,electric,2030,winter,12,HYD,GHYD_01,2030,ELC,1011.7784
BAU_UR,shungnak,electric,2030,winter,12,SOL,GSOL_01,2025,ELC,1164.4896
BAU_UR,shungnak,electric,2030,winter,12,SOL,GSOL_01,2030,ELC,1562.6537
BAU_UR,shungnak,electric,2030,winter,12,WND,GWND_01,2030,ELC,5662.9659
BAU_UR,shungnak,electric,2030,winter,13,DSL,GDSL_01,2025,ELC,43127.35294117647
BAU_UR,shungnak,electric,2030,winter,13,ELC,ELECT,2030,ELECD,25084.583
BAU_UR,shungnak,electric,2030,winter,13,HYD,GHYD_01,2030,ELC,1011.7784
BAU_UR,shungnak,electric,2030,winter,13,SOL,GSOL_01,2025,ELC,1497.6866
BAU_UR,shungnak,electric,2030,winter,13,SOL,GSOL_01,2030,ELC,2009.778
BAU_UR,shungnak,electric,2030,winter,13,WND,GWND_01,2030,ELC,5902.0406
BAU_UR,shungnak,electric,2030,winter,14,DSL,GDSL_02,2025,ELC,43028.31176470588
BAU_UR,shungnak,electric,2030,winter,14,ELC,ELECT,2030,ELECD,24910.385
BAU_UR,shungnak,electric,2030,winter,14,HYD,GHYD_01,2030,ELC,1011.7784
BAU_UR,shungnak,electric,2030,winter,14,SOL,GSOL_01,2025,ELC,1497.6866
BAU_UR,shungnak,electric,2030,winter,14,SOL,GSOL_01,2030,ELC,2009.778
BAU_UR,shungnak,electric,2030,winter,14,WND,GWND_01,2030,ELC,5761.5158
BAU_UR,shungnak,electric,2030,winter,15,DSL,GDSL_01,2025,ELC,41775.42647058823
BAU_UR,shungnak,electric,2030,winter,15,ELC,ELECT,2030,ELECD,23690.995
BAU_UR,shungnak,electric,2030,winter,15,HYD,GHYD_01,2030,ELC,1011.7784
BAU_UR,shungnak,electric,2030,winter,15,SOL,GSOL_01,2025,ELC,1106.6901
BAU_UR,shungnak,electric,2030,winter,15,SOL,GSOL_01,2030,ELC,1485.0914
BAU_UR,shungnak,electric,2030,winter,15,WND,GWND_01,2030,ELC,5883.7906
BAU_UR,shungnak,electric,2030,winter,16,DSL,GDSL_02,2025,ELC,49103.57647058823
BAU_UR,shungnak,electric,2030,winter,16,ELC,ELECT,2030,ELECD,24910.385
BAU_UR,shungnak,electric,2030,winter,16,HYD,GHYD_01,2030,ELC,1011.7784
BAU_UR,shungnak,electric,2030,winter,16,SOL,GSOL_01,2025,ELC,600.09463
BAU_UR,shungnak,electric,2030,winter,16,SOL,GSOL_01,2030,ELC,805.27996
BAU_UR,shungnak,electric,2030,winter,16,WND,GWND_01,2030,ELC,5798.0157
BAU_UR,shungnak,electric,2030,winter,17,DSL,GDSL_02,2025,ELC,58192.794117647056
BAU_UR,shungnak,electric,2030,winter,17,ELC,ELECT,2030,ELECD,26826.568
BAU_UR,shungnak,electric,2030,winter,17,HYD,GHYD_01,2030,ELC,1011.7784
BAU_UR,shungnak,electric,2030,winter,17,SOL,GSOL_01,2025,ELC,156.3986
BAU_UR,shungnak,electric,2030,winter,17,SOL,GSOL_01,2030,ELC,209.87466
BAU_UR,shungnak,electric,2030,winter,17,WND,GWND_01,2030,ELC,5662.9659
BAU_UR,shungnak,electric,2030,winter,18,DSL,GDSL_03,2025,ELC,59936.132352941175
BAU_UR,shungnak,electric,2030,winter,18,ELC,ELECT,2030,ELECD,27000.767
BAU_UR,shungnak,electric,2030,winter,18,HYD,GHYD_01,2030,ELC,1011.7784
BAU_UR,shungnak,electric,2030,winter,18,SOL,GSOL_01,2025,ELC,3.3999696
BAU_UR,shungnak,electric,2030,winter,18,SOL,GSOL_01,2030,ELC,4.5624927
BAU_UR,shungnak,electric,2030,winter,18,WND,GWND_01,2030,ELC,5602.741
BAU_UR,shungnak,electric,2030,winter,19,DSL,GDSL_01,2025,ELC,49487.138235294115
BAU_UR,shungnak,electric,2030,winter,19,ELC,ELECT,2030,ELECD,23516.797
BAU_UR,shungnak,electric,2030,winter,19,HYD,GHYD_01,2030,ELC,1011.7784
BAU_UR,shungnak,electric,2030,winter,19,WND,GWND_01,2030,ELC,5679.3909
BAU_UR,shungnak,electric,2030,winter,2,DSL,GDSL_01,2025,ELC,39484.65882352941
BAU_UR,shungnak,electric,2030,winter,2,ELC,ELECT,2030,ELECD,19858.628
BAU_UR,shungnak,electric,2030,winter,2,HYD,GHYD_01,2030,ELC,1011.7784
BAU_UR,shungnak,electric,2030,winter,2,WND,GWND_01,2030,ELC,5422.0663
BAU_UR,shungnak,electric,2030,winter,20,DSL,GDSL_01,2025,ELC,49822.35588235293
BAU_UR,shungnak,electric,2030,winter,20,ELC,ELECT,2030,ELECD,23690.995
BAU_UR,shungnak,electric,2030,winter,20,HYD,GHYD_01,2030,ELC,1011.7784
BAU_UR,shungnak,electric,2030,winter,20,WND,GWND_01,2030,ELC,5739.6158
BAU_UR,shungnak,electric,2030,winter,21,DSL,GDSL_01,2025,ELC,45425.40294117647
BAU_UR,shungnak,electric,2030,winter,21,ELC,ELECT,2030,ELECD,22471.606
BAU_UR,shungnak,electric,2030,winter,21,HYD,GHYD_01,2030,ELC,1011.7784
BAU_UR,shungnak,electric,2030,winter,21,WND,GWND_01,2030,ELC,6015.1904
BAU_UR,shungnak,electric,2030,winter,22,DSL,GDSL_01,2025,ELC,42767.044117647056
BAU_UR,shungnak,electric,2030,winter,22,ELC,ELECT,2030,ELECD,21600.613
BAU_UR,shungnak,electric,2030,winter,22,HYD,GHYD_01,2030,ELC,1011.7784
BAU_UR,shungnak,electric,2030,winter,22,WND,GWND_01,2030,ELC,6048.0403
BAU_UR,shungnak,electric,2030,winter,23,DSL,GDSL_01,2025,ELC,37585.035294117646
BAU_UR,shungnak,electric,2030,winter,23,ELC,ELECT,2030,ELECD,19510.231
BAU_UR,shungnak,electric,2030,winter,23,HYD,GHYD_01,2030,ELC,1011.7784
BAU_UR,shungnak,electric,2030,winter,23,WND,GWND_01,2030,ELC,5719.5408
BAU_UR,shungnak,electric,2030,winter,3,DSL,GDSL_01,2025,ELC,37237.18235294117
BAU_UR,shungnak,electric,2030,winter,3,ELC,ELECT,2030,ELECD,18813.437
BAU_UR,shungnak,electric,2030,winter,3,HYD,GHYD_01,2030,ELC,1011.7784
BAU_UR,shungnak,electric,2030,winter,3,WND,GWND_01,2030,ELC,5141.0168
BAU_UR,shungnak,electric,2030,winter,4,DSL,GDSL_01,2025,ELC,35483.00882352941
BAU_UR,shungnak,electric,2030,winter,4,ELC,ELECT,2030,ELECD,18116.643
BAU_UR,shungnak,electric,2030,winter,4,HYD,GHYD_01,2030,ELC,1011.7784
BAU_UR,shungnak,electric,2030,winter,4,WND,GWND_01,2030,ELC,5040.6419
BAU_UR,shungnak,electric,2030,winter,5,DSL,GDSL_03,2025,ELC,35662.56470588235
BAU_UR,shungnak,electric,2030,winter,5,ELC,ELECT,2030,ELECD,18290.842
BAU_UR,shungnak,electric,2030,winter,5,HYD,GHYD_01,2030,ELC,1011.7784
BAU_UR,shungnak,electric,2030,winter,5,WND,GWND_01,2030,ELC,5153.7918
BAU_UR,shungnak,electric,2030,winter,6,DSL,GDSL_03,2025,ELC,36569.17352941176
BAU_UR,shungnak,electric,2030,winter,6,ELC,ELECT,2030,ELECD,18639.239
BAU_UR,shungnak,electric,2030,winter,6,HYD,GHYD_01,2030,ELC,1011.7784
BAU_UR,shungnak,electric,2030,winter,6,WND,GWND_01,2030,ELC,5193.9417
BAU_UR,shungnak,electric,2030,winter,7,DSL,GDSL_01,2025,ELC,35367.34411764706
BAU_UR,shungnak,electric,2030,winter,7,ELC,ELECT,2030,ELECD,18290.842
BAU_UR,shungnak,electric,2030,winter,7,HYD,GHYD_01,2030,ELC,1011.7784
BAU_UR,shungnak,electric,2030,winter,7,WND,GWND_01,2030,ELC,5254.1666
BAU_UR,shungnak,electric,2030,winter,8,DSL,GDSL_03,2025,ELC,40227.81470588235
BAU_UR,shungnak,electric,2030,winter,8,ELC,ELECT,2030,ELECD,20032.827
BAU_UR,shungnak,electric,2030,winter,8,HYD,GHYD_01,2030,ELC,1011.7784
BAU_UR,shungnak,electric,2030,winter,8,WND,GWND_01,2030,ELC,5343.5915
BAU_UR,shungnak,electric,2030,winter,9,DSL,GDSL_03,2025,ELC,49918.97352941176
BAU_UR,shungnak,electric,2030,winter,9,ELC,ELECT,2030,ELECD,23690.995
BAU_UR,shungnak,electric,2030,winter,9,HYD,GHYD_01,2030,ELC,1011.7784
BAU_UR,shungnak,electric,2030,winter,9,WND,GWND_01,2030,ELC,5706.7659
BAU_UR,shungnak,electric,2035,fall,0,ELC,EBATT_01,2025,ELC,1475.1262
BAU_UR,shungnak,electric,2035,fall,0,ELC,ELECT,2030,ELECD,15379.087
BAU_UR,shungnak,electric,2035,fall,0,HYD,GHYD_01,2030,ELC,6057.5303
BAU_UR,shungnak,electric,2035,fall,0,WND,GWND_01,2030,ELC,5398.3414
BAU_UR,shungnak,electric,2035,fall,0,WND,GWND_01,2035,ELC,5398.3414
BAU_UR,shungnak,electric,2035,fall,1,ELC,EBATT_01,2025,ELC,1357.1571
BAU_UR,shungnak,electric,2035,fall,1,ELC,ELECT,2030,ELECD,15745.256
BAU_UR,shungnak,electric,2035,fall,1,HYD,GHYD_01,2030,ELC,6057.5303
BAU_UR,shungnak,electric,2035,fall,1,WND,GWND_01,2030,ELC,5522.4412
BAU_UR,shungnak,electric,2035,fall,1,WND,GWND_01,2035,ELC,5522.4412
BAU_UR,shungnak,electric,2035,fall,10,ELC,ELECT,2030,ELECD,22702.462
BAU_UR,shungnak,electric,2035,fall,10,HYD,GHYD_01,2030,ELC,6057.5303
BAU_UR,shungnak,electric,2035,fall,10,SOL,GSOL_01,2025,ELC,1337.888
BAU_UR,shungnak,electric,2035,fall,10,SOL,GSOL_01,2030,ELC,1795.3409
BAU_UR,shungnak,electric,2035,fall,10,SOL,GSOL_01,2035,ELC,732.82829
BAU_UR,shungnak,electric,2035,fall,10,WND,GWND_01,2030,ELC,5239.5666
BAU_UR,shungnak,electric,2035,fall,10,WND,GWND_01,2035,ELC,5239.5666
BAU_UR,shungnak,electric,2035,fall,11,ELC,ELECT,2035,ELECD,24350.221
BAU_UR,shungnak,electric,2035,fall,11,HYD,GHYD_01,2030,ELC,6057.5303
BAU_UR,shungnak,electric,2035,fall,11,SOL,GSOL_01,2025,ELC,2424.1783
BAU_UR,shungnak,electric,2035,fall,11,SOL,GSOL_01,2030,ELC,3253.0573
BAU_UR,shungnak,electric,2035,fall,11,SOL,GSOL_01,2035,ELC,1327.8439
BAU_UR,shungnak,electric,2035,fall,11,WND,GWND_01,2030,ELC,5190.2917
BAU_UR,shungnak,electric,2035,fall,11,WND,GWND_01,2035,ELC,5190.2917
BAU_UR,shungnak,electric,2035,fall,12,ELC,EBATT_01,2030,ELC,2619.3069
BAU_UR,shungnak,electric,2035,fall,12,ELC,ELECT,2030,ELECD,22519.377
BAU_UR,shungnak,electric,2035,fall,12,HYD,GHYD_01,2030,ELC,6057.5303
BAU_UR,shungnak,electric,2035,fall,12,SOL,GSOL_01,2025,ELC,2991.9732
BAU_UR,shungnak,electric,2035,fall,12,SOL,GSOL_01,2030,ELC,4014.9936
BAU_UR,shungnak,electric,2035,fall,12,SOL,GSOL_01,2035,ELC,1638.8536
BAU_UR,shungnak,electric,2035,fall,12,WND,GWND_01,2030,ELC,5217.6667
BAU_UR,shungnak,electric,2035,fall,12,WND,GWND_01,2035,ELC,5217.6667
BAU_UR,shungnak,electric,2035,fall,13,ELC,EBATT_01,2025,ELC,3613.4858
BAU_UR,shungnak,electric,2035,fall,13,ELC,ELECT,2030,ELECD,22336.293
BAU_UR,shungnak,electric,2035,fall,13,HYD,GHYD_01,2030,ELC,6057.5303
BAU_UR,shungnak,electric,2035,fall,13,SOL,GSOL_01,2025,ELC,3292.8705
BAU_UR,shungnak,electric,2035,fall,13,SOL,GSOL_01,2030,ELC,4418.7742
BAU_UR,shungnak,electric,2035,fall,13,SOL,GSOL_01,2035,ELC,1803.6701
BAU_UR,shungnak,electric,2035,fall,13,WND,GWND_01,2030,ELC,5188.4667
BAU_UR,shungnak,electric,2035,fall,13,WND,GWND_01,2035,ELC,5188.4667
BAU_UR,shungnak,electric,2035,fall,14,ELC,EBATT_01,2025,ELC,2492.9591
BAU_UR,shungnak,electric,2035,fall,14,ELC,ELECT,2030,ELECD,23068.63
BAU_UR,shungnak,electric,2035,fall,14,HYD,GHYD_01,2030,ELC,6057.5303
BAU_UR,shungnak,electric,2035,fall,14,SOL,GSOL_01,2025,ELC,3109.2722
BAU_UR,shungnak,electric,2035,fall,14,SOL,GSOL_01,2030,ELC,4172.3996
BAU_UR,shungnak,electric,2035,fall,14,SOL,GSOL_01,2035,ELC,1703.1041
BAU_UR,shungnak,electric,2035,fall,14,WND,GWND_01,2030,ELC,5259.6416
BAU_UR,shungnak,electric,2035,fall,14,WND,GWND_01,2035,ELC,5259.6416
BAU_UR,shungnak,electric,2035,fall,15,ELC,EBATT_01,2025,ELC,4421.6402
BAU_UR,shungnak,electric,2035,fall,15,ELC,ELECT,2030,ELECD,19406.943
BAU_UR,shungnak,electric,2035,fall,15,HYD,GHYD_01,2030,ELC,6057.5303
BAU_UR,shungnak,electric,2035,fall,15,SOL,GSOL_01,2025,ELC,2594.1768
BAU_UR,shungnak,electric,2035,fall,15,SOL,GSOL_01,2030,ELC,3481.1819
BAU_UR,shungnak,electric,2035,fall,15,SOL,GSOL_01,2035,ELC,1420.9606
BAU_UR,shungnak,electric,2035,fall,15,WND,GWND_01,2030,ELC,5137.3668
BAU_UR,shungnak,electric,2035,fall,15,WND,GWND_01,2035,ELC,5137.3668
BAU_UR,shungnak,electric,2035,fall,16,ELC,ELECT,2030,ELECD,22519.377
BAU_UR,shungnak,electric,2035,fall,16,HYD,GHYD_01,2030,ELC,6057.5303
BAU_UR,shungnak,electric,2035,fall,16,SOL,GSOL_01,2025,ELC,1790.084
BAU_UR,shungnak,electric,2035,fall,16,SOL,GSOL_01,2030,ELC,2402.1524
BAU_UR,shungnak,electric,2035,fall,16,SOL,GSOL_01,2035,ELC,980.51866
BAU_UR,shungnak,electric,2035,fall,16,WND,GWND_01,2030,ELC,5423.8913
BAU_UR,shungnak,electric,2035,fall,16,WND,GWND_01,2035,ELC,5423.8913
BAU_UR,shungnak,electric,2035,fall,17,ELC,ELECT,2030,ELECD,22336.293
BAU_UR,shungnak,electric,2035,fall,17,HYD,GHYD_01,2030,ELC,6057.5303
BAU_UR,shungnak,electric,2035,fall,17,SOL,GSOL_01,2025,ELC,904.3919
BAU_UR,shungnak,electric,2035,fall,17,SOL,GSOL_01,2030,ELC,1213.6231
BAU_UR,shungnak,electric,2035,fall,17,SOL,GSOL_01,2035,ELC,495.38075
BAU_UR,shungnak,electric,2035,fall,17,WND,GWND_01,2030,ELC,5471.3412
BAU_UR,shungnak,electric,2035,fall,17,WND,GWND_01,2035,ELC,5471.3412
BAU_UR,shungnak,electric,2035,fall,18,ELC,ELECT,2030,ELECD,21054.702
BAU_UR,shungnak,electric,2035,fall,18,HYD,GHYD_01,2030,ELC,6057.5303
BAU_UR,shungnak,electric,2035,fall,18,SOL,GSOL_01,2025,ELC,317.89715
BAU_UR,shungnak,electric,2035,fall,18,SOL,GSOL_01,2030,ELC,426.59307
BAU_UR,shungnak,electric,2035,fall,18,SOL,GSOL_01,2035,ELC,174.1282
BAU_UR,shungnak,electric,2035,fall,18,WND,GWND_01,2030,ELC,5206.7167
BAU_UR,shungnak,electric,2035,fall,18,WND,GWND_01,2035,ELC,5206.7167
BAU_UR,shungnak,electric,2035,fall,19,ELC,EBATT_01,2025,ELC,98.891115
BAU_UR,shungnak,electric,2035,fall,19,ELC,ELECT,2030,ELECD,16477.593
BAU_UR,shungnak,electric,2035,fall,19,HYD,GHYD_01,2030,ELC,6057.5303
BAU_UR,shungnak,electric,2035,fall,19,SOL,GSOL_01,2025,ELC,78.1993
BAU_UR,shungnak,electric,2035,fall,19,SOL,GSOL_01,2030,ELC,104.93733
BAU_UR,shungnak,electric,2035,fall,19,SOL,GSOL_01,2035,ELC,42.833674
BAU_UR,shungnak,electric,2035,fall,19,WND,GWND_01,2030,ELC,5146.4918
BAU_UR,shungnak,electric,2035,fall,19,WND,GWND_01,2035,ELC,5146.4918
BAU_UR,shungnak,electric,2035,fall,2,ELC,EBATT_01,2025,ELC,1983.0601
BAU_UR,shungnak,electric,2035,fall,2,ELC,ELECT,2030,ELECD,15196.002
BAU_UR,shungnak,electric,2035,fall,2,HYD,GHYD_01,2030,ELC,6057.5303
BAU_UR,shungnak,electric,2035,fall,2,WND,GWND_01,2030,ELC,5560.7661
BAU_UR,shungnak,electric,2035,fall,2,WND,GWND_01,2035,ELC,5560.7661
BAU_UR,shungnak,electric,2035,fall,20,ELC,ELECT,2030,ELECD,21054.702
BAU_UR,shungnak,electric,2035,fall,20,HYD,GHYD_01,2030,ELC,6057.5303
BAU_UR,shungnak,electric,2035,fall,20,SOL,GSOL_01,2025,ELC,5.0999543
BAU_UR,shungnak,electric,2035,fall,20,SOL,GSOL_01,2030,ELC,6.843739
BAU_UR,shungnak,electric,2035,fall,20,SOL,GSOL_01,2035,ELC,2.7935005
BAU_UR,shungnak,electric,2035,fall,20,WND,GWND_01,2030,ELC,5210.3667
BAU_UR,shungnak,electric,2035,fall,20,WND,GWND_01,2035,ELC,5210.3667
BAU_UR,shungnak,electric,2035,fall,21,ELC,ELECT,2035,ELECD,20139.28
BAU_UR,shungnak,electric,2035,fall,21,HYD,GHYD_01,2030,ELC,6057.5303
BAU_UR,shungnak,electric,2035,fall,21,WND,GWND_01,2030,ELC,4982.242
BAU_UR,shungnak,electric,2035,fall,21,WND,GWND_01,2035,ELC,4982.242
BAU_UR,shungnak,electric,2035,fall,22,ELC,ELECT,2030,ELECD,18674.605
BAU_UR,shungnak,electric,2035,fall,22,HYD,GHYD_01,2030,ELC,6057.5303
BAU_UR,shungnak,electric,2035,fall,22,WND,GWND_01,2030,ELC,5305.2665
BAU_UR,shungnak,electric,2035,fall,22,WND,GWND_01,2035,ELC,5305.2665
BAU_UR,shungnak,electric,2035,fall,23,ELC,ELECT,2030,ELECD,17393.015
BAU_UR,shungnak,electric,2035,fall,23,HYD,GHYD_01,2030,ELC,6057.5303
BAU_UR,shungnak,electric,2035,fall,23,WND,GWND_01,2030,ELC,5203.0667
BAU_UR,shungnak,electric,2035,fall,23,WND,GWND_01,2035,ELC,5203.0667
BAU_UR,shungnak,electric,2035,fall,3,ELC,EBATT_01,2025,ELC,2016.4947
BAU_UR,shungnak,electric,2035,fall,3,ELC,ELECT,2030,ELECD,15012.918
BAU_UR,shungnak,electric,2035,fall,3,HYD,GHYD_01,2030,ELC,6057.5303
BAU_UR,shungnak,electric,2035,fall,3,WND,GWND_01,2030,ELC,5485.9412
BAU_UR,shungnak,electric,2035,fall,3,WND,GWND_01,2035,ELC,5485.9412
BAU_UR,shungnak,electric,2035,fall,4,ELC,EBATT_01,2025,ELC,2072.4139
BAU_UR,shungnak,electric,2035,fall,4,ELC,ELECT,2035,ELECD,14646.749
BAU_UR,shungnak,electric,2035,fall,4,HYD,GHYD_01,2030,ELC,6057.5303
BAU_UR,shungnak,electric,2035,fall,4,WND,GWND_01,2030,ELC,5330.8165
BAU_UR,shungnak,electric,2035,fall,4,WND,GWND_01,2035,ELC,5330.8165
BAU_UR,shungnak,electric,2035,fall,5,ELC,EBATT_01,2025,ELC,2078.5446
BAU_UR,shungnak,electric,2035,fall,5,ELC,ELECT,2030,ELECD,15012.918
BAU_UR,shungnak,electric,2035,fall,5,HYD,GHYD_01,2030,ELC,6057.5303
BAU_UR,shungnak,electric,2035,fall,5,WND,GWND_01,2030,ELC,5516.9662
BAU_UR,shungnak,electric,2035,fall,5,WND,GWND_01,2035,ELC,5516.9662
BAU_UR,shungnak,electric,2035,fall,6,ELC,EBATT_01,2025,ELC,782.93867
BAU_UR,shungnak,electric,2035,fall,6,ELC,ELECT,2030,ELECD,16111.424
BAU_UR,shungnak,electric,2035,fall,6,HYD,GHYD_01,2030,ELC,6057.5303
BAU_UR,shungnak,electric,2035,fall,6,WND,GWND_01,2030,ELC,5418.4163
BAU_UR,shungnak,electric,2035,fall,6,WND,GWND_01,2035,ELC,5418.4163
BAU_UR,shungnak,electric,2035,fall,7,ELC,ELECT,2035,ELECD,17576.099
BAU_UR,shungnak,electric,2035,fall,7,HYD,GHYD_01,2030,ELC,6057.5303
BAU_UR,shungnak,electric,2035,fall,7,SOL,GSOL_01,2025,ELC,30.599726
BAU_UR,shungnak,electric,2035,fall,7,SOL,GSOL_01,2030,ELC,41.062434
BAU_UR,shungnak,electric,2035,fall,7,SOL,GSOL_01,2035,ELC,16.761003
BAU_UR,shungnak,electric,2035,fall,7,WND,GWND_01,2030,ELC,5401.9914
BAU_UR,shungnak,electric,2035,fall,7,WND,GWND_01,2035,ELC,5401.9914
BAU_UR,shungnak,electric,2035,fall,8,ELC,ELECT,2030,ELECD,22519.377
BAU_UR,shungnak,electric,2035,fall,8,HYD,GHYD_01,2030,ELC,6057.5303
BAU_UR,shungnak,electric,2035,fall,8,SOL,GSOL_01,2025,ELC,295.79735
BAU_UR,shungnak,electric,2035,fall,8,SOL,GSOL_01,2030,ELC,396.93686
BAU_UR,shungnak,electric,2035,fall,8,SOL,GSOL_01,2035,ELC,162.02303
BAU_UR,shungnak,electric,2035,fall,8,WND,GWND_01,2030,ELC,5518.7912
BAU_UR,shungnak,electric,2035,fall,8,WND,GWND_01,2035,ELC,5518.7912
BAU_UR,shungnak,electric,2035,fall,9,ELC,ELECT,2030,ELECD,22519.377
BAU_UR,shungnak,electric,2035,fall,9,HYD,GHYD_01,2030,ELC,6057.5303
BAU_UR,shungnak,electric,2035,fall,9,SOL,GSOL_01,2025,ELC,630.69435
BAU_UR,shungnak,electric,2035,fall,9,SOL,GSOL_01,2030,ELC,846.3424
BAU_UR,shungnak,electric,2035,fall,9,SOL,GSOL_01,2035,ELC,345.46289
BAU_UR,shungnak,electric,2035,fall,9,WND,GWND_01,2030,ELC,5310.7415
BAU_UR,shungnak,electric,2035,fall,9,WND,GWND_01,2035,ELC,5310.7415
BAU_UR,shungnak,electric,2035,spring,0,DSL,GDSL_02,2025,ELC,6769.41294117647
BAU_UR,shungnak,electric,2035,spring,0,ELC,ELECT,2030,ELECD,16660.677
BAU_UR,shungnak,electric,2035,spring,0,HYD,GHYD_01,2030,ELC,4270.4932
BAU_UR,shungnak,electric,2035,spring,0,WND,GWND_01,2030,ELC,5044.2919
BAU_UR,shungnak,electric,2035,spring,0,WND,GWND_01,2035,ELC,5044.2919
BAU_UR,shungnak,electric,2035,spring,1,DSL,GDSL_03,2025,ELC,6876.765588235294
BAU_UR,shungnak,electric,2035,spring,1,ELC,ELECT,2030,ELECD,16660.677
BAU_UR,shungnak,electric,2035,spring,1,HYD,GHYD_01,2030,ELC,4270.4932
BAU_UR,shungnak,electric,2035,spring,1,WND,GWND_01,2030,ELC,5026.042
BAU_UR,shungnak,electric,2035,spring,1,WND,GWND_01,2035,ELC,5026.042
BAU_UR,shungnak,electric,2035,spring,10,ELC,EBATT_01,2030,ELC,7367.5691
BAU_UR,shungnak,electric,2035,spring,10,ELC,ELECT,2030,ELECD,24350.221
BAU_UR,shungnak,electric,2035,spring,10,HYD,GHYD_01,2030,ELC,4270.4932
BAU_UR,shungnak,electric,2035,spring,10,SOL,GSOL_01,2025,ELC,6034.946
BAU_UR,shungnak,electric,2035,spring,10,SOL,GSOL_01,2030,ELC,8098.4245
BAU_UR,shungnak,electric,2035,spring,10,SOL,GSOL_01,2035,ELC,3305.6422
BAU_UR,shungnak,electric,2035,spring,10,WND,GWND_01,2030,ELC,5004.142
BAU_UR,shungnak,electric,2035,spring,10,WND,GWND_01,2035,ELC,5004.142
BAU_UR,shungnak,electric,2035,spring,11,ELC,EBATT_01,2030,ELC,10524.953
BAU_UR,shungnak,electric,2035,spring,11,ELC,ELECT,2030,ELECD,24899.474
BAU_UR,shungnak,electric,2035,spring,11,HYD,GHYD_01,2030,ELC,4270.4932
BAU_UR,shungnak,electric,2035,spring,11,SOL,GSOL_01,2025,ELC,7507.1328
BAU_UR,shungnak,electric,2035,spring,11,SOL,GSOL_01,2030,ELC,10073.984
BAU_UR,shungnak,electric,2035,spring,11,SOL,GSOL_01,2035,ELC,4112.0327
BAU_UR,shungnak,electric,2035,spring,11,WND,GWND_01,2030,ELC,4730.3924
BAU_UR,shungnak,electric,2035,spring,11,WND,GWND_01,2035,ELC,4730.3924
BAU_UR,shungnak,electric,2035,spring,12,ELC,EBATT_01,2035,ELC,13253.616
BAU_UR,shungnak,electric,2035,spring,12,ELC,ELECT,2030,ELECD,23617.883
BAU_UR,shungnak,electric,2035,spring,12,HYD,GHYD_01,2030,ELC,4270.4932
BAU_UR,shungnak,electric,2035,spring,12,SOL,GSOL_01,2025,ELC,8202.4266
BAU_UR,shungnak,electric,2035,spring,12,SOL,GSOL_01,2030,ELC,11007.014
BAU_UR,shungnak,electric,2035,spring,12,SOL,GSOL_01,2035,ELC,4492.8799
BAU_UR,shungnak,electric,2035,spring,12,WND,GWND_01,2030,ELC,4449.3429
BAU_UR,shungnak,electric,2035,spring,12,WND,GWND_01,2035,ELC,4449.3429
BAU_UR,shungnak,electric,2035,spring,13,ELC,EBATT_01,2035,ELC,14283.752
BAU_UR,shungnak,electric,2035,spring,13,ELC,ELECT,2035,ELECD,22702.462
BAU_UR,shungnak,electric,2035,spring,13,HYD,GHYD_01,2030,ELC,4270.4932
BAU_UR,shungnak,electric,2035,spring,13,SOL,GSOL_01,2025,ELC,8622.3228
BAU_UR,shungnak,electric,2035,spring,13,SOL,GSOL_01,2030,ELC,11570.481
BAU_UR,shungnak,electric,2035,spring,13,SOL,GSOL_01,2035,ELC,4722.8781
BAU_UR,shungnak,electric,2035,spring,13,WND,GWND_01,2030,ELC,3900.0188
BAU_UR,shungnak,electric,2035,spring,13,WND,GWND_01,2035,ELC,3900.0188
BAU_UR,shungnak,electric,2035,spring,14,ELC,EBATT_01,2035,ELC,13242.636
BAU_UR,shungnak,electric,2035,spring,14,ELC,ELECT,2030,ELECD,23068.63
BAU_UR,shungnak,electric,2035,spring,14,HYD,GHYD_01,2030,ELC,4270.4932
BAU_UR,shungnak,electric,2035,spring,14,SOL,GSOL_01,2025,ELC,8588.3231
BAU_UR,shungnak,electric,2035,spring,14,SOL,GSOL_01,2030,ELC,11524.857
BAU_UR,shungnak,electric,2035,spring,14,SOL,GSOL_01,2035,ELC,4704.2548
BAU_UR,shungnak,electric,2035,spring,14,WND,GWND_01,2030,ELC,3611.6692
BAU_UR,shungnak,electric,2035,spring,14,WND,GWND_01,2035,ELC,3611.6692
BAU_UR,shungnak,electric,2035,spring,15,ELC,EBATT_01,2035,ELC,12142.075
BAU_UR,shungnak,electric,2035,spring,15,ELC,ELECT,2030,ELECD,22885.546
BAU_UR,shungnak,electric,2035,spring,15,HYD,GHYD_01,2030,ELC,4270.4932
BAU_UR,shungnak,electric,2035,spring,15,SOL,GSOL_01,2025,ELC,8088.5276
BAU_UR,shungnak,electric,2035,spring,15,SOL,GSOL_01,2030,ELC,10854.17
BAU_UR,shungnak,electric,2035,spring,15,SOL,GSOL_01,2035,ELC,4430.4917
BAU_UR,shungnak,electric,2035,spring,15,WND,GWND_01,2030,ELC,3691.9691
BAU_UR,shungnak,electric,2035,spring,15,WND,GWND_01,2035,ELC,3691.9691
BAU_UR,shungnak,electric,2035,spring,16,ELC,EBATT_01,2030,ELC,8563.3567
BAU_UR,shungnak,electric,2035,spring,16,ELC,ELECT,2030,ELECD,23984.052
BAU_UR,shungnak,electric,2035,spring,16,HYD,GHYD_01,2030,ELC,4270.4932
BAU_UR,shungnak,electric,2035,spring,16,SOL,GSOL_01,2025,ELC,7024.3371
BAU_UR,shungnak,electric,2035,spring,16,SOL,GSOL_01,2030,ELC,9426.1099
BAU_UR,shungnak,electric,2035,spring,16,SOL,GSOL_01,2035,ELC,3847.5813
BAU_UR,shungnak,electric,2035,spring,16,WND,GWND_01,2030,ELC,3989.4436
BAU_UR,shungnak,electric,2035,spring,16,WND,GWND_01,2035,ELC,3989.4436
BAU_UR,shungnak,electric,2035,spring,17,ELC,EBATT_01,2025,ELC,1092.7613
BAU_UR,shungnak,electric,2035,spring,17,ELC,EBATT_01,2035,ELC,2407.3402
BAU_UR,shungnak,electric,2035,spring,17,ELC,ELECT,2035,ELECD,23984.052
BAU_UR,shungnak,electric,2035,spring,17,HYD,GHYD_01,2030,ELC,4270.4932
BAU_UR,shungnak,electric,2035,spring,17,SOL,GSOL_01,2025,ELC,5234.2531
BAU_UR,shungnak,electric,2035,spring,17,SOL,GSOL_01,2030,ELC,7023.9575
BAU_UR,shungnak,electric,2035,spring,17,SOL,GSOL_01,2035,ELC,2867.0626
BAU_UR,shungnak,electric,2035,spring,17,WND,GWND_01,2030,ELC,4044.1935
BAU_UR,shungnak,electric,2035,spring,17,WND,GWND_01,2035,ELC,4044.1935
BAU_UR,shungnak,electric,2035,spring,18,ELC,ELECT,2030,ELECD,22702.462
BAU_UR,shungnak,electric,2035,spring,18,HYD,GHYD_01,2030,ELC,4270.4932
BAU_UR,shungnak,electric,2035,spring,18,SOL,GSOL_01,2025,ELC,3172.1716
BAU_UR,shungnak,electric,2035,spring,18,SOL,GSOL_01,2030,ELC,4256.8057
BAU_UR,shungnak,electric,2035,spring,18,SOL,GSOL_01,2035,ELC,1737.5573
BAU_UR,shungnak,electric,2035,spring,18,WND,GWND_01,2030,ELC,4168.2933
BAU_UR,shungnak,electric,2035,spring,18,WND,GWND_01,2035,ELC,4168.2933
BAU_UR,shungnak,electric,2035,spring,19,ELC,ELECT,2035,ELECD,21970.124
BAU_UR,shungnak,electric,2035,spring,19,HYD,GHYD_01,2030,ELC,4270.4932
BAU_UR,shungnak,electric,2035,spring,19,SOL,GSOL_01,2025,ELC,1380.3876
BAU_UR,shungnak,electric,2035,spring,19,SOL,GSOL_01,2030,ELC,1852.372
BAU_UR,shungnak,electric,2035,spring,19,SOL,GSOL_01,2035,ELC,756.10746
BAU_UR,shungnak,electric,2035,spring,19,WND,GWND_01,2030,ELC,4292.3931
BAU_UR,shungnak,electric,2035,spring,19,WND,GWND_01,2035,ELC,4292.3931
BAU_UR,shungnak,electric,2035,spring,2,DSL,GDSL_01,2025,ELC,5409.889705882352
BAU_UR,shungnak,electric,2035,spring,2,ELC,ELECT,2030,ELECD,15928.34
BAU_UR,shungnak,electric,2035,spring,2,HYD,GHYD_01,2030,ELC,4270.4932
BAU_UR,shungnak,electric,2035,spring,2,WND,GWND_01,2030,ELC,4909.2421
BAU_UR,shungnak,electric,2035,spring,2,WND,GWND_01,2035,ELC,4909.2421
BAU_UR,shungnak,electric,2035,spring,20,ELC,ELECT,2035,ELECD,22702.462
BAU_UR,shungnak,electric,2035,spring,20,HYD,GHYD_01,2030,ELC,4270.4932
BAU_UR,shungnak,electric,2035,spring,20,SOL,GSOL_01,2025,ELC,503.19549
BAU_UR,shungnak,electric,2035,spring,20,SOL,GSOL_01,2030,ELC,675.24892
BAU_UR,shungnak,electric,2035,spring,20,SOL,GSOL_01,2035,ELC,275.62538
BAU_UR,shungnak,electric,2035,spring,20,WND,GWND_01,2030,ELC,4547.8927
BAU_UR,shungnak,electric,2035,spring,20,WND,GWND_01,2035,ELC,4547.8927
BAU_UR,shungnak,electric,2035,spring,21,ELC,ELECT,2030,ELECD,21420.871
BAU_UR,shungnak,electric,2035,spring,21,HYD,GHYD_01,2030,ELC,4270.4932
BAU_UR,shungnak,electric,2035,spring,21,SOL,GSOL_01,2025,ELC,219.29804
BAU_UR,shungnak,electric,2035,spring,21,SOL,GSOL_01,2030,ELC,294.28078
BAU_UR,shungnak,electric,2035,spring,21,SOL,GSOL_01,2035,ELC,120.12052
BAU_UR,shungnak,electric,2035,spring,21,WND,GWND_01,2030,ELC,4434.7429
BAU_UR,shungnak,electric,2035,spring,21,WND,GWND_01,2035,ELC,4434.7429
BAU_UR,shungnak,electric,2035,spring,22,ELC,ELECT,2030,ELECD,20871.618
BAU_UR,shungnak,electric,2035,spring,22,HYD,GHYD_01,2030,ELC,4270.4932
BAU_UR,shungnak,electric,2035,spring,22,SOL,GSOL_01,2025,ELC,84.999239
BAU_UR,shungnak,electric,2035,spring,22,SOL,GSOL_01,2030,ELC,114.06232
BAU_UR,shungnak,electric,2035,spring,22,SOL,GSOL_01,2035,ELC,46.558341
BAU_UR,shungnak,electric,2035,spring,22,WND,GWND_01,2030,ELC,4949.3921
BAU_UR,shungnak,electric,2035,spring,22,WND,GWND_01,2035,ELC,4949.3921
BAU_UR,shungnak,electric,2035,spring,23,ELC,ELECT,2035,ELECD,19406.943
BAU_UR,shungnak,electric,2035,spring,23,HYD,GHYD_01,2030,ELC,4270.4932
BAU_UR,shungnak,electric,2035,spring,23,SOL,GSOL_01,2025,ELC,13.599878
BAU_UR,shungnak,electric,2035,spring,23,SOL,GSOL_01,2030,ELC,18.249971
BAU_UR,shungnak,electric,2035,spring,23,SOL,GSOL_01,2035,ELC,7.4493346
BAU_UR,shungnak,electric,2035,spring,23,WND,GWND_01,2030,ELC,5049.7669
BAU_UR,shungnak,electric,2035,spring,23,WND,GWND_01,2035,ELC,5049.7669
BAU_UR,shungnak,electric,2035,spring,3,DSL,GDSL_03,2025,ELC,3971.3626470588233
BAU_UR,shungnak,electric,2035,spring,3,ELC,ELECT,2035,ELECD,15928.34
BAU_UR,shungnak,electric,2035,spring,3,HYD,GHYD_01,2030,ELC,4270.4932
BAU_UR,shungnak,electric,2035,spring,3,WND,GWND_01,2030,ELC,5153.7918
BAU_UR,shungnak,electric,2035,spring,3,WND,GWND_01,2035,ELC,5153.7918
BAU_UR,shungnak,electric,2035,spring,4,DSL,GDSL_03,2025,ELC,2844.263705882353
BAU_UR,shungnak,electric,2035,spring,4,ELC,ELECT,2030,ELECD,16111.424
BAU_UR,shungnak,electric,2035,spring,4,HYD,GHYD_01,2030,ELC,4270.4932
BAU_UR,shungnak,electric,2035,spring,4,SOL,GSOL_01,2025,ELC,20.399817
BAU_UR,shungnak,electric,2035,spring,4,SOL,GSOL_01,2030,ELC,27.374956
BAU_UR,shungnak,electric,2035,spring,4,SOL,GSOL_01,2035,ELC,11.174002
BAU_UR,shungnak,electric,2035,spring,4,WND,GWND_01,2030,ELC,5407.4663
BAU_UR,shungnak,electric,2035,spring,4,WND,GWND_01,2035,ELC,5407.4663
BAU_UR,shungnak,electric,2035,spring,5,DSL,GDSL_01,2025,ELC,1922.531882352941
BAU_UR,shungnak,electric,2035,spring,5,ELC,ELECT,2035,ELECD,16477.593
BAU_UR,shungnak,electric,2035,spring,5,HYD,GHYD_01,2030,ELC,4270.4932
BAU_UR,shungnak,electric,2035,spring,5,SOL,GSOL_01,2025,ELC,90.099193
BAU_UR,shungnak,electric,2035,spring,5,SOL,GSOL_01,2030,ELC,120.90606
BAU_UR,shungnak,electric,2035,spring,5,SOL,GSOL_01,2035,ELC,49.351842
BAU_UR,shungnak,electric,2035,spring,5,WND,GWND_01,2030,ELC,5646.541
BAU_UR,shungnak,electric,2035,spring,5,WND,GWND_01,2035,ELC,5646.541
BAU_UR,shungnak,electric,2035,spring,6,DSL,GDSL_02,2025,ELC,871.411794117647
BAU_UR,shungnak,electric,2035,spring,6,ELC,ELECT,2030,ELECD,16843.762
BAU_UR,shungnak,electric,2035,spring,6,HYD,GHYD_01,2030,ELC,4270.4932
BAU_UR,shungnak,electric,2035,spring,6,SOL,GSOL_01,2025,ELC,302.59729
BAU_UR,shungnak,electric,2035,spring,6,SOL,GSOL_01,2030,ELC,406.06185
BAU_UR,shungnak,electric,2035,spring,6,SOL,GSOL_01,2035,ELC,165.74769
BAU_UR,shungnak,electric,2035,spring,6,WND,GWND_01,2030,ELC,5701.2909
BAU_UR,shungnak,electric,2035,spring,6,WND,GWND_01,2035,ELC,5701.2909
BAU_UR,shungnak,electric,2035,spring,7,DSL,GDSL_01,2025,ELC,1388.5404999999998
BAU_UR,shungnak,electric,2035,spring,7,ELC,ELECT,2030,ELECD,18491.521
BAU_UR,shungnak,electric,2035,spring,7,HYD,GHYD_01,2030,ELC,4270.4932
BAU_UR,shungnak,electric,2035,spring,7,SOL,GSOL_01,2025,ELC,972.39129
BAU_UR,shungnak,electric,2035,spring,7,SOL,GSOL_01,2030,ELC,1304.8729
BAU_UR,shungnak,electric,2035,spring,7,SOL,GSOL_01,2035,ELC,532.62742
BAU_UR,shungnak,electric,2035,spring,7,WND,GWND_01,2030,ELC,5469.5162
BAU_UR,shungnak,electric,2035,spring,7,WND,GWND_01,2035,ELC,5469.5162
BAU_UR,shungnak,electric,2035,spring,8,ELC,EBATT_01,2035,ELC,235.31497
BAU_UR,shungnak,electric,2035,spring,8,ELC,ELECT,2030,ELECD,21970.124
BAU_UR,shungnak,electric,2035,spring,8,HYD,GHYD_01,2030,ELC,4270.4932
BAU_UR,shungnak,electric,2035,spring,8,SOL,GSOL_01,2025,ELC,2264.3797
BAU_UR,shungnak,electric,2035,spring,8,SOL,GSOL_01,2030,ELC,3038.6201
BAU_UR,shungnak,electric,2035,spring,8,SOL,GSOL_01,2035,ELC,1240.3142
BAU_UR,shungnak,electric,2035,spring,8,WND,GWND_01,2030,ELC,5695.8159
BAU_UR,shungnak,electric,2035,spring,8,WND,GWND_01,2035,ELC,5695.8159
BAU_UR,shungnak,electric,2035,spring,9,ELC,EBATT_01,2030,ELC,4027.7983
BAU_UR,shungnak,electric,2035,spring,9,ELC,ELECT,2030,ELECD,22519.377
BAU_UR,shungnak,electric,2035,spring,9,HYD,GHYD_01,2030,ELC,4270.4932
BAU_UR,shungnak,electric,2035,spring,9,SOL,GSOL_01,2025,ELC,4188.7625
BAU_UR,shungnak,electric,2035,spring,9,SOL,GSOL_01,2030,ELC,5620.991
BAU_UR,shungnak,electric,2035,spring,9,SOL,GSOL_01,2035,ELC,2294.3951
BAU_UR,shungnak,electric,2035,spring,9,WND,GWND_01,2030,ELC,5086.2669
BAU_UR,shungnak,electric,2035,spring,9,WND,GWND_01,2035,ELC,5086.2669
BAU_UR,shungnak,electric,2035,summer,0,ELC,EBATT_01,2035,ELC,1033.5555
BAU_UR,shungnak,electric,2035,summer,0,ELC,ELECT,2035,ELECD,12449.737
BAU_UR,shungnak,electric,2035,summer,0,HYD,GHYD_01,2030,ELC,10853.623
BAU_UR,shungnak,electric,2035,summer,0,SOL,GSOL_01,2025,ELC,16.999848
BAU_UR,shungnak,electric,2035,summer,0,SOL,GSOL_01,2030,ELC,22.812463
BAU_UR,shungnak,electric,2035,summer,0,SOL,GSOL_01,2035,ELC,9.3116682
BAU_UR,shungnak,electric,2035,summer,0,WND,GWND_01,2030,ELC,1290.2729
BAU_UR,shungnak,electric,2035,summer,0,WND,GWND_01,2035,ELC,1290.2729
BAU_UR,shungnak,electric,2035,summer,1,ELC,EBATT_01,2035,ELC,1542.7386
BAU_UR,shungnak,electric,2035,summer,1,ELC,ELECT,2030,ELECD,11351.231
BAU_UR,shungnak,electric,2035,summer,1,HYD,GHYD_01,2030,ELC,10853.623
BAU_UR,shungnak,electric,2035,summer,1,WND,GWND_01,2030,ELC,1020.1734
BAU_UR,shungnak,electric,2035,summer,1,WND,GWND_01,2035,ELC,1020.1734
BAU_UR,shungnak,electric,2035,summer,10,ELC,EBATT_01,2035,ELC,14297.896
BAU_UR,shungnak,electric,2035,summer,10,ELC,ELECT,2030,ELECD,13914.412
BAU_UR,shungnak,electric,2035,summer,10,HYD,GHYD_01,2030,ELC,10853.623
BAU_UR,shungnak,electric,2035,summer,10,SOL,GSOL_01,2025,ELC,5400.8516
BAU_UR,shungnak,electric,2035,summer,10,SOL,GSOL_01,2030,ELC,7247.5197
BAU_UR,shungnak,electric,2035,summer,10,SOL,GSOL_01,2035,ELC,2958.317
BAU_UR,shungnak,electric,2035,summer,10,WND,GWND_01,2030,ELC,875.9986
BAU_UR,shungnak,electric,2035,summer,10,WND,GWND_01,2035,ELC,875.9986
BAU_UR,shungnak,electric,2035,summer,11,ELC,EBATT_01,2030,ELC,8510.3379
BAU_UR,shungnak,electric,2035,summer,11,ELC,EBATT_01,2035,ELC,8221.1271
BAU_UR,shungnak,electric,2035,summer,11,ELC,ELECT,2030,ELECD,14280.581
BAU_UR,shungnak,electric,2035,summer,11,HYD,GHYD_01,2030,ELC,10853.623
BAU_UR,shungnak,electric,2035,summer,11,SOL,GSOL_01,2025,ELC,6448.0423
BAU_UR,shungnak,electric,2035,summer,11,SOL,GSOL_01,2030,ELC,8652.7674
BAU_UR,shungnak,electric,2035,summer,11,SOL,GSOL_01,2035,ELC,3531.9158
BAU_UR,shungnak,electric,2035,summer,11,WND,GWND_01,2030,ELC,762.84878
BAU_UR,shungnak,electric,2035,summer,11,WND,GWND_01,2035,ELC,762.84878
BAU_UR,shungnak,electric,2035,summer,12,ELC,EBATT_01,2035,ELC,19305.962
BAU_UR,shungnak,electric,2035,summer,12,ELC,ELECT,2030,ELECD,13914.412
BAU_UR,shungnak,electric,2035,summer,12,HYD,GHYD_01,2030,ELC,10853.623
BAU_UR,shungnak,electric,2035,summer,12,SOL,GSOL_01,2025,ELC,7219.8354
BAU_UR,shungnak,electric,2035,summer,12,SOL,GSOL_01,2030,ELC,9688.4532
BAU_UR,shungnak,electric,2035,summer,12,SOL,GSOL_01,2035,ELC,3954.6655
BAU_UR,shungnak,electric,2035,summer,12,WND,GWND_01,2030,ELC,751.8988
BAU_UR,shungnak,electric,2035,summer,12,WND,GWND_01,2035,ELC,751.8988
BAU_UR,shungnak,electric,2035,summer,13,ELC,EBATT_01,2025,ELC,19801.736
BAU_UR,shungnak,electric,2035,summer,13,ELC,EBATT_01,2030,ELC,859.28866
BAU_UR,shungnak,electric,2035,summer,13,ELC,ELECT,2030,ELECD,13731.328
BAU_UR,shungnak,electric,2035,summer,13,HYD,GHYD_01,2030,ELC,10853.623
BAU_UR,shungnak,electric,2035,summer,13,SOL,GSOL_01,2025,ELC,7593.832
BAU_UR,shungnak,electric,2035,summer,13,SOL,GSOL_01,2030,ELC,10190.327
BAU_UR,shungnak,electric,2035,summer,13,SOL,GSOL_01,2035,ELC,4159.5222
BAU_UR,shungnak,electric,2035,summer,13,WND,GWND_01,2030,ELC,797.52372
BAU_UR,shungnak,electric,2035,summer,13,WND,GWND_01,2035,ELC,797.52372
BAU_UR,shungnak,electric,2035,summer,14,ELC,EBATT_01,2025,ELC,9113.3674
BAU_UR,shungnak,electric,2035,summer,14,ELC,EBATT_01,2030,ELC,12474.928
BAU_UR,shungnak,electric,2035,summer,14,ELC,ELECT,2030,ELECD,13548.243
BAU_UR,shungnak,electric,2035,summer,14,HYD,GHYD_01,2030,ELC,10853.623
BAU_UR,shungnak,electric,2035,summer,14,SOL,GSOL_01,2025,ELC,7804.6301
BAU_UR,shungnak,electric,2035,summer,14,SOL,GSOL_01,2030,ELC,10473.202
BAU_UR,shungnak,electric,2035,summer,14,SOL,GSOL_01,2035,ELC,4274.9869
BAU_UR,shungnak,electric,2035,summer,14,WND,GWND_01,2030,ELC,865.04862
BAU_UR,shungnak,electric,2035,summer,14,WND,GWND_01,2035,ELC,865.04862
BAU_UR,shungnak,electric,2035,summer,15,ELC,EBATT_01,2025,ELC,18606.802
BAU_UR,shungnak,electric,2035,summer,15,ELC,ELECT,2035,ELECD,14097.496
BAU_UR,shungnak,electric,2035,summer,15,HYD,GHYD_01,2030,ELC,10853.623
BAU_UR,shungnak,electric,2035,summer,15,SOL,GSOL_01,2025,ELC,7031.1371
BAU_UR,shungnak,electric,2035,summer,15,SOL,GSOL_01,2030,ELC,9435.2349
BAU_UR,shungnak,electric,2035,summer,15,SOL,GSOL_01,2035,ELC,3851.306
BAU_UR,shungnak,electric,2035,summer,15,WND,GWND_01,2030,ELC,766.49877
BAU_UR,shungnak,electric,2035,summer,15,WND,GWND_01,2035,ELC,766.49877
BAU_UR,shungnak,electric,2035,summer,16,ELC,EBATT_01,2025,ELC,15086.376
BAU_UR,shungnak,electric,2035,summer,16,ELC,ELECT,2030,ELECD,15745.256
BAU_UR,shungnak,electric,2035,summer,16,HYD,GHYD_01,2030,ELC,10853.623
BAU_UR,shungnak,electric,2035,summer,16,SOL,GSOL_01,2025,ELC,6480.342
BAU_UR,shungnak,electric,2035,summer,16,SOL,GSOL_01,2030,ELC,8696.1111
BAU_UR,shungnak,electric,2035,summer,16,SOL,GSOL_01,2035,ELC,3549.6079
BAU_UR,shungnak,electric,2035,summer,16,WND,GWND_01,2030,ELC,625.974
BAU_UR,shungnak,electric,2035,summer,16,WND,GWND_01,2035,ELC,625.974
BAU_UR,shungnak,electric,2035,summer,17,ELC,EBATT_01,2025,ELC,11669.498
BAU_UR,shungnak,electric,2035,summer,17,ELC,ELECT,2030,ELECD,16111.424
BAU_UR,shungnak,electric,2035,summer,17,HYD,GHYD_01,2030,ELC,10853.623
BAU_UR,shungnak,electric,2035,summer,17,SOL,GSOL_01,2025,ELC,5375.3519
BAU_UR,shungnak,electric,2035,summer,17,SOL,GSOL_01,2030,ELC,7213.301
BAU_UR,shungnak,electric,2035,summer,17,SOL,GSOL_01,2035,ELC,2944.3495
BAU_UR,shungnak,electric,2035,summer,17,WND,GWND_01,2030,ELC,697.14888
BAU_UR,shungnak,electric,2035,summer,17,WND,GWND_01,2035,ELC,697.14888
BAU_UR,shungnak,electric,2035,summer,18,ELC,EBATT_01,2025,ELC,9317.9621
BAU_UR,shungnak,electric,2035,summer,18,ELC,ELECT,2030,ELECD,14463.665
BAU_UR,shungnak,electric,2035,summer,18,HYD,GHYD_01,2030,ELC,10853.623
BAU_UR,shungnak,electric,2035,summer,18,SOL,GSOL_01,2025,ELC,3833.4657
BAU_UR,shungnak,electric,2035,summer,18,SOL,GSOL_01,2030,ELC,5144.2105
BAU_UR,shungnak,electric,2035,summer,18,SOL,GSOL_01,2035,ELC,2099.7812
BAU_UR,shungnak,electric,2035,summer,18,WND,GWND_01,2030,ELC,925.27352
BAU_UR,shungnak,electric,2035,summer,18,WND,GWND_01,2035,ELC,925.27352
BAU_UR,shungnak,electric,2035,summer,19,ELC,EBATT_01,2025,ELC,4809.7147
BAU_UR,shungnak,electric,2035,summer,19,ELC,ELECT,2030,ELECD,14097.496
BAU_UR,shungnak,electric,2035,summer,19,HYD,GHYD_01,2030,ELC,10853.623
BAU_UR,shungnak,electric,2035,summer,19,SOL,GSOL_01,2025,ELC,2233.78
BAU_UR,shungnak,electric,2035,summer,19,SOL,GSOL_01,2030,ELC,2997.5577
BAU_UR,shungnak,electric,2035,summer,19,SOL,GSOL_01,2035,ELC,1223.5532
BAU_UR,shungnak,electric,2035,summer,19,WND,GWND_01,2030,ELC,799.34872
BAU_UR,shungnak,electric,2035,summer,19,WND,GWND_01,2035,ELC,799.34872
BAU_UR,shungnak,electric,2035,summer,2,ELC,EBATT_01,2035,ELC,1554.2733
BAU_UR,shungnak,electric,2035,summer,2,ELC,ELECT,2030,ELECD,11168.146
BAU_UR,shungnak,electric,2035,summer,2,HYD,GHYD_01,2030,ELC,10853.623
BAU_UR,shungnak,electric,2035,summer,2,WND,GWND_01,2030,ELC,934.3985
BAU_UR,shungnak,electric,2035,summer,2,WND,GWND_01,2035,ELC,934.3985
BAU_UR,shungnak,electric,2035,summer,20,ELC,EBATT_01,2025,ELC,2072.4662
BAU_UR,shungnak,electric,2035,summer,20,ELC,ELECT,2030,ELECD,14097.496
BAU_UR,shungnak,electric,2035,summer,20,HYD,GHYD_01,2030,ELC,10853.623
BAU_UR,shungnak,electric,2035,summer,20,SOL,GSOL_01,2025,ELC,1157.6896
BAU_UR,shungnak,electric,2035,summer,20,SOL,GSOL_01,2030,ELC,1553.5288
BAU_UR,shungnak,electric,2035,summer,20,SOL,GSOL_01,2035,ELC,634.12461
BAU_UR,shungnak,electric,2035,summer,20,WND,GWND_01,2030,ELC,985.49842
BAU_UR,shungnak,electric,2035,summer,20,WND,GWND_01,2035,ELC,985.49842
BAU_UR,shungnak,electric,2035,summer,21,ELC,EBATT_01,2025,ELC,2217.1714
BAU_UR,shungnak,electric,2035,summer,21,ELC,ELECT,2030,ELECD,12998.99
BAU_UR,shungnak,electric,2035,summer,21,HYD,GHYD_01,2030,ELC,10853.623
BAU_UR,shungnak,electric,2035,summer,21,SOL,GSOL_01,2025,ELC,526.99528
BAU_UR,shungnak,electric,2035,summer,21,SOL,GSOL_01,2030,ELC,707.18637
BAU_UR,shungnak,electric,2035,summer,21,SOL,GSOL_01,2035,ELC,288.66172
BAU_UR,shungnak,electric,2035,summer,21,WND,GWND_01,2030,ELC,1419.8477
BAU_UR,shungnak,electric,2035,summer,21,WND,GWND_01,2035,ELC,1419.8477
BAU_UR,shungnak,electric,2035,summer,22,ELC,EBATT_01,2025,ELC,1543.5966
BAU_UR,shungnak,electric,2035,summer,22,ELC,ELECT,2035,ELECD,12998.99
BAU_UR,shungnak,electric,2035,summer,22,HYD,GHYD_01,2030,ELC,10853.623
BAU_UR,shungnak,electric,2035,summer,22,SOL,GSOL_01,2025,ELC,317.89715
BAU_UR,shungnak,electric,2035,summer,22,SOL,GSOL_01,2030,ELC,426.59307
BAU_UR,shungnak,electric,2035,summer,22,SOL,GSOL_01,2035,ELC,174.1282
BAU_UR,shungnak,electric,2035,summer,22,WND,GWND_01,2030,ELC,1385.1728
BAU_UR,shungnak,electric,2035,summer,22,WND,GWND_01,2035,ELC,1385.1728
BAU_UR,shungnak,electric,2035,summer,23,ELC,EBATT_01,2025,ELC,1348.344
BAU_UR,shungnak,electric,2035,summer,23,ELC,ELECT,2030,ELECD,12815.906
BAU_UR,shungnak,electric,2035,summer,23,HYD,GHYD_01,2030,ELC,10853.623
BAU_UR,shungnak,electric,2035,summer,23,SOL,GSOL_01,2025,ELC,93.499163
BAU_UR,shungnak,electric,2035,summer,23,SOL,GSOL_01,2030,ELC,125.46855
BAU_UR,shungnak,electric,2035,summer,23,SOL,GSOL_01,2035,ELC,51.214175
BAU_UR,shungnak,electric,2035,summer,23,WND,GWND_01,2030,ELC,1520.2226
BAU_UR,shungnak,electric,2035,summer,23,WND,GWND_01,2035,ELC,1520.2226
BAU_UR,shungnak,electric,2035,summer,3,ELC,EBATT_01,2035,ELC,2612.0091
BAU_UR,shungnak,electric,2035,summer,3,ELC,ELECT,2030,ELECD,10435.809
BAU_UR,shungnak,electric,2035,summer,3,HYD,GHYD_01,2030,ELC,10853.623
BAU_UR,shungnak,electric,2035,summer,3,SOL,GSOL_01,2025,ELC,20.399817
BAU_UR,shungnak,electric,2035,summer,3,SOL,GSOL_01,2030,ELC,27.374956
BAU_UR,shungnak,electric,2035,summer,3,SOL,GSOL_01,2035,ELC,11.174002
BAU_UR,shungnak,electric,2035,summer,3,WND,GWND_01,2030,ELC,1067.6233
BAU_UR,shungnak,electric,2035,summer,3,WND,GWND_01,2035,ELC,1067.6233
BAU_UR,shungnak,electric,2035,summer,4,ELC,EBATT_01,2035,ELC,3161.8492
BAU_UR,shungnak,electric,2035,summer,4,ELC,ELECT,2030,ELECD,10252.725
BAU_UR,shungnak,electric,2035,summer,4,HYD,GHYD_01,2030,ELC,10853.623
BAU_UR,shungnak,electric,2035,summer,4,SOL,GSOL_01,2025,ELC,130.89883
BAU_UR,shungnak,electric,2035,summer,4,SOL,GSOL_01,2030,ELC,175.65597
BAU_UR,shungnak,electric,2035,summer,4,SOL,GSOL_01,2035,ELC,71.699845
BAU_UR,shungnak,electric,2035,summer,4,WND,GWND_01,2030,ELC,1091.3483
BAU_UR,shungnak,electric,2035,summer,4,WND,GWND_01,2035,ELC,1091.3483
BAU_UR,shungnak,electric,2035,summer,5,ELC,EBATT_01,2035,ELC,3595.8418
BAU_UR,shungnak,electric,2035,summer,5,ELC,ELECT,2030,ELECD,10252.725
BAU_UR,shungnak,electric,2035,summer,5,HYD,GHYD_01,2030,ELC,10853.623
BAU_UR,shungnak,electric,2035,summer,5,SOL,GSOL_01,2025,ELC,253.29773
BAU_UR,shungnak,electric,2035,summer,5,SOL,GSOL_01,2030,ELC,339.90571
BAU_UR,shungnak,electric,2035,summer,5,SOL,GSOL_01,2035,ELC,138.74386
BAU_UR,shungnak,electric,2035,summer,5,WND,GWND_01,2030,ELC,1131.4982
BAU_UR,shungnak,electric,2035,summer,5,WND,GWND_01,2035,ELC,1131.4982
BAU_UR,shungnak,electric,2035,summer,6,ELC,EBATT_01,2035,ELC,3754.8438
BAU_UR,shungnak,electric,2035,summer,6,ELC,ELECT,2035,ELECD,10985.062
BAU_UR,shungnak,electric,2035,summer,6,HYD,GHYD_01,2030,ELC,10853.623
BAU_UR,shungnak,electric,2035,summer,6,SOL,GSOL_01,2025,ELC,642.59425
BAU_UR,shungnak,electric,2035,summer,6,SOL,GSOL_01,2030,ELC,862.31112
BAU_UR,shungnak,electric,2035,summer,6,SOL,GSOL_01,2035,ELC,351.98106
BAU_UR,shungnak,electric,2035,summer,6,WND,GWND_01,2030,ELC,1014.6984
BAU_UR,shungnak,electric,2035,summer,6,WND,GWND_01,2035,ELC,1014.6984
BAU_UR,shungnak,electric,2035,summer,7,ELC,EBATT_01,2030,ELC,5817.4937
BAU_UR,shungnak,electric,2035,summer,7,ELC,ELECT,2030,ELECD,11168.146
BAU_UR,shungnak,electric,2035,summer,7,HYD,GHYD_01,2030,ELC,10853.623
BAU_UR,shungnak,electric,2035,summer,7,SOL,GSOL_01,2025,ELC,1538.4862
BAU_UR,shungnak,electric,2035,summer,7,SOL,GSOL_01,2030,ELC,2064.5279
BAU_UR,shungnak,electric,2035,summer,7,SOL,GSOL_01,2035,ELC,842.70597
BAU_UR,shungnak,electric,2035,summer,7,WND,GWND_01,2030,ELC,843.14865
BAU_UR,shungnak,electric,2035,summer,7,WND,GWND_01,2035,ELC,843.14865
BAU_UR,shungnak,electric,2035,summer,8,ELC,EBATT_01,2030,ELC,9762.7363
BAU_UR,shungnak,electric,2035,summer,8,ELC,ELECT,2030,ELECD,11534.315
BAU_UR,shungnak,electric,2035,summer,8,HYD,GHYD_01,2030,ELC,10853.623
BAU_UR,shungnak,electric,2035,summer,8,SOL,GSOL_01,2025,ELC,3014.073
BAU_UR,shungnak,electric,2035,summer,8,SOL,GSOL_01,2030,ELC,4044.6498
BAU_UR,shungnak,electric,2035,summer,8,SOL,GSOL_01,2035,ELC,1650.9588
BAU_UR,shungnak,electric,2035,summer,8,WND,GWND_01,2030,ELC,866.87361
BAU_UR,shungnak,electric,2035,summer,8,WND,GWND_01,2035,ELC,866.87361
BAU_UR,shungnak,electric,2035,summer,9,ELC,EBATT_01,2030,ELC,12474.928
BAU_UR,shungnak,electric,2035,summer,9,ELC,EBATT_01,2035,ELC,0.2857564
BAU_UR,shungnak,electric,2035,summer,9,ELC,ELECT,2030,ELECD,11900.484
BAU_UR,shungnak,electric,2035,summer,9,HYD,GHYD_01,2030,ELC,10853.623
BAU_UR,shungnak,electric,2035,summer,9,SOL,GSOL_01,2025,ELC,4117.3631
BAU_UR,shungnak,electric,2035,summer,9,SOL,GSOL_01,2030,ELC,5525.1787
BAU_UR,shungnak,electric,2035,summer,9,SOL,GSOL_01,2035,ELC,2255.286
BAU_UR,shungnak,electric,2035,summer,9,WND,GWND_01,2030,ELC,812.1237
BAU_UR,shungnak,electric,2035,summer,9,WND,GWND_01,2035,ELC,812.1237
BAU_UR,shungnak,electric,2035,winter,0,ELC,ELECT,2035,ELECD,20871.618
BAU_UR,shungnak,electric,2035,winter,0,HYD,GHYD_01,2030,ELC,1011.7784
BAU_UR,shungnak,electric,2035,winter,0,WND,GWND_01,2030,ELC,5513.3162
BAU_UR,shungnak,electric,2035,winter,0,WND,GWND_01,2035,ELC,5513.3162
BAU_UR,shungnak,electric,2035,winter,1,ELC,ELECT,2030,ELECD,20688.533
BAU_UR,shungnak,electric,2035,winter,1,HYD,GHYD_01,2030,ELC,1011.7784
BAU_UR,shungnak,electric,2035,winter,1,WND,GWND_01,2030,ELC,5620.991
BAU_UR,shungnak,electric,2035,winter,1,WND,GWND_01,2035,ELC,5620.991
BAU_UR,shungnak,electric,2035,winter,10,ELC,ELECT,2030,ELECD,26547.233
BAU_UR,shungnak,electric,2035,winter,10,HYD,GHYD_01,2030,ELC,1011.7784
BAU_UR,shungnak,electric,2035,winter,10,SOL,GSOL_01,2025,ELC,193.79826
BAU_UR,shungnak,electric,2035,winter,10,SOL,GSOL_01,2030,ELC,260.06208
BAU_UR,shungnak,electric,2035,winter,10,SOL,GSOL_01,2035,ELC,106.15302
BAU_UR,shungnak,electric,2035,winter,10,WND,GWND_01,2030,ELC,5449.4413
BAU_UR,shungnak,electric,2035,winter,10,WND,GWND_01,2035,ELC,5449.4413
BAU_UR,shungnak,electric,2035,winter,11,ELC,ELECT,2035,ELECD,27462.655
BAU_UR,shungnak,electric,2035,winter,11,HYD,GHYD_01,2030,ELC,1011.7784
BAU_UR,shungnak,electric,2035,winter,11,SOL,GSOL_01,2025,ELC,657.89411
BAU_UR,shungnak,electric,2035,winter,11,SOL,GSOL_01,2030,ELC,882.84234
BAU_UR,shungnak,electric,2035,winter,11,SOL,GSOL_01,2035,ELC,360.36156
BAU_UR,shungnak,electric,2035,winter,11,WND,GWND_01,2030,ELC,5442.1413
BAU_UR,shungnak,electric,2035,winter,11,WND,GWND_01,2035,ELC,5442.1413
BAU_UR,shungnak,electric,2035,winter,12,ELC,ELECT,2035,ELECD,27096.486
BAU_UR,shungnak,electric,2035,winter,12,HYD,GHYD_01,2030,ELC,1011.7784
BAU_UR,shungnak,electric,2035,winter,12,SOL,GSOL_01,2025,ELC,1164.4896
BAU_UR,shungnak,electric,2035,winter,12,SOL,GSOL_01,2030,ELC,1562.6537
BAU_UR,shungnak,electric,2035,winter,12,SOL,GSOL_01,2035,ELC,637.84927
BAU_UR,shungnak,electric,2035,winter,12,WND,GWND_01,2030,ELC,5662.9659
BAU_UR,shungnak,electric,2035,winter,12,WND,GWND_01,2035,ELC,5662.9659
BAU_UR,shungnak,electric,2035,winter,13,ELC,ELECT,2030,ELECD,26364.149
BAU_UR,shungnak,electric,2035,winter,13,HYD,GHYD_01,2030,ELC,1011.7784
BAU_UR,shungnak,electric,2035,winter,13,SOL,GSOL_01,2025,ELC,1497.6866
BAU_UR,shungnak,electric,2035,winter,13,SOL,GSOL_01,2030,ELC,2009.778
BAU_UR,shungnak,electric,2035,winter,13,SOL,GSOL_01,2035,ELC,820.35797
BAU_UR,shungnak,electric,2035,winter,13,WND,GWND_01,2030,ELC,5902.0406
BAU_UR,shungnak,electric,2035,winter,13,WND,GWND_01,2035,ELC,5902.0406
BAU_UR,shungnak,electric,2035,winter,14,ELC,ELECT,2035,ELECD,26181.064
BAU_UR,shungnak,electric,2035,winter,14,HYD,GHYD_01,2030,ELC,1011.7784
BAU_UR,shungnak,electric,2035,winter,14,SOL,GSOL_01,2025,ELC,1497.6866
BAU_UR,shungnak,electric,2035,winter,14,SOL,GSOL_01,2030,ELC,2009.778
BAU_UR,shungnak,electric,2035,winter,14,SOL,GSOL_01,2035,ELC,820.35797
BAU_UR,shungnak,electric,2035,winter,14,WND,GWND_01,2030,ELC,5761.5158
BAU_UR,shungnak,electric,2035,winter,14,WND,GWND_01,2035,ELC,5761.5158
BAU_UR,shungnak,electric,2035,winter,15,ELC,ELECT,2035,ELECD,24899.474
BAU_UR,shungnak,electric,2035,winter,15,HYD,GHYD_01,2030,ELC,1011.7784
BAU_UR,shungnak,electric,2035,winter,15,SOL,GSOL_01,2025,ELC,1106.6901
BAU_UR,shungnak,electric,2035,winter,15,SOL,GSOL_01,2030,ELC,1485.0914
BAU_UR,shungnak,electric,2035,winter,15,SOL,GSOL_01,2035,ELC,606.1896
BAU_UR,shungnak,electric,2035,winter,15,WND,GWND_01,2030,ELC,5883.7906
BAU_UR,shungnak,electric,2035,winter,15,WND,GWND_01,2035,ELC,5883.7906
BAU_UR,shungnak,electric,2035,winter,16,ELC,ELECT,2030,ELECD,26181.064
BAU_UR,shungnak,electric,2035,winter,16,HYD,GHYD_01,2030,ELC,1011.7784
BAU_UR,shungnak,electric,2035,winter,16,SOL,GSOL_01,2025,ELC,600.09463
BAU_UR,shungnak,electric,2035,winter,16,SOL,GSOL_01,2030,ELC,805.27996
BAU_UR,shungnak,electric,2035,winter,16,SOL,GSOL_01,2035,ELC,328.70189
BAU_UR,shungnak,electric,2035,winter,16,WND,GWND_01,2030,ELC,5798.0157
BAU_UR,shungnak,electric,2035,winter,16,WND,GWND_01,2035,ELC,5798.0157
BAU_UR,shungnak,electric,2035,winter,17,ELC,ELECT,2035,ELECD,28194.993
BAU_UR,shungnak,electric,2035,winter,17,HYD,GHYD_01,2030,ELC,1011.7784
BAU_UR,shungnak,electric,2035,winter,17,SOL,GSOL_01,2025,ELC,156.3986
BAU_UR,shungnak,electric,2035,winter,17,SOL,GSOL_01,2030,ELC,209.87466
BAU_UR,shungnak,electric,2035,winter,17,SOL,GSOL_01,2035,ELC,85.667348
BAU_UR,shungnak,electric,2035,winter,17,WND,GWND_01,2030,ELC,5662.9659
BAU_UR,shungnak,electric,2035,winter,17,WND,GWND_01,2035,ELC,5662.9659
BAU_UR,shungnak,electric,2035,winter,18,DSL,GDSL_01,2025,ELC,38942.07058823529
BAU_UR,shungnak,electric,2035,winter,18,ELC,ELECT,2035,ELECD,28378.077
BAU_UR,shungnak,electric,2035,winter,18,HYD,GHYD_01,2030,ELC,1011.7784
BAU_UR,shungnak,electric,2035,winter,18,SOL,GSOL_01,2025,ELC,3.3999696
BAU_UR,shungnak,electric,2035,winter,18,SOL,GSOL_01,2030,ELC,4.5624927
BAU_UR,shungnak,electric,2035,winter,18,SOL,GSOL_01,2035,ELC,1.8623336
BAU_UR,shungnak,electric,2035,winter,18,WND,GWND_01,2030,ELC,5602.741
BAU_UR,shungnak,electric,2035,winter,18,WND,GWND_01,2035,ELC,5602.741
BAU_UR,shungnak,electric,2035,winter,19,ELC,ELECT,2030,ELECD,24716.39
BAU_UR,shungnak,electric,2035,winter,19,HYD,GHYD_01,2030,ELC,1011.7784
BAU_UR,shungnak,electric,2035,winter,19,WND,GWND_01,2030,ELC,5679.3909
BAU_UR,shungnak,electric,2035,winter,19,WND,GWND_01,2035,ELC,5679.3909
BAU_UR,shungnak,electric,2035,winter,2,ELC,ELECT,2030,ELECD,20871.618
BAU_UR,shungnak,electric,2035,winter,2,HYD,GHYD_01,2030,ELC,1011.7784
BAU_UR,shungnak,electric,2035,winter,2,WND,GWND_01,2030,ELC,5422.0663
BAU_UR,shungnak,electric,2035,winter,2,WND,GWND_01,2035,ELC,5422.0663
BAU_UR,shungnak,electric,2035,winter,20,DSL,GDSL_03,2025,ELC,13341.371470588236
BAU_UR,shungnak,electric,2035,winter,20,ELC,ELECT,2030,ELECD,24899.474
BAU_UR,shungnak,electric,2035,winter,20,HYD,GHYD_01,2030,ELC,1011.7784
BAU_UR,shungnak,electric,2035,winter,20,WND,GWND_01,2030,ELC,5739.6158
BAU_UR,shungnak,electric,2035,winter,20,WND,GWND_01,2035,ELC,5739.6158
BAU_UR,shungnak,electric,2035,winter,21,DSL,GDSL_01,2025,ELC,31105.070588235292
BAU_UR,shungnak,electric,2035,winter,21,ELC,ELECT,2035,ELECD,23617.883
BAU_UR,shungnak,electric,2035,winter,21,HYD,GHYD_01,2030,ELC,1011.7784
BAU_UR,shungnak,electric,2035,winter,21,WND,GWND_01,2030,ELC,6015.1904
BAU_UR,shungnak,electric,2035,winter,21,WND,GWND_01,2035,ELC,6015.1904
BAU_UR,shungnak,electric,2035,winter,22,DSL,GDSL_01,2025,ELC,28219.41911764706
BAU_UR,shungnak,electric,2035,winter,22,ELC,ELECT,2035,ELECD,22702.462
BAU_UR,shungnak,electric,2035,winter,22,HYD,GHYD_01,2030,ELC,1011.7784
BAU_UR,shungnak,electric,2035,winter,22,WND,GWND_01,2030,ELC,6048.0403
BAU_UR,shungnak,electric,2035,winter,22,WND,GWND_01,2035,ELC,6048.0403
BAU_UR,shungnak,electric,2035,winter,23,DSL,GDSL_01,2025,ELC,23689.96764705882
BAU_UR,shungnak,electric,2035,winter,23,ELC,ELECT,2035,ELECD,20505.449
BAU_UR,shungnak,electric,2035,winter,23,HYD,GHYD_01,2030,ELC,1011.7784
BAU_UR,shungnak,electric,2035,winter,23,WND,GWND_01,2030,ELC,5719.5408
BAU_UR,shungnak,electric,2035,winter,23,WND,GWND_01,2035,ELC,5719.5408
BAU_UR,shungnak,electric,2035,winter,3,ELC,ELECT,2030,ELECD,19773.112
BAU_UR,shungnak,electric,2035,winter,3,HYD,GHYD_01,2030,ELC,1011.7784
BAU_UR,shungnak,electric,2035,winter,3,WND,GWND_01,2030,ELC,5141.0168
BAU_UR,shungnak,electric,2035,winter,3,WND,GWND_01,2035,ELC,5141.0168
BAU_UR,shungnak,electric,2035,winter,4,ELC,ELECT,2030,ELECD,19040.774
BAU_UR,shungnak,electric,2035,winter,4,HYD,GHYD_01,2030,ELC,1011.7784
BAU_UR,shungnak,electric,2035,winter,4,WND,GWND_01,2030,ELC,5040.6419
BAU_UR,shungnak,electric,2035,winter,4,WND,GWND_01,2035,ELC,5040.6419
BAU_UR,shungnak,electric,2035,winter,5,ELC,ELECT,2030,ELECD,19223.859
BAU_UR,shungnak,electric,2035,winter,5,HYD,GHYD_01,2030,ELC,1011.7784
BAU_UR,shungnak,electric,2035,winter,5,WND,GWND_01,2030,ELC,5153.7918
BAU_UR,shungnak,electric,2035,winter,5,WND,GWND_01,2035,ELC,5153.7918
BAU_UR,shungnak,electric,2035,winter,6,ELC,ELECT,2030,ELECD,19590.027
BAU_UR,shungnak,electric,2035,winter,6,HYD,GHYD_01,2030,ELC,1011.7784
BAU_UR,shungnak,electric,2035,winter,6,WND,GWND_01,2030,ELC,5193.9417
BAU_UR,shungnak,electric,2035,winter,6,WND,GWND_01,2035,ELC,5193.9417
BAU_UR,shungnak,electric,2035,winter,7,ELC,ELECT,2030,ELECD,19223.859
BAU_UR,shungnak,electric,2035,winter,7,HYD,GHYD_01,2030,ELC,1011.7784
BAU_UR,shungnak,electric,2035,winter,7,WND,GWND_01,2030,ELC,5254.1666
BAU_UR,shungnak,electric,2035,winter,7,WND,GWND_01,2035,ELC,5254.1666
BAU_UR,shungnak,electric,2035,winter,8,ELC,ELECT,2030,ELECD,21054.702
BAU_UR,shungnak,electric,2035,winter,8,HYD,GHYD_01,2030,ELC,1011.7784
BAU_UR,shungnak,electric,2035,winter,8,WND,GWND_01,2030,ELC,5343.5915
BAU_UR,shungnak,electric,2035,winter,8,WND,GWND_01,2035,ELC,5343.5915
BAU_UR,shungnak,electric,2035,winter,9,ELC,ELECT,2030,ELECD,24899.474
BAU_UR,shungnak,electric,2035,winter,9,HYD,GHYD_01,2030,ELC,1011.7784
BAU_UR,shungnak,electric,2035,winter,9,WND,GWND_01,2030,ELC,5706.7659
BAU_UR,shungnak,electric,2035,winter,9,WND,GWND_01,2035,ELC,5706.7659
BAU_UR,shungnak,electric,2040,fall,0,ELC,EBATT_01,2035,ELC,3389.8089
BAU_UR,shungnak,electric,2040,fall,0,ELC,ELECT,2040,ELECD,16163.575
BAU_UR,shungnak,electric,2040,fall,0,HYD,GHYD_01,2030,ELC,6057.5303
BAU_UR,shungnak,electric,2040,fall,0,WND,GWND_01,2030,ELC,5398.3414
BAU_UR,shungnak,electric,2040,fall,0,WND,GWND_01,2035,ELC,5398.3414
BAU_UR,shungnak,electric,2040,fall,0,WND,GWND_01,2040,ELC,2699.1707
BAU_UR,shungnak,electric,2040,fall,1,ELC,EBATT_01,2040,ELC,3315.2114
BAU_UR,shungnak,electric,2040,fall,1,ELC,ELECT,2040,ELECD,16548.422
BAU_UR,shungnak,electric,2040,fall,1,HYD,GHYD_01,2030,ELC,6057.5303
BAU_UR,shungnak,electric,2040,fall,1,WND,GWND_01,2030,ELC,5522.4412
BAU_UR,shungnak,electric,2040,fall,1,WND,GWND_01,2035,ELC,5522.4412
BAU_UR,shungnak,electric,2040,fall,1,WND,GWND_01,2040,ELC,2761.2206
BAU_UR,shungnak,electric,2040,fall,10,ELC,ELECT,2030,ELECD,23860.515
BAU_UR,shungnak,electric,2040,fall,10,HYD,GHYD_01,2030,ELC,6057.5303
BAU_UR,shungnak,electric,2040,fall,10,SOL,GSOL_01,2025,ELC,1337.888
BAU_UR,shungnak,electric,2040,fall,10,SOL,GSOL_01,2030,ELC,1795.3409
BAU_UR,shungnak,electric,2040,fall,10,SOL,GSOL_01,2035,ELC,732.82829
BAU_UR,shungnak,electric,2040,fall,10,WND,GWND_01,2030,ELC,5239.5666
BAU_UR,shungnak,electric,2040,fall,10,WND,GWND_01,2035,ELC,5239.5666
BAU_UR,shungnak,electric,2040,fall,10,WND,GWND_01,2040,ELC,2619.7833
BAU_UR,shungnak,electric,2040,fall,11,ELC,EBATT_01,2040,ELC,446.0122
BAU_UR,shungnak,electric,2040,fall,11,ELC,ELECT,2030,ELECD,25592.327
BAU_UR,shungnak,electric,2040,fall,11,HYD,GHYD_01,2030,ELC,6057.5303
BAU_UR,shungnak,electric,2040,fall,11,SOL,GSOL_01,2025,ELC,2424.1783
BAU_UR,shungnak,electric,2040,fall,11,SOL,GSOL_01,2030,ELC,3253.0573
BAU_UR,shungnak,electric,2040,fall,11,SOL,GSOL_01,2035,ELC,1327.8439
BAU_UR,shungnak,electric,2040,fall,11,WND,GWND_01,2030,ELC,5190.2917
BAU_UR,shungnak,electric,2040,fall,11,WND,GWND_01,2035,ELC,5190.2917
BAU_UR,shungnak,electric,2040,fall,11,WND,GWND_01,2040,ELC,2595.1458
BAU_UR,shungnak,electric,2040,fall,12,ELC,EBATT_01,2035,ELC,4079.4256
BAU_UR,shungnak,electric,2040,fall,12,ELC,ELECT,2035,ELECD,23668.092
BAU_UR,shungnak,electric,2040,fall,12,HYD,GHYD_01,2030,ELC,6057.5303
BAU_UR,shungnak,electric,2040,fall,12,SOL,GSOL_01,2025,ELC,2991.9732
BAU_UR,shungnak,electric,2040,fall,12,SOL,GSOL_01,2030,ELC,4014.9936
BAU_UR,shungnak,electric,2040,fall,12,SOL,GSOL_01,2035,ELC,1638.8536
BAU_UR,shungnak,electric,2040,fall,12,WND,GWND_01,2030,ELC,5217.6667
BAU_UR,shungnak,electric,2040,fall,12,WND,GWND_01,2035,ELC,5217.6667
BAU_UR,shungnak,electric,2040,fall,12,WND,GWND_01,2040,ELC,2608.8333
BAU_UR,shungnak,electric,2040,fall,13,ELC,EBATT_01,2035,ELC,5068.3437
BAU_UR,shungnak,electric,2040,fall,13,ELC,ELECT,2035,ELECD,23475.668
BAU_UR,shungnak,electric,2040,fall,13,HYD,GHYD_01,2030,ELC,6057.5303
BAU_UR,shungnak,electric,2040,fall,13,SOL,GSOL_01,2025,ELC,3292.8705
BAU_UR,shungnak,electric,2040,fall,13,SOL,GSOL_01,2030,ELC,4418.7742
BAU_UR,shungnak,electric,2040,fall,13,SOL,GSOL_01,2035,ELC,1803.6701
BAU_UR,shungnak,electric,2040,fall,13,WND,GWND_01,2030,ELC,5188.4667
BAU_UR,shungnak,electric,2040,fall,13,WND,GWND_01,2035,ELC,5188.4667
BAU_UR,shungnak,electric,2040,fall,13,WND,GWND_01,2040,ELC,2594.2333
BAU_UR,shungnak,electric,2040,fall,14,ELC,EBATT_01,2035,ELC,3946.0479
BAU_UR,shungnak,electric,2040,fall,14,ELC,ELECT,2040,ELECD,24245.362
BAU_UR,shungnak,electric,2040,fall,14,HYD,GHYD_01,2030,ELC,6057.5303
BAU_UR,shungnak,electric,2040,fall,14,SOL,GSOL_01,2025,ELC,3109.2722
BAU_UR,shungnak,electric,2040,fall,14,SOL,GSOL_01,2030,ELC,4172.3996
BAU_UR,shungnak,electric,2040,fall,14,SOL,GSOL_01,2035,ELC,1703.1041
BAU_UR,shungnak,electric,2040,fall,14,WND,GWND_01,2030,ELC,5259.6416
BAU_UR,shungnak,electric,2040,fall,14,WND,GWND_01,2035,ELC,5259.6416
BAU_UR,shungnak,electric,2040,fall,14,WND,GWND_01,2040,ELC,2629.8208
BAU_UR,shungnak,electric,2040,fall,15,ELC,EBATT_01,2030,ELC,6000.3745
BAU_UR,shungnak,electric,2040,fall,15,ELC,ELECT,2035,ELECD,20396.892
BAU_UR,shungnak,electric,2040,fall,15,HYD,GHYD_01,2030,ELC,6057.5303
BAU_UR,shungnak,electric,2040,fall,15,SOL,GSOL_01,2025,ELC,2594.1768
BAU_UR,shungnak,electric,2040,fall,15,SOL,GSOL_01,2030,ELC,3481.1819
BAU_UR,shungnak,electric,2040,fall,15,SOL,GSOL_01,2035,ELC,1420.9606
BAU_UR,shungnak,electric,2040,fall,15,WND,GWND_01,2030,ELC,5137.3668
BAU_UR,shungnak,electric,2040,fall,15,WND,GWND_01,2035,ELC,5137.3668
BAU_UR,shungnak,electric,2040,fall,15,WND,GWND_01,2040,ELC,2568.6834
BAU_UR,shungnak,electric,2040,fall,16,ELC,EBATT_01,2040,ELC,1121.9219
BAU_UR,shungnak,electric,2040,fall,16,ELC,ELECT,2035,ELECD,23668.092
BAU_UR,shungnak,electric,2040,fall,16,HYD,GHYD_01,2030,ELC,6057.5303
BAU_UR,shungnak,electric,2040,fall,16,SOL,GSOL_01,2025,ELC,1790.084
BAU_UR,shungnak,electric,2040,fall,16,SOL,GSOL_01,2030,ELC,2402.1524
BAU_UR,shungnak,electric,2040,fall,16,SOL,GSOL_01,2035,ELC,980.51866
BAU_UR,shungnak,electric,2040,fall,16,WND,GWND_01,2030,ELC,5423.8913
BAU_UR,shungnak,electric,2040,fall,16,WND,GWND_01,2035,ELC,5423.8913
BAU_UR,shungnak,electric,2040,fall,16,WND,GWND_01,2040,ELC,2711.9457
BAU_UR,shungnak,electric,2040,fall,17,ELC,ELECT,2030,ELECD,23475.668
BAU_UR,shungnak,electric,2040,fall,17,HYD,GHYD_01,2030,ELC,6057.5303
BAU_UR,shungnak,electric,2040,fall,17,SOL,GSOL_01,2025,ELC,904.3919
BAU_UR,shungnak,electric,2040,fall,17,SOL,GSOL_01,2030,ELC,1213.6231
BAU_UR,shungnak,electric,2040,fall,17,SOL,GSOL_01,2035,ELC,495.38075
BAU_UR,shungnak,electric,2040,fall,17,WND,GWND_01,2030,ELC,5471.3412
BAU_UR,shungnak,electric,2040,fall,17,WND,GWND_01,2035,ELC,5471.3412
BAU_UR,shungnak,electric,2040,fall,17,WND,GWND_01,2040,ELC,2735.6706
BAU_UR,shungnak,electric,2040,fall,18,ELC,ELECT,2030,ELECD,22128.704
BAU_UR,shungnak,electric,2040,fall,18,HYD,GHYD_01,2030,ELC,6057.5303
BAU_UR,shungnak,electric,2040,fall,18,SOL,GSOL_01,2025,ELC,317.89715
BAU_UR,shungnak,electric,2040,fall,18,SOL,GSOL_01,2030,ELC,426.59307
BAU_UR,shungnak,electric,2040,fall,18,SOL,GSOL_01,2035,ELC,174.1282
BAU_UR,shungnak,electric,2040,fall,18,WND,GWND_01,2030,ELC,5206.7167
BAU_UR,shungnak,electric,2040,fall,18,WND,GWND_01,2035,ELC,5206.7167
BAU_UR,shungnak,electric,2040,fall,18,WND,GWND_01,2040,ELC,2603.3583
BAU_UR,shungnak,electric,2040,fall,19,ELC,EBATT_01,2030,ELC,1831.6141
BAU_UR,shungnak,electric,2040,fall,19,ELC,ELECT,2040,ELECD,17318.116
BAU_UR,shungnak,electric,2040,fall,19,HYD,GHYD_01,2030,ELC,6057.5303
BAU_UR,shungnak,electric,2040,fall,19,SOL,GSOL_01,2025,ELC,78.1993
BAU_UR,shungnak,electric,2040,fall,19,SOL,GSOL_01,2030,ELC,104.93733
BAU_UR,shungnak,electric,2040,fall,19,SOL,GSOL_01,2035,ELC,42.833674
BAU_UR,shungnak,electric,2040,fall,19,WND,GWND_01,2030,ELC,5146.4918
BAU_UR,shungnak,electric,2040,fall,19,WND,GWND_01,2035,ELC,5146.4918
BAU_UR,shungnak,electric,2040,fall,19,WND,GWND_01,2040,ELC,2573.2459
BAU_UR,shungnak,electric,2040,fall,2,ELC,EBATT_01,2035,ELC,3988.2942
BAU_UR,shungnak,electric,2040,fall,2,ELC,ELECT,2035,ELECD,15971.151
BAU_UR,shungnak,electric,2040,fall,2,HYD,GHYD_01,2030,ELC,6057.5303
BAU_UR,shungnak,electric,2040,fall,2,WND,GWND_01,2030,ELC,5560.7661
BAU_UR,shungnak,electric,2040,fall,2,WND,GWND_01,2035,ELC,5560.7661
BAU_UR,shungnak,electric,2040,fall,2,WND,GWND_01,2040,ELC,2780.3831
BAU_UR,shungnak,electric,2040,fall,20,ELC,ELECT,2030,ELECD,22128.704
BAU_UR,shungnak,electric,2040,fall,20,HYD,GHYD_01,2030,ELC,6057.5303
BAU_UR,shungnak,electric,2040,fall,20,SOL,GSOL_01,2025,ELC,5.0999543
BAU_UR,shungnak,electric,2040,fall,20,SOL,GSOL_01,2030,ELC,6.843739
BAU_UR,shungnak,electric,2040,fall,20,SOL,GSOL_01,2035,ELC,2.7935005
BAU_UR,shungnak,electric,2040,fall,20,WND,GWND_01,2030,ELC,5210.3667
BAU_UR,shungnak,electric,2040,fall,20,WND,GWND_01,2035,ELC,5210.3667
BAU_UR,shungnak,electric,2040,fall,20,WND,GWND_01,2040,ELC,2605.1833
BAU_UR,shungnak,electric,2040,fall,21,ELC,ELECT,2040,ELECD,21166.586
BAU_UR,shungnak,electric,2040,fall,21,HYD,GHYD_01,2030,ELC,6057.5303
BAU_UR,shungnak,electric,2040,fall,21,WND,GWND_01,2030,ELC,4982.242
BAU_UR,shungnak,electric,2040,fall,21,WND,GWND_01,2035,ELC,4982.242
BAU_UR,shungnak,electric,2040,fall,21,WND,GWND_01,2040,ELC,2491.121
BAU_UR,shungnak,electric,2040,fall,22,ELC,ELECT,2035,ELECD,19627.198
BAU_UR,shungnak,electric,2040,fall,22,HYD,GHYD_01,2030,ELC,6057.5303
BAU_UR,shungnak,electric,2040,fall,22,WND,GWND_01,2030,ELC,5305.2665
BAU_UR,shungnak,electric,2040,fall,22,WND,GWND_01,2035,ELC,5305.2665
BAU_UR,shungnak,electric,2040,fall,22,WND,GWND_01,2040,ELC,2652.6333
BAU_UR,shungnak,electric,2040,fall,23,ELC,EBATT_01,2040,ELC,784.96355
BAU_UR,shungnak,electric,2040,fall,23,ELC,ELECT,2030,ELECD,18280.233
BAU_UR,shungnak,electric,2040,fall,23,HYD,GHYD_01,2030,ELC,6057.5303
BAU_UR,shungnak,electric,2040,fall,23,WND,GWND_01,2030,ELC,5203.0667
BAU_UR,shungnak,electric,2040,fall,23,WND,GWND_01,2035,ELC,5203.0667
BAU_UR,shungnak,electric,2040,fall,23,WND,GWND_01,2040,ELC,2601.5333
BAU_UR,shungnak,electric,2040,fall,3,ELC,EBATT_01,2040,ELC,3993.6555
BAU_UR,shungnak,electric,2040,fall,3,ELC,ELECT,2035,ELECD,15778.728
BAU_UR,shungnak,electric,2040,fall,3,HYD,GHYD_01,2030,ELC,6057.5303
BAU_UR,shungnak,electric,2040,fall,3,WND,GWND_01,2030,ELC,5485.9412
BAU_UR,shungnak,electric,2040,fall,3,WND,GWND_01,2035,ELC,5485.9412
BAU_UR,shungnak,electric,2040,fall,3,WND,GWND_01,2040,ELC,2742.9706
BAU_UR,shungnak,electric,2040,fall,4,ELC,EBATT_01,2035,ELC,3990.6907
BAU_UR,shungnak,electric,2040,fall,4,ELC,ELECT,2030,ELECD,15393.881
BAU_UR,shungnak,electric,2040,fall,4,HYD,GHYD_01,2030,ELC,6057.5303
BAU_UR,shungnak,electric,2040,fall,4,WND,GWND_01,2030,ELC,5330.8165
BAU_UR,shungnak,electric,2040,fall,4,WND,GWND_01,2035,ELC,5330.8165
BAU_UR,shungnak,electric,2040,fall,4,WND,GWND_01,2040,ELC,2665.4082
BAU_UR,shungnak,electric,2040,fall,5,ELC,EBATT_01,2035,ELC,4071.2179
BAU_UR,shungnak,electric,2040,fall,5,ELC,ELECT,2040,ELECD,15778.728
BAU_UR,shungnak,electric,2040,fall,5,HYD,GHYD_01,2030,ELC,6057.5303
BAU_UR,shungnak,electric,2040,fall,5,WND,GWND_01,2030,ELC,5516.9662
BAU_UR,shungnak,electric,2040,fall,5,WND,GWND_01,2035,ELC,5516.9662
BAU_UR,shungnak,electric,2040,fall,5,WND,GWND_01,2040,ELC,2758.4831
BAU_UR,shungnak,electric,2040,fall,6,ELC,EBATT_01,2035,ELC,2670.3023
BAU_UR,shungnak,electric,2040,fall,6,ELC,ELECT,2040,ELECD,16933.269
BAU_UR,shungnak,electric,2040,fall,6,HYD,GHYD_01,2030,ELC,6057.5303
BAU_UR,shungnak,electric,2040,fall,6,WND,GWND_01,2030,ELC,5418.4163
BAU_UR,shungnak,electric,2040,fall,6,WND,GWND_01,2035,ELC,5418.4163
BAU_UR,shungnak,electric,2040,fall,6,WND,GWND_01,2040,ELC,2709.2082
BAU_UR,shungnak,electric,2040,fall,7,ELC,EBATT_01,2035,ELC,1178.2749
BAU_UR,shungnak,electric,2040,fall,7,ELC,ELECT,2040,ELECD,18472.657
BAU_UR,shungnak,electric,2040,fall,7,HYD,GHYD_01,2030,ELC,6057.5303
BAU_UR,shungnak,electric,2040,fall,7,SOL,GSOL_01,2025,ELC,30.599726
BAU_UR,shungnak,electric,2040,fall,7,SOL,GSOL_01,2030,ELC,41.062434
BAU_UR,shungnak,electric,2040,fall,7,SOL,GSOL_01,2035,ELC,16.761003
BAU_UR,shungnak,electric,2040,fall,7,WND,GWND_01,2030,ELC,5401.9914
BAU_UR,shungnak,electric,2040,fall,7,WND,GWND_01,2035,ELC,5401.9914
BAU_UR,shungnak,electric,2040,fall,7,WND,GWND_01,2040,ELC,2700.9957
BAU_UR,shungnak,electric,2040,fall,8,ELC,ELECT,2030,ELECD,23668.092
BAU_UR,shungnak,electric,2040,fall,8,HYD,GHYD_01,2030,ELC,6057.5303
BAU_UR,shungnak,electric,2040,fall,8,SOL,GSOL_01,2025,ELC,295.79735
BAU_UR,shungnak,electric,2040,fall,8,SOL,GSOL_01,2030,ELC,396.93686
BAU_UR,shungnak,electric,2040,fall,8,SOL,GSOL_01,2035,ELC,162.02303
BAU_UR,shungnak,electric,2040,fall,8,WND,GWND_01,2030,ELC,5518.7912
BAU_UR,shungnak,electric,2040,fall,8,WND,GWND_01,2035,ELC,5518.7912
BAU_UR,shungnak,electric,2040,fall,8,WND,GWND_01,2040,ELC,2759.3956
BAU_UR,shungnak,electric,2040,fall,9,ELC,ELECT,2035,ELECD,23668.092
BAU_UR,shungnak,electric,2040,fall,9,HYD,GHYD_01,2030,ELC,6057.5303
BAU_UR,shungnak,electric,2040,fall,9,SOL,GSOL_01,2025,ELC,630.69435
BAU_UR,shungnak,electric,2040,fall,9,SOL,GSOL_01,2030,ELC,846.3424
BAU_UR,shungnak,electric,2040,fall,9,SOL,GSOL_01,2035,ELC,345.46289
BAU_UR,shungnak,electric,2040,fall,9,WND,GWND_01,2030,ELC,5310.7415
BAU_UR,shungnak,electric,2040,fall,9,WND,GWND_01,2035,ELC,5310.7415
BAU_UR,shungnak,electric,2040,fall,9,WND,GWND_01,2040,ELC,2655.3708
BAU_UR,shungnak,electric,2040,spring,0,ELC,ELECT,2040,ELECD,17510.539
BAU_UR,shungnak,electric,2040,spring,0,HYD,GHYD_01,2030,ELC,4270.4932
BAU_UR,shungnak,electric,2040,spring,0,WND,GWND_01,2030,ELC,5044.2919
BAU_UR,shungnak,electric,2040,spring,0,WND,GWND_01,2035,ELC,5044.2919
BAU_UR,shungnak,electric,2040,spring,0,WND,GWND_01,2040,ELC,2522.146
BAU_UR,shungnak,electric,2040,spring,1,ELC,ELECT,2035,ELECD,17510.539
BAU_UR,shungnak,electric,2040,spring,1,HYD,GHYD_01,2030,ELC,4270.4932
BAU_UR,shungnak,electric,2040,spring,1,WND,GWND_01,2030,ELC,5026.042
BAU_UR,shungnak,electric,2040,spring,1,WND,GWND_01,2035,ELC,5026.042
BAU_UR,shungnak,electric,2040,spring,1,WND,GWND_01,2040,ELC,2513.021
BAU_UR,shungnak,electric,2040,spring,10,ELC,ELECT,2035,ELECD,25592.327
BAU_UR,shungnak,electric,2040,spring,10,HYD,GHYD_01,2030,ELC,4270.4932
BAU_UR,shungnak,electric,2040,spring,10,SOL,GSOL_01,2025,ELC,6034.946
BAU_UR,shungnak,electric,2040,spring,10,SOL,GSOL_01,2030,ELC,8098.4245
BAU_UR,shungnak,electric,2040,spring,10,WND,GWND_01,2030,ELC,5004.142
BAU_UR,shungnak,electric,2040,spring,10,WND,GWND_01,2040,ELC,2184.3212
BAU_UR,shungnak,electric,2040,spring,11,ELC,ELECT,2040,ELECD,26169.597
BAU_UR,shungnak,electric,2040,spring,11,HYD,GHYD_01,2030,ELC,4270.4932
BAU_UR,shungnak,electric,2040,spring,11,SOL,GSOL_01,2025,ELC,7507.1328
BAU_UR,shungnak,electric,2040,spring,11,SOL,GSOL_01,2030,ELC,10073.984
BAU_UR,shungnak,electric,2040,spring,11,SOL,GSOL_01,2035,ELC,4112.0327
BAU_UR,shungnak,electric,2040,spring,11,WND,GWND_01,2035,ELC,205.95483
BAU_UR,shungnak,electric,2040,spring,12,ELC,EBATT_01,2030,ELC,7963.4996
BAU_UR,shungnak,electric,2040,spring,12,ELC,ELECT,2035,ELECD,24822.633
BAU_UR,shungnak,electric,2040,spring,12,HYD,GHYD_01,2030,ELC,4270.4932
BAU_UR,shungnak,electric,2040,spring,12,SOL,GSOL_01,2025,ELC,8202.4266
BAU_UR,shungnak,electric,2040,spring,12,SOL,GSOL_01,2030,ELC,4696.9755
BAU_UR,shungnak,electric,2040,spring,12,SOL,GSOL_01,2035,ELC,4492.8799
BAU_UR,shungnak,electric,2040,spring,12,WND,GWND_01,2030,ELC,4449.3429
BAU_UR,shungnak,electric,2040,spring,12,WND,GWND_01,2035,ELC,4449.3429
BAU_UR,shungnak,electric,2040,spring,12,WND,GWND_01,2040,ELC,2224.6714
BAU_UR,shungnak,electric,2040,spring,13,ELC,EBATT_01,2040,ELC,15075.707
BAU_UR,shungnak,electric,2040,spring,13,ELC,ELECT,2040,ELECD,23860.515
BAU_UR,shungnak,electric,2040,spring,13,HYD,GHYD_01,2030,ELC,4270.4932
BAU_UR,shungnak,electric,2040,spring,13,SOL,GSOL_01,2025,ELC,8622.3228
BAU_UR,shungnak,electric,2040,spring,13,SOL,GSOL_01,2030,ELC,11570.481
BAU_UR,shungnak,electric,2040,spring,13,SOL,GSOL_01,2035,ELC,4722.8781
BAU_UR,shungnak,electric,2040,spring,13,WND,GWND_01,2030,ELC,3900.0188
BAU_UR,shungnak,electric,2040,spring,13,WND,GWND_01,2035,ELC,3900.0188
BAU_UR,shungnak,electric,2040,spring,13,WND,GWND_01,2040,ELC,1950.0094
BAU_UR,shungnak,electric,2040,spring,14,ELC,EBATT_01,2040,ELC,1475.1037
BAU_UR,shungnak,electric,2040,spring,14,ELC,ELECT,2035,ELECD,24245.362
BAU_UR,shungnak,electric,2040,spring,14,HYD,GHYD_01,2030,ELC,3398.715
BAU_UR,shungnak,electric,2040,spring,14,SOL,GSOL_01,2025,ELC,8588.3231
BAU_UR,shungnak,electric,2040,spring,14,SOL,GSOL_01,2035,ELC,4704.2548
BAU_UR,shungnak,electric,2040,spring,14,WND,GWND_01,2030,ELC,3611.6692
BAU_UR,shungnak,electric,2040,spring,14,WND,GWND_01,2035,ELC,3611.6692
BAU_UR,shungnak,electric,2040,spring,14,WND,GWND_01,2040,ELC,1805.8346
BAU_UR,shungnak,electric,2040,spring,15,ELC,EBATT_01,2040,ELC,12820.667
BAU_UR,shungnak,electric,2040,spring,15,ELC,ELECT,2035,ELECD,24052.939
BAU_UR,shungnak,electric,2040,spring,15,HYD,GHYD_01,2030,ELC,4270.4932
BAU_UR,shungnak,electric,2040,spring,15,SOL,GSOL_01,2025,ELC,8088.5276
BAU_UR,shungnak,electric,2040,spring,15,SOL,GSOL_01,2030,ELC,10854.17
BAU_UR,shungnak,electric,2040,spring,15,SOL,GSOL_01,2035,ELC,4430.4917
BAU_UR,shungnak,electric,2040,spring,15,WND,GWND_01,2030,ELC,3691.9691
BAU_UR,shungnak,electric,2040,spring,15,WND,GWND_01,2035,ELC,3691.9691
BAU_UR,shungnak,electric,2040,spring,15,WND,GWND_01,2040,ELC,1845.9845
BAU_UR,shungnak,electric,2040,spring,16,ELC,EBATT_01,2035,ELC,9334.6507
BAU_UR,shungnak,electric,2040,spring,16,ELC,ELECT,2040,ELECD,25207.48
BAU_UR,shungnak,electric,2040,spring,16,HYD,GHYD_01,2030,ELC,4270.4932
BAU_UR,shungnak,electric,2040,spring,16,SOL,GSOL_01,2025,ELC,7024.3371
BAU_UR,shungnak,electric,2040,spring,16,SOL,GSOL_01,2030,ELC,9426.1099
BAU_UR,shungnak,electric,2040,spring,16,SOL,GSOL_01,2035,ELC,3847.5813
BAU_UR,shungnak,electric,2040,spring,16,WND,GWND_01,2030,ELC,3989.4436
BAU_UR,shungnak,electric,2040,spring,16,WND,GWND_01,2035,ELC,3989.4436
BAU_UR,shungnak,electric,2040,spring,16,WND,GWND_01,2040,ELC,1994.7218
BAU_UR,shungnak,electric,2040,spring,17,ELC,EBATT_01,2040,ELC,4298.7705
BAU_UR,shungnak,electric,2040,spring,17,ELC,ELECT,2035,ELECD,25207.48
BAU_UR,shungnak,electric,2040,spring,17,HYD,GHYD_01,2030,ELC,4270.4932
BAU_UR,shungnak,electric,2040,spring,17,SOL,GSOL_01,2025,ELC,5234.2531
BAU_UR,shungnak,electric,2040,spring,17,SOL,GSOL_01,2030,ELC,7023.9575
BAU_UR,shungnak,electric,2040,spring,17,SOL,GSOL_01,2035,ELC,2867.0626
BAU_UR,shungnak,electric,2040,spring,17,WND,GWND_01,2030,ELC,4044.1935
BAU_UR,shungnak,electric,2040,spring,17,WND,GWND_01,2035,ELC,4044.1935
BAU_UR,shungnak,electric,2040,spring,17,WND,GWND_01,2040,ELC,2022.0968
BAU_UR,shungnak,electric,2040,spring,18,ELC,ELECT,2040,ELECD,23860.515
BAU_UR,shungnak,electric,2040,spring,18,HYD,GHYD_01,2030,ELC,4270.4932
BAU_UR,shungnak,electric,2040,spring,18,SOL,GSOL_01,2025,ELC,3172.1716
BAU_UR,shungnak,electric,2040,spring,18,SOL,GSOL_01,2030,ELC,4256.8057
BAU_UR,shungnak,electric,2040,spring,18,SOL,GSOL_01,2035,ELC,1737.5573
BAU_UR,shungnak,electric,2040,spring,18,WND,GWND_01,2030,ELC,4168.2933
BAU_UR,shungnak,electric,2040,spring,18,WND,GWND_01,2035,ELC,4168.2933
BAU_UR,shungnak,electric,2040,spring,18,WND,GWND_01,2040,ELC,2084.1467
BAU_UR,shungnak,electric,2040,spring,19,ELC,ELECT,2035,ELECD,23090.821
BAU_UR,shungnak,electric,2040,spring,19,HYD,GHYD_01,2030,ELC,4270.4932
BAU_UR,shungnak,electric,2040,spring,19,SOL,GSOL_01,2025,ELC,1380.3876
BAU_UR,shungnak,electric,2040,spring,19,SOL,GSOL_01,2030,ELC,1852.372
BAU_UR,shungnak,electric,2040,spring,19,SOL,GSOL_01,2035,ELC,756.10746
BAU_UR,shungnak,electric,2040,spring,19,WND,GWND_01,2030,ELC,4292.3931
BAU_UR,shungnak,electric,2040,spring,19,WND,GWND_01,2035,ELC,4292.3931
BAU_UR,shungnak,electric,2040,spring,19,WND,GWND_01,2040,ELC,2146.1966
BAU_UR,shungnak,electric,2040,spring,2,ELC,ELECT,2030,ELECD,16740.845
BAU_UR,shungnak,electric,2040,spring,2,HYD,GHYD_01,2030,ELC,4270.4932
BAU_UR,shungnak,electric,2040,spring,2,WND,GWND_01,2030,ELC,4909.2421
BAU_UR,shungnak,electric,2040,spring,2,WND,GWND_01,2035,ELC,4909.2421
BAU_UR,shungnak,electric,2040,spring,2,WND,GWND_01,2040,ELC,2454.6211
BAU_UR,shungnak,electric,2040,spring,20,ELC,ELECT,2040,ELECD,23860.515
BAU_UR,shungnak,electric,2040,spring,20,HYD,GHYD_01,2030,ELC,4270.4932
BAU_UR,shungnak,electric,2040,spring,20,SOL,GSOL_01,2025,ELC,503.19549
BAU_UR,shungnak,electric,2040,spring,20,SOL,GSOL_01,2030,ELC,675.24892
BAU_UR,shungnak,electric,2040,spring,20,SOL,GSOL_01,2035,ELC,275.62538
BAU_UR,shungnak,electric,2040,spring,20,WND,GWND_01,2030,ELC,4547.8927
BAU_UR,shungnak,electric,2040,spring,20,WND,GWND_01,2035,ELC,4547.8927
BAU_UR,shungnak,electric,2040,spring,20,WND,GWND_01,2040,ELC,2273.9464
BAU_UR,shungnak,electric,2040,spring,21,ELC,ELECT,2035,ELECD,22513.551
BAU_UR,shungnak,electric,2040,spring,21,HYD,GHYD_01,2030,ELC,4270.4932
BAU_UR,shungnak,electric,2040,spring,21,SOL,GSOL_01,2025,ELC,219.29804
BAU_UR,shungnak,electric,2040,spring,21,SOL,GSOL_01,2030,ELC,294.28078
BAU_UR,shungnak,electric,2040,spring,21,SOL,GSOL_01,2035,ELC,120.12052
BAU_UR,shungnak,electric,2040,spring,21,WND,GWND_01,2030,ELC,4434.7429
BAU_UR,shungnak,electric,2040,spring,21,WND,GWND_01,2035,ELC,4434.7429
BAU_UR,shungnak,electric,2040,spring,21,WND,GWND_01,2040,ELC,2217.3715
BAU_UR,shungnak,electric,2040,spring,22,ELC,ELECT,2030,ELECD,21936.28
BAU_UR,shungnak,electric,2040,spring,22,HYD,GHYD_01,2030,ELC,4270.4932
BAU_UR,shungnak,electric,2040,spring,22,SOL,GSOL_01,2025,ELC,84.999239
BAU_UR,shungnak,electric,2040,spring,22,SOL,GSOL_01,2030,ELC,114.06232
BAU_UR,shungnak,electric,2040,spring,22,SOL,GSOL_01,2035,ELC,46.558341
BAU_UR,shungnak,electric,2040,spring,22,WND,GWND_01,2030,ELC,4949.3921
BAU_UR,shungnak,electric,2040,spring,22,WND,GWND_01,2035,ELC,4949.3921
BAU_UR,shungnak,electric,2040,spring,22,WND,GWND_01,2040,ELC,2474.696
BAU_UR,shungnak,electric,2040,spring,23,ELC,ELECT,2035,ELECD,20396.892
BAU_UR,shungnak,electric,2040,spring,23,HYD,GHYD_01,2030,ELC,4270.4932
BAU_UR,shungnak,electric,2040,spring,23,SOL,GSOL_01,2025,ELC,13.599878
BAU_UR,shungnak,electric,2040,spring,23,SOL,GSOL_01,2030,ELC,18.249971
BAU_UR,shungnak,electric,2040,spring,23,SOL,GSOL_01,2035,ELC,7.4493346
BAU_UR,shungnak,electric,2040,spring,23,WND,GWND_01,2030,ELC,5049.7669
BAU_UR,shungnak,electric,2040,spring,23,WND,GWND_01,2035,ELC,5049.7669
BAU_UR,shungnak,electric,2040,spring,23,WND,GWND_01,2040,ELC,2524.8835
BAU_UR,shungnak,electric,2040,spring,3,ELC,ELECT,2030,ELECD,16740.845
BAU_UR,shungnak,electric,2040,spring,3,HYD,GHYD_01,2030,ELC,4270.4932
BAU_UR,shungnak,electric,2040,spring,3,WND,GWND_01,2030,ELC,4739.6646
BAU_UR,shungnak,electric,2040,spring,3,WND,GWND_01,2035,ELC,5153.7918
BAU_UR,shungnak,electric,2040,spring,3,WND,GWND_01,2040,ELC,2576.8959
BAU_UR,shungnak,electric,2040,spring,4,ELC,ELECT,2040,ELECD,16933.269
BAU_UR,shungnak,electric,2040,spring,4,HYD,GHYD_01,2030,ELC,4270.4932
BAU_UR,shungnak,electric,2040,spring,4,SOL,GSOL_01,2025,ELC,20.399817
BAU_UR,shungnak,electric,2040,spring,4,WND,GWND_01,2030,ELC,4531.1764
BAU_UR,shungnak,electric,2040,spring,4,WND,GWND_01,2035,ELC,5407.4663
BAU_UR,shungnak,electric,2040,spring,4,WND,GWND_01,2040,ELC,2703.7332
BAU_UR,shungnak,electric,2040,spring,5,ELC,ELECT,2035,ELECD,17318.116
BAU_UR,shungnak,electric,2040,spring,5,HYD,GHYD_01,2030,ELC,4270.4932
BAU_UR,shungnak,electric,2040,spring,5,SOL,GSOL_01,2025,ELC,90.099193
BAU_UR,shungnak,electric,2040,spring,5,WND,GWND_01,2030,ELC,5646.541
BAU_UR,shungnak,electric,2040,spring,5,WND,GWND_01,2035,ELC,4487.7121
BAU_UR,shungnak,electric,2040,spring,5,WND,GWND_01,2040,ELC,2823.2705
BAU_UR,shungnak,electric,2040,spring,6,ELC,ELECT,2035,ELECD,17702.963
BAU_UR,shungnak,electric,2040,spring,6,HYD,GHYD_01,2030,ELC,4270.4932
BAU_UR,shungnak,electric,2040,spring,6,SOL,GSOL_01,2025,ELC,302.59729
BAU_UR,shungnak,electric,2040,spring,6,SOL,GSOL_01,2030,ELC,406.06185
BAU_UR,shungnak,electric,2040,spring,6,SOL,GSOL_01,2035,ELC,165.74769
BAU_UR,shungnak,electric,2040,spring,6,WND,GWND_01,2030,ELC,5701.2909
BAU_UR,shungnak,electric,2040,spring,6,WND,GWND_01,2035,ELC,4006.1266
BAU_UR,shungnak,electric,2040,spring,6,WND,GWND_01,2040,ELC,2850.6454
BAU_UR,shungnak,electric,2040,spring,7,ELC,ELECT,2040,ELECD,19434.775
BAU_UR,shungnak,electric,2040,spring,7,HYD,GHYD_01,2030,ELC,4270.4932
BAU_UR,shungnak,electric,2040,spring,7,SOL,GSOL_01,2025,ELC,972.39129
BAU_UR,shungnak,electric,2040,spring,7,SOL,GSOL_01,2030,ELC,1304.8729
BAU_UR,shungnak,electric,2040,spring,7,SOL,GSOL_01,2035,ELC,532.62742
BAU_UR,shungnak,electric,2040,spring,7,WND,GWND_01,2030,ELC,5469.5162
BAU_UR,shungnak,electric,2040,spring,7,WND,GWND_01,2035,ELC,4150.1153
BAU_UR,shungnak,electric,2040,spring,7,WND,GWND_01,2040,ELC,2734.7581
BAU_UR,shungnak,electric,2040,spring,8,ELC,ELECT,2030,ELECD,23090.821
BAU_UR,shungnak,electric,2040,spring,8,HYD,GHYD_01,2030,ELC,4270.4932
BAU_UR,shungnak,electric,2040,spring,8,SOL,GSOL_01,2025,ELC,2264.3797
BAU_UR,shungnak,electric,2040,spring,8,SOL,GSOL_01,2030,ELC,1076.0944
BAU_UR,shungnak,electric,2040,spring,8,SOL,GSOL_01,2035,ELC,1240.3142
BAU_UR,shungnak,electric,2040,spring,8,WND,GWND_01,2030,ELC,5695.8159
BAU_UR,shungnak,electric,2040,spring,8,WND,GWND_01,2035,ELC,5695.8159
BAU_UR,shungnak,electric,2040,spring,8,WND,GWND_01,2040,ELC,2847.9079
BAU_UR,shungnak,electric,2040,spring,9,ELC,ELECT,2030,ELECD,23668.092
BAU_UR,shungnak,electric,2040,spring,9,HYD,GHYD_01,2030,ELC,4270.4932
BAU_UR,shungnak,electric,2040,spring,9,SOL,GSOL_01,2025,ELC,4188.7625
BAU_UR,shungnak,electric,2040,spring,9,SOL,GSOL_01,2030,ELC,5620.991
BAU_UR,shungnak,electric,2040,spring,9,SOL,GSOL_01,2035,ELC,2294.3951
BAU_UR,shungnak,electric,2040,spring,9,WND,GWND_01,2030,ELC,5086.2669
BAU_UR,shungnak,electric,2040,spring,9,WND,GWND_01,2040,ELC,2207.1831
BAU_UR,shungnak,electric,2040,summer,0,ELC,EBATT_01,2035,ELC,1043.6303
BAU_UR,shungnak,electric,2040,summer,0,ELC,ELECT,2030,ELECD,13084.799
BAU_UR,shungnak,electric,2040,summer,0,HYD,GHYD_01,2030,ELC,10853.623
BAU_UR,shungnak,electric,2040,summer,0,SOL,GSOL_01,2025,ELC,16.999848
BAU_UR,shungnak,electric,2040,summer,0,SOL,GSOL_01,2030,ELC,22.812463
BAU_UR,shungnak,electric,2040,summer,0,SOL,GSOL_01,2035,ELC,9.3116682
BAU_UR,shungnak,electric,2040,summer,0,WND,GWND_01,2030,ELC,1290.2729
BAU_UR,shungnak,electric,2040,summer,0,WND,GWND_01,2035,ELC,1290.2729
BAU_UR,shungnak,electric,2040,summer,0,WND,GWND_01,2040,ELC,645.13647
BAU_UR,shungnak,electric,2040,summer,1,ELC,EBATT_01,2030,ELC,1473.7984
BAU_UR,shungnak,electric,2040,summer,1,ELC,ELECT,2030,ELECD,11930.258
BAU_UR,shungnak,electric,2040,summer,1,HYD,GHYD_01,2030,ELC,10853.623
BAU_UR,shungnak,electric,2040,summer,1,WND,GWND_01,2030,ELC,1020.1734
BAU_UR,shungnak,electric,2040,summer,1,WND,GWND_01,2035,ELC,1020.1734
BAU_UR,shungnak,electric,2040,summer,1,WND,GWND_01,2040,ELC,510.08668
BAU_UR,shungnak,electric,2040,summer,10,ELC,EBATT_01,2030,ELC,12474.928
BAU_UR,shungnak,electric,2040,summer,10,ELC,EBATT_01,2035,ELC,1551.1924
BAU_UR,shungnak,electric,2040,summer,10,ELC,ELECT,2035,ELECD,14624.187
BAU_UR,shungnak,electric,2040,summer,10,HYD,GHYD_01,2030,ELC,10853.623
BAU_UR,shungnak,electric,2040,summer,10,SOL,GSOL_01,2025,ELC,5400.8516
BAU_UR,shungnak,electric,2040,summer,10,SOL,GSOL_01,2030,ELC,7247.5197
BAU_UR,shungnak,electric,2040,summer,10,SOL,GSOL_01,2035,ELC,2958.317
BAU_UR,shungnak,electric,2040,summer,10,WND,GWND_01,2030,ELC,875.9986
BAU_UR,shungnak,electric,2040,summer,10,WND,GWND_01,2035,ELC,875.9986
BAU_UR,shungnak,electric,2040,summer,10,WND,GWND_01,2040,ELC,437.9993
BAU_UR,shungnak,electric,2040,summer,11,ELC,EBATT_01,2040,ELC,16384.436
BAU_UR,shungnak,electric,2040,summer,11,ELC,ELECT,2030,ELECD,15009.034
BAU_UR,shungnak,electric,2040,summer,11,HYD,GHYD_01,2030,ELC,10853.623
BAU_UR,shungnak,electric,2040,summer,11,SOL,GSOL_01,2025,ELC,6448.0423
BAU_UR,shungnak,electric,2040,summer,11,SOL,GSOL_01,2030,ELC,8652.7674
BAU_UR,shungnak,electric,2040,summer,11,SOL,GSOL_01,2035,ELC,3531.9158
BAU_UR,shungnak,electric,2040,summer,11,WND,GWND_01,2030,ELC,762.84878
BAU_UR,shungnak,electric,2040,summer,11,WND,GWND_01,2035,ELC,762.84878
BAU_UR,shungnak,electric,2040,summer,11,WND,GWND_01,2040,ELC,381.42439
BAU_UR,shungnak,electric,2040,summer,12,ELC,EBATT_01,2035,ELC,18972.137
BAU_UR,shungnak,electric,2040,summer,12,ELC,ELECT,2035,ELECD,14624.187
BAU_UR,shungnak,electric,2040,summer,12,HYD,GHYD_01,2030,ELC,10853.623
BAU_UR,shungnak,electric,2040,summer,12,SOL,GSOL_01,2025,ELC,7219.8354
BAU_UR,shungnak,electric,2040,summer,12,SOL,GSOL_01,2030,ELC,9688.4532
BAU_UR,shungnak,electric,2040,summer,12,SOL,GSOL_01,2035,ELC,3954.6655
BAU_UR,shungnak,electric,2040,summer,12,WND,GWND_01,2030,ELC,751.8988
BAU_UR,shungnak,electric,2040,summer,12,WND,GWND_01,2035,ELC,751.8988
BAU_UR,shungnak,electric,2040,summer,12,WND,GWND_01,2040,ELC,375.9494
BAU_UR,shungnak,electric,2040,summer,13,ELC,EBATT_01,2030,ELC,12474.928
BAU_UR,shungnak,electric,2040,summer,13,ELC,EBATT_01,2040,ELC,7884.4221
BAU_UR,shungnak,electric,2040,summer,13,ELC,ELECT,2030,ELECD,14431.763
BAU_UR,shungnak,electric,2040,summer,13,HYD,GHYD_01,2030,ELC,10853.623
BAU_UR,shungnak,electric,2040,summer,13,SOL,GSOL_01,2025,ELC,7593.832
BAU_UR,shungnak,electric,2040,summer,13,SOL,GSOL_01,2030,ELC,10190.327
BAU_UR,shungnak,electric,2040,summer,13,SOL,GSOL_01,2035,ELC,4159.5222
BAU_UR,shungnak,electric,2040,summer,13,WND,GWND_01,2030,ELC,797.52372
BAU_UR,shungnak,electric,2040,summer,13,WND,GWND_01,2035,ELC,797.52372
BAU_UR,shungnak,electric,2040,summer,13,WND,GWND_01,2040,ELC,398.76186
BAU_UR,shungnak,electric,2040,summer,14,ELC,EBATT_01,2040,ELC,21329.723
BAU_UR,shungnak,electric,2040,summer,14,ELC,ELECT,2030,ELECD,14239.34
BAU_UR,shungnak,electric,2040,summer,14,HYD,GHYD_01,2030,ELC,10853.623
BAU_UR,shungnak,electric,2040,summer,14,SOL,GSOL_01,2025,ELC,7804.6301
BAU_UR,shungnak,electric,2040,summer,14,SOL,GSOL_01,2030,ELC,10473.202
BAU_UR,shungnak,electric,2040,summer,14,SOL,GSOL_01,2035,ELC,4274.9869
BAU_UR,shungnak,electric,2040,summer,14,WND,GWND_01,2030,ELC,865.04862
BAU_UR,shungnak,electric,2040,summer,14,WND,GWND_01,2035,ELC,865.04862
BAU_UR,shungnak,electric,2040,summer,14,WND,GWND_01,2040,ELC,432.52431
BAU_UR,shungnak,electric,2040,summer,15,ELC,EBATT_01,2035,ELC,18270.937
BAU_UR,shungnak,electric,2040,summer,15,ELC,ELECT,2035,ELECD,14816.61
BAU_UR,shungnak,electric,2040,summer,15,HYD,GHYD_01,2030,ELC,10853.623
BAU_UR,shungnak,electric,2040,summer,15,SOL,GSOL_01,2025,ELC,7031.1371
BAU_UR,shungnak,electric,2040,summer,15,SOL,GSOL_01,2030,ELC,9435.2349
BAU_UR,shungnak,electric,2040,summer,15,SOL,GSOL_01,2035,ELC,3851.306
BAU_UR,shungnak,electric,2040,summer,15,WND,GWND_01,2030,ELC,766.49877
BAU_UR,shungnak,electric,2040,summer,15,WND,GWND_01,2035,ELC,766.49877
BAU_UR,shungnak,electric,2040,summer,15,WND,GWND_01,2040,ELC,383.24939
BAU_UR,shungnak,electric,2040,summer,16,ELC,EBATT_01,2035,ELC,14596.197
BAU_UR,shungnak,electric,2040,summer,16,ELC,ELECT,2030,ELECD,16548.422
BAU_UR,shungnak,electric,2040,summer,16,HYD,GHYD_01,2030,ELC,10853.623
BAU_UR,shungnak,electric,2040,summer,16,SOL,GSOL_01,2025,ELC,6480.342
BAU_UR,shungnak,electric,2040,summer,16,SOL,GSOL_01,2030,ELC,8696.1111
BAU_UR,shungnak,electric,2040,summer,16,SOL,GSOL_01,2035,ELC,3549.6079
BAU_UR,shungnak,electric,2040,summer,16,WND,GWND_01,2030,ELC,625.974
BAU_UR,shungnak,electric,2040,summer,16,WND,GWND_01,2035,ELC,625.974
BAU_UR,shungnak,electric,2040,summer,16,WND,GWND_01,2040,ELC,312.987
BAU_UR,shungnak,electric,2040,summer,17,ELC,EBATT_01,2030,ELC,11196.228
BAU_UR,shungnak,electric,2040,summer,17,ELC,ELECT,2040,ELECD,16933.269
BAU_UR,shungnak,electric,2040,summer,17,HYD,GHYD_01,2030,ELC,10853.623
BAU_UR,shungnak,electric,2040,summer,17,SOL,GSOL_01,2025,ELC,5375.3519
BAU_UR,shungnak,electric,2040,summer,17,SOL,GSOL_01,2030,ELC,7213.301
BAU_UR,shungnak,electric,2040,summer,17,SOL,GSOL_01,2035,ELC,2944.3495
BAU_UR,shungnak,electric,2040,summer,17,WND,GWND_01,2030,ELC,697.14888
BAU_UR,shungnak,electric,2040,summer,17,WND,GWND_01,2035,ELC,697.14888
BAU_UR,shungnak,electric,2040,summer,17,WND,GWND_01,2040,ELC,348.57444
BAU_UR,shungnak,electric,2040,summer,18,ELC,EBATT_01,2035,ELC,9042.8065
BAU_UR,shungnak,electric,2040,summer,18,ELC,ELECT,2040,ELECD,15201.457
BAU_UR,shungnak,electric,2040,summer,18,HYD,GHYD_01,2030,ELC,10853.623
BAU_UR,shungnak,electric,2040,summer,18,SOL,GSOL_01,2025,ELC,3833.4657
BAU_UR,shungnak,electric,2040,summer,18,SOL,GSOL_01,2030,ELC,5144.2105
BAU_UR,shungnak,electric,2040,summer,18,SOL,GSOL_01,2035,ELC,2099.7812
BAU_UR,shungnak,electric,2040,summer,18,WND,GWND_01,2030,ELC,925.27352
BAU_UR,shungnak,electric,2040,summer,18,WND,GWND_01,2035,ELC,925.27352
BAU_UR,shungnak,electric,2040,summer,18,WND,GWND_01,2040,ELC,462.63676
BAU_UR,shungnak,electric,2040,summer,19,ELC,EBATT_01,2030,ELC,4490.2751
BAU_UR,shungnak,electric,2040,summer,19,ELC,ELECT,2040,ELECD,14816.61
BAU_UR,shungnak,electric,2040,summer,19,HYD,GHYD_01,2030,ELC,10853.623
BAU_UR,shungnak,electric,2040,summer,19,SOL,GSOL_01,2025,ELC,2233.78
BAU_UR,shungnak,electric,2040,summer,19,SOL,GSOL_01,2030,ELC,2997.5577
BAU_UR,shungnak,electric,2040,summer,19,SOL,GSOL_01,2035,ELC,1223.5532
BAU_UR,shungnak,electric,2040,summer,19,WND,GWND_01,2030,ELC,799.34872
BAU_UR,shungnak,electric,2040,summer,19,WND,GWND_01,2035,ELC,799.34872
BAU_UR,shungnak,electric,2040,summer,19,WND,GWND_01,2040,ELC,399.67436
BAU_UR,shungnak,electric,2040,summer,2,ELC,EBATT_01,2040,ELC,1451.7848
BAU_UR,shungnak,electric,2040,summer,2,ELC,ELECT,2035,ELECD,11737.834
BAU_UR,shungnak,electric,2040,summer,2,HYD,GHYD_01,2030,ELC,10853.623
BAU_UR,shungnak,electric,2040,summer,2,WND,GWND_01,2030,ELC,934.3985
BAU_UR,shungnak,electric,2040,summer,2,WND,GWND_01,2035,ELC,934.3985
BAU_UR,shungnak,electric,2040,summer,2,WND,GWND_01,2040,ELC,467.19925
BAU_UR,shungnak,electric,2040,summer,20,ELC,EBATT_01,2030,ELC,1846.1014
BAU_UR,shungnak,electric,2040,summer,20,ELC,ELECT,2040,ELECD,14816.61
BAU_UR,shungnak,electric,2040,summer,20,HYD,GHYD_01,2030,ELC,10853.623
BAU_UR,shungnak,electric,2040,summer,20,SOL,GSOL_01,2025,ELC,1157.6896
BAU_UR,shungnak,electric,2040,summer,20,SOL,GSOL_01,2030,ELC,1553.5288
BAU_UR,shungnak,electric,2040,summer,20,SOL,GSOL_01,2035,ELC,634.12461
BAU_UR,shungnak,electric,2040,summer,20,WND,GWND_01,2030,ELC,985.49842
BAU_UR,shungnak,electric,2040,summer,20,WND,GWND_01,2035,ELC,985.49842
BAU_UR,shungnak,electric,2040,summer,20,WND,GWND_01,2040,ELC,492.74921
BAU_UR,shungnak,electric,2040,summer,21,ELC,EBATT_01,2040,ELC,2264.0161
BAU_UR,shungnak,electric,2040,summer,21,ELC,ELECT,2030,ELECD,13662.069
BAU_UR,shungnak,electric,2040,summer,21,HYD,GHYD_01,2030,ELC,10853.623
BAU_UR,shungnak,electric,2040,summer,21,SOL,GSOL_01,2025,ELC,526.99528
BAU_UR,shungnak,electric,2040,summer,21,SOL,GSOL_01,2030,ELC,707.18637
BAU_UR,shungnak,electric,2040,summer,21,SOL,GSOL_01,2035,ELC,288.66172
BAU_UR,shungnak,electric,2040,summer,21,WND,GWND_01,2030,ELC,1419.8477
BAU_UR,shungnak,electric,2040,summer,21,WND,GWND_01,2035,ELC,1419.8477
BAU_UR,shungnak,electric,2040,summer,21,WND,GWND_01,2040,ELC,709.92386
BAU_UR,shungnak,electric,2040,summer,22,ELC,EBATT_01,2035,ELC,1573.1038
BAU_UR,shungnak,electric,2040,summer,22,ELC,ELECT,2040,ELECD,13662.069
BAU_UR,shungnak,electric,2040,summer,22,HYD,GHYD_01,2030,ELC,10853.623
BAU_UR,shungnak,electric,2040,summer,22,SOL,GSOL_01,2025,ELC,317.89715
BAU_UR,shungnak,electric,2040,summer,22,SOL,GSOL_01,2030,ELC,426.59307
BAU_UR,shungnak,electric,2040,summer,22,SOL,GSOL_01,2035,ELC,174.1282
BAU_UR,shungnak,electric,2040,summer,22,WND,GWND_01,2030,ELC,1385.1728
BAU_UR,shungnak,electric,2040,summer,22,WND,GWND_01,2035,ELC,1385.1728
BAU_UR,shungnak,electric,2040,summer,22,WND,GWND_01,2040,ELC,692.58639
BAU_UR,shungnak,electric,2040,summer,23,ELC,EBATT_01,2035,ELC,1454.7152
BAU_UR,shungnak,electric,2040,summer,23,ELC,ELECT,2040,ELECD,13469.646
BAU_UR,shungnak,electric,2040,summer,23,HYD,GHYD_01,2030,ELC,10853.623
BAU_UR,shungnak,electric,2040,summer,23,SOL,GSOL_01,2025,ELC,93.499163
BAU_UR,shungnak,electric,2040,summer,23,SOL,GSOL_01,2030,ELC,125.46855
BAU_UR,shungnak,electric,2040,summer,23,SOL,GSOL_01,2035,ELC,51.214175
BAU_UR,shungnak,electric,2040,summer,23,WND,GWND_01,2030,ELC,1520.2226
BAU_UR,shungnak,electric,2040,summer,23,WND,GWND_01,2035,ELC,1520.2226
BAU_UR,shungnak,electric,2040,summer,23,WND,GWND_01,2040,ELC,760.11128
BAU_UR,shungnak,electric,2040,summer,3,ELC,EBATT_01,2035,ELC,2613.4896
BAU_UR,shungnak,electric,2040,summer,3,ELC,ELECT,2035,ELECD,10968.14
BAU_UR,shungnak,electric,2040,summer,3,HYD,GHYD_01,2030,ELC,10853.623
BAU_UR,shungnak,electric,2040,summer,3,SOL,GSOL_01,2025,ELC,20.399817
BAU_UR,shungnak,electric,2040,summer,3,SOL,GSOL_01,2030,ELC,27.374956
BAU_UR,shungnak,electric,2040,summer,3,SOL,GSOL_01,2035,ELC,11.174002
BAU_UR,shungnak,electric,2040,summer,3,WND,GWND_01,2030,ELC,1067.6233
BAU_UR,shungnak,electric,2040,summer,3,WND,GWND_01,2035,ELC,1067.6233
BAU_UR,shungnak,electric,2040,summer,3,WND,GWND_01,2040,ELC,533.81165
BAU_UR,shungnak,electric,2040,summer,4,ELC,EBATT_01,2035,ELC,370.37555
BAU_UR,shungnak,electric,2040,summer,4,ELC,EBATT_01,2040,ELC,2814.1558
BAU_UR,shungnak,electric,2040,summer,4,ELC,ELECT,2035,ELECD,10775.717
BAU_UR,shungnak,electric,2040,summer,4,HYD,GHYD_01,2030,ELC,10853.623
BAU_UR,shungnak,electric,2040,summer,4,SOL,GSOL_01,2025,ELC,130.89883
BAU_UR,shungnak,electric,2040,summer,4,SOL,GSOL_01,2030,ELC,175.65597
BAU_UR,shungnak,electric,2040,summer,4,SOL,GSOL_01,2035,ELC,71.699845
BAU_UR,shungnak,electric,2040,summer,4,WND,GWND_01,2030,ELC,1091.3483
BAU_UR,shungnak,electric,2040,summer,4,WND,GWND_01,2035,ELC,1091.3483
BAU_UR,shungnak,electric,2040,summer,4,WND,GWND_01,2040,ELC,545.67413
BAU_UR,shungnak,electric,2040,summer,5,ELC,EBATT_01,2040,ELC,3638.5988
BAU_UR,shungnak,electric,2040,summer,5,ELC,ELECT,2040,ELECD,10775.717
BAU_UR,shungnak,electric,2040,summer,5,HYD,GHYD_01,2030,ELC,10853.623
BAU_UR,shungnak,electric,2040,summer,5,SOL,GSOL_01,2025,ELC,253.29773
BAU_UR,shungnak,electric,2040,summer,5,SOL,GSOL_01,2030,ELC,339.90571
BAU_UR,shungnak,electric,2040,summer,5,SOL,GSOL_01,2035,ELC,138.74386
BAU_UR,shungnak,electric,2040,summer,5,WND,GWND_01,2030,ELC,1131.4982
BAU_UR,shungnak,electric,2040,summer,5,WND,GWND_01,2035,ELC,1131.4982
BAU_UR,shungnak,electric,2040,summer,5,WND,GWND_01,2040,ELC,565.74909
BAU_UR,shungnak,electric,2040,summer,6,ELC,EBATT_01,2035,ELC,3701.8444
BAU_UR,shungnak,electric,2040,summer,6,ELC,ELECT,2035,ELECD,11545.411
BAU_UR,shungnak,electric,2040,summer,6,HYD,GHYD_01,2030,ELC,10853.623
BAU_UR,shungnak,electric,2040,summer,6,SOL,GSOL_01,2025,ELC,642.59425
BAU_UR,shungnak,electric,2040,summer,6,SOL,GSOL_01,2030,ELC,862.31112
BAU_UR,shungnak,electric,2040,summer,6,SOL,GSOL_01,2035,ELC,351.98106
BAU_UR,shungnak,electric,2040,summer,6,WND,GWND_01,2030,ELC,1014.6984
BAU_UR,shungnak,electric,2040,summer,6,WND,GWND_01,2035,ELC,1014.6984
BAU_UR,shungnak,electric,2040,summer,6,WND,GWND_01,2040,ELC,507.34919
BAU_UR,shungnak,electric,2040,summer,7,ELC,EBATT_01,2040,ELC,5669.3803
BAU_UR,shungnak,electric,2040,summer,7,ELC,ELECT,2040,ELECD,11737.834
BAU_UR,shungnak,electric,2040,summer,7,HYD,GHYD_01,2030,ELC,10853.623
BAU_UR,shungnak,electric,2040,summer,7,SOL,GSOL_01,2025,ELC,1538.4862
BAU_UR,shungnak,electric,2040,summer,7,SOL,GSOL_01,2030,ELC,2064.5279
BAU_UR,shungnak,electric,2040,summer,7,SOL,GSOL_01,2035,ELC,842.70597
BAU_UR,shungnak,electric,2040,summer,7,WND,GWND_01,2030,ELC,843.14865
BAU_UR,shungnak,electric,2040,summer,7,WND,GWND_01,2035,ELC,843.14865
BAU_UR,shungnak,electric,2040,summer,7,WND,GWND_01,2040,ELC,421.57433
BAU_UR,shungnak,electric,2040,summer,8,ELC,EBATT_01,2040,ELC,9607.8071
BAU_UR,shungnak,electric,2040,summer,8,ELC,ELECT,2035,ELECD,12122.681
BAU_UR,shungnak,electric,2040,summer,8,HYD,GHYD_01,2030,ELC,10853.623
BAU_UR,shungnak,electric,2040,summer,8,SOL,GSOL_01,2025,ELC,3014.073
BAU_UR,shungnak,electric,2040,summer,8,SOL,GSOL_01,2030,ELC,4044.6498
BAU_UR,shungnak,electric,2040,summer,8,SOL,GSOL_01,2035,ELC,1650.9588
BAU_UR,shungnak,electric,2040,summer,8,WND,GWND_01,2030,ELC,866.87361
BAU_UR,shungnak,electric,2040,summer,8,WND,GWND_01,2035,ELC,866.87361
BAU_UR,shungnak,electric,2040,summer,8,WND,GWND_01,2040,ELC,433.43681
BAU_UR,shungnak,electric,2040,summer,9,ELC,EBATT_01,2030,ELC,3883.3367
BAU_UR,shungnak,electric,2040,summer,9,ELC,EBATT_01,2040,ELC,8390.8948
BAU_UR,shungnak,electric,2040,summer,9,ELC,ELECT,2040,ELECD,12507.528
BAU_UR,shungnak,electric,2040,summer,9,HYD,GHYD_01,2030,ELC,10853.623
BAU_UR,shungnak,electric,2040,summer,9,SOL,GSOL_01,2025,ELC,4117.3631
BAU_UR,shungnak,electric,2040,summer,9,SOL,GSOL_01,2030,ELC,5525.1787
BAU_UR,shungnak,electric,2040,summer,9,SOL,GSOL_01,2035,ELC,2255.286
BAU_UR,shungnak,electric,2040,summer,9,WND,GWND_01,2030,ELC,812.1237
BAU_UR,shungnak,electric,2040,summer,9,WND,GWND_01,2035,ELC,812.1237
BAU_UR,shungnak,electric,2040,summer,9,WND,GWND_01,2040,ELC,406.06185
BAU_UR,shungnak,electric,2040,winter,0,ELC,ELECT,2035,ELECD,21936.28
BAU_UR,shungnak,electric,2040,winter,0,HYD,GHYD_01,2030,ELC,1011.7784
BAU_UR,shungnak,electric,2040,winter,0,WND,GWND_01,2030,ELC,5513.3162
BAU_UR,shungnak,electric,2040,winter,0,WND,GWND_01,2035,ELC,5513.3162
BAU_UR,shungnak,electric,2040,winter,0,WND,GWND_01,2040,ELC,2756.6581
BAU_UR,shungnak,electric,2040,winter,1,ELC,ELECT,2035,ELECD,21743.857
BAU_UR,shungnak,electric,2040,winter,1,HYD,GHYD_01,2030,ELC,1011.7784
BAU_UR,shungnak,electric,2040,winter,1,WND,GWND_01,2030,ELC,5620.991
BAU_UR,shungnak,electric,2040,winter,1,WND,GWND_01,2035,ELC,5620.991
BAU_UR,shungnak,electric,2040,winter,1,WND,GWND_01,2040,ELC,2810.4955
BAU_UR,shungnak,electric,2040,winter,10,ELC,ELECT,2040,ELECD,27901.409
BAU_UR,shungnak,electric,2040,winter,10,HYD,GHYD_01,2030,ELC,1011.7784
BAU_UR,shungnak,electric,2040,winter,10,SOL,GSOL_01,2025,ELC,193.79826
BAU_UR,shungnak,electric,2040,winter,10,SOL,GSOL_01,2030,ELC,260.06208
BAU_UR,shungnak,electric,2040,winter,10,SOL,GSOL_01,2035,ELC,106.15302
BAU_UR,shungnak,electric,2040,winter,10,WND,GWND_01,2030,ELC,5449.4413
BAU_UR,shungnak,electric,2040,winter,10,WND,GWND_01,2035,ELC,5449.4413
BAU_UR,shungnak,electric,2040,winter,10,WND,GWND_01,2040,ELC,2724.7206
BAU_UR,shungnak,electric,2040,winter,11,ELC,ELECT,2035,ELECD,28863.526
BAU_UR,shungnak,electric,2040,winter,11,HYD,GHYD_01,2030,ELC,1011.7784
BAU_UR,shungnak,electric,2040,winter,11,SOL,GSOL_01,2025,ELC,657.89411
BAU_UR,shungnak,electric,2040,winter,11,SOL,GSOL_01,2030,ELC,882.84234
BAU_UR,shungnak,electric,2040,winter,11,SOL,GSOL_01,2035,ELC,360.36156
BAU_UR,shungnak,electric,2040,winter,11,WND,GWND_01,2030,ELC,5442.1413
BAU_UR,shungnak,electric,2040,winter,11,WND,GWND_01,2035,ELC,5442.1413
BAU_UR,shungnak,electric,2040,winter,11,WND,GWND_01,2040,ELC,2721.0706
BAU_UR,shungnak,electric,2040,winter,12,ELC,ELECT,2040,ELECD,28478.679
BAU_UR,shungnak,electric,2040,winter,12,HYD,GHYD_01,2030,ELC,1011.7784
BAU_UR,shungnak,electric,2040,winter,12,SOL,GSOL_01,2025,ELC,1164.4896
BAU_UR,shungnak,electric,2040,winter,12,SOL,GSOL_01,2030,ELC,1562.6537
BAU_UR,shungnak,electric,2040,winter,12,SOL,GSOL_01,2035,ELC,637.84927
BAU_UR,shungnak,electric,2040,winter,12,WND,GWND_01,2030,ELC,5662.9659
BAU_UR,shungnak,electric,2040,winter,12,WND,GWND_01,2035,ELC,5662.9659
BAU_UR,shungnak,electric,2040,winter,12,WND,GWND_01,2040,ELC,2831.483
BAU_UR,shungnak,electric,2040,winter,13,ELC,ELECT,2030,ELECD,27708.985
BAU_UR,shungnak,electric,2040,winter,13,HYD,GHYD_01,2030,ELC,1011.7784
BAU_UR,shungnak,electric,2040,winter,13,SOL,GSOL_01,2025,ELC,1497.6866
BAU_UR,shungnak,electric,2040,winter,13,SOL,GSOL_01,2030,ELC,2009.778
BAU_UR,shungnak,electric,2040,winter,13,SOL,GSOL_01,2035,ELC,820.35797
BAU_UR,shungnak,electric,2040,winter,13,WND,GWND_01,2030,ELC,5902.0406
BAU_UR,shungnak,electric,2040,winter,13,WND,GWND_01,2035,ELC,5902.0406
BAU_UR,shungnak,electric,2040,winter,13,WND,GWND_01,2040,ELC,2951.0203
BAU_UR,shungnak,electric,2040,winter,14,ELC,ELECT,2040,ELECD,27516.562
BAU_UR,shungnak,electric,2040,winter,14,HYD,GHYD_01,2030,ELC,1011.7784
BAU_UR,shungnak,electric,2040,winter,14,SOL,GSOL_01,2025,ELC,1497.6866
BAU_UR,shungnak,electric,2040,winter,14,SOL,GSOL_01,2030,ELC,2009.778
BAU_UR,shungnak,electric,2040,winter,14,SOL,GSOL_01,2035,ELC,820.35797
BAU_UR,shungnak,electric,2040,winter,14,WND,GWND_01,2030,ELC,5761.5158
BAU_UR,shungnak,electric,2040,winter,14,WND,GWND_01,2035,ELC,5761.5158
BAU_UR,shungnak,electric,2040,winter,14,WND,GWND_01,2040,ELC,2880.7579
BAU_UR,shungnak,electric,2040,winter,15,ELC,ELECT,2030,ELECD,26169.597
BAU_UR,shungnak,electric,2040,winter,15,HYD,GHYD_01,2030,ELC,1011.7784
BAU_UR,shungnak,electric,2040,winter,15,SOL,GSOL_01,2025,ELC,1106.6901
BAU_UR,shungnak,electric,2040,winter,15,SOL,GSOL_01,2030,ELC,1485.0914
BAU_UR,shungnak,electric,2040,winter,15,SOL,GSOL_01,2035,ELC,606.1896
BAU_UR,shungnak,electric,2040,winter,15,WND,GWND_01,2030,ELC,5883.7906
BAU_UR,shungnak,electric,2040,winter,15,WND,GWND_01,2035,ELC,5883.7906
BAU_UR,shungnak,electric,2040,winter,15,WND,GWND_01,2040,ELC,2941.8953
BAU_UR,shungnak,electric,2040,winter,16,ELC,ELECT,2035,ELECD,27516.562
BAU_UR,shungnak,electric,2040,winter,16,HYD,GHYD_01,2030,ELC,1011.7784
BAU_UR,shungnak,electric,2040,winter,16,SOL,GSOL_01,2025,ELC,600.09463
BAU_UR,shungnak,electric,2040,winter,16,SOL,GSOL_01,2030,ELC,805.27996
BAU_UR,shungnak,electric,2040,winter,16,SOL,GSOL_01,2035,ELC,328.70189
BAU_UR,shungnak,electric,2040,winter,16,WND,GWND_01,2030,ELC,5798.0157
BAU_UR,shungnak,electric,2040,winter,16,WND,GWND_01,2035,ELC,5798.0157
BAU_UR,shungnak,electric,2040,winter,16,WND,GWND_01,2040,ELC,2899.0079
BAU_UR,shungnak,electric,2040,winter,17,ELC,ELECT,2035,ELECD,29633.221
BAU_UR,shungnak,electric,2040,winter,17,HYD,GHYD_01,2030,ELC,1011.7784
BAU_UR,shungnak,electric,2040,winter,17,SOL,GSOL_01,2025,ELC,156.3986
BAU_UR,shungnak,electric,2040,winter,17,SOL,GSOL_01,2030,ELC,209.87466
BAU_UR,shungnak,electric,2040,winter,17,SOL,GSOL_01,2035,ELC,85.667348
BAU_UR,shungnak,electric,2040,winter,17,WND,GWND_01,2030,ELC,5662.9659
BAU_UR,shungnak,electric,2040,winter,17,WND,GWND_01,2035,ELC,5662.9659
BAU_UR,shungnak,electric,2040,winter,17,WND,GWND_01,2040,ELC,2831.483
BAU_UR,shungnak,electric,2040,winter,18,ELC,ELECT,2030,ELECD,29825.644
BAU_UR,shungnak,electric,2040,winter,18,HYD,GHYD_01,2030,ELC,1011.7784
BAU_UR,shungnak,electric,2040,winter,18,SOL,GSOL_01,2025,ELC,3.3999696
BAU_UR,shungnak,electric,2040,winter,18,SOL,GSOL_01,2030,ELC,4.5624927
BAU_UR,shungnak,electric,2040,winter,18,SOL,GSOL_01,2035,ELC,1.8623336
BAU_UR,shungnak,electric,2040,winter,18,WND,GWND_01,2030,ELC,5602.741
BAU_UR,shungnak,electric,2040,winter,18,WND,GWND_01,2035,ELC,5602.741
BAU_UR,shungnak,electric,2040,winter,18,WND,GWND_01,2040,ELC,2801.3705
BAU_UR,shungnak,electric,2040,winter,19,ELC,ELECT,2030,ELECD,25977.174
BAU_UR,shungnak,electric,2040,winter,19,HYD,GHYD_01,2030,ELC,1011.7784
BAU_UR,shungnak,electric,2040,winter,19,WND,GWND_01,2030,ELC,5679.3909
BAU_UR,shungnak,electric,2040,winter,19,WND,GWND_01,2035,ELC,5679.3909
BAU_UR,shungnak,electric,2040,winter,19,WND,GWND_01,2040,ELC,2839.6955
BAU_UR,shungnak,electric,2040,winter,2,ELC,ELECT,2040,ELECD,21936.28
BAU_UR,shungnak,electric,2040,winter,2,HYD,GHYD_01,2030,ELC,1011.7784
BAU_UR,shungnak,electric,2040,winter,2,WND,GWND_01,2030,ELC,5422.0663
BAU_UR,shungnak,electric,2040,winter,2,WND,GWND_01,2035,ELC,5422.0663
BAU_UR,shungnak,electric,2040,winter,2,WND,GWND_01,2040,ELC,2711.0332
BAU_UR,shungnak,electric,2040,winter,20,ELC,ELECT,2040,ELECD,26169.597
BAU_UR,shungnak,electric,2040,winter,20,HYD,GHYD_01,2030,ELC,1011.7784
BAU_UR,shungnak,electric,2040,winter,20,WND,GWND_01,2030,ELC,5739.6158
BAU_UR,shungnak,electric,2040,winter,20,WND,GWND_01,2035,ELC,5739.6158
BAU_UR,shungnak,electric,2040,winter,20,WND,GWND_01,2040,ELC,2869.8079
BAU_UR,shungnak,electric,2040,winter,21,ELC,ELECT,2030,ELECD,24822.633
BAU_UR,shungnak,electric,2040,winter,21,HYD,GHYD_01,2030,ELC,1011.7784
BAU_UR,shungnak,electric,2040,winter,21,WND,GWND_01,2030,ELC,6015.1904
BAU_UR,shungnak,electric,2040,winter,21,WND,GWND_01,2035,ELC,6015.1904
BAU_UR,shungnak,electric,2040,winter,21,WND,GWND_01,2040,ELC,3007.5952
BAU_UR,shungnak,electric,2040,winter,22,ELC,ELECT,2035,ELECD,23860.515
BAU_UR,shungnak,electric,2040,winter,22,HYD,GHYD_01,2030,ELC,1011.7784
BAU_UR,shungnak,electric,2040,winter,22,WND,GWND_01,2030,ELC,6048.0403
BAU_UR,shungnak,electric,2040,winter,22,WND,GWND_01,2035,ELC,6048.0403
BAU_UR,shungnak,electric,2040,winter,22,WND,GWND_01,2040,ELC,3024.0202
BAU_UR,shungnak,electric,2040,winter,23,ELC,ELECT,2030,ELECD,21551.433
BAU_UR,shungnak,electric,2040,winter,23,HYD,GHYD_01,2030,ELC,1011.7784
BAU_UR,shungnak,electric,2040,winter,23,WND,GWND_01,2030,ELC,5719.5408
BAU_UR,shungnak,electric,2040,winter,23,WND,GWND_01,2035,ELC,5719.5408
BAU_UR,shungnak,electric,2040,winter,23,WND,GWND_01,2040,ELC,2859.7704
BAU_UR,shungnak,electric,2040,winter,3,ELC,ELECT,2030,ELECD,20781.739
BAU_UR,shungnak,electric,2040,winter,3,HYD,GHYD_01,2030,ELC,1011.7784
BAU_UR,shungnak,electric,2040,winter,3,WND,GWND_01,2030,ELC,5141.0168
BAU_UR,shungnak,electric,2040,winter,3,WND,GWND_01,2035,ELC,5141.0168
BAU_UR,shungnak,electric,2040,winter,3,WND,GWND_01,2040,ELC,2570.5084
BAU_UR,shungnak,electric,2040,winter,4,ELC,ELECT,2030,ELECD,20012.045
BAU_UR,shungnak,electric,2040,winter,4,HYD,GHYD_01,2030,ELC,1011.7784
BAU_UR,shungnak,electric,2040,winter,4,WND,GWND_01,2030,ELC,5040.6419
BAU_UR,shungnak,electric,2040,winter,4,WND,GWND_01,2035,ELC,5040.6419
BAU_UR,shungnak,electric,2040,winter,4,WND,GWND_01,2040,ELC,2520.321
BAU_UR,shungnak,electric,2040,winter,5,ELC,ELECT,2030,ELECD,20204.469
BAU_UR,shungnak,electric,2040,winter,5,HYD,GHYD_01,2030,ELC,1011.7784
BAU_UR,shungnak,electric,2040,winter,5,WND,GWND_01,2030,ELC,5153.7918
BAU_UR,shungnak,electric,2040,winter,5,WND,GWND_01,2035,ELC,5153.7918
BAU_UR,shungnak,electric,2040,winter,5,WND,GWND_01,2040,ELC,2576.8959
BAU_UR,shungnak,electric,2040,winter,6,ELC,ELECT,2030,ELECD,20589.316
BAU_UR,shungnak,electric,2040,winter,6,HYD,GHYD_01,2030,ELC,1011.7784
BAU_UR,shungnak,electric,2040,winter,6,WND,GWND_01,2030,ELC,5193.9417
BAU_UR,shungnak,electric,2040,winter,6,WND,GWND_01,2035,ELC,5193.9417
BAU_UR,shungnak,electric,2040,winter,6,WND,GWND_01,2040,ELC,2596.9708
BAU_UR,shungnak,electric,2040,winter,7,ELC,ELECT,2030,ELECD,20204.469
BAU_UR,shungnak,electric,2040,winter,7,HYD,GHYD_01,2030,ELC,1011.7784
BAU_UR,shungnak,electric,2040,winter,7,WND,GWND_01,2030,ELC,5254.1666
BAU_UR,shungnak,electric,2040,winter,7,WND,GWND_01,2035,ELC,5254.1666
BAU_UR,shungnak,electric,2040,winter,7,WND,GWND_01,2040,ELC,2627.0833
BAU_UR,shungnak,electric,2040,winter,8,ELC,ELECT,2035,ELECD,22128.704
BAU_UR,shungnak,electric,2040,winter,8,HYD,GHYD_01,2030,ELC,1011.7784
BAU_UR,shungnak,electric,2040,winter,8,WND,GWND_01,2030,ELC,5343.5915
BAU_UR,shungnak,electric,2040,winter,8,WND,GWND_01,2035,ELC,5343.5915
BAU_UR,shungnak,electric,2040,winter,8,WND,GWND_01,2040,ELC,2671.7957
BAU_UR,shungnak,electric,2040,winter,9,ELC,ELECT,2030,ELECD,26169.597
BAU_UR,shungnak,electric,2040,winter,9,HYD,GHYD_01,2030,ELC,1011.7784
BAU_UR,shungnak,electric,2040,winter,9,WND,GWND_01,2030,ELC,5706.7659
BAU_UR,shungnak,electric,2040,winter,9,WND,GWND_01,2035,ELC,5706.7659
BAU_UR,shungnak,electric,2040,winter,9,WND,GWND_01,2040,ELC,2853.3829
BAU_UR,shungnak,electric,2045,fall,0,ELC,EBATT_01,2035,ELC,2565.3041
BAU_UR,shungnak,electric,2045,fall,0,ELC,ELECT,2045,ELECD,16988.08
BAU_UR,shungnak,electric,2045,fall,0,HYD,GHYD_01,2030,ELC,6057.5303
BAU_UR,shungnak,electric,2045,fall,0,WND,GWND_01,2030,ELC,5398.3414
BAU_UR,shungnak,electric,2045,fall,0,WND,GWND_01,2035,ELC,5398.3414
BAU_UR,shungnak,electric,2045,fall,0,WND,GWND_01,2040,ELC,2699.1707
BAU_UR,shungnak,electric,2045,fall,1,ELC,EBATT_01,2040,ELC,2471.0755
BAU_UR,shungnak,electric,2045,fall,1,ELC,ELECT,2030,ELECD,17392.558
BAU_UR,shungnak,electric,2045,fall,1,HYD,GHYD_01,2030,ELC,6057.5303
BAU_UR,shungnak,electric,2045,fall,1,WND,GWND_01,2030,ELC,5522.4412
BAU_UR,shungnak,electric,2045,fall,1,WND,GWND_01,2035,ELC,5522.4412
BAU_UR,shungnak,electric,2045,fall,1,WND,GWND_01,2040,ELC,2761.2206
BAU_UR,shungnak,electric,2045,fall,10,ELC,ELECT,2030,ELECD,25077.641
BAU_UR,shungnak,electric,2045,fall,10,HYD,GHYD_01,2030,ELC,6057.5303
BAU_UR,shungnak,electric,2045,fall,10,SOL,GSOL_01,2025,ELC,1337.888
BAU_UR,shungnak,electric,2045,fall,10,SOL,GSOL_01,2030,ELC,1795.3409
BAU_UR,shungnak,electric,2045,fall,10,SOL,GSOL_01,2035,ELC,732.82829
BAU_UR,shungnak,electric,2045,fall,10,SOL,GSOL_01,2045,ELC,424.12507
BAU_UR,shungnak,electric,2045,fall,10,WND,GWND_01,2030,ELC,5239.5666
BAU_UR,shungnak,electric,2045,fall,10,WND,GWND_01,2035,ELC,5239.5666
BAU_UR,shungnak,electric,2045,fall,10,WND,GWND_01,2040,ELC,2619.7833
BAU_UR,shungnak,electric,2045,fall,11,ELC,ELECT,2045,ELECD,26897.793
BAU_UR,shungnak,electric,2045,fall,11,HYD,GHYD_01,2030,ELC,6057.5303
BAU_UR,shungnak,electric,2045,fall,11,SOL,GSOL_01,2025,ELC,2424.1783
BAU_UR,shungnak,electric,2045,fall,11,SOL,GSOL_01,2030,ELC,3253.0573
BAU_UR,shungnak,electric,2045,fall,11,SOL,GSOL_01,2035,ELC,1327.8439
BAU_UR,shungnak,electric,2045,fall,11,SOL,GSOL_01,2045,ELC,768.49091
BAU_UR,shungnak,electric,2045,fall,11,WND,GWND_01,2030,ELC,5190.2917
BAU_UR,shungnak,electric,2045,fall,11,WND,GWND_01,2035,ELC,5190.2917
BAU_UR,shungnak,electric,2045,fall,11,WND,GWND_01,2040,ELC,2595.1458
BAU_UR,shungnak,electric,2045,fall,12,ELC,EBATT_01,2035,ELC,3820.6031
BAU_UR,shungnak,electric,2045,fall,12,ELC,ELECT,2035,ELECD,24875.402
BAU_UR,shungnak,electric,2045,fall,12,HYD,GHYD_01,2030,ELC,6057.5303
BAU_UR,shungnak,electric,2045,fall,12,SOL,GSOL_01,2025,ELC,2991.9732
BAU_UR,shungnak,electric,2045,fall,12,SOL,GSOL_01,2030,ELC,4014.9936
BAU_UR,shungnak,electric,2045,fall,12,SOL,GSOL_01,2035,ELC,1638.8536
BAU_UR,shungnak,electric,2045,fall,12,SOL,GSOL_01,2045,ELC,948.48808
BAU_UR,shungnak,electric,2045,fall,12,WND,GWND_01,2030,ELC,5217.6667
BAU_UR,shungnak,electric,2045,fall,12,WND,GWND_01,2035,ELC,5217.6667
BAU_UR,shungnak,electric,2045,fall,12,WND,GWND_01,2040,ELC,2608.8333
BAU_UR,shungnak,electric,2045,fall,13,ELC,EBATT_01,2040,ELC,4914.7244
BAU_UR,shungnak,electric,2045,fall,13,ELC,ELECT,2030,ELECD,24673.163
BAU_UR,shungnak,electric,2045,fall,13,HYD,GHYD_01,2030,ELC,6057.5303
BAU_UR,shungnak,electric,2045,fall,13,SOL,GSOL_01,2025,ELC,3292.8705
BAU_UR,shungnak,electric,2045,fall,13,SOL,GSOL_01,2030,ELC,4418.7742
BAU_UR,shungnak,electric,2045,fall,13,SOL,GSOL_01,2035,ELC,1803.6701
BAU_UR,shungnak,electric,2045,fall,13,SOL,GSOL_01,2045,ELC,1043.8758
BAU_UR,shungnak,electric,2045,fall,13,WND,GWND_01,2030,ELC,5188.4667
BAU_UR,shungnak,electric,2045,fall,13,WND,GWND_01,2035,ELC,5188.4667
BAU_UR,shungnak,electric,2045,fall,13,WND,GWND_01,2040,ELC,2594.2333
BAU_UR,shungnak,electric,2045,fall,14,ELC,EBATT_01,2040,ELC,3694.9638
BAU_UR,shungnak,electric,2045,fall,14,ELC,ELECT,2045,ELECD,25482.119
BAU_UR,shungnak,electric,2045,fall,14,HYD,GHYD_01,2030,ELC,6057.5303
BAU_UR,shungnak,electric,2045,fall,14,SOL,GSOL_01,2025,ELC,3109.2722
BAU_UR,shungnak,electric,2045,fall,14,SOL,GSOL_01,2030,ELC,4172.3996
BAU_UR,shungnak,electric,2045,fall,14,SOL,GSOL_01,2035,ELC,1703.1041
BAU_UR,shungnak,electric,2045,fall,14,SOL,GSOL_01,2045,ELC,985.67312
BAU_UR,shungnak,electric,2045,fall,14,WND,GWND_01,2030,ELC,5259.6416
BAU_UR,shungnak,electric,2045,fall,14,WND,GWND_01,2035,ELC,5259.6416
BAU_UR,shungnak,electric,2045,fall,14,WND,GWND_01,2040,ELC,2629.8208
BAU_UR,shungnak,electric,2045,fall,15,ELC,EBATT_01,2035,ELC,5782.3103
BAU_UR,shungnak,electric,2045,fall,15,ELC,ELECT,2040,ELECD,21437.339
BAU_UR,shungnak,electric,2045,fall,15,HYD,GHYD_01,2030,ELC,6057.5303
BAU_UR,shungnak,electric,2045,fall,15,SOL,GSOL_01,2025,ELC,2594.1768
BAU_UR,shungnak,electric,2045,fall,15,SOL,GSOL_01,2030,ELC,3481.1819
BAU_UR,shungnak,electric,2045,fall,15,SOL,GSOL_01,2035,ELC,1420.9606
BAU_UR,shungnak,electric,2045,fall,15,SOL,GSOL_01,2045,ELC,822.38227
BAU_UR,shungnak,electric,2045,fall,15,WND,GWND_01,2030,ELC,5137.3668
BAU_UR,shungnak,electric,2045,fall,15,WND,GWND_01,2035,ELC,5137.3668
BAU_UR,shungnak,electric,2045,fall,15,WND,GWND_01,2040,ELC,2568.6834
BAU_UR,shungnak,electric,2045,fall,16,ELC,EBATT_01,2040,ELC,482.08747
BAU_UR,shungnak,electric,2045,fall,16,ELC,ELECT,2040,ELECD,24875.402
BAU_UR,shungnak,electric,2045,fall,16,HYD,GHYD_01,2030,ELC,6057.5303
BAU_UR,shungnak,electric,2045,fall,16,SOL,GSOL_01,2025,ELC,1790.084
BAU_UR,shungnak,electric,2045,fall,16,SOL,GSOL_01,2030,ELC,2402.1524
BAU_UR,shungnak,electric,2045,fall,16,SOL,GSOL_01,2035,ELC,980.51866
BAU_UR,shungnak,electric,2045,fall,16,SOL,GSOL_01,2045,ELC,567.4761
BAU_UR,shungnak,electric,2045,fall,16,WND,GWND_01,2030,ELC,5423.8913
BAU_UR,shungnak,electric,2045,fall,16,WND,GWND_01,2035,ELC,5423.8913
BAU_UR,shungnak,electric,2045,fall,16,WND,GWND_01,2040,ELC,2711.9457
BAU_UR,shungnak,electric,2045,fall,17,ELC,ELECT,2035,ELECD,24673.163
BAU_UR,shungnak,electric,2045,fall,17,HYD,GHYD_01,2030,ELC,6057.5303
BAU_UR,shungnak,electric,2045,fall,17,SOL,GSOL_01,2025,ELC,904.3919
BAU_UR,shungnak,electric,2045,fall,17,SOL,GSOL_01,2030,ELC,1213.6231
BAU_UR,shungnak,electric,2045,fall,17,SOL,GSOL_01,2035,ELC,495.38075
BAU_UR,shungnak,electric,2045,fall,17,SOL,GSOL_01,2045,ELC,286.70208
BAU_UR,shungnak,electric,2045,fall,17,WND,GWND_01,2030,ELC,5471.3412
BAU_UR,shungnak,electric,2045,fall,17,WND,GWND_01,2035,ELC,5471.3412
BAU_UR,shungnak,electric,2045,fall,17,WND,GWND_01,2040,ELC,2735.6706
BAU_UR,shungnak,electric,2045,fall,18,ELC,ELECT,2030,ELECD,23257.49
BAU_UR,shungnak,electric,2045,fall,18,HYD,GHYD_01,2030,ELC,6057.5303
BAU_UR,shungnak,electric,2045,fall,18,SOL,GSOL_01,2025,ELC,317.89715
BAU_UR,shungnak,electric,2045,fall,18,SOL,GSOL_01,2030,ELC,426.59307
BAU_UR,shungnak,electric,2045,fall,18,SOL,GSOL_01,2035,ELC,174.1282
BAU_UR,shungnak,electric,2045,fall,18,SOL,GSOL_01,2045,ELC,100.77686
BAU_UR,shungnak,electric,2045,fall,18,WND,GWND_01,2030,ELC,5206.7167
BAU_UR,shungnak,electric,2045,fall,18,WND,GWND_01,2035,ELC,5206.7167
BAU_UR,shungnak,electric,2045,fall,18,WND,GWND_01,2040,ELC,2603.3583
BAU_UR,shungnak,electric,2045,fall,19,ELC,EBATT_01,2040,ELC,973.00619
BAU_UR,shungnak,electric,2045,fall,19,ELC,ELECT,2045,ELECD,18201.514
BAU_UR,shungnak,electric,2045,fall,19,HYD,GHYD_01,2030,ELC,6057.5303
BAU_UR,shungnak,electric,2045,fall,19,SOL,GSOL_01,2025,ELC,78.1993
BAU_UR,shungnak,electric,2045,fall,19,SOL,GSOL_01,2030,ELC,104.93733
BAU_UR,shungnak,electric,2045,fall,19,SOL,GSOL_01,2035,ELC,42.833674
BAU_UR,shungnak,electric,2045,fall,19,SOL,GSOL_01,2045,ELC,24.790029
BAU_UR,shungnak,electric,2045,fall,19,WND,GWND_01,2030,ELC,5146.4918
BAU_UR,shungnak,electric,2045,fall,19,WND,GWND_01,2035,ELC,5146.4918
BAU_UR,shungnak,electric,2045,fall,19,WND,GWND_01,2040,ELC,2573.2459
BAU_UR,shungnak,electric,2045,fall,2,ELC,EBATT_01,2035,ELC,3173.605
BAU_UR,shungnak,electric,2045,fall,2,ELC,ELECT,2045,ELECD,16785.841
BAU_UR,shungnak,electric,2045,fall,2,HYD,GHYD_01,2030,ELC,6057.5303
BAU_UR,shungnak,electric,2045,fall,2,WND,GWND_01,2030,ELC,5560.7661
BAU_UR,shungnak,electric,2045,fall,2,WND,GWND_01,2035,ELC,5560.7661
BAU_UR,shungnak,electric,2045,fall,2,WND,GWND_01,2040,ELC,2780.3831
BAU_UR,shungnak,electric,2045,fall,20,ELC,ELECT,2035,ELECD,23257.49
BAU_UR,shungnak,electric,2045,fall,20,HYD,GHYD_01,2030,ELC,6057.5303
BAU_UR,shungnak,electric,2045,fall,20,SOL,GSOL_01,2025,ELC,5.0999543
BAU_UR,shungnak,electric,2045,fall,20,SOL,GSOL_01,2030,ELC,6.843739
BAU_UR,shungnak,electric,2045,fall,20,SOL,GSOL_01,2035,ELC,2.7935005
BAU_UR,shungnak,electric,2045,fall,20,SOL,GSOL_01,2045,ELC,1.616741
BAU_UR,shungnak,electric,2045,fall,20,WND,GWND_01,2030,ELC,5210.3667
BAU_UR,shungnak,electric,2045,fall,20,WND,GWND_01,2035,ELC,5210.3667
BAU_UR,shungnak,electric,2045,fall,20,WND,GWND_01,2040,ELC,2605.1833
BAU_UR,shungnak,electric,2045,fall,21,ELC,ELECT,2040,ELECD,22246.295
BAU_UR,shungnak,electric,2045,fall,21,HYD,GHYD_01,2030,ELC,6057.5303
BAU_UR,shungnak,electric,2045,fall,21,WND,GWND_01,2030,ELC,4982.242
BAU_UR,shungnak,electric,2045,fall,21,WND,GWND_01,2035,ELC,4982.242
BAU_UR,shungnak,electric,2045,fall,21,WND,GWND_01,2040,ELC,2491.121
BAU_UR,shungnak,electric,2045,fall,22,ELC,ELECT,2030,ELECD,20628.382
BAU_UR,shungnak,electric,2045,fall,22,HYD,GHYD_01,2030,ELC,6057.5303
BAU_UR,shungnak,electric,2045,fall,22,WND,GWND_01,2030,ELC,5305.2665
BAU_UR,shungnak,electric,2045,fall,22,WND,GWND_01,2035,ELC,5305.2665
BAU_UR,shungnak,electric,2045,fall,22,WND,GWND_01,2040,ELC,2652.6333
BAU_UR,shungnak,electric,2045,fall,23,ELC,ELECT,2040,ELECD,19212.709
BAU_UR,shungnak,electric,2045,fall,23,HYD,GHYD_01,2030,ELC,6057.5303
BAU_UR,shungnak,electric,2045,fall,23,WND,GWND_01,2030,ELC,5203.0667
BAU_UR,shungnak,electric,2045,fall,23,WND,GWND_01,2035,ELC,5203.0667
BAU_UR,shungnak,electric,2045,fall,23,WND,GWND_01,2040,ELC,2601.5333
BAU_UR,shungnak,electric,2045,fall,3,ELC,EBATT_01,2040,ELC,3188.7818
BAU_UR,shungnak,electric,2045,fall,3,ELC,ELECT,2030,ELECD,16583.602
BAU_UR,shungnak,electric,2045,fall,3,HYD,GHYD_01,2030,ELC,6057.5303
BAU_UR,shungnak,electric,2045,fall,3,WND,GWND_01,2030,ELC,5485.9412
BAU_UR,shungnak,electric,2045,fall,3,WND,GWND_01,2035,ELC,5485.9412
BAU_UR,shungnak,electric,2045,fall,3,WND,GWND_01,2040,ELC,2742.9706
BAU_UR,shungnak,electric,2045,fall,4,ELC,EBATT_01,2040,ELC,3205.448
BAU_UR,shungnak,electric,2045,fall,4,ELC,ELECT,2035,ELECD,16179.123
BAU_UR,shungnak,electric,2045,fall,4,HYD,GHYD_01,2030,ELC,6057.5303
BAU_UR,shungnak,electric,2045,fall,4,WND,GWND_01,2030,ELC,5330.8165
BAU_UR,shungnak,electric,2045,fall,4,WND,GWND_01,2035,ELC,5330.8165
BAU_UR,shungnak,electric,2045,fall,4,WND,GWND_01,2040,ELC,2665.4082
BAU_UR,shungnak,electric,2045,fall,5,ELC,EBATT_01,2035,ELC,3266.3442
BAU_UR,shungnak,electric,2045,fall,5,ELC,ELECT,2035,ELECD,16583.602
BAU_UR,shungnak,electric,2045,fall,5,HYD,GHYD_01,2030,ELC,6057.5303
BAU_UR,shungnak,electric,2045,fall,5,WND,GWND_01,2030,ELC,5516.9662
BAU_UR,shungnak,electric,2045,fall,5,WND,GWND_01,2035,ELC,5516.9662
BAU_UR,shungnak,electric,2045,fall,5,WND,GWND_01,2040,ELC,2758.4831
BAU_UR,shungnak,electric,2045,fall,6,ELC,EBATT_01,2035,ELC,1806.5354
BAU_UR,shungnak,electric,2045,fall,6,ELC,ELECT,2040,ELECD,17797.036
BAU_UR,shungnak,electric,2045,fall,6,HYD,GHYD_01,2030,ELC,6057.5303
BAU_UR,shungnak,electric,2045,fall,6,WND,GWND_01,2030,ELC,5418.4163
BAU_UR,shungnak,electric,2045,fall,6,WND,GWND_01,2035,ELC,5418.4163
BAU_UR,shungnak,electric,2045,fall,6,WND,GWND_01,2040,ELC,2709.2082
BAU_UR,shungnak,electric,2045,fall,7,ELC,EBATT_01,2035,ELC,245.68418
BAU_UR,shungnak,electric,2045,fall,7,ELC,ELECT,2035,ELECD,19414.948
BAU_UR,shungnak,electric,2045,fall,7,HYD,GHYD_01,2030,ELC,6057.5303
BAU_UR,shungnak,electric,2045,fall,7,SOL,GSOL_01,2025,ELC,30.599726
BAU_UR,shungnak,electric,2045,fall,7,SOL,GSOL_01,2030,ELC,41.062434
BAU_UR,shungnak,electric,2045,fall,7,SOL,GSOL_01,2035,ELC,16.761003
BAU_UR,shungnak,electric,2045,fall,7,SOL,GSOL_01,2045,ELC,9.7004462
BAU_UR,shungnak,electric,2045,fall,7,WND,GWND_01,2030,ELC,5401.9914
BAU_UR,shungnak,electric,2045,fall,7,WND,GWND_01,2035,ELC,5401.9914
BAU_UR,shungnak,electric,2045,fall,7,WND,GWND_01,2040,ELC,2700.9957
BAU_UR,shungnak,electric,2045,fall,8,ELC,ELECT,2045,ELECD,24875.402
BAU_UR,shungnak,electric,2045,fall,8,HYD,GHYD_01,2030,ELC,6057.5303
BAU_UR,shungnak,electric,2045,fall,8,SOL,GSOL_01,2025,ELC,295.79735
BAU_UR,shungnak,electric,2045,fall,8,SOL,GSOL_01,2030,ELC,396.93686
BAU_UR,shungnak,electric,2045,fall,8,SOL,GSOL_01,2035,ELC,162.02303
BAU_UR,shungnak,electric,2045,fall,8,SOL,GSOL_01,2045,ELC,93.77098
BAU_UR,shungnak,electric,2045,fall,8,WND,GWND_01,2030,ELC,5518.7912
BAU_UR,shungnak,electric,2045,fall,8,WND,GWND_01,2035,ELC,5518.7912
BAU_UR,shungnak,electric,2045,fall,8,WND,GWND_01,2040,ELC,2759.3956
BAU_UR,shungnak,electric,2045,fall,9,ELC,ELECT,2035,ELECD,24875.402
BAU_UR,shungnak,electric,2045,fall,9,HYD,GHYD_01,2030,ELC,6057.5303
BAU_UR,shungnak,electric,2045,fall,9,SOL,GSOL_01,2025,ELC,630.69435
BAU_UR,shungnak,electric,2045,fall,9,SOL,GSOL_01,2030,ELC,846.3424
BAU_UR,shungnak,electric,2045,fall,9,SOL,GSOL_01,2035,ELC,345.46289
BAU_UR,shungnak,electric,2045,fall,9,SOL,GSOL_01,2045,ELC,199.93698
BAU_UR,shungnak,electric,2045,fall,9,WND,GWND_01,2030,ELC,5310.7415
BAU_UR,shungnak,electric,2045,fall,9,WND,GWND_01,2035,ELC,5310.7415
BAU_UR,shungnak,electric,2045,fall,9,WND,GWND_01,2040,ELC,2655.3708
BAU_UR,shungnak,electric,2045,spring,0,ELC,ELECT,2045,ELECD,18403.753
BAU_UR,shungnak,electric,2045,spring,0,HYD,GHYD_01,2030,ELC,4270.4932
BAU_UR,shungnak,electric,2045,spring,0,WND,GWND_01,2030,ELC,5044.2919
BAU_UR,shungnak,electric,2045,spring,0,WND,GWND_01,2035,ELC,5044.2919
BAU_UR,shungnak,electric,2045,spring,0,WND,GWND_01,2040,ELC,2522.146
BAU_UR,shungnak,electric,2045,spring,1,ELC,ELECT,2040,ELECD,18403.753
BAU_UR,shungnak,electric,2045,spring,1,HYD,GHYD_01,2030,ELC,4270.4932
BAU_UR,shungnak,electric,2045,spring,1,WND,GWND_01,2030,ELC,5026.042
BAU_UR,shungnak,electric,2045,spring,1,WND,GWND_01,2035,ELC,5026.042
BAU_UR,shungnak,electric,2045,spring,1,WND,GWND_01,2040,ELC,2513.021
BAU_UR,shungnak,electric,2045,spring,10,ELC,EBATT_01,2040,ELC,9235.2117
BAU_UR,shungnak,electric,2045,spring,10,ELC,ELECT,2035,ELECD,26897.793
BAU_UR,shungnak,electric,2045,spring,10,HYD,GHYD_01,2030,ELC,4270.4932
BAU_UR,shungnak,electric,2045,spring,10,SOL,GSOL_01,2025,ELC,6034.946
BAU_UR,shungnak,electric,2045,spring,10,SOL,GSOL_01,2030,ELC,8098.4245
BAU_UR,shungnak,electric,2045,spring,10,SOL,GSOL_01,2035,ELC,3305.6422
BAU_UR,shungnak,electric,2045,spring,10,SOL,GSOL_01,2045,ELC,1913.1436
BAU_UR,shungnak,electric,2045,spring,10,WND,GWND_01,2030,ELC,5004.142
BAU_UR,shungnak,electric,2045,spring,10,WND,GWND_01,2035,ELC,5004.142
BAU_UR,shungnak,electric,2045,spring,10,WND,GWND_01,2040,ELC,2502.071
BAU_UR,shungnak,electric,2045,spring,11,ELC,EBATT_01,2045,ELC,12664.957
BAU_UR,shungnak,electric,2045,spring,11,ELC,ELECT,2040,ELECD,27504.51
BAU_UR,shungnak,electric,2045,spring,11,HYD,GHYD_01,2030,ELC,4270.4932
BAU_UR,shungnak,electric,2045,spring,11,SOL,GSOL_01,2025,ELC,7507.1328
BAU_UR,shungnak,electric,2045,spring,11,SOL,GSOL_01,2030,ELC,10073.984
BAU_UR,shungnak,electric,2045,spring,11,SOL,GSOL_01,2035,ELC,4112.0327
BAU_UR,shungnak,electric,2045,spring,11,SOL,GSOL_01,2045,ELC,2379.8428
BAU_UR,shungnak,electric,2045,spring,11,WND,GWND_01,2030,ELC,4730.3924
BAU_UR,shungnak,electric,2045,spring,11,WND,GWND_01,2035,ELC,4730.3924
BAU_UR,shungnak,electric,2045,spring,11,WND,GWND_01,2040,ELC,2365.1962
BAU_UR,shungnak,electric,2045,spring,12,ELC,EBATT_01,2040,ELC,15607.592
BAU_UR,shungnak,electric,2045,spring,12,ELC,ELECT,2030,ELECD,26088.837
BAU_UR,shungnak,electric,2045,spring,12,HYD,GHYD_01,2030,ELC,4270.4932
BAU_UR,shungnak,electric,2045,spring,12,SOL,GSOL_01,2025,ELC,8202.4266
BAU_UR,shungnak,electric,2045,spring,12,SOL,GSOL_01,2030,ELC,11007.014
BAU_UR,shungnak,electric,2045,spring,12,SOL,GSOL_01,2035,ELC,4492.8799
BAU_UR,shungnak,electric,2045,spring,12,SOL,GSOL_01,2045,ELC,2600.2585
BAU_UR,shungnak,electric,2045,spring,12,WND,GWND_01,2030,ELC,4449.3429
BAU_UR,shungnak,electric,2045,spring,12,WND,GWND_01,2035,ELC,4449.3429
BAU_UR,shungnak,electric,2045,spring,12,WND,GWND_01,2040,ELC,2224.6714
BAU_UR,shungnak,electric,2045,spring,13,ELC,EBATT_01,2040,ELC,16591.951
BAU_UR,shungnak,electric,2045,spring,13,ELC,ELECT,2045,ELECD,25077.641
BAU_UR,shungnak,electric,2045,spring,13,HYD,GHYD_01,2030,ELC,4270.4932
BAU_UR,shungnak,electric,2045,spring,13,SOL,GSOL_01,2025,ELC,8622.3228
BAU_UR,shungnak,electric,2045,spring,13,SOL,GSOL_01,2030,ELC,11570.481
BAU_UR,shungnak,electric,2045,spring,13,SOL,GSOL_01,2035,ELC,4722.8781
BAU_UR,shungnak,electric,2045,spring,13,SOL,GSOL_01,2045,ELC,2733.3702
BAU_UR,shungnak,electric,2045,spring,13,WND,GWND_01,2030,ELC,3900.0188
BAU_UR,shungnak,electric,2045,spring,13,WND,GWND_01,2035,ELC,3900.0188
BAU_UR,shungnak,electric,2045,spring,13,WND,GWND_01,2040,ELC,1950.0094
BAU_UR,shungnak,electric,2045,spring,14,ELC,EBATT_01,2045,ELC,15357.573
BAU_UR,shungnak,electric,2045,spring,14,ELC,ELECT,2040,ELECD,25482.119
BAU_UR,shungnak,electric,2045,spring,14,HYD,GHYD_01,2030,ELC,4270.4932
BAU_UR,shungnak,electric,2045,spring,14,SOL,GSOL_01,2025,ELC,8588.3231
BAU_UR,shungnak,electric,2045,spring,14,SOL,GSOL_01,2030,ELC,11524.857
BAU_UR,shungnak,electric,2045,spring,14,SOL,GSOL_01,2035,ELC,4704.2548
BAU_UR,shungnak,electric,2045,spring,14,SOL,GSOL_01,2045,ELC,2722.5919
BAU_UR,shungnak,electric,2045,spring,14,WND,GWND_01,2030,ELC,3611.6692
BAU_UR,shungnak,electric,2045,spring,14,WND,GWND_01,2035,ELC,3611.6692
BAU_UR,shungnak,electric,2045,spring,14,WND,GWND_01,2040,ELC,1805.8346
BAU_UR,shungnak,electric,2045,spring,15,ELC,EBATT_01,2035,ELC,14157.876
BAU_UR,shungnak,electric,2045,spring,15,ELC,ELECT,2045,ELECD,25279.88
BAU_UR,shungnak,electric,2045,spring,15,HYD,GHYD_01,2030,ELC,4270.4932
BAU_UR,shungnak,electric,2045,spring,15,SOL,GSOL_01,2025,ELC,8088.5276
BAU_UR,shungnak,electric,2045,spring,15,SOL,GSOL_01,2030,ELC,10854.17
BAU_UR,shungnak,electric,2045,spring,15,SOL,GSOL_01,2035,ELC,4430.4917
BAU_UR,shungnak,electric,2045,spring,15,SOL,GSOL_01,2045,ELC,2564.1513
BAU_UR,shungnak,electric,2045,spring,15,WND,GWND_01,2030,ELC,3691.9691
BAU_UR,shungnak,electric,2045,spring,15,WND,GWND_01,2035,ELC,3691.9691
BAU_UR,shungnak,electric,2045,spring,15,WND,GWND_01,2040,ELC,1845.9845
BAU_UR,shungnak,electric,2045,spring,16,ELC,EBATT_01,2035,ELC,10275.607
BAU_UR,shungnak,electric,2045,spring,16,ELC,ELECT,2035,ELECD,26493.315
BAU_UR,shungnak,electric,2045,spring,16,HYD,GHYD_01,2030,ELC,4270.4932
BAU_UR,shungnak,electric,2045,spring,16,SOL,GSOL_01,2025,ELC,7024.3371
BAU_UR,shungnak,electric,2045,spring,16,SOL,GSOL_01,2030,ELC,9426.1099
BAU_UR,shungnak,electric,2045,spring,16,SOL,GSOL_01,2035,ELC,3847.5813
BAU_UR,shungnak,electric,2045,spring,16,SOL,GSOL_01,2045,ELC,2226.7913
BAU_UR,shungnak,electric,2045,spring,16,WND,GWND_01,2030,ELC,3989.4436
BAU_UR,shungnak,electric,2045,spring,16,WND,GWND_01,2035,ELC,3989.4436
BAU_UR,shungnak,electric,2045,spring,16,WND,GWND_01,2040,ELC,1994.7218
BAU_UR,shungnak,electric,2045,spring,17,ELC,EBATT_01,2045,ELC,4672.2509
BAU_UR,shungnak,electric,2045,spring,17,ELC,ELECT,2035,ELECD,26493.315
BAU_UR,shungnak,electric,2045,spring,17,HYD,GHYD_01,2030,ELC,4270.4932
BAU_UR,shungnak,electric,2045,spring,17,SOL,GSOL_01,2025,ELC,5234.2531
BAU_UR,shungnak,electric,2045,spring,17,SOL,GSOL_01,2030,ELC,7023.9575
BAU_UR,shungnak,electric,2045,spring,17,SOL,GSOL_01,2035,ELC,2867.0626
BAU_UR,shungnak,electric,2045,spring,17,SOL,GSOL_01,2045,ELC,1659.3152
BAU_UR,shungnak,electric,2045,spring,17,WND,GWND_01,2030,ELC,4044.1935
BAU_UR,shungnak,electric,2045,spring,17,WND,GWND_01,2035,ELC,4044.1935
BAU_UR,shungnak,electric,2045,spring,17,WND,GWND_01,2040,ELC,2022.0968
BAU_UR,shungnak,electric,2045,spring,18,ELC,ELECT,2030,ELECD,25077.641
BAU_UR,shungnak,electric,2045,spring,18,HYD,GHYD_01,2030,ELC,4270.4932
BAU_UR,shungnak,electric,2045,spring,18,SOL,GSOL_01,2025,ELC,3172.1716
BAU_UR,shungnak,electric,2045,spring,18,SOL,GSOL_01,2030,ELC,4256.8057
BAU_UR,shungnak,electric,2045,spring,18,SOL,GSOL_01,2035,ELC,1737.5573
BAU_UR,shungnak,electric,2045,spring,18,SOL,GSOL_01,2045,ELC,1005.6129
BAU_UR,shungnak,electric,2045,spring,18,WND,GWND_01,2030,ELC,4168.2933
BAU_UR,shungnak,electric,2045,spring,18,WND,GWND_01,2035,ELC,4168.2933
BAU_UR,shungnak,electric,2045,spring,18,WND,GWND_01,2040,ELC,2084.1467
BAU_UR,shungnak,electric,2045,spring,19,ELC,ELECT,2040,ELECD,24268.685
BAU_UR,shungnak,electric,2045,spring,19,HYD,GHYD_01,2030,ELC,4270.4932
BAU_UR,shungnak,electric,2045,spring,19,SOL,GSOL_01,2025,ELC,1380.3876
BAU_UR,shungnak,electric,2045,spring,19,SOL,GSOL_01,2030,ELC,1852.372
BAU_UR,shungnak,electric,2045,spring,19,SOL,GSOL_01,2035,ELC,756.10746
BAU_UR,shungnak,electric,2045,spring,19,SOL,GSOL_01,2045,ELC,437.59791
BAU_UR,shungnak,electric,2045,spring,19,WND,GWND_01,2030,ELC,4292.3931
BAU_UR,shungnak,electric,2045,spring,19,WND,GWND_01,2035,ELC,4292.3931
BAU_UR,shungnak,electric,2045,spring,19,WND,GWND_01,2040,ELC,2146.1966
BAU_UR,shungnak,electric,2045,spring,2,ELC,ELECT,2045,ELECD,17594.797
BAU_UR,shungnak,electric,2045,spring,2,HYD,GHYD_01,2030,ELC,4270.4932
BAU_UR,shungnak,electric,2045,spring,2,WND,GWND_01,2030,ELC,4909.2421
BAU_UR,shungnak,electric,2045,spring,2,WND,GWND_01,2035,ELC,4909.2421
BAU_UR,shungnak,electric,2045,spring,2,WND,GWND_01,2040,ELC,2454.6211
BAU_UR,shungnak,electric,2045,spring,20,ELC,ELECT,2045,ELECD,25077.641
BAU_UR,shungnak,electric,2045,spring,20,HYD,GHYD_01,2030,ELC,4270.4932
BAU_UR,shungnak,electric,2045,spring,20,SOL,GSOL_01,2025,ELC,503.19549
BAU_UR,shungnak,electric,2045,spring,20,SOL,GSOL_01,2030,ELC,675.24892
BAU_UR,shungnak,electric,2045,spring,20,SOL,GSOL_01,2035,ELC,275.62538
BAU_UR,shungnak,electric,2045,spring,20,SOL,GSOL_01,2045,ELC,159.51845
BAU_UR,shungnak,electric,2045,spring,20,WND,GWND_01,2030,ELC,4547.8927
BAU_UR,shungnak,electric,2045,spring,20,WND,GWND_01,2035,ELC,4547.8927
BAU_UR,shungnak,electric,2045,spring,20,WND,GWND_01,2040,ELC,2273.9464
BAU_UR,shungnak,electric,2045,spring,21,ELC,ELECT,2030,ELECD,23661.968
BAU_UR,shungnak,electric,2045,spring,21,HYD,GHYD_01,2030,ELC,4270.4932
BAU_UR,shungnak,electric,2045,spring,21,SOL,GSOL_01,2025,ELC,219.29804
BAU_UR,shungnak,electric,2045,spring,21,SOL,GSOL_01,2030,ELC,294.28078
BAU_UR,shungnak,electric,2045,spring,21,SOL,GSOL_01,2035,ELC,120.12052
BAU_UR,shungnak,electric,2045,spring,21,SOL,GSOL_01,2045,ELC,69.519865
BAU_UR,shungnak,electric,2045,spring,21,WND,GWND_01,2030,ELC,4434.7429
BAU_UR,shungnak,electric,2045,spring,21,WND,GWND_01,2035,ELC,4434.7429
BAU_UR,shungnak,electric,2045,spring,21,WND,GWND_01,2040,ELC,2217.3715
BAU_UR,shungnak,electric,2045,spring,22,ELC,ELECT,2040,ELECD,23055.251
BAU_UR,shungnak,electric,2045,spring,22,HYD,GHYD_01,2030,ELC,4270.4932
BAU_UR,shungnak,electric,2045,spring,22,SOL,GSOL_01,2025,ELC,84.999239
BAU_UR,shungnak,electric,2045,spring,22,SOL,GSOL_01,2030,ELC,114.06232
BAU_UR,shungnak,electric,2045,spring,22,SOL,GSOL_01,2035,ELC,46.558341
BAU_UR,shungnak,electric,2045,spring,22,SOL,GSOL_01,2045,ELC,26.945684
BAU_UR,shungnak,electric,2045,spring,22,WND,GWND_01,2030,ELC,4949.3921
BAU_UR,shungnak,electric,2045,spring,22,WND,GWND_01,2035,ELC,4949.3921
BAU_UR,shungnak,electric,2045,spring,22,WND,GWND_01,2040,ELC,2474.696
BAU_UR,shungnak,electric,2045,spring,23,ELC,ELECT,2045,ELECD,21437.339
BAU_UR,shungnak,electric,2045,spring,23,HYD,GHYD_01,2030,ELC,4270.4932
BAU_UR,shungnak,electric,2045,spring,23,SOL,GSOL_01,2025,ELC,13.599878
BAU_UR,shungnak,electric,2045,spring,23,SOL,GSOL_01,2030,ELC,18.249971
BAU_UR,shungnak,electric,2045,spring,23,SOL,GSOL_01,2035,ELC,7.4493346
BAU_UR,shungnak,electric,2045,spring,23,SOL,GSOL_01,2045,ELC,4.3113094
BAU_UR,shungnak,electric,2045,spring,23,WND,GWND_01,2030,ELC,5049.7669
BAU_UR,shungnak,electric,2045,spring,23,WND,GWND_01,2035,ELC,5049.7669
BAU_UR,shungnak,electric,2045,spring,23,WND,GWND_01,2040,ELC,2524.8835
BAU_UR,shungnak,electric,2045,spring,3,ELC,ELECT,2045,ELECD,17594.797
BAU_UR,shungnak,electric,2045,spring,3,HYD,GHYD_01,2030,ELC,4270.4932
BAU_UR,shungnak,electric,2045,spring,3,WND,GWND_01,2030,ELC,5153.7918
BAU_UR,shungnak,electric,2045,spring,3,WND,GWND_01,2035,ELC,5153.7918
BAU_UR,shungnak,electric,2045,spring,3,WND,GWND_01,2040,ELC,2576.8959
BAU_UR,shungnak,electric,2045,spring,4,ELC,EBATT_01,2045,ELC,57.538993
BAU_UR,shungnak,electric,2045,spring,4,ELC,ELECT,2035,ELECD,17797.036
BAU_UR,shungnak,electric,2045,spring,4,HYD,GHYD_01,2030,ELC,4270.4932
BAU_UR,shungnak,electric,2045,spring,4,SOL,GSOL_01,2025,ELC,20.399817
BAU_UR,shungnak,electric,2045,spring,4,SOL,GSOL_01,2030,ELC,27.374956
BAU_UR,shungnak,electric,2045,spring,4,SOL,GSOL_01,2035,ELC,11.174002
BAU_UR,shungnak,electric,2045,spring,4,SOL,GSOL_01,2045,ELC,6.4669642
BAU_UR,shungnak,electric,2045,spring,4,WND,GWND_01,2030,ELC,5407.4663
BAU_UR,shungnak,electric,2045,spring,4,WND,GWND_01,2035,ELC,5407.4663
BAU_UR,shungnak,electric,2045,spring,4,WND,GWND_01,2040,ELC,2703.7332
BAU_UR,shungnak,electric,2045,spring,5,ELC,EBATT_01,2040,ELC,474.25123
BAU_UR,shungnak,electric,2045,spring,5,ELC,ELECT,2030,ELECD,18201.514
BAU_UR,shungnak,electric,2045,spring,5,HYD,GHYD_01,2030,ELC,4270.4932
BAU_UR,shungnak,electric,2045,spring,5,SOL,GSOL_01,2025,ELC,90.099193
BAU_UR,shungnak,electric,2045,spring,5,SOL,GSOL_01,2030,ELC,120.90606
BAU_UR,shungnak,electric,2045,spring,5,SOL,GSOL_01,2035,ELC,49.351842
BAU_UR,shungnak,electric,2045,spring,5,SOL,GSOL_01,2045,ELC,28.562425
BAU_UR,shungnak,electric,2045,spring,5,WND,GWND_01,2030,ELC,5646.541
BAU_UR,shungnak,electric,2045,spring,5,WND,GWND_01,2035,ELC,5646.541
BAU_UR,shungnak,electric,2045,spring,5,WND,GWND_01,2040,ELC,2823.2705
BAU_UR,shungnak,electric,2045,spring,6,ELC,EBATT_01,2035,ELC,888.06188
BAU_UR,shungnak,electric,2045,spring,6,ELC,ELECT,2040,ELECD,18605.992
BAU_UR,shungnak,electric,2045,spring,6,HYD,GHYD_01,2030,ELC,4270.4932
BAU_UR,shungnak,electric,2045,spring,6,SOL,GSOL_01,2025,ELC,302.59729
BAU_UR,shungnak,electric,2045,spring,6,SOL,GSOL_01,2030,ELC,406.06185
BAU_UR,shungnak,electric,2045,spring,6,SOL,GSOL_01,2035,ELC,165.74769
BAU_UR,shungnak,electric,2045,spring,6,SOL,GSOL_01,2045,ELC,95.926635
BAU_UR,shungnak,electric,2045,spring,6,WND,GWND_01,2030,ELC,5701.2909
BAU_UR,shungnak,electric,2045,spring,6,WND,GWND_01,2035,ELC,5701.2909
BAU_UR,shungnak,electric,2045,spring,6,WND,GWND_01,2040,ELC,2850.6454
BAU_UR,shungnak,electric,2045,spring,7,ELC,EBATT_01,2040,ELC,636.2907
BAU_UR,shungnak,electric,2045,spring,7,ELC,ELECT,2040,ELECD,20426.143
BAU_UR,shungnak,electric,2045,spring,7,HYD,GHYD_01,2030,ELC,4270.4932
BAU_UR,shungnak,electric,2045,spring,7,SOL,GSOL_01,2025,ELC,972.39129
BAU_UR,shungnak,electric,2045,spring,7,SOL,GSOL_01,2030,ELC,1304.8729
BAU_UR,shungnak,electric,2045,spring,7,SOL,GSOL_01,2035,ELC,532.62742
BAU_UR,shungnak,electric,2045,spring,7,SOL,GSOL_01,2045,ELC,308.25862
BAU_UR,shungnak,electric,2045,spring,7,WND,GWND_01,2030,ELC,5469.5162
BAU_UR,shungnak,electric,2045,spring,7,WND,GWND_01,2035,ELC,5469.5162
BAU_UR,shungnak,electric,2045,spring,7,WND,GWND_01,2040,ELC,2734.7581
BAU_UR,shungnak,electric,2045,spring,8,ELC,EBATT_01,2040,ELC,1502.4948
BAU_UR,shungnak,electric,2045,spring,8,ELC,ELECT,2045,ELECD,24268.685
BAU_UR,shungnak,electric,2045,spring,8,HYD,GHYD_01,2030,ELC,4270.4932
BAU_UR,shungnak,electric,2045,spring,8,SOL,GSOL_01,2025,ELC,2264.3797
BAU_UR,shungnak,electric,2045,spring,8,SOL,GSOL_01,2030,ELC,3038.6201
BAU_UR,shungnak,electric,2045,spring,8,SOL,GSOL_01,2035,ELC,1240.3142
BAU_UR,shungnak,electric,2045,spring,8,SOL,GSOL_01,2045,ELC,717.83302
BAU_UR,shungnak,electric,2045,spring,8,WND,GWND_01,2030,ELC,5695.8159
BAU_UR,shungnak,electric,2045,spring,8,WND,GWND_01,2035,ELC,5695.8159
BAU_UR,shungnak,electric,2045,spring,8,WND,GWND_01,2040,ELC,2847.9079
BAU_UR,shungnak,electric,2045,spring,9,ELC,EBATT_01,2045,ELC,5542.7899
BAU_UR,shungnak,electric,2045,spring,9,ELC,ELECT,2030,ELECD,24875.402
BAU_UR,shungnak,electric,2045,spring,9,HYD,GHYD_01,2030,ELC,4270.4932
BAU_UR,shungnak,electric,2045,spring,9,SOL,GSOL_01,2025,ELC,4188.7625
BAU_UR,shungnak,electric,2045,spring,9,SOL,GSOL_01,2030,ELC,5620.991
BAU_UR,shungnak,electric,2045,spring,9,SOL,GSOL_01,2035,ELC,2294.3951
BAU_UR,shungnak,electric,2045,spring,9,SOL,GSOL_01,2045,ELC,1327.8833
BAU_UR,shungnak,electric,2045,spring,9,WND,GWND_01,2030,ELC,5086.2669
BAU_UR,shungnak,electric,2045,spring,9,WND,GWND_01,2035,ELC,5086.2669
BAU_UR,shungnak,electric,2045,spring,9,WND,GWND_01,2040,ELC,2543.1334
BAU_UR,shungnak,electric,2045,summer,0,ELC,EBATT_01,2040,ELC,381.56317
BAU_UR,shungnak,electric,2045,summer,0,ELC,ELECT,2045,ELECD,13752.255
BAU_UR,shungnak,electric,2045,summer,0,HYD,GHYD_01,2030,ELC,10853.623
BAU_UR,shungnak,electric,2045,summer,0,SOL,GSOL_01,2025,ELC,16.999848
BAU_UR,shungnak,electric,2045,summer,0,SOL,GSOL_01,2030,ELC,22.812463
BAU_UR,shungnak,electric,2045,summer,0,SOL,GSOL_01,2035,ELC,9.3116682
BAU_UR,shungnak,electric,2045,summer,0,SOL,GSOL_01,2045,ELC,5.3891368
BAU_UR,shungnak,electric,2045,summer,0,WND,GWND_01,2030,ELC,1290.2729
BAU_UR,shungnak,electric,2045,summer,0,WND,GWND_01,2035,ELC,1290.2729
BAU_UR,shungnak,electric,2045,summer,0,WND,GWND_01,2040,ELC,645.13647
BAU_UR,shungnak,electric,2045,summer,1,ELC,EBATT_01,2035,ELC,865.23539
BAU_UR,shungnak,electric,2045,summer,1,ELC,ELECT,2035,ELECD,12538.821
BAU_UR,shungnak,electric,2045,summer,1,HYD,GHYD_01,2030,ELC,10853.623
BAU_UR,shungnak,electric,2045,summer,1,WND,GWND_01,2030,ELC,1020.1734
BAU_UR,shungnak,electric,2045,summer,1,WND,GWND_01,2035,ELC,1020.1734
BAU_UR,shungnak,electric,2045,summer,1,WND,GWND_01,2040,ELC,510.08668
BAU_UR,shungnak,electric,2045,summer,10,ELC,EBATT_01,2035,ELC,14992.269
BAU_UR,shungnak,electric,2045,summer,10,ELC,ELECT,2030,ELECD,15370.167
BAU_UR,shungnak,electric,2045,summer,10,HYD,GHYD_01,2030,ELC,10853.623
BAU_UR,shungnak,electric,2045,summer,10,SOL,GSOL_01,2025,ELC,5400.8516
BAU_UR,shungnak,electric,2045,summer,10,SOL,GSOL_01,2030,ELC,7247.5197
BAU_UR,shungnak,electric,2045,summer,10,SOL,GSOL_01,2035,ELC,2958.317
BAU_UR,shungnak,electric,2045,summer,10,SOL,GSOL_01,2045,ELC,1712.1288
BAU_UR,shungnak,electric,2045,summer,10,WND,GWND_01,2030,ELC,875.9986
BAU_UR,shungnak,electric,2045,summer,10,WND,GWND_01,2035,ELC,875.9986
BAU_UR,shungnak,electric,2045,summer,10,WND,GWND_01,2040,ELC,437.9993
BAU_UR,shungnak,electric,2045,summer,11,ELC,EBATT_01,2035,ELC,17662.924
BAU_UR,shungnak,electric,2045,summer,11,ELC,ELECT,2040,ELECD,15774.645
BAU_UR,shungnak,electric,2045,summer,11,HYD,GHYD_01,2030,ELC,10853.623
BAU_UR,shungnak,electric,2045,summer,11,SOL,GSOL_01,2025,ELC,6448.0423
BAU_UR,shungnak,electric,2045,summer,11,SOL,GSOL_01,2030,ELC,8652.7674
BAU_UR,shungnak,electric,2045,summer,11,SOL,GSOL_01,2035,ELC,3531.9158
BAU_UR,shungnak,electric,2045,summer,11,SOL,GSOL_01,2045,ELC,2044.0996
BAU_UR,shungnak,electric,2045,summer,11,WND,GWND_01,2030,ELC,762.84878
BAU_UR,shungnak,electric,2045,summer,11,WND,GWND_01,2035,ELC,762.84878
BAU_UR,shungnak,electric,2045,summer,11,WND,GWND_01,2040,ELC,381.42439
BAU_UR,shungnak,electric,2045,summer,12,ELC,EBATT_01,2035,ELC,5525.1155
BAU_UR,shungnak,electric,2045,summer,12,ELC,EBATT_01,2045,ELC,14989.807
BAU_UR,shungnak,electric,2045,summer,12,ELC,ELECT,2040,ELECD,15370.167
BAU_UR,shungnak,electric,2045,summer,12,HYD,GHYD_01,2030,ELC,10853.623
BAU_UR,shungnak,electric,2045,summer,12,SOL,GSOL_01,2025,ELC,7219.8354
BAU_UR,shungnak,electric,2045,summer,12,SOL,GSOL_01,2030,ELC,9688.4532
BAU_UR,shungnak,electric,2045,summer,12,SOL,GSOL_01,2035,ELC,3954.6655
BAU_UR,shungnak,electric,2045,summer,12,SOL,GSOL_01,2045,ELC,2288.7664
BAU_UR,shungnak,electric,2045,summer,12,WND,GWND_01,2030,ELC,751.8988
BAU_UR,shungnak,electric,2045,summer,12,WND,GWND_01,2035,ELC,751.8988
BAU_UR,shungnak,electric,2045,summer,12,WND,GWND_01,2040,ELC,375.9494
BAU_UR,shungnak,electric,2045,summer,13,ELC,EBATT_01,2045,ELC,22030.513
BAU_UR,shungnak,electric,2045,summer,13,ELC,ELECT,2040,ELECD,15167.928
BAU_UR,shungnak,electric,2045,summer,13,HYD,GHYD_01,2030,ELC,10853.623
BAU_UR,shungnak,electric,2045,summer,13,SOL,GSOL_01,2025,ELC,7593.832
BAU_UR,shungnak,electric,2045,summer,13,SOL,GSOL_01,2030,ELC,10190.327
BAU_UR,shungnak,electric,2045,summer,13,SOL,GSOL_01,2035,ELC,4159.5222
BAU_UR,shungnak,electric,2045,summer,13,SOL,GSOL_01,2045,ELC,2407.3274
BAU_UR,shungnak,electric,2045,summer,13,WND,GWND_01,2030,ELC,797.52372
BAU_UR,shungnak,electric,2045,summer,13,WND,GWND_01,2035,ELC,797.52372
BAU_UR,shungnak,electric,2045,summer,13,WND,GWND_01,2040,ELC,398.76186
BAU_UR,shungnak,electric,2045,summer,14,ELC,EBATT_01,2035,ELC,23077.527
BAU_UR,shungnak,electric,2045,summer,14,ELC,ELECT,2030,ELECD,14965.689
BAU_UR,shungnak,electric,2045,summer,14,HYD,GHYD_01,2030,ELC,10853.623
BAU_UR,shungnak,electric,2045,summer,14,SOL,GSOL_01,2025,ELC,7804.6301
BAU_UR,shungnak,electric,2045,summer,14,SOL,GSOL_01,2030,ELC,10473.202
BAU_UR,shungnak,electric,2045,summer,14,SOL,GSOL_01,2035,ELC,4274.9869
BAU_UR,shungnak,electric,2045,summer,14,SOL,GSOL_01,2045,ELC,2474.1527
BAU_UR,shungnak,electric,2045,summer,14,WND,GWND_01,2030,ELC,865.04862
BAU_UR,shungnak,electric,2045,summer,14,WND,GWND_01,2035,ELC,865.04862
BAU_UR,shungnak,electric,2045,summer,14,WND,GWND_01,2040,ELC,432.52431
BAU_UR,shungnak,electric,2045,summer,15,ELC,EBATT_01,2035,ELC,4315.1898
BAU_UR,shungnak,electric,2045,summer,15,ELC,EBATT_01,2040,ELC,15428.898
BAU_UR,shungnak,electric,2045,summer,15,ELC,ELECT,2035,ELECD,15572.406
BAU_UR,shungnak,electric,2045,summer,15,HYD,GHYD_01,2030,ELC,10853.623
BAU_UR,shungnak,electric,2045,summer,15,SOL,GSOL_01,2025,ELC,7031.1371
BAU_UR,shungnak,electric,2045,summer,15,SOL,GSOL_01,2030,ELC,9435.2349
BAU_UR,shungnak,electric,2045,summer,15,SOL,GSOL_01,2035,ELC,3851.306
BAU_UR,shungnak,electric,2045,summer,15,SOL,GSOL_01,2045,ELC,2228.947
BAU_UR,shungnak,electric,2045,summer,15,WND,GWND_01,2030,ELC,766.49877
BAU_UR,shungnak,electric,2045,summer,15,WND,GWND_01,2035,ELC,766.49877
BAU_UR,shungnak,electric,2045,summer,15,WND,GWND_01,2040,ELC,383.24939
BAU_UR,shungnak,electric,2045,summer,16,ELC,EBATT_01,2040,ELC,15806.4
BAU_UR,shungnak,electric,2045,summer,16,ELC,ELECT,2040,ELECD,17392.558
BAU_UR,shungnak,electric,2045,summer,16,HYD,GHYD_01,2030,ELC,10853.623
BAU_UR,shungnak,electric,2045,summer,16,SOL,GSOL_01,2025,ELC,6480.342
BAU_UR,shungnak,electric,2045,summer,16,SOL,GSOL_01,2030,ELC,8696.1111
BAU_UR,shungnak,electric,2045,summer,16,SOL,GSOL_01,2035,ELC,3549.6079
BAU_UR,shungnak,electric,2045,summer,16,SOL,GSOL_01,2045,ELC,2054.3389
BAU_UR,shungnak,electric,2045,summer,16,WND,GWND_01,2030,ELC,625.974
BAU_UR,shungnak,electric,2045,summer,16,WND,GWND_01,2035,ELC,625.974
BAU_UR,shungnak,electric,2045,summer,16,WND,GWND_01,2040,ELC,312.987
BAU_UR,shungnak,electric,2045,summer,17,ELC,EBATT_01,2035,ELC,12036.506
BAU_UR,shungnak,electric,2045,summer,17,ELC,ELECT,2045,ELECD,17797.036
BAU_UR,shungnak,electric,2045,summer,17,HYD,GHYD_01,2030,ELC,10853.623
BAU_UR,shungnak,electric,2045,summer,17,SOL,GSOL_01,2025,ELC,5375.3519
BAU_UR,shungnak,electric,2045,summer,17,SOL,GSOL_01,2030,ELC,7213.301
BAU_UR,shungnak,electric,2045,summer,17,SOL,GSOL_01,2035,ELC,2944.3495
BAU_UR,shungnak,electric,2045,summer,17,SOL,GSOL_01,2045,ELC,1704.0451
BAU_UR,shungnak,electric,2045,summer,17,WND,GWND_01,2030,ELC,697.14888
BAU_UR,shungnak,electric,2045,summer,17,WND,GWND_01,2035,ELC,697.14888
BAU_UR,shungnak,electric,2045,summer,17,WND,GWND_01,2040,ELC,348.57444
BAU_UR,shungnak,electric,2045,summer,18,ELC,EBATT_01,2040,ELC,9482.6298
BAU_UR,shungnak,electric,2045,summer,18,ELC,ELECT,2040,ELECD,15976.884
BAU_UR,shungnak,electric,2045,summer,18,HYD,GHYD_01,2030,ELC,10853.623
BAU_UR,shungnak,electric,2045,summer,18,SOL,GSOL_01,2025,ELC,3833.4657
BAU_UR,shungnak,electric,2045,summer,18,SOL,GSOL_01,2030,ELC,5144.2105
BAU_UR,shungnak,electric,2045,summer,18,SOL,GSOL_01,2035,ELC,2099.7812
BAU_UR,shungnak,electric,2045,summer,18,SOL,GSOL_01,2045,ELC,1215.2503
BAU_UR,shungnak,electric,2045,summer,18,WND,GWND_01,2030,ELC,925.27352
BAU_UR,shungnak,electric,2045,summer,18,WND,GWND_01,2035,ELC,925.27352
BAU_UR,shungnak,electric,2045,summer,18,WND,GWND_01,2040,ELC,462.63676
BAU_UR,shungnak,electric,2045,summer,19,ELC,EBATT_01,2040,ELC,4442.6116
BAU_UR,shungnak,electric,2045,summer,19,ELC,ELECT,2040,ELECD,15572.406
BAU_UR,shungnak,electric,2045,summer,19,HYD,GHYD_01,2030,ELC,10853.623
BAU_UR,shungnak,electric,2045,summer,19,SOL,GSOL_01,2025,ELC,2233.78
BAU_UR,shungnak,electric,2045,summer,19,SOL,GSOL_01,2030,ELC,2997.5577
BAU_UR,shungnak,electric,2045,summer,19,SOL,GSOL_01,2035,ELC,1223.5532
BAU_UR,shungnak,electric,2045,summer,19,SOL,GSOL_01,2045,ELC,708.13257
BAU_UR,shungnak,electric,2045,summer,19,WND,GWND_01,2030,ELC,799.34872
BAU_UR,shungnak,electric,2045,summer,19,WND,GWND_01,2035,ELC,799.34872
BAU_UR,shungnak,electric,2045,summer,19,WND,GWND_01,2040,ELC,399.67436
BAU_UR,shungnak,electric,2045,summer,2,ELC,EBATT_01,2045,ELC,853.03727
BAU_UR,shungnak,electric,2045,summer,2,ELC,ELECT,2045,ELECD,12336.582
BAU_UR,shungnak,electric,2045,summer,2,HYD,GHYD_01,2030,ELC,10853.623
BAU_UR,shungnak,electric,2045,summer,2,WND,GWND_01,2030,ELC,934.3985
BAU_UR,shungnak,electric,2045,summer,2,WND,GWND_01,2035,ELC,934.3985
BAU_UR,shungnak,electric,2045,summer,2,WND,GWND_01,2040,ELC,467.19925
BAU_UR,shungnak,electric,2045,summer,20,ELC,EBATT_01,2035,ELC,1457.3056
BAU_UR,shungnak,electric,2045,summer,20,ELC,ELECT,2030,ELECD,15572.406
BAU_UR,shungnak,electric,2045,summer,20,HYD,GHYD_01,2030,ELC,10853.623
BAU_UR,shungnak,electric,2045,summer,20,SOL,GSOL_01,2025,ELC,1157.6896
BAU_UR,shungnak,electric,2045,summer,20,SOL,GSOL_01,2030,ELC,1553.5288
BAU_UR,shungnak,electric,2045,summer,20,SOL,GSOL_01,2035,ELC,634.12461
BAU_UR,shungnak,electric,2045,summer,20,SOL,GSOL_01,2045,ELC,367.00022
BAU_UR,shungnak,electric,2045,summer,20,WND,GWND_01,2030,ELC,985.49842
BAU_UR,shungnak,electric,2045,summer,20,WND,GWND_01,2035,ELC,985.49842
BAU_UR,shungnak,electric,2045,summer,20,WND,GWND_01,2040,ELC,492.74921
BAU_UR,shungnak,electric,2045,summer,21,ELC,EBATT_01,2040,ELC,1734.1765
BAU_UR,shungnak,electric,2045,summer,21,ELC,ELECT,2040,ELECD,14358.972
BAU_UR,shungnak,electric,2045,summer,21,HYD,GHYD_01,2030,ELC,10853.623
BAU_UR,shungnak,electric,2045,summer,21,SOL,GSOL_01,2025,ELC,526.99528
BAU_UR,shungnak,electric,2045,summer,21,SOL,GSOL_01,2030,ELC,707.18637
BAU_UR,shungnak,electric,2045,summer,21,SOL,GSOL_01,2035,ELC,288.66172
BAU_UR,shungnak,electric,2045,summer,21,SOL,GSOL_01,2045,ELC,167.06324
BAU_UR,shungnak,electric,2045,summer,21,WND,GWND_01,2030,ELC,1419.8477
BAU_UR,shungnak,electric,2045,summer,21,WND,GWND_01,2035,ELC,1419.8477
BAU_UR,shungnak,electric,2045,summer,21,WND,GWND_01,2040,ELC,709.92386
BAU_UR,shungnak,electric,2045,summer,22,ELC,EBATT_01,2040,ELC,976.97782
BAU_UR,shungnak,electric,2045,summer,22,ELC,ELECT,2045,ELECD,14358.972
BAU_UR,shungnak,electric,2045,summer,22,HYD,GHYD_01,2030,ELC,10853.623
BAU_UR,shungnak,electric,2045,summer,22,SOL,GSOL_01,2025,ELC,317.89715
BAU_UR,shungnak,electric,2045,summer,22,SOL,GSOL_01,2030,ELC,426.59307
BAU_UR,shungnak,electric,2045,summer,22,SOL,GSOL_01,2035,ELC,174.1282
BAU_UR,shungnak,electric,2045,summer,22,SOL,GSOL_01,2045,ELC,100.77686
BAU_UR,shungnak,electric,2045,summer,22,WND,GWND_01,2030,ELC,1385.1728
BAU_UR,shungnak,electric,2045,summer,22,WND,GWND_01,2035,ELC,1385.1728
BAU_UR,shungnak,electric,2045,summer,22,WND,GWND_01,2040,ELC,692.58639
BAU_UR,shungnak,electric,2045,summer,23,ELC,EBATT_01,2040,ELC,797.26818
BAU_UR,shungnak,electric,2045,summer,23,ELC,ELECT,2035,ELECD,14156.733
BAU_UR,shungnak,electric,2045,summer,23,HYD,GHYD_01,2030,ELC,10853.623
BAU_UR,shungnak,electric,2045,summer,23,SOL,GSOL_01,2025,ELC,93.499163
BAU_UR,shungnak,electric,2045,summer,23,SOL,GSOL_01,2030,ELC,125.46855
BAU_UR,shungnak,electric,2045,summer,23,SOL,GSOL_01,2035,ELC,51.214175
BAU_UR,shungnak,electric,2045,summer,23,SOL,GSOL_01,2045,ELC,29.640252
BAU_UR,shungnak,electric,2045,summer,23,WND,GWND_01,2030,ELC,1520.2226
BAU_UR,shungnak,electric,2045,summer,23,WND,GWND_01,2035,ELC,1520.2226
BAU_UR,shungnak,electric,2045,summer,23,WND,GWND_01,2040,ELC,760.11128
BAU_UR,shungnak,electric,2045,summer,3,ELC,EBATT_01,2045,ELC,2060.4712
BAU_UR,shungnak,electric,2045,summer,3,ELC,ELECT,2040,ELECD,11527.625
BAU_UR,shungnak,electric,2045,summer,3,HYD,GHYD_01,2030,ELC,10853.623
BAU_UR,shungnak,electric,2045,summer,3,SOL,GSOL_01,2025,ELC,20.399817
BAU_UR,shungnak,electric,2045,summer,3,SOL,GSOL_01,2030,ELC,27.374956
BAU_UR,shungnak,electric,2045,summer,3,SOL,GSOL_01,2035,ELC,11.174002
BAU_UR,shungnak,electric,2045,summer,3,SOL,GSOL_01,2045,ELC,6.4669642
BAU_UR,shungnak,electric,2045,summer,3,WND,GWND_01,2030,ELC,1067.6233
BAU_UR,shungnak,electric,2045,summer,3,WND,GWND_01,2035,ELC,1067.6233
BAU_UR,shungnak,electric,2045,summer,3,WND,GWND_01,2040,ELC,533.81165
BAU_UR,shungnak,electric,2045,summer,4,ELC,EBATT_01,2035,ELC,2676.3579
BAU_UR,shungnak,electric,2045,summer,4,ELC,ELECT,2030,ELECD,11325.386
BAU_UR,shungnak,electric,2045,summer,4,HYD,GHYD_01,2030,ELC,10853.623
BAU_UR,shungnak,electric,2045,summer,4,SOL,GSOL_01,2025,ELC,130.89883
BAU_UR,shungnak,electric,2045,summer,4,SOL,GSOL_01,2030,ELC,175.65597
BAU_UR,shungnak,electric,2045,summer,4,SOL,GSOL_01,2035,ELC,71.699845
BAU_UR,shungnak,electric,2045,summer,4,SOL,GSOL_01,2045,ELC,41.496353
BAU_UR,shungnak,electric,2045,summer,4,WND,GWND_01,2030,ELC,1091.3483
BAU_UR,shungnak,electric,2045,summer,4,WND,GWND_01,2035,ELC,1091.3483
BAU_UR,shungnak,electric,2045,summer,4,WND,GWND_01,2040,ELC,545.67413
BAU_UR,shungnak,electric,2045,summer,5,ELC,EBATT_01,2045,ELC,3169.2271
BAU_UR,shungnak,electric,2045,summer,5,ELC,ELECT,2040,ELECD,11325.386
BAU_UR,shungnak,electric,2045,summer,5,HYD,GHYD_01,2030,ELC,10853.623
BAU_UR,shungnak,electric,2045,summer,5,SOL,GSOL_01,2025,ELC,253.29773
BAU_UR,shungnak,electric,2045,summer,5,SOL,GSOL_01,2030,ELC,339.90571
BAU_UR,shungnak,electric,2045,summer,5,SOL,GSOL_01,2035,ELC,138.74386
BAU_UR,shungnak,electric,2045,summer,5,SOL,GSOL_01,2045,ELC,80.298138
BAU_UR,shungnak,electric,2045,summer,5,WND,GWND_01,2030,ELC,1131.4982
BAU_UR,shungnak,electric,2045,summer,5,WND,GWND_01,2035,ELC,1131.4982
BAU_UR,shungnak,electric,2045,summer,5,WND,GWND_01,2040,ELC,565.74909
BAU_UR,shungnak,electric,2045,summer,6,ELC,EBATT_01,2035,ELC,3316.6218
BAU_UR,shungnak,electric,2045,summer,6,ELC,ELECT,2040,ELECD,12134.343
BAU_UR,shungnak,electric,2045,summer,6,HYD,GHYD_01,2030,ELC,10853.623
BAU_UR,shungnak,electric,2045,summer,6,SOL,GSOL_01,2025,ELC,642.59425
BAU_UR,shungnak,electric,2045,summer,6,SOL,GSOL_01,2030,ELC,862.31112
BAU_UR,shungnak,electric,2045,summer,6,SOL,GSOL_01,2035,ELC,351.98106
BAU_UR,shungnak,electric,2045,summer,6,SOL,GSOL_01,2045,ELC,203.70937
BAU_UR,shungnak,electric,2045,summer,6,WND,GWND_01,2030,ELC,1014.6984
BAU_UR,shungnak,electric,2045,summer,6,WND,GWND_01,2035,ELC,1014.6984
BAU_UR,shungnak,electric,2045,summer,6,WND,GWND_01,2040,ELC,507.34919
BAU_UR,shungnak,electric,2045,summer,7,ELC,EBATT_01,2035,ELC,5558.3497
BAU_UR,shungnak,electric,2045,summer,7,ELC,ELECT,2030,ELECD,12336.582
BAU_UR,shungnak,electric,2045,summer,7,HYD,GHYD_01,2030,ELC,10853.623
BAU_UR,shungnak,electric,2045,summer,7,SOL,GSOL_01,2025,ELC,1538.4862
BAU_UR,shungnak,electric,2045,summer,7,SOL,GSOL_01,2030,ELC,2064.5279
BAU_UR,shungnak,electric,2045,summer,7,SOL,GSOL_01,2035,ELC,842.70597
BAU_UR,shungnak,electric,2045,summer,7,SOL,GSOL_01,2045,ELC,487.71688
BAU_UR,shungnak,electric,2045,summer,7,WND,GWND_01,2030,ELC,843.14865
BAU_UR,shungnak,electric,2045,summer,7,WND,GWND_01,2035,ELC,843.14865
BAU_UR,shungnak,electric,2045,summer,7,WND,GWND_01,2040,ELC,421.57433
BAU_UR,shungnak,electric,2045,summer,8,ELC,EBATT_01,2040,ELC,9944.9225
BAU_UR,shungnak,electric,2045,summer,8,ELC,ELECT,2030,ELECD,12741.06
BAU_UR,shungnak,electric,2045,summer,8,HYD,GHYD_01,2030,ELC,10853.623
BAU_UR,shungnak,electric,2045,summer,8,SOL,GSOL_01,2025,ELC,3014.073
BAU_UR,shungnak,electric,2045,summer,8,SOL,GSOL_01,2030,ELC,4044.6498
BAU_UR,shungnak,electric,2045,summer,8,SOL,GSOL_01,2035,ELC,1650.9588
BAU_UR,shungnak,electric,2045,summer,8,SOL,GSOL_01,2045,ELC,955.49395
BAU_UR,shungnak,electric,2045,summer,8,WND,GWND_01,2030,ELC,866.87361
BAU_UR,shungnak,electric,2045,summer,8,WND,GWND_01,2035,ELC,866.87361
BAU_UR,shungnak,electric,2045,summer,8,WND,GWND_01,2040,ELC,433.43681
BAU_UR,shungnak,electric,2045,summer,9,ELC,EBATT_01,2045,ELC,12941.471
BAU_UR,shungnak,electric,2045,summer,9,ELC,ELECT,2035,ELECD,13145.538
BAU_UR,shungnak,electric,2045,summer,9,HYD,GHYD_01,2030,ELC,10853.623
BAU_UR,shungnak,electric,2045,summer,9,SOL,GSOL_01,2025,ELC,4117.3631
BAU_UR,shungnak,electric,2045,summer,9,SOL,GSOL_01,2030,ELC,5525.1787
BAU_UR,shungnak,electric,2045,summer,9,SOL,GSOL_01,2035,ELC,2255.286
BAU_UR,shungnak,electric,2045,summer,9,SOL,GSOL_01,2045,ELC,1305.2489
BAU_UR,shungnak,electric,2045,summer,9,WND,GWND_01,2030,ELC,812.1237
BAU_UR,shungnak,electric,2045,summer,9,WND,GWND_01,2035,ELC,812.1237
BAU_UR,shungnak,electric,2045,summer,9,WND,GWND_01,2040,ELC,406.06185
BAU_UR,shungnak,electric,2045,winter,0,ELC,ELECT,2040,ELECD,23055.251
BAU_UR,shungnak,electric,2045,winter,0,HYD,GHYD_01,2030,ELC,1011.7784
BAU_UR,shungnak,electric,2045,winter,0,WND,GWND_01,2030,ELC,5513.3162
BAU_UR,shungnak,electric,2045,winter,0,WND,GWND_01,2035,ELC,5513.3162
BAU_UR,shungnak,electric,2045,winter,0,WND,GWND_01,2040,ELC,2756.6581
BAU_UR,shungnak,electric,2045,winter,1,ELC,ELECT,2035,ELECD,22853.012
BAU_UR,shungnak,electric,2045,winter,1,HYD,GHYD_01,2030,ELC,1011.7784
BAU_UR,shungnak,electric,2045,winter,1,WND,GWND_01,2030,ELC,5620.991
BAU_UR,shungnak,electric,2045,winter,1,WND,GWND_01,2035,ELC,5620.991
BAU_UR,shungnak,electric,2045,winter,1,WND,GWND_01,2040,ELC,2810.4955
BAU_UR,shungnak,electric,2045,winter,10,ELC,ELECT,2040,ELECD,29324.661
BAU_UR,shungnak,electric,2045,winter,10,HYD,GHYD_01,2030,ELC,1011.7784
BAU_UR,shungnak,electric,2045,winter,10,SOL,GSOL_01,2025,ELC,193.79826
BAU_UR,shungnak,electric,2045,winter,10,SOL,GSOL_01,2030,ELC,260.06208
BAU_UR,shungnak,electric,2045,winter,10,SOL,GSOL_01,2035,ELC,106.15302
BAU_UR,shungnak,electric,2045,winter,10,SOL,GSOL_01,2045,ELC,61.436159
BAU_UR,shungnak,electric,2045,winter,10,WND,GWND_01,2030,ELC,5449.4413
BAU_UR,shungnak,electric,2045,winter,10,WND,GWND_01,2035,ELC,5449.4413
BAU_UR,shungnak,electric,2045,winter,10,WND,GWND_01,2040,ELC,2724.7206
BAU_UR,shungnak,electric,2045,winter,11,ELC,ELECT,2035,ELECD,30335.856
BAU_UR,shungnak,electric,2045,winter,11,HYD,GHYD_01,2030,ELC,1011.7784
BAU_UR,shungnak,electric,2045,winter,11,SOL,GSOL_01,2025,ELC,657.89411
BAU_UR,shungnak,electric,2045,winter,11,SOL,GSOL_01,2030,ELC,882.84234
BAU_UR,shungnak,electric,2045,winter,11,SOL,GSOL_01,2035,ELC,360.36156
BAU_UR,shungnak,electric,2045,winter,11,SOL,GSOL_01,2045,ELC,208.55959
BAU_UR,shungnak,electric,2045,winter,11,WND,GWND_01,2030,ELC,5442.1413
BAU_UR,shungnak,electric,2045,winter,11,WND,GWND_01,2035,ELC,5442.1413
BAU_UR,shungnak,electric,2045,winter,11,WND,GWND_01,2040,ELC,2721.0706
BAU_UR,shungnak,electric,2045,winter,12,ELC,ELECT,2045,ELECD,29931.378
BAU_UR,shungnak,electric,2045,winter,12,HYD,GHYD_01,2030,ELC,1011.7784
BAU_UR,shungnak,electric,2045,winter,12,SOL,GSOL_01,2025,ELC,1164.4896
BAU_UR,shungnak,electric,2045,winter,12,SOL,GSOL_01,2030,ELC,1562.6537
BAU_UR,shungnak,electric,2045,winter,12,SOL,GSOL_01,2035,ELC,637.84927
BAU_UR,shungnak,electric,2045,winter,12,SOL,GSOL_01,2045,ELC,369.15587
BAU_UR,shungnak,electric,2045,winter,12,WND,GWND_01,2030,ELC,5662.9659
BAU_UR,shungnak,electric,2045,winter,12,WND,GWND_01,2035,ELC,5662.9659
BAU_UR,shungnak,electric,2045,winter,12,WND,GWND_01,2040,ELC,2831.483
BAU_UR,shungnak,electric,2045,winter,13,ELC,ELECT,2045,ELECD,29122.422
BAU_UR,shungnak,electric,2045,winter,13,HYD,GHYD_01,2030,ELC,1011.7784
BAU_UR,shungnak,electric,2045,winter,13,SOL,GSOL_01,2025,ELC,1497.6866
BAU_UR,shungnak,electric,2045,winter,13,SOL,GSOL_01,2030,ELC,2009.778
BAU_UR,shungnak,electric,2045,winter,13,SOL,GSOL_01,2035,ELC,820.35797
BAU_UR,shungnak,electric,2045,winter,13,SOL,GSOL_01,2045,ELC,474.78295
BAU_UR,shungnak,electric,2045,winter,13,WND,GWND_01,2030,ELC,5902.0406
BAU_UR,shungnak,electric,2045,winter,13,WND,GWND_01,2035,ELC,5902.0406
BAU_UR,shungnak,electric,2045,winter,13,WND,GWND_01,2040,ELC,2951.0203
BAU_UR,shungnak,electric,2045,winter,14,ELC,ELECT,2030,ELECD,28920.183
BAU_UR,shungnak,electric,2045,winter,14,HYD,GHYD_01,2030,ELC,1011.7784
BAU_UR,shungnak,electric,2045,winter,14,SOL,GSOL_01,2025,ELC,1497.6866
BAU_UR,shungnak,electric,2045,winter,14,SOL,GSOL_01,2030,ELC,2009.778
BAU_UR,shungnak,electric,2045,winter,14,SOL,GSOL_01,2035,ELC,820.35797
BAU_UR,shungnak,electric,2045,winter,14,SOL,GSOL_01,2045,ELC,474.78295
BAU_UR,shungnak,electric,2045,winter,14,WND,GWND_01,2030,ELC,5761.5158
BAU_UR,shungnak,electric,2045,winter,14,WND,GWND_01,2035,ELC,5761.5158
BAU_UR,shungnak,electric,2045,winter,14,WND,GWND_01,2040,ELC,2880.7579
BAU_UR,shungnak,electric,2045,winter,15,ELC,ELECT,2030,ELECD,27504.51
BAU_UR,shungnak,electric,2045,winter,15,HYD,GHYD_01,2030,ELC,1011.7784
BAU_UR,shungnak,electric,2045,winter,15,SOL,GSOL_01,2025,ELC,1106.6901
BAU_UR,shungnak,electric,2045,winter,15,SOL,GSOL_01,2030,ELC,1485.0914
BAU_UR,shungnak,electric,2045,winter,15,SOL,GSOL_01,2035,ELC,606.1896
BAU_UR,shungnak,electric,2045,winter,15,SOL,GSOL_01,2045,ELC,350.83281
BAU_UR,shungnak,electric,2045,winter,15,WND,GWND_01,2030,ELC,5883.7906
BAU_UR,shungnak,electric,2045,winter,15,WND,GWND_01,2035,ELC,5883.7906
BAU_UR,shungnak,electric,2045,winter,15,WND,GWND_01,2040,ELC,2941.8953
BAU_UR,shungnak,electric,2045,winter,16,ELC,ELECT,2035,ELECD,28920.183
BAU_UR,shungnak,electric,2045,winter,16,HYD,GHYD_01,2030,ELC,1011.7784
BAU_UR,shungnak,electric,2045,winter,16,SOL,GSOL_01,2025,ELC,600.09463
BAU_UR,shungnak,electric,2045,winter,16,SOL,GSOL_01,2030,ELC,805.27996
BAU_UR,shungnak,electric,2045,winter,16,SOL,GSOL_01,2035,ELC,328.70189
BAU_UR,shungnak,electric,2045,winter,16,SOL,GSOL_01,2045,ELC,190.23653
BAU_UR,shungnak,electric,2045,winter,16,WND,GWND_01,2030,ELC,5798.0157
BAU_UR,shungnak,electric,2045,winter,16,WND,GWND_01,2035,ELC,5798.0157
BAU_UR,shungnak,electric,2045,winter,16,WND,GWND_01,2040,ELC,2899.0079
BAU_UR,shungnak,electric,2045,winter,17,ELC,ELECT,2040,ELECD,31144.813
BAU_UR,shungnak,electric,2045,winter,17,HYD,GHYD_01,2030,ELC,1011.7784
BAU_UR,shungnak,electric,2045,winter,17,SOL,GSOL_01,2025,ELC,156.3986
BAU_UR,shungnak,electric,2045,winter,17,SOL,GSOL_01,2030,ELC,209.87466
BAU_UR,shungnak,electric,2045,winter,17,SOL,GSOL_01,2035,ELC,85.667348
BAU_UR,shungnak,electric,2045,winter,17,SOL,GSOL_01,2045,ELC,49.580058
BAU_UR,shungnak,electric,2045,winter,17,WND,GWND_01,2030,ELC,5662.9659
BAU_UR,shungnak,electric,2045,winter,17,WND,GWND_01,2035,ELC,5662.9659
BAU_UR,shungnak,electric,2045,winter,17,WND,GWND_01,2040,ELC,2831.483
BAU_UR,shungnak,electric,2045,winter,18,ELC,ELECT,2045,ELECD,31347.052
BAU_UR,shungnak,electric,2045,winter,18,HYD,GHYD_01,2030,ELC,1011.7784
BAU_UR,shungnak,electric,2045,winter,18,SOL,GSOL_01,2025,ELC,3.3999696
BAU_UR,shungnak,electric,2045,winter,18,SOL,GSOL_01,2030,ELC,4.5624927
BAU_UR,shungnak,electric,2045,winter,18,SOL,GSOL_01,2035,ELC,1.8623336
BAU_UR,shungnak,electric,2045,winter,18,SOL,GSOL_01,2045,ELC,1.0778274
BAU_UR,shungnak,electric,2045,winter,18,WND,GWND_01,2030,ELC,5602.741
BAU_UR,shungnak,electric,2045,winter,18,WND,GWND_01,2035,ELC,5602.741
BAU_UR,shungnak,electric,2045,winter,18,WND,GWND_01,2040,ELC,2801.3705
BAU_UR,shungnak,electric,2045,winter,19,ELC,ELECT,2035,ELECD,27302.271
BAU_UR,shungnak,electric,2045,winter,19,HYD,GHYD_01,2030,ELC,1011.7784
BAU_UR,shungnak,electric,2045,winter,19,WND,GWND_01,2030,ELC,5679.3909
BAU_UR,shungnak,electric,2045,winter,19,WND,GWND_01,2035,ELC,5679.3909
BAU_UR,shungnak,electric,2045,winter,19,WND,GWND_01,2040,ELC,2839.6955
BAU_UR,shungnak,electric,2045,winter,2,ELC,ELECT,2040,ELECD,23055.251
BAU_UR,shungnak,electric,2045,winter,2,HYD,GHYD_01,2030,ELC,1011.7784
BAU_UR,shungnak,electric,2045,winter,2,WND,GWND_01,2030,ELC,5422.0663
BAU_UR,shungnak,electric,2045,winter,2,WND,GWND_01,2035,ELC,5422.0663
BAU_UR,shungnak,electric,2045,winter,2,WND,GWND_01,2040,ELC,2711.0332
BAU_UR,shungnak,electric,2045,winter,20,ELC,ELECT,2035,ELECD,27504.51
BAU_UR,shungnak,electric,2045,winter,20,HYD,GHYD_01,2030,ELC,1011.7784
BAU_UR,shungnak,electric,2045,winter,20,WND,GWND_01,2030,ELC,5739.6158
BAU_UR,shungnak,electric,2045,winter,20,WND,GWND_01,2035,ELC,5739.6158
BAU_UR,shungnak,electric,2045,winter,20,WND,GWND_01,2040,ELC,2869.8079
BAU_UR,shungnak,electric,2045,winter,21,ELC,ELECT,2035,ELECD,26088.837
BAU_UR,shungnak,electric,2045,winter,21,HYD,GHYD_01,2030,ELC,1011.7784
BAU_UR,shungnak,electric,2045,winter,21,WND,GWND_01,2030,ELC,6015.1904
BAU_UR,shungnak,electric,2045,winter,21,WND,GWND_01,2035,ELC,6015.1904
BAU_UR,shungnak,electric,2045,winter,21,WND,GWND_01,2040,ELC,3007.5952
BAU_UR,shungnak,electric,2045,winter,22,ELC,ELECT,2040,ELECD,25077.641
BAU_UR,shungnak,electric,2045,winter,22,HYD,GHYD_01,2030,ELC,1011.7784
BAU_UR,shungnak,electric,2045,winter,22,WND,GWND_01,2030,ELC,6048.0403
BAU_UR,shungnak,electric,2045,winter,22,WND,GWND_01,2035,ELC,6048.0403
BAU_UR,shungnak,electric,2045,winter,22,WND,GWND_01,2040,ELC,3024.0202
BAU_UR,shungnak,electric,2045,winter,23,ELC,ELECT,2045,ELECD,22650.773
BAU_UR,shungnak,electric,2045,winter,23,HYD,GHYD_01,2030,ELC,1011.7784
BAU_UR,shungnak,electric,2045,winter,23,WND,GWND_01,2030,ELC,5719.5408
BAU_UR,shungnak,electric,2045,winter,23,WND,GWND_01,2035,ELC,5719.5408
BAU_UR,shungnak,electric,2045,winter,23,WND,GWND_01,2040,ELC,2859.7704
BAU_UR,shungnak,electric,2045,winter,3,ELC,ELECT,2040,ELECD,21841.817
BAU_UR,shungnak,electric,2045,winter,3,HYD,GHYD_01,2030,ELC,1011.7784
BAU_UR,shungnak,electric,2045,winter,3,WND,GWND_01,2030,ELC,5141.0168
BAU_UR,shungnak,electric,2045,winter,3,WND,GWND_01,2035,ELC,5141.0168
BAU_UR,shungnak,electric,2045,winter,3,WND,GWND_01,2040,ELC,2570.5084
BAU_UR,shungnak,electric,2045,winter,4,ELC,ELECT,2030,ELECD,21032.86
BAU_UR,shungnak,electric,2045,winter,4,HYD,GHYD_01,2030,ELC,1011.7784
BAU_UR,shungnak,electric,2045,winter,4,WND,GWND_01,2030,ELC,5040.6419
BAU_UR,shungnak,electric,2045,winter,4,WND,GWND_01,2035,ELC,5040.6419
BAU_UR,shungnak,electric,2045,winter,4,WND,GWND_01,2040,ELC,2520.321
BAU_UR,shungnak,electric,2045,winter,5,ELC,ELECT,2040,ELECD,21235.1
BAU_UR,shungnak,electric,2045,winter,5,HYD,GHYD_01,2030,ELC,1011.7784
BAU_UR,shungnak,electric,2045,winter,5,WND,GWND_01,2030,ELC,5153.7918
BAU_UR,shungnak,electric,2045,winter,5,WND,GWND_01,2035,ELC,5153.7918
BAU_UR,shungnak,electric,2045,winter,5,WND,GWND_01,2040,ELC,2576.8959
BAU_UR,shungnak,electric,2045,winter,6,ELC,ELECT,2035,ELECD,21639.578
BAU_UR,shungnak,electric,2045,winter,6,HYD,GHYD_01,2030,ELC,1011.7784
BAU_UR,shungnak,electric,2045,winter,6,WND,GWND_01,2030,ELC,5193.9417
BAU_UR,shungnak,electric,2045,winter,6,WND,GWND_01,2035,ELC,5193.9417
BAU_UR,shungnak,electric,2045,winter,6,WND,GWND_01,2040,ELC,2596.9708
BAU_UR,shungnak,electric,2045,winter,7,ELC,ELECT,2030,ELECD,21235.1
BAU_UR,shungnak,electric,2045,winter,7,HYD,GHYD_01,2030,ELC,1011.7784
BAU_UR,shungnak,electric,2045,winter,7,WND,GWND_01,2030,ELC,5254.1666
BAU_UR,shungnak,electric,2045,winter,7,WND,GWND_01,2035,ELC,5254.1666
BAU_UR,shungnak,electric,2045,winter,7,WND,GWND_01,2040,ELC,2627.0833
BAU_UR,shungnak,electric,2045,winter,8,ELC,ELECT,2035,ELECD,23257.49
BAU_UR,shungnak,electric,2045,winter,8,HYD,GHYD_01,2030,ELC,1011.7784
BAU_UR,shungnak,electric,2045,winter,8,WND,GWND_01,2030,ELC,5343.5915
BAU_UR,shungnak,electric,2045,winter,8,WND,GWND_01,2035,ELC,5343.5915
BAU_UR,shungnak,electric,2045,winter,8,WND,GWND_01,2040,ELC,2671.7957
BAU_UR,shungnak,electric,2045,winter,9,ELC,ELECT,2040,ELECD,27504.51
BAU_UR,shungnak,electric,2045,winter,9,HYD,GHYD_01,2030,ELC,1011.7784
BAU_UR,shungnak,electric,2045,winter,9,WND,GWND_01,2030,ELC,5706.7659
BAU_UR,shungnak,electric,2045,winter,9,WND,GWND_01,2035,ELC,5706.7659
BAU_UR,shungnak,electric,2045,winter,9,WND,GWND_01,2040,ELC,2853.3829
BAU_UR,shungnak,supply,2030,fall,0,ethos,IMP_HYD,2030,HYD,6057.5303
BAU_UR,shungnak,supply,2030,fall,0,ethos,IMP_WND,2030,WND,5398.3414
BAU_UR,shungnak,supply,2030,fall,1,ethos,IMP_HYD,2030,HYD,6057.5303
BAU_UR,shungnak,supply,2030,fall,1,ethos,IMP_WND,2025,WND,5522.4412
BAU_UR,shungnak,supply,2030,fall,10,ethos,IMP_HYD,2030,HYD,6057.5303
BAU_UR,shungnak,supply,2030,fall,10,ethos,IMP_SOL,2025,SOL,3133.2289
BAU_UR,shungnak,supply,2030,fall,10,ethos,IMP_WND,2025,WND,5239.5666
BAU_UR,shungnak,supply,2030,fall,11,ethos,IMP_HYD,2030,HYD,6057.5303
BAU_UR,shungnak,supply,2030,fall,11,ethos,IMP_SOL,2030,SOL,5677.2356
BAU_UR,shungnak,supply,2030,fall,11,ethos,IMP_WND,2025,WND,5190.2917
BAU_UR,shungnak,supply,2030,fall,12,ethos,IMP_HYD,2025,HYD,6057.5303
BAU_UR,shungnak,supply,2030,fall,12,ethos,IMP_SOL,2025,SOL,7006.9668
BAU_UR,shungnak,supply,2030,fall,12,ethos,IMP_WND,2025,WND,5217.6667
BAU_UR,shungnak,supply,2030,fall,13,ethos,IMP_HYD,2025,HYD,6057.5303
BAU_UR,shungnak,supply,2030,fall,13,ethos,IMP_SOL,2030,SOL,7711.6447
BAU_UR,shungnak,supply,2030,fall,13,ethos,IMP_WND,2030,WND,5188.4667
BAU_UR,shungnak,supply,2030,fall,14,ethos,IMP_HYD,2030,HYD,6057.5303
BAU_UR,shungnak,supply,2030,fall,14,ethos,IMP_SOL,2030,SOL,7281.6717
BAU_UR,shungnak,supply,2030,fall,14,ethos,IMP_WND,2030,WND,5259.6416
BAU_UR,shungnak,supply,2030,fall,15,ethos,IMP_HYD,2025,HYD,6057.5303
BAU_UR,shungnak,supply,2030,fall,15,ethos,IMP_SOL,2030,SOL,6075.3587
BAU_UR,shungnak,supply,2030,fall,15,ethos,IMP_WND,2025,WND,5137.3668
BAU_UR,shungnak,supply,2030,fall,16,ethos,IMP_HYD,2030,HYD,6057.5303
BAU_UR,shungnak,supply,2030,fall,16,ethos,IMP_SOL,2025,SOL,4192.2364
BAU_UR,shungnak,supply,2030,fall,16,ethos,IMP_WND,2025,WND,5423.8913
BAU_UR,shungnak,supply,2030,fall,17,ethos,IMP_HYD,2030,HYD,6057.5303
BAU_UR,shungnak,supply,2030,fall,17,ethos,IMP_SOL,2030,SOL,2118.015
BAU_UR,shungnak,supply,2030,fall,17,ethos,IMP_WND,2030,WND,5471.3412
BAU_UR,shungnak,supply,2030,fall,18,ethos,IMP_HYD,2030,HYD,6057.5303
BAU_UR,shungnak,supply,2030,fall,18,ethos,IMP_SOL,2025,SOL,744.49022
BAU_UR,shungnak,supply,2030,fall,18,ethos,IMP_WND,2025,WND,5206.7167
BAU_UR,shungnak,supply,2030,fall,19,ethos,IMP_HYD,2025,HYD,6057.5303
BAU_UR,shungnak,supply,2030,fall,19,ethos,IMP_SOL,2025,SOL,183.13663
BAU_UR,shungnak,supply,2030,fall,19,ethos,IMP_WND,2030,WND,5146.4918
BAU_UR,shungnak,supply,2030,fall,2,ethos,IMP_HYD,2025,HYD,6057.5303
BAU_UR,shungnak,supply,2030,fall,2,ethos,IMP_WND,2025,WND,5560.7661
BAU_UR,shungnak,supply,2030,fall,20,ethos,IMP_HYD,2030,HYD,6057.5303
BAU_UR,shungnak,supply,2030,fall,20,ethos,IMP_SOL,2030,SOL,11.943693
BAU_UR,shungnak,supply,2030,fall,20,ethos,IMP_WND,2025,WND,5210.3667
BAU_UR,shungnak,supply,2030,fall,21,ethos,IMP_HYD,2030,HYD,6057.5303
BAU_UR,shungnak,supply,2030,fall,21,ethos,IMP_WND,2030,WND,4982.242
BAU_UR,shungnak,supply,2030,fall,22,ethos,IMP_HYD,2030,HYD,6057.5303
BAU_UR,shungnak,supply,2030,fall,22,ethos,IMP_WND,2030,WND,5305.2665
BAU_UR,shungnak,supply,2030,fall,23,ethos,IMP_HYD,2025,HYD,6057.5303
BAU_UR,shungnak,supply,2030,fall,23,ethos,IMP_WND,2025,WND,5203.0667
BAU_UR,shungnak,supply,2030,fall,3,ethos,IMP_HYD,2025,HYD,6057.5303
BAU_UR,shungnak,supply,2030,fall,3,ethos,IMP_WND,2030,WND,5485.9412
BAU_UR,shungnak,supply,2030,fall,4,ethos,IMP_HYD,2025,HYD,6057.5303
BAU_UR,shungnak,supply,2030,fall,4,ethos,IMP_WND,2025,WND,5330.8165
BAU_UR,shungnak,supply,2030,fall,5,ethos,IMP_HYD,2030,HYD,6057.5303
BAU_UR,shungnak,supply,2030,fall,5,ethos,IMP_WND,2025,WND,5516.9662
BAU_UR,shungnak,supply,2030,fall,6,ethos,IMP_HYD,2030,HYD,6057.5303
BAU_UR,shungnak,supply,2030,fall,6,ethos,IMP_WND,2030,WND,5418.4163
BAU_UR,shungnak,supply,2030,fall,7,ethos,IMP_HYD,2030,HYD,6057.5303
BAU_UR,shungnak,supply,2030,fall,7,ethos,IMP_SOL,2030,SOL,71.66216
BAU_UR,shungnak,supply,2030,fall,7,ethos,IMP_WND,2025,WND,5401.9914
BAU_UR,shungnak,supply,2030,fall,8,ethos,IMP_HYD,2025,HYD,6057.5303
BAU_UR,shungnak,supply,2030,fall,8,ethos,IMP_SOL,2025,SOL,692.73422
BAU_UR,shungnak,supply,2030,fall,8,ethos,IMP_WND,2025,WND,5518.7912
BAU_UR,shungnak,supply,2030,fall,9,ethos,IMP_HYD,2030,HYD,6057.5303
BAU_UR,shungnak,supply,2030,fall,9,ethos,IMP_SOL,2030,SOL,1477.0367
BAU_UR,shungnak,supply,2030,fall,9,ethos,IMP_WND,2025,WND,5310.7415
BAU_UR,shungnak,supply,2030,spring,0,ethos,IMP_DSL,2025,DSL,19227.288
BAU_UR,shungnak,supply,2030,spring,0,ethos,IMP_HYD,2030,HYD,4270.4932
BAU_UR,shungnak,supply,2030,spring,0,ethos,IMP_WND,2025,WND,5044.2919
BAU_UR,shungnak,supply,2030,spring,1,ethos,IMP_DSL,2030,DSL,19280.964
BAU_UR,shungnak,supply,2030,spring,1,ethos,IMP_HYD,2030,HYD,4270.4932
BAU_UR,shungnak,supply,2030,spring,1,ethos,IMP_WND,2025,WND,5026.042
BAU_UR,shungnak,supply,2030,spring,10,ethos,IMP_HYD,2025,HYD,4270.4932
BAU_UR,shungnak,supply,2030,spring,10,ethos,IMP_SOL,2030,SOL,14133.371
BAU_UR,shungnak,supply,2030,spring,10,ethos,IMP_WND,2030,WND,5004.142
BAU_UR,shungnak,supply,2030,spring,11,ethos,IMP_HYD,2025,HYD,4270.4932
BAU_UR,shungnak,supply,2030,spring,11,ethos,IMP_SOL,2030,SOL,17581.117
BAU_UR,shungnak,supply,2030,spring,11,ethos,IMP_WND,2025,WND,4730.3924
BAU_UR,shungnak,supply,2030,spring,12,ethos,IMP_HYD,2025,HYD,4270.4932
BAU_UR,shungnak,supply,2030,spring,12,ethos,IMP_SOL,2030,SOL,19209.44
BAU_UR,shungnak,supply,2030,spring,12,ethos,IMP_WND,2030,WND,4449.3429
BAU_UR,shungnak,supply,2030,spring,13,ethos,IMP_HYD,2030,HYD,4270.4932
BAU_UR,shungnak,supply,2030,spring,13,ethos,IMP_SOL,2030,SOL,20192.804
BAU_UR,shungnak,supply,2030,spring,13,ethos,IMP_WND,2025,WND,3900.0188
BAU_UR,shungnak,supply,2030,spring,14,ethos,IMP_HYD,2030,HYD,4270.4932
BAU_UR,shungnak,supply,2030,spring,14,ethos,IMP_SOL,2030,SOL,20113.18
BAU_UR,shungnak,supply,2030,spring,14,ethos,IMP_WND,2025,WND,3611.6692
BAU_UR,shungnak,supply,2030,spring,15,ethos,IMP_HYD,2030,HYD,4270.4932
BAU_UR,shungnak,supply,2030,spring,15,ethos,IMP_SOL,2030,SOL,18942.698
BAU_UR,shungnak,supply,2030,spring,15,ethos,IMP_WND,2030,WND,3691.9691
BAU_UR,shungnak,supply,2030,spring,16,ethos,IMP_HYD,2030,HYD,4270.4932
BAU_UR,shungnak,supply,2030,spring,16,ethos,IMP_SOL,2030,SOL,16450.447
BAU_UR,shungnak,supply,2030,spring,16,ethos,IMP_WND,2030,WND,3989.4436
BAU_UR,shungnak,supply,2030,spring,17,ethos,IMP_HYD,2030,HYD,4270.4932
BAU_UR,shungnak,supply,2030,spring,17,ethos,IMP_SOL,2030,SOL,12258.211
BAU_UR,shungnak,supply,2030,spring,17,ethos,IMP_WND,2025,WND,4044.1935
BAU_UR,shungnak,supply,2030,spring,18,ethos,IMP_HYD,2030,HYD,4270.4932
BAU_UR,shungnak,supply,2030,spring,18,ethos,IMP_SOL,2030,SOL,7428.9773
BAU_UR,shungnak,supply,2030,spring,18,ethos,IMP_WND,2025,WND,4168.2933
BAU_UR,shungnak,supply,2030,spring,19,ethos,IMP_HYD,2030,HYD,4270.4932
BAU_UR,shungnak,supply,2030,spring,19,ethos,IMP_SOL,2025,SOL,3232.7597
BAU_UR,shungnak,supply,2030,spring,19,ethos,IMP_WND,2025,WND,4292.3931
BAU_UR,shungnak,supply,2030,spring,2,ethos,IMP_DSL,2025,DSL,17575.099
BAU_UR,shungnak,supply,2030,spring,2,ethos,IMP_HYD,2025,HYD,4270.4932
BAU_UR,shungnak,supply,2030,spring,2,ethos,IMP_WND,2030,WND,4909.2421
BAU_UR,shungnak,supply,2030,spring,20,ethos,IMP_DSL,2025,DSL,13342.855
BAU_UR,shungnak,supply,2030,spring,20,ethos,IMP_HYD,2030,HYD,4270.4932
BAU_UR,shungnak,supply,2030,spring,20,ethos,IMP_SOL,2025,SOL,1178.4444
BAU_UR,shungnak,supply,2030,spring,20,ethos,IMP_WND,2025,WND,4547.8927
BAU_UR,shungnak,supply,2030,spring,21,ethos,IMP_DSL,2030,DSL,32830.614
BAU_UR,shungnak,supply,2030,spring,21,ethos,IMP_HYD,2030,HYD,4270.4932
BAU_UR,shungnak,supply,2030,spring,21,ethos,IMP_SOL,2025,SOL,513.57882
BAU_UR,shungnak,supply,2030,spring,21,ethos,IMP_WND,2025,WND,4434.7429
BAU_UR,shungnak,supply,2030,spring,22,ethos,IMP_DSL,2030,DSL,30704.946
BAU_UR,shungnak,supply,2030,spring,22,ethos,IMP_HYD,2025,HYD,4270.4932
BAU_UR,shungnak,supply,2030,spring,22,ethos,IMP_SOL,2025,SOL,199.06156
BAU_UR,shungnak,supply,2030,spring,22,ethos,IMP_WND,2030,WND,4949.3921
BAU_UR,shungnak,supply,2030,spring,23,ethos,IMP_DSL,2030,DSL,26802.737
BAU_UR,shungnak,supply,2030,spring,23,ethos,IMP_HYD,2030,HYD,4270.4932
BAU_UR,shungnak,supply,2030,spring,23,ethos,IMP_SOL,2030,SOL,31.849849
BAU_UR,shungnak,supply,2030,spring,23,ethos,IMP_WND,2025,WND,5049.7669
BAU_UR,shungnak,supply,2030,spring,3,ethos,IMP_DSL,2030,DSL,16855.835
BAU_UR,shungnak,supply,2030,spring,3,ethos,IMP_HYD,2030,HYD,4270.4932
BAU_UR,shungnak,supply,2030,spring,3,ethos,IMP_WND,2025,WND,5153.7918
BAU_UR,shungnak,supply,2030,spring,4,ethos,IMP_DSL,2025,DSL,16481.568
BAU_UR,shungnak,supply,2030,spring,4,ethos,IMP_HYD,2030,HYD,4270.4932
BAU_UR,shungnak,supply,2030,spring,4,ethos,IMP_SOL,2030,SOL,47.774774
BAU_UR,shungnak,supply,2030,spring,4,ethos,IMP_WND,2030,WND,5407.4663
BAU_UR,shungnak,supply,2030,spring,5,ethos,IMP_DSL,2025,DSL,16323.015
BAU_UR,shungnak,supply,2030,spring,5,ethos,IMP_HYD,2025,HYD,4270.4932
BAU_UR,shungnak,supply,2030,spring,5,ethos,IMP_SOL,2025,SOL,211.00525
BAU_UR,shungnak,supply,2030,spring,5,ethos,IMP_WND,2025,WND,5646.541
BAU_UR,shungnak,supply,2030,spring,6,ethos,IMP_DSL,2025,DSL,15722.995
BAU_UR,shungnak,supply,2030,spring,6,ethos,IMP_HYD,2025,HYD,4270.4932
BAU_UR,shungnak,supply,2030,spring,6,ethos,IMP_SOL,2030,SOL,708.65914
BAU_UR,shungnak,supply,2030,spring,6,ethos,IMP_WND,2030,WND,5701.2909
BAU_UR,shungnak,supply,2030,spring,7,ethos,IMP_DSL,2030,DSL,16402.277
BAU_UR,shungnak,supply,2030,spring,7,ethos,IMP_HYD,2025,HYD,4270.4932
BAU_UR,shungnak,supply,2030,spring,7,ethos,IMP_SOL,2025,SOL,2277.2642
BAU_UR,shungnak,supply,2030,spring,7,ethos,IMP_WND,2030,WND,5469.5162
BAU_UR,shungnak,supply,2030,spring,8,ethos,IMP_DSL,2030,DSL,16572.089
BAU_UR,shungnak,supply,2030,spring,8,ethos,IMP_HYD,2030,HYD,4270.4932
BAU_UR,shungnak,supply,2030,spring,8,ethos,IMP_SOL,2025,SOL,5302.9999
BAU_UR,shungnak,supply,2030,spring,8,ethos,IMP_WND,2025,WND,5695.8159
BAU_UR,shungnak,supply,2030,spring,9,ethos,IMP_DSL,2025,DSL,6646.7683
BAU_UR,shungnak,supply,2030,spring,9,ethos,IMP_HYD,2030,HYD,4270.4932
BAU_UR,shungnak,supply,2030,spring,9,ethos,IMP_SOL,2030,SOL,9809.7535
BAU_UR,shungnak,supply,2030,spring,9,ethos,IMP_WND,2030,WND,5086.2669
BAU_UR,shungnak,supply,2030,summer,0,ethos,IMP_HYD,2025,HYD,10853.623
BAU_UR,shungnak,supply,2030,summer,0,ethos,IMP_SOL,2030,SOL,39.812311
BAU_UR,shungnak,supply,2030,summer,0,ethos,IMP_WND,2025,WND,1290.2729
BAU_UR,shungnak,supply,2030,summer,1,ethos,IMP_HYD,2030,HYD,10853.623
BAU_UR,shungnak,supply,2030,summer,1,ethos,IMP_WND,2030,WND,1020.1734
BAU_UR,shungnak,supply,2030,summer,10,ethos,IMP_HYD,2030,HYD,10853.623
BAU_UR,shungnak,supply,2030,summer,10,ethos,IMP_SOL,2030,SOL,12648.371
BAU_UR,shungnak,supply,2030,summer,10,ethos,IMP_WND,2025,WND,875.9986
BAU_UR,shungnak,supply,2030,summer,11,ethos,IMP_HYD,2025,HYD,10853.623
BAU_UR,shungnak,supply,2030,summer,11,ethos,IMP_SOL,2025,SOL,15100.81
BAU_UR,shungnak,supply,2030,summer,11,ethos,IMP_WND,2025,WND,762.84878
BAU_UR,shungnak,supply,2030,summer,12,ethos,IMP_HYD,2025,HYD,10853.623
BAU_UR,shungnak,supply,2030,summer,12,ethos,IMP_SOL,2025,SOL,16908.289
BAU_UR,shungnak,supply,2030,summer,12,ethos,IMP_WND,2030,WND,751.8988
BAU_UR,shungnak,supply,2030,summer,13,ethos,IMP_HYD,2025,HYD,10853.623
BAU_UR,shungnak,supply,2030,summer,13,ethos,IMP_SOL,2030,SOL,17784.159
BAU_UR,shungnak,supply,2030,summer,13,ethos,IMP_WND,2025,WND,797.52372
BAU_UR,shungnak,supply,2030,summer,14,ethos,IMP_HYD,2025,HYD,10853.623
BAU_UR,shungnak,supply,2030,summer,14,ethos,IMP_SOL,2030,SOL,18277.832
BAU_UR,shungnak,supply,2030,summer,14,ethos,IMP_WND,2025,WND,865.04862
BAU_UR,shungnak,supply,2030,summer,15,ethos,IMP_HYD,2025,HYD,10853.623
BAU_UR,shungnak,supply,2030,summer,15,ethos,IMP_SOL,2030,SOL,16466.372
BAU_UR,shungnak,supply,2030,summer,15,ethos,IMP_WND,2025,WND,766.49877
BAU_UR,shungnak,supply,2030,summer,16,ethos,IMP_HYD,2030,HYD,10853.623
BAU_UR,shungnak,supply,2030,summer,16,ethos,IMP_SOL,2025,SOL,15176.453
BAU_UR,shungnak,supply,2030,summer,16,ethos,IMP_WND,2025,WND,625.974
BAU_UR,shungnak,supply,2030,summer,17,ethos,IMP_HYD,2025,HYD,10853.623
BAU_UR,shungnak,supply,2030,summer,17,ethos,IMP_SOL,2025,SOL,12588.653
BAU_UR,shungnak,supply,2030,summer,17,ethos,IMP_WND,2025,WND,697.14888
BAU_UR,shungnak,supply,2030,summer,18,ethos,IMP_HYD,2030,HYD,10853.623
BAU_UR,shungnak,supply,2030,summer,18,ethos,IMP_SOL,2025,SOL,8977.6762
BAU_UR,shungnak,supply,2030,summer,18,ethos,IMP_WND,2025,WND,925.27352
BAU_UR,shungnak,supply,2030,summer,19,ethos,IMP_HYD,2030,HYD,10853.623
BAU_UR,shungnak,supply,2030,summer,19,ethos,IMP_SOL,2030,SOL,5231.3377
BAU_UR,shungnak,supply,2030,summer,19,ethos,IMP_WND,2030,WND,799.34872
BAU_UR,shungnak,supply,2030,summer,2,ethos,IMP_HYD,2030,HYD,10853.623
BAU_UR,shungnak,supply,2030,summer,2,ethos,IMP_WND,2030,WND,934.3985
BAU_UR,shungnak,supply,2030,summer,20,ethos,IMP_HYD,2025,HYD,10853.623
BAU_UR,shungnak,supply,2030,summer,20,ethos,IMP_SOL,2025,SOL,2711.2184
BAU_UR,shungnak,supply,2030,summer,20,ethos,IMP_WND,2030,WND,985.49842
BAU_UR,shungnak,supply,2030,summer,21,ethos,IMP_HYD,2025,HYD,10853.623
BAU_UR,shungnak,supply,2030,summer,21,ethos,IMP_SOL,2025,SOL,1234.1817
BAU_UR,shungnak,supply,2030,summer,21,ethos,IMP_WND,2030,WND,1419.8477
BAU_UR,shungnak,supply,2030,summer,22,ethos,IMP_HYD,2030,HYD,10853.623
BAU_UR,shungnak,supply,2030,summer,22,ethos,IMP_SOL,2030,SOL,744.49022
BAU_UR,shungnak,supply,2030,summer,22,ethos,IMP_WND,2025,WND,1385.1728
BAU_UR,shungnak,supply,2030,summer,23,ethos,IMP_HYD,2025,HYD,10853.623
BAU_UR,shungnak,supply,2030,summer,23,ethos,IMP_SOL,2025,SOL,218.96771
BAU_UR,shungnak,supply,2030,summer,23,ethos,IMP_WND,2025,WND,1520.2226
BAU_UR,shungnak,supply,2030,summer,3,ethos,IMP_HYD,2030,HYD,10853.623
BAU_UR,shungnak,supply,2030,summer,3,ethos,IMP_SOL,2025,SOL,47.774774
BAU_UR,shungnak,supply,2030,summer,3,ethos,IMP_WND,2030,WND,1067.6233
BAU_UR,shungnak,supply,2030,summer,4,ethos,IMP_HYD,2030,HYD,10853.623
BAU_UR,shungnak,supply,2030,summer,4,ethos,IMP_SOL,2025,SOL,306.5548
BAU_UR,shungnak,supply,2030,summer,4,ethos,IMP_WND,2030,WND,1091.3483
BAU_UR,shungnak,supply,2030,summer,5,ethos,IMP_HYD,2025,HYD,10853.623
BAU_UR,shungnak,supply,2030,summer,5,ethos,IMP_SOL,2025,SOL,593.20344
BAU_UR,shungnak,supply,2030,summer,5,ethos,IMP_WND,2030,WND,1131.4982
BAU_UR,shungnak,supply,2030,summer,6,ethos,IMP_HYD,2030,HYD,10853.623
BAU_UR,shungnak,supply,2030,summer,6,ethos,IMP_SOL,2030,SOL,1504.9054
BAU_UR,shungnak,supply,2030,summer,6,ethos,IMP_WND,2030,WND,1014.6984
BAU_UR,shungnak,supply,2030,summer,7,ethos,IMP_HYD,2030,HYD,10853.623
BAU_UR,shungnak,supply,2030,summer,7,ethos,IMP_SOL,2025,SOL,3603.0142
BAU_UR,shungnak,supply,2030,summer,7,ethos,IMP_WND,2025,WND,843.14865
BAU_UR,shungnak,supply,2030,summer,8,ethos,IMP_HYD,2025,HYD,10853.623
BAU_UR,shungnak,supply,2030,summer,8,ethos,IMP_SOL,2025,SOL,7058.7228
BAU_UR,shungnak,supply,2030,summer,8,ethos,IMP_WND,2025,WND,866.87361
BAU_UR,shungnak,supply,2030,summer,9,ethos,IMP_HYD,2030,HYD,10853.623
BAU_UR,shungnak,supply,2030,summer,9,ethos,IMP_SOL,2025,SOL,9642.5418
BAU_UR,shungnak,supply,2030,summer,9,ethos,IMP_WND,2030,WND,812.1237
BAU_UR,shungnak,supply,2030,winter,0,ethos,IMP_DSL,2025,DSL,8028.9551
BAU_UR,shungnak,supply,2030,winter,0,ethos,IMP_HYD,2030,HYD,1011.7784
BAU_UR,shungnak,supply,2030,winter,0,ethos,IMP_WND,2030,WND,5513.3162
BAU_UR,shungnak,supply,2030,winter,1,ethos,IMP_DSL,2030,DSL,34793.647
BAU_UR,shungnak,supply,2030,winter,1,ethos,IMP_HYD,2025,HYD,1011.7784
BAU_UR,shungnak,supply,2030,winter,1,ethos,IMP_WND,2030,WND,5620.991
BAU_UR,shungnak,supply,2030,winter,10,ethos,IMP_DSL,2025,DSL,53952.064
BAU_UR,shungnak,supply,2030,winter,10,ethos,IMP_HYD,2025,HYD,1011.7784
BAU_UR,shungnak,supply,2030,winter,10,ethos,IMP_SOL,2030,SOL,453.86035
BAU_UR,shungnak,supply,2030,winter,10,ethos,IMP_WND,2025,WND,5449.4413
BAU_UR,shungnak,supply,2030,winter,11,ethos,IMP_DSL,2030,DSL,53338.582
BAU_UR,shungnak,supply,2030,winter,11,ethos,IMP_HYD,2025,HYD,1011.7784
BAU_UR,shungnak,supply,2030,winter,11,ethos,IMP_SOL,2025,SOL,1540.7364
BAU_UR,shungnak,supply,2030,winter,11,ethos,IMP_WND,2025,WND,5442.1413
BAU_UR,shungnak,supply,2030,winter,12,ethos,IMP_DSL,2030,DSL,48174.969
BAU_UR,shungnak,supply,2030,winter,12,ethos,IMP_HYD,2030,HYD,1011.7784
BAU_UR,shungnak,supply,2030,winter,12,ethos,IMP_SOL,2025,SOL,2727.1433
BAU_UR,shungnak,supply,2030,winter,12,ethos,IMP_WND,2025,WND,5662.9659
BAU_UR,shungnak,supply,2030,winter,13,ethos,IMP_DSL,2025,DSL,43127.352
BAU_UR,shungnak,supply,2030,winter,13,ethos,IMP_HYD,2030,HYD,1011.7784
BAU_UR,shungnak,supply,2030,winter,13,ethos,IMP_SOL,2025,SOL,3507.4646
BAU_UR,shungnak,supply,2030,winter,13,ethos,IMP_WND,2030,WND,5902.0406
BAU_UR,shungnak,supply,2030,winter,14,ethos,IMP_DSL,2025,DSL,43028.311
BAU_UR,shungnak,supply,2030,winter,14,ethos,IMP_HYD,2025,HYD,1011.7784
BAU_UR,shungnak,supply,2030,winter,14,ethos,IMP_SOL,2025,SOL,3507.4646
BAU_UR,shungnak,supply,2030,winter,14,ethos,IMP_WND,2025,WND,5761.5158
BAU_UR,shungnak,supply,2030,winter,15,ethos,IMP_DSL,2030,DSL,41775.426
BAU_UR,shungnak,supply,2030,winter,15,ethos,IMP_HYD,2030,HYD,1011.7784
BAU_UR,shungnak,supply,2030,winter,15,ethos,IMP_SOL,2025,SOL,2591.7815
BAU_UR,shungnak,supply,2030,winter,15,ethos,IMP_WND,2030,WND,5883.7906
BAU_UR,shungnak,supply,2030,winter,16,ethos,IMP_DSL,2025,DSL,49103.576
BAU_UR,shungnak,supply,2030,winter,16,ethos,IMP_HYD,2030,HYD,1011.7784
BAU_UR,shungnak,supply,2030,winter,16,ethos,IMP_SOL,2030,SOL,1405.3746
BAU_UR,shungnak,supply,2030,winter,16,ethos,IMP_WND,2025,WND,5798.0157
BAU_UR,shungnak,supply,2030,winter,17,ethos,IMP_DSL,2030,DSL,58192.796
BAU_UR,shungnak,supply,2030,winter,17,ethos,IMP_HYD,2030,HYD,1011.7784
BAU_UR,shungnak,supply,2030,winter,17,ethos,IMP_SOL,2025,SOL,366.27326
BAU_UR,shungnak,supply,2030,winter,17,ethos,IMP_WND,2030,WND,5662.9659
BAU_UR,shungnak,supply,2030,winter,18,ethos,IMP_DSL,2030,DSL,59936.131
BAU_UR,shungnak,supply,2030,winter,18,ethos,IMP_HYD,2030,HYD,1011.7784
BAU_UR,shungnak,supply,2030,winter,18,ethos,IMP_SOL,2025,SOL,7.9624623
BAU_UR,shungnak,supply,2030,winter,18,ethos,IMP_WND,2030,WND,5602.741
BAU_UR,shungnak,supply,2030,winter,19,ethos,IMP_DSL,2025,DSL,49487.139
BAU_UR,shungnak,supply,2030,winter,19,ethos,IMP_HYD,2025,HYD,1011.7784
BAU_UR,shungnak,supply,2030,winter,19,ethos,IMP_WND,2025,WND,5679.3909
BAU_UR,shungnak,supply,2030,winter,2,ethos,IMP_DSL,2025,DSL,39484.658
BAU_UR,shungnak,supply,2030,winter,2,ethos,IMP_HYD,2030,HYD,1011.7784
BAU_UR,shungnak,supply,2030,winter,2,ethos,IMP_WND,2025,WND,5422.0663
BAU_UR,shungnak,supply,2030,winter,20,ethos,IMP_DSL,2030,DSL,49822.356
BAU_UR,shungnak,supply,2030,winter,20,ethos,IMP_HYD,2030,HYD,1011.7784
BAU_UR,shungnak,supply,2030,winter,20,ethos,IMP_WND,2025,WND,5739.6158
BAU_UR,shungnak,supply,2030,winter,21,ethos,IMP_DSL,2025,DSL,45425.403
BAU_UR,shungnak,supply,2030,winter,21,ethos,IMP_HYD,2025,HYD,1011.7784
BAU_UR,shungnak,supply,2030,winter,21,ethos,IMP_WND,2025,WND,6015.1904
BAU_UR,shungnak,supply,2030,winter,22,ethos,IMP_DSL,2025,DSL,42767.043
BAU_UR,shungnak,supply,2030,winter,22,ethos,IMP_HYD,2025,HYD,1011.7784
BAU_UR,shungnak,supply,2030,winter,22,ethos,IMP_WND,2030,WND,6048.0403
BAU_UR,shungnak,supply,2030,winter,23,ethos,IMP_DSL,2030,DSL,37585.036
BAU_UR,shungnak,supply,2030,winter,23,ethos,IMP_HYD,2025,HYD,1011.7784
BAU_UR,shungnak,supply,2030,winter,23,ethos,IMP_WND,2025,WND,5719.5408
BAU_UR,shungnak,supply,2030,winter,3,ethos,IMP_DSL,2025,DSL,37237.183
BAU_UR,shungnak,supply,2030,winter,3,ethos,IMP_HYD,2025,HYD,1011.7784
BAU_UR,shungnak,supply,2030,winter,3,ethos,IMP_WND,2030,WND,5141.0168
BAU_UR,shungnak,supply,2030,winter,4,ethos,IMP_DSL,2030,DSL,35483.009
BAU_UR,shungnak,supply,2030,winter,4,ethos,IMP_HYD,2025,HYD,1011.7784
BAU_UR,shungnak,supply,2030,winter,4,ethos,IMP_WND,2030,WND,5040.6419
BAU_UR,shungnak,supply,2030,winter,5,ethos,IMP_DSL,2030,DSL,35662.564
BAU_UR,shungnak,supply,2030,winter,5,ethos,IMP_HYD,2025,HYD,1011.7784
BAU_UR,shungnak,supply,2030,winter,5,ethos,IMP_WND,2025,WND,5153.7918
BAU_UR,shungnak,supply,2030,winter,6,ethos,IMP_DSL,2030,DSL,36569.173
BAU_UR,shungnak,supply,2030,winter,6,ethos,IMP_HYD,2030,HYD,1011.7784
BAU_UR,shungnak,supply,2030,winter,6,ethos,IMP_WND,2030,WND,5193.9417
BAU_UR,shungnak,supply,2030,winter,7,ethos,IMP_DSL,2030,DSL,35367.344
BAU_UR,shungnak,supply,2030,winter,7,ethos,IMP_HYD,2030,HYD,1011.7784
BAU_UR,shungnak,supply,2030,winter,7,ethos,IMP_WND,2030,WND,5254.1666
BAU_UR,shungnak,supply,2030,winter,8,ethos,IMP_DSL,2025,DSL,40227.815
BAU_UR,shungnak,supply,2030,winter,8,ethos,IMP_HYD,2025,HYD,1011.7784
BAU_UR,shungnak,supply,2030,winter,8,ethos,IMP_WND,2025,WND,5343.5915
BAU_UR,shungnak,supply,2030,winter,9,ethos,IMP_DSL,2025,DSL,49918.973
BAU_UR,shungnak,supply,2030,winter,9,ethos,IMP_HYD,2030,HYD,1011.7784
BAU_UR,shungnak,supply,2030,winter,9,ethos,IMP_WND,2030,WND,5706.7659
BAU_UR,shungnak,supply,2035,fall,0,ethos,IMP_HYD,2025,HYD,6057.5303
BAU_UR,shungnak,supply,2035,fall,0,ethos,IMP_WND,2030,WND,10796.683
BAU_UR,shungnak,supply,2035,fall,1,ethos,IMP_HYD,2035,HYD,6057.5303
BAU_UR,shungnak,supply,2035,fall,1,ethos,IMP_WND,2035,WND,11044.882
BAU_UR,shungnak,supply,2035,fall,10,ethos,IMP_HYD,2035,HYD,6057.5303
BAU_UR,shungnak,supply,2035,fall,10,ethos,IMP_SOL,2030,SOL,3866.0572
BAU_UR,shungnak,supply,2035,fall,10,ethos,IMP_WND,2035,WND,10479.133
BAU_UR,shungnak,supply,2035,fall,11,ethos,IMP_HYD,2025,HYD,6057.5303
BAU_UR,shungnak,supply,2035,fall,11,ethos,IMP_SOL,2030,SOL,7005.0795
BAU_UR,shungnak,supply,2035,fall,11,ethos,IMP_WND,2030,WND,10380.583
BAU_UR,shungnak,supply,2035,fall,12,ethos,IMP_HYD,2035,HYD,6057.5303
BAU_UR,shungnak,supply,2035,fall,12,ethos,IMP_SOL,2025,SOL,8645.8204
BAU_UR,shungnak,supply,2035,fall,12,ethos,IMP_WND,2035,WND,10435.333
BAU_UR,shungnak,supply,2035,fall,13,ethos,IMP_HYD,2035,HYD,6057.5303
BAU_UR,shungnak,supply,2035,fall,13,ethos,IMP_SOL,2030,SOL,9515.3148
BAU_UR,shungnak,supply,2035,fall,13,ethos,IMP_WND,2030,WND,10376.933
BAU_UR,shungnak,supply,2035,fall,14,ethos,IMP_HYD,2035,HYD,6057.5303
BAU_UR,shungnak,supply,2035,fall,14,ethos,IMP_SOL,2025,SOL,8984.7759
BAU_UR,shungnak,supply,2035,fall,14,ethos,IMP_WND,2030,WND,10519.283
BAU_UR,shungnak,supply,2035,fall,15,ethos,IMP_HYD,2035,HYD,6057.5303
BAU_UR,shungnak,supply,2035,fall,15,ethos,IMP_SOL,2025,SOL,7496.3193
BAU_UR,shungnak,supply,2035,fall,15,ethos,IMP_WND,2030,WND,10274.734
BAU_UR,shungnak,supply,2035,fall,16,ethos,IMP_HYD,2025,HYD,6057.5303
BAU_UR,shungnak,supply,2035,fall,16,ethos,IMP_SOL,2035,SOL,5172.755
BAU_UR,shungnak,supply,2035,fall,16,ethos,IMP_WND,2030,WND,10847.783
BAU_UR,shungnak,supply,2035,fall,17,ethos,IMP_HYD,2030,HYD,6057.5303
BAU_UR,shungnak,supply,2035,fall,17,ethos,IMP_SOL,2030,SOL,2613.3957
BAU_UR,shungnak,supply,2035,fall,17,ethos,IMP_WND,2030,WND,10942.682
BAU_UR,shungnak,supply,2035,fall,18,ethos,IMP_HYD,2025,HYD,6057.5303
BAU_UR,shungnak,supply,2035,fall,18,ethos,IMP_SOL,2025,SOL,918.61842
BAU_UR,shungnak,supply,2035,fall,18,ethos,IMP_WND,2025,WND,10413.433
BAU_UR,shungnak,supply,2035,fall,19,ethos,IMP_HYD,2030,HYD,6057.5303
BAU_UR,shungnak,supply,2035,fall,19,ethos,IMP_SOL,2035,SOL,225.97031
BAU_UR,shungnak,supply,2035,fall,19,ethos,IMP_WND,2030,WND,10292.984
BAU_UR,shungnak,supply,2035,fall,2,ethos,IMP_HYD,2035,HYD,6057.5303
BAU_UR,shungnak,supply,2035,fall,2,ethos,IMP_WND,2025,WND,11121.532
BAU_UR,shungnak,supply,2035,fall,20,ethos,IMP_HYD,2035,HYD,6057.5303
BAU_UR,shungnak,supply,2035,fall,20,ethos,IMP_SOL,2035,SOL,14.737194
BAU_UR,shungnak,supply,2035,fall,20,ethos,IMP_WND,2035,WND,10420.733
BAU_UR,shungnak,supply,2035,fall,21,ethos,IMP_HYD,2025,HYD,6057.5303
BAU_UR,shungnak,supply,2035,fall,21,ethos,IMP_WND,2035,WND,9964.4841
BAU_UR,shungnak,supply,2035,fall,22,ethos,IMP_HYD,2035,HYD,6057.5303
BAU_UR,shungnak,supply,2035,fall,22,ethos,IMP_WND,2035,WND,10610.533
BAU_UR,shungnak,supply,2035,fall,23,ethos,IMP_HYD,2030,HYD,6057.5303
BAU_UR,shungnak,supply,2035,fall,23,ethos,IMP_WND,2025,WND,10406.133
BAU_UR,shungnak,supply,2035,fall,3,ethos,IMP_HYD,2035,HYD,6057.5303
BAU_UR,shungnak,supply,2035,fall,3,ethos,IMP_WND,2025,WND,10971.882
BAU_UR,shungnak,supply,2035,fall,4,ethos,IMP_HYD,2025,HYD,6057.5303
BAU_UR,shungnak,supply,2035,fall,4,ethos,IMP_WND,2025,WND,10661.633
BAU_UR,shungnak,supply,2035,fall,5,ethos,IMP_HYD,2035,HYD,6057.5303
BAU_UR,shungnak,supply,2035,fall,5,ethos,IMP_WND,2035,WND,11033.932
BAU_UR,shungnak,supply,2035,fall,6,ethos,IMP_HYD,2025,HYD,6057.5303
BAU_UR,shungnak,supply,2035,fall,6,ethos,IMP_WND,2035,WND,10836.833
BAU_UR,shungnak,supply,2035,fall,7,ethos,IMP_HYD,2030,HYD,6057.5303
BAU_UR,shungnak,supply,2035,fall,7,ethos,IMP_SOL,2025,SOL,88.423163
BAU_UR,shungnak,supply,2035,fall,7,ethos,IMP_WND,2030,WND,10803.983
BAU_UR,shungnak,supply,2035,fall,8,ethos,IMP_HYD,2025,HYD,6057.5303
BAU_UR,shungnak,supply,2035,fall,8,ethos,IMP_SOL,2025,SOL,854.75724
BAU_UR,shungnak,supply,2035,fall,8,ethos,IMP_WND,2030,WND,11037.582
BAU_UR,shungnak,supply,2035,fall,9,ethos,IMP_HYD,2035,HYD,6057.5303
BAU_UR,shungnak,supply,2035,fall,9,ethos,IMP_SOL,2030,SOL,1822.4996
BAU_UR,shungnak,supply,2035,fall,9,ethos,IMP_WND,2025,WND,10621.483
BAU_UR,shungnak,supply,2035,spring,0,ethos,IMP_DSL,2035,DSL,6769.4129
BAU_UR,shungnak,supply,2035,spring,0,ethos,IMP_HYD,2035,HYD,4270.4932
BAU_UR,shungnak,supply,2035,spring,0,ethos,IMP_WND,2035,WND,10088.584
BAU_UR,shungnak,supply,2035,spring,1,ethos,IMP_DSL,2035,DSL,6876.7656
BAU_UR,shungnak,supply,2035,spring,1,ethos,IMP_HYD,2035,HYD,4270.4932
BAU_UR,shungnak,supply,2035,spring,1,ethos,IMP_WND,2035,WND,10052.084
BAU_UR,shungnak,supply,2035,spring,10,ethos,IMP_HYD,2030,HYD,4270.4932
BAU_UR,shungnak,supply,2035,spring,10,ethos,IMP_SOL,2035,SOL,17439.013
BAU_UR,shungnak,supply,2035,spring,10,ethos,IMP_WND,2035,WND,10008.284
BAU_UR,shungnak,supply,2035,spring,11,ethos,IMP_HYD,2035,HYD,4270.4932
BAU_UR,shungnak,supply,2035,spring,11,ethos,IMP_SOL,2025,SOL,21693.149
BAU_UR,shungnak,supply,2035,spring,11,ethos,IMP_WND,2030,WND,9460.7849
BAU_UR,shungnak,supply,2035,spring,12,ethos,IMP_HYD,2025,HYD,4270.4932
BAU_UR,shungnak,supply,2035,spring,12,ethos,IMP_SOL,2025,SOL,23702.32
BAU_UR,shungnak,supply,2035,spring,12,ethos,IMP_WND,2025,WND,8898.6858
BAU_UR,shungnak,supply,2035,spring,13,ethos,IMP_HYD,2030,HYD,4270.4932
BAU_UR,shungnak,supply,2035,spring,13,ethos,IMP_SOL,2030,SOL,24915.682
BAU_UR,shungnak,supply,2035,spring,13,ethos,IMP_WND,2035,WND,7800.0375
BAU_UR,shungnak,supply,2035,spring,14,ethos,IMP_HYD,2035,HYD,4270.4932
BAU_UR,shungnak,supply,2035,spring,14,ethos,IMP_SOL,2035,SOL,24817.434
BAU_UR,shungnak,supply,2035,spring,14,ethos,IMP_WND,2025,WND,7223.3384
BAU_UR,shungnak,supply,2035,spring,15,ethos,IMP_HYD,2035,HYD,4270.4932
BAU_UR,shungnak,supply,2035,spring,15,ethos,IMP_SOL,2035,SOL,23373.189
BAU_UR,shungnak,supply,2035,spring,15,ethos,IMP_WND,2035,WND,7383.9382
BAU_UR,shungnak,supply,2035,spring,16,ethos,IMP_HYD,2030,HYD,4270.4932
BAU_UR,shungnak,supply,2035,spring,16,ethos,IMP_SOL,2030,SOL,20298.028
BAU_UR,shungnak,supply,2035,spring,16,ethos,IMP_WND,2030,WND,7978.8872
BAU_UR,shungnak,supply,2035,spring,17,ethos,IMP_HYD,2025,HYD,4270.4932
BAU_UR,shungnak,supply,2035,spring,17,ethos,IMP_SOL,2025,SOL,15125.273
BAU_UR,shungnak,supply,2035,spring,17,ethos,IMP_WND,2035,WND,8088.3871
BAU_UR,shungnak,supply,2035,spring,18,ethos,IMP_HYD,2025,HYD,4270.4932
BAU_UR,shungnak,supply,2035,spring,18,ethos,IMP_SOL,2035,SOL,9166.5346
BAU_UR,shungnak,supply,2035,spring,18,ethos,IMP_WND,2025,WND,8336.5867
BAU_UR,shungnak,supply,2035,spring,19,ethos,IMP_HYD,2030,HYD,4270.4932
BAU_UR,shungnak,supply,2035,spring,19,ethos,IMP_SOL,2035,SOL,3988.8671
BAU_UR,shungnak,supply,2035,spring,19,ethos,IMP_WND,2035,WND,8584.7863
BAU_UR,shungnak,supply,2035,spring,2,ethos,IMP_DSL,2035,DSL,5409.8896
BAU_UR,shungnak,supply,2035,spring,2,ethos,IMP_HYD,2030,HYD,4270.4932
BAU_UR,shungnak,supply,2035,spring,2,ethos,IMP_WND,2035,WND,9818.4843
BAU_UR,shungnak,supply,2035,spring,20,ethos,IMP_HYD,2030,HYD,4270.4932
BAU_UR,shungnak,supply,2035,spring,20,ethos,IMP_SOL,2025,SOL,1454.0698
BAU_UR,shungnak,supply,2035,spring,20,ethos,IMP_WND,2035,WND,9095.7854
BAU_UR,shungnak,supply,2035,spring,21,ethos,IMP_HYD,2035,HYD,4270.4932
BAU_UR,shungnak,supply,2035,spring,21,ethos,IMP_SOL,2035,SOL,633.69934
BAU_UR,shungnak,supply,2035,spring,21,ethos,IMP_WND,2025,WND,8869.4858
BAU_UR,shungnak,supply,2035,spring,22,ethos,IMP_HYD,2035,HYD,4270.4932
BAU_UR,shungnak,supply,2035,spring,22,ethos,IMP_SOL,2035,SOL,245.6199
BAU_UR,shungnak,supply,2035,spring,22,ethos,IMP_WND,2025,WND,9898.7842
BAU_UR,shungnak,supply,2035,spring,23,ethos,IMP_HYD,2025,HYD,4270.4932
BAU_UR,shungnak,supply,2035,spring,23,ethos,IMP_SOL,2030,SOL,39.299184
BAU_UR,shungnak,supply,2035,spring,23,ethos,IMP_WND,2030,WND,10099.534
BAU_UR,shungnak,supply,2035,spring,3,ethos,IMP_DSL,2030,DSL,3971.3625
BAU_UR,shungnak,supply,2035,spring,3,ethos,IMP_HYD,2030,HYD,4270.4932
BAU_UR,shungnak,supply,2035,spring,3,ethos,IMP_WND,2030,WND,10307.584
BAU_UR,shungnak,supply,2035,spring,4,ethos,IMP_DSL,2030,DSL,2844.2637
BAU_UR,shungnak,supply,2035,spring,4,ethos,IMP_HYD,2035,HYD,4270.4932
BAU_UR,shungnak,supply,2035,spring,4,ethos,IMP_SOL,2035,SOL,58.948775
BAU_UR,shungnak,supply,2035,spring,4,ethos,IMP_WND,2035,WND,10814.933
BAU_UR,shungnak,supply,2035,spring,5,ethos,IMP_DSL,2035,DSL,1922.5319
BAU_UR,shungnak,supply,2035,spring,5,ethos,IMP_HYD,2035,HYD,4270.4932
BAU_UR,shungnak,supply,2035,spring,5,ethos,IMP_SOL,2030,SOL,260.35709
BAU_UR,shungnak,supply,2035,spring,5,ethos,IMP_WND,2030,WND,11293.082
BAU_UR,shungnak,supply,2035,spring,6,ethos,IMP_DSL,2035,DSL,871.41178
BAU_UR,shungnak,supply,2035,spring,6,ethos,IMP_HYD,2025,HYD,4270.4932
BAU_UR,shungnak,supply,2035,spring,6,ethos,IMP_SOL,2025,SOL,874.40684
BAU_UR,shungnak,supply,2035,spring,6,ethos,IMP_WND,2030,WND,11402.582
BAU_UR,shungnak,supply,2035,spring,7,ethos,IMP_DSL,2035,DSL,1388.5405
BAU_UR,shungnak,supply,2035,spring,7,ethos,IMP_HYD,2025,HYD,4270.4932
BAU_UR,shungnak,supply,2035,spring,7,ethos,IMP_SOL,2035,SOL,2809.8916
BAU_UR,shungnak,supply,2035,spring,7,ethos,IMP_WND,2025,WND,10939.032
BAU_UR,shungnak,supply,2035,spring,8,ethos,IMP_HYD,2035,HYD,4270.4932
BAU_UR,shungnak,supply,2035,spring,8,ethos,IMP_SOL,2035,SOL,6543.3141
BAU_UR,shungnak,supply,2035,spring,8,ethos,IMP_WND,2025,WND,11391.632
BAU_UR,shungnak,supply,2035,spring,9,ethos,IMP_HYD,2030,HYD,4270.4932
BAU_UR,shungnak,supply,2035,spring,9,ethos,IMP_SOL,2035,SOL,12104.149
BAU_UR,shungnak,supply,2035,spring,9,ethos,IMP_WND,2035,WND,10172.534
BAU_UR,shungnak,supply,2035,summer,0,ethos,IMP_HYD,2035,HYD,10853.623
BAU_UR,shungnak,supply,2035,summer,0,ethos,IMP_SOL,2035,SOL,49.12398
BAU_UR,shungnak,supply,2035,summer,0,ethos,IMP_WND,2030,WND,2580.5459
BAU_UR,shungnak,supply,2035,summer,1,ethos,IMP_HYD,2035,HYD,10853.623
BAU_UR,shungnak,supply,2035,summer,1,ethos,IMP_WND,2030,WND,2040.3467
BAU_UR,shungnak,supply,2035,summer,10,ethos,IMP_HYD,2025,HYD,10853.623
BAU_UR,shungnak,supply,2035,summer,10,ethos,IMP_SOL,2025,SOL,15606.688
BAU_UR,shungnak,supply,2035,summer,10,ethos,IMP_WND,2025,WND,1751.9972
BAU_UR,shungnak,supply,2035,summer,11,ethos,IMP_HYD,2030,HYD,10853.623
BAU_UR,shungnak,supply,2035,summer,11,ethos,IMP_SOL,2025,SOL,18632.725
BAU_UR,shungnak,supply,2035,summer,11,ethos,IMP_WND,2030,WND,1525.6976
BAU_UR,shungnak,supply,2035,summer,12,ethos,IMP_HYD,2035,HYD,10853.623
BAU_UR,shungnak,supply,2035,summer,12,ethos,IMP_SOL,2035,SOL,20862.954
BAU_UR,shungnak,supply,2035,summer,12,ethos,IMP_WND,2030,WND,1503.7976
BAU_UR,shungnak,supply,2035,summer,13,ethos,IMP_HYD,2035,HYD,10853.623
BAU_UR,shungnak,supply,2035,summer,13,ethos,IMP_SOL,2025,SOL,21943.682
BAU_UR,shungnak,supply,2035,summer,13,ethos,IMP_WND,2035,WND,1595.0474
BAU_UR,shungnak,supply,2035,summer,14,ethos,IMP_HYD,2035,HYD,10853.623
BAU_UR,shungnak,supply,2035,summer,14,ethos,IMP_SOL,2030,SOL,22552.819
BAU_UR,shungnak,supply,2035,summer,14,ethos,IMP_WND,2030,WND,1730.0972
BAU_UR,shungnak,supply,2035,summer,15,ethos,IMP_HYD,2025,HYD,10853.623
BAU_UR,shungnak,supply,2035,summer,15,ethos,IMP_SOL,2030,SOL,20317.678
BAU_UR,shungnak,supply,2035,summer,15,ethos,IMP_WND,2030,WND,1532.9975
BAU_UR,shungnak,supply,2035,summer,16,ethos,IMP_HYD,2030,HYD,10853.623
BAU_UR,shungnak,supply,2035,summer,16,ethos,IMP_SOL,2030,SOL,18726.061
BAU_UR,shungnak,supply,2035,summer,16,ethos,IMP_WND,2035,WND,1251.948
BAU_UR,shungnak,supply,2035,summer,17,ethos,IMP_HYD,2035,HYD,10853.623
BAU_UR,shungnak,supply,2035,summer,17,ethos,IMP_SOL,2035,SOL,15533.002
BAU_UR,shungnak,supply,2035,summer,17,ethos,IMP_WND,2035,WND,1394.2978
BAU_UR,shungnak,supply,2035,summer,18,ethos,IMP_HYD,2035,HYD,10853.623
BAU_UR,shungnak,supply,2035,summer,18,ethos,IMP_SOL,2025,SOL,11077.457
BAU_UR,shungnak,supply,2035,summer,18,ethos,IMP_WND,2025,WND,1850.547
BAU_UR,shungnak,supply,2035,summer,19,ethos,IMP_HYD,2035,HYD,10853.623
BAU_UR,shungnak,supply,2035,summer,19,ethos,IMP_SOL,2030,SOL,6454.8909
BAU_UR,shungnak,supply,2035,summer,19,ethos,IMP_WND,2025,WND,1598.6974
BAU_UR,shungnak,supply,2035,summer,2,ethos,IMP_HYD,2025,HYD,10853.623
BAU_UR,shungnak,supply,2035,summer,2,ethos,IMP_WND,2035,WND,1868.797
BAU_UR,shungnak,supply,2035,summer,20,ethos,IMP_HYD,2025,HYD,10853.623
BAU_UR,shungnak,supply,2035,summer,20,ethos,IMP_SOL,2030,SOL,3345.343
BAU_UR,shungnak,supply,2035,summer,20,ethos,IMP_WND,2030,WND,1970.9968
BAU_UR,shungnak,supply,2035,summer,21,ethos,IMP_HYD,2030,HYD,10853.623
BAU_UR,shungnak,supply,2035,summer,21,ethos,IMP_SOL,2025,SOL,1522.8434
BAU_UR,shungnak,supply,2035,summer,21,ethos,IMP_WND,2035,WND,2839.6955
BAU_UR,shungnak,supply,2035,summer,22,ethos,IMP_HYD,2030,HYD,10853.623
BAU_UR,shungnak,supply,2035,summer,22,ethos,IMP_SOL,2035,SOL,918.61842
BAU_UR,shungnak,supply,2035,summer,22,ethos,IMP_WND,2025,WND,2770.3456
BAU_UR,shungnak,supply,2035,summer,23,ethos,IMP_HYD,2035,HYD,10853.623
BAU_UR,shungnak,supply,2035,summer,23,ethos,IMP_SOL,2030,SOL,270.18189
BAU_UR,shungnak,supply,2035,summer,23,ethos,IMP_WND,2030,WND,3040.4451
BAU_UR,shungnak,supply,2035,summer,3,ethos,IMP_HYD,2030,HYD,10853.623
BAU_UR,shungnak,supply,2035,summer,3,ethos,IMP_SOL,2030,SOL,58.948775
BAU_UR,shungnak,supply,2035,summer,3,ethos,IMP_WND,2025,WND,2135.2466
BAU_UR,shungnak,supply,2035,summer,4,ethos,IMP_HYD,2025,HYD,10853.623
BAU_UR,shungnak,supply,2035,summer,4,ethos,IMP_SOL,2025,SOL,378.25464
BAU_UR,shungnak,supply,2035,summer,4,ethos,IMP_WND,2030,WND,2182.6965
BAU_UR,shungnak,supply,2035,summer,5,ethos,IMP_HYD,2025,HYD,10853.623
BAU_UR,shungnak,supply,2035,summer,5,ethos,IMP_SOL,2030,SOL,731.94729
BAU_UR,shungnak,supply,2035,summer,5,ethos,IMP_WND,2030,WND,2262.9964
BAU_UR,shungnak,supply,2035,summer,6,ethos,IMP_HYD,2035,HYD,10853.623
BAU_UR,shungnak,supply,2035,summer,6,ethos,IMP_SOL,2035,SOL,1856.8864
BAU_UR,shungnak,supply,2035,summer,6,ethos,IMP_WND,2025,WND,2029.3968
BAU_UR,shungnak,supply,2035,summer,7,ethos,IMP_HYD,2030,HYD,10853.623
BAU_UR,shungnak,supply,2035,summer,7,ethos,IMP_SOL,2035,SOL,4445.7201
BAU_UR,shungnak,supply,2035,summer,7,ethos,IMP_WND,2030,WND,1686.2973
BAU_UR,shungnak,supply,2035,summer,8,ethos,IMP_HYD,2030,HYD,10853.623
BAU_UR,shungnak,supply,2035,summer,8,ethos,IMP_SOL,2030,SOL,8709.6816
BAU_UR,shungnak,supply,2035,summer,8,ethos,IMP_WND,2035,WND,1733.7472
BAU_UR,shungnak,supply,2035,summer,9,ethos,IMP_HYD,2025,HYD,10853.623
BAU_UR,shungnak,supply,2035,summer,9,ethos,IMP_SOL,2025,SOL,11897.828
BAU_UR,shungnak,supply,2035,summer,9,ethos,IMP_WND,2030,WND,1624.2474
BAU_UR,shungnak,supply,2035,winter,0,ethos,IMP_HYD,2025,HYD,1011.7784
BAU_UR,shungnak,supply,2035,winter,0,ethos,IMP_WND,2030,WND,11026.632
BAU_UR,shungnak,supply,2035,winter,1,ethos,IMP_HYD,2035,HYD,1011.7784
BAU_UR,shungnak,supply,2035,winter,1,ethos,IMP_WND,2035,WND,11241.982
BAU_UR,shungnak,supply,2035,winter,10,ethos,IMP_HYD,2035,HYD,1011.7784
BAU_UR,shungnak,supply,2035,winter,10,ethos,IMP_SOL,2035,SOL,560.01337
BAU_UR,shungnak,supply,2035,winter,10,ethos,IMP_WND,2035,WND,10898.883
BAU_UR,shungnak,supply,2035,winter,11,ethos,IMP_HYD,2030,HYD,1011.7784
BAU_UR,shungnak,supply,2035,winter,11,ethos,IMP_SOL,2030,SOL,1901.098
BAU_UR,shungnak,supply,2035,winter,11,ethos,IMP_WND,2025,WND,10884.283
BAU_UR,shungnak,supply,2035,winter,12,ethos,IMP_HYD,2035,HYD,1011.7784
BAU_UR,shungnak,supply,2035,winter,12,ethos,IMP_SOL,2025,SOL,3364.9926
BAU_UR,shungnak,supply,2035,winter,12,ethos,IMP_WND,2025,WND,11325.932
BAU_UR,shungnak,supply,2035,winter,13,ethos,IMP_HYD,2035,HYD,1011.7784
BAU_UR,shungnak,supply,2035,winter,13,ethos,IMP_SOL,2025,SOL,4327.8226
BAU_UR,shungnak,supply,2035,winter,13,ethos,IMP_WND,2035,WND,11804.081
BAU_UR,shungnak,supply,2035,winter,14,ethos,IMP_HYD,2035,HYD,1011.7784
BAU_UR,shungnak,supply,2035,winter,14,ethos,IMP_SOL,2030,SOL,4327.8226
BAU_UR,shungnak,supply,2035,winter,14,ethos,IMP_WND,2030,WND,11523.032
BAU_UR,shungnak,supply,2035,winter,15,ethos,IMP_HYD,2025,HYD,1011.7784
BAU_UR,shungnak,supply,2035,winter,15,ethos,IMP_SOL,2030,SOL,3197.9711
BAU_UR,shungnak,supply,2035,winter,15,ethos,IMP_WND,2025,WND,11767.581
BAU_UR,shungnak,supply,2035,winter,16,ethos,IMP_HYD,2030,HYD,1011.7784
BAU_UR,shungnak,supply,2035,winter,16,ethos,IMP_SOL,2025,SOL,1734.0765
BAU_UR,shungnak,supply,2035,winter,16,ethos,IMP_WND,2035,WND,11596.031
BAU_UR,shungnak,supply,2035,winter,17,ethos,IMP_HYD,2035,HYD,1011.7784
BAU_UR,shungnak,supply,2035,winter,17,ethos,IMP_SOL,2030,SOL,451.94061
BAU_UR,shungnak,supply,2035,winter,17,ethos,IMP_WND,2030,WND,11325.932
BAU_UR,shungnak,supply,2035,winter,18,ethos,IMP_DSL,2025,DSL,38942.07
BAU_UR,shungnak,supply,2035,winter,18,ethos,IMP_HYD,2035,HYD,1011.7784
BAU_UR,shungnak,supply,2035,winter,18,ethos,IMP_SOL,2035,SOL,9.8247959
BAU_UR,shungnak,supply,2035,winter,18,ethos,IMP_WND,2025,WND,11205.482
BAU_UR,shungnak,supply,2035,winter,19,ethos,IMP_HYD,2035,HYD,1011.7784
BAU_UR,shungnak,supply,2035,winter,19,ethos,IMP_WND,2030,WND,11358.782
BAU_UR,shungnak,supply,2035,winter,2,ethos,IMP_HYD,2035,HYD,1011.7784
BAU_UR,shungnak,supply,2035,winter,2,ethos,IMP_WND,2025,WND,10844.133
BAU_UR,shungnak,supply,2035,winter,20,ethos,IMP_DSL,2030,DSL,13341.372
BAU_UR,shungnak,supply,2035,winter,20,ethos,IMP_HYD,2035,HYD,1011.7784
BAU_UR,shungnak,supply,2035,winter,20,ethos,IMP_WND,2035,WND,11479.232
BAU_UR,shungnak,supply,2035,winter,21,ethos,IMP_DSL,2035,DSL,31105.071
BAU_UR,shungnak,supply,2035,winter,21,ethos,IMP_HYD,2035,HYD,1011.7784
BAU_UR,shungnak,supply,2035,winter,21,ethos,IMP_WND,2030,WND,12030.381
BAU_UR,shungnak,supply,2035,winter,22,ethos,IMP_DSL,2030,DSL,28219.419
BAU_UR,shungnak,supply,2035,winter,22,ethos,IMP_HYD,2035,HYD,1011.7784
BAU_UR,shungnak,supply,2035,winter,22,ethos,IMP_WND,2025,WND,12096.081
BAU_UR,shungnak,supply,2035,winter,23,ethos,IMP_DSL,2030,DSL,23689.968
BAU_UR,shungnak,supply,2035,winter,23,ethos,IMP_HYD,2030,HYD,1011.7784
BAU_UR,shungnak,supply,2035,winter,23,ethos,IMP_WND,2030,WND,11439.082
BAU_UR,shungnak,supply,2035,winter,3,ethos,IMP_HYD,2030,HYD,1011.7784
BAU_UR,shungnak,supply,2035,winter,3,ethos,IMP_WND,2025,WND,10282.034
BAU_UR,shungnak,supply,2035,winter,4,ethos,IMP_HYD,2025,HYD,1011.7784
BAU_UR,shungnak,supply,2035,winter,4,ethos,IMP_WND,2030,WND,10081.284
BAU_UR,shungnak,supply,2035,winter,5,ethos,IMP_HYD,2030,HYD,1011.7784
BAU_UR,shungnak,supply,2035,winter,5,ethos,IMP_WND,2025,WND,10307.584
BAU_UR,shungnak,supply,2035,winter,6,ethos,IMP_HYD,2030,HYD,1011.7784
BAU_UR,shungnak,supply,2035,winter,6,ethos,IMP_WND,2025,WND,10387.883
BAU_UR,shungnak,supply,2035,winter,7,ethos,IMP_HYD,2035,HYD,1011.7784
BAU_UR,shungnak,supply,2035,winter,7,ethos,IMP_WND,2025,WND,10508.333
BAU_UR,shungnak,supply,2035,winter,8,ethos,IMP_HYD,2035,HYD,1011.7784
BAU_UR,shungnak,supply,2035,winter,8,ethos,IMP_WND,2025,WND,10687.183
BAU_UR,shungnak,supply,2035,winter,9,ethos,IMP_HYD,2035,HYD,1011.7784
BAU_UR,shungnak,supply,2035,winter,9,ethos,IMP_WND,2030,WND,11413.532
BAU_UR,shungnak,supply,2040,fall,0,ethos,IMP_HYD,2030,HYD,6057.5303
BAU_UR,shungnak,supply,2040,fall,0,ethos,IMP_WND,2030,WND,13495.853
BAU_UR,shungnak,supply,2040,fall,1,ethos,IMP_HYD,2025,HYD,6057.5303
BAU_UR,shungnak,supply,2040,fall,1,ethos,IMP_WND,2035,WND,13806.103
BAU_UR,shungnak,supply,2040,fall,10,ethos,IMP_HYD,2040,HYD,6057.5303
BAU_UR,shungnak,supply,2040,fall,10,ethos,IMP_SOL,2040,SOL,3866.0572
BAU_UR,shungnak,supply,2040,fall,10,ethos,IMP_WND,2040,WND,13098.917
BAU_UR,shungnak,supply,2040,fall,11,ethos,IMP_HYD,2030,HYD,6057.5303
BAU_UR,shungnak,supply,2040,fall,11,ethos,IMP_SOL,2030,SOL,7005.0795
BAU_UR,shungnak,supply,2040,fall,11,ethos,IMP_WND,2030,WND,12975.729
BAU_UR,shungnak,supply,2040,fall,12,ethos,IMP_HYD,2025,HYD,6057.5303
BAU_UR,shungnak,supply,2040,fall,12,ethos,IMP_SOL,2035,SOL,8645.8204
BAU_UR,shungnak,supply,2040,fall,12,ethos,IMP_WND,2035,WND,13044.167
BAU_UR,shungnak,supply,2040,fall,13,ethos,IMP_HYD,2025,HYD,6057.5303
BAU_UR,shungnak,supply,2040,fall,13,ethos,IMP_SOL,2025,SOL,9515.3148
BAU_UR,shungnak,supply,2040,fall,13,ethos,IMP_WND,2035,WND,12971.167
BAU_UR,shungnak,supply,2040,fall,14,ethos,IMP_HYD,2035,HYD,6057.5303
BAU_UR,shungnak,supply,2040,fall,14,ethos,IMP_SOL,2025,SOL,8984.7759
BAU_UR,shungnak,supply,2040,fall,14,ethos,IMP_WND,2030,WND,13149.104
BAU_UR,shungnak,supply,2040,fall,15,ethos,IMP_HYD,2040,HYD,6057.5303
BAU_UR,shungnak,supply,2040,fall,15,ethos,IMP_SOL,2025,SOL,7496.3193
BAU_UR,shungnak,supply,2040,fall,15,ethos,IMP_WND,2025,WND,12843.417
BAU_UR,shungnak,supply,2040,fall,16,ethos,IMP_HYD,2030,HYD,6057.5303
BAU_UR,shungnak,supply,2040,fall,16,ethos,IMP_SOL,2040,SOL,5172.755
BAU_UR,shungnak,supply,2040,fall,16,ethos,IMP_WND,2040,WND,13559.728
BAU_UR,shungnak,supply,2040,fall,17,ethos,IMP_HYD,2040,HYD,6057.5303
BAU_UR,shungnak,supply,2040,fall,17,ethos,IMP_SOL,2040,SOL,2613.3957
BAU_UR,shungnak,supply,2040,fall,17,ethos,IMP_WND,2035,WND,13678.353
BAU_UR,shungnak,supply,2040,fall,18,ethos,IMP_HYD,2030,HYD,6057.5303
BAU_UR,shungnak,supply,2040,fall,18,ethos,IMP_SOL,2040,SOL,918.61842
BAU_UR,shungnak,supply,2040,fall,18,ethos,IMP_WND,2040,WND,13016.792
BAU_UR,shungnak,supply,2040,fall,19,ethos,IMP_HYD,2030,HYD,6057.5303
BAU_UR,shungnak,supply,2040,fall,19,ethos,IMP_SOL,2030,SOL,225.97031
BAU_UR,shungnak,supply,2040,fall,19,ethos,IMP_WND,2035,WND,12866.229
BAU_UR,shungnak,supply,2040,fall,2,ethos,IMP_HYD,2035,HYD,6057.5303
BAU_UR,shungnak,supply,2040,fall,2,ethos,IMP_WND,2025,WND,13901.915
BAU_UR,shungnak,supply,2040,fall,20,ethos,IMP_HYD,2025,HYD,6057.5303
BAU_UR,shungnak,supply,2040,fall,20,ethos,IMP_SOL,2030,SOL,14.737194
BAU_UR,shungnak,supply,2040,fall,20,ethos,IMP_WND,2040,WND,13025.917
BAU_UR,shungnak,supply,2040,fall,21,ethos,IMP_HYD,2025,HYD,6057.5303
BAU_UR,shungnak,supply,2040,fall,21,ethos,IMP_WND,2025,WND,12455.605
BAU_UR,shungnak,supply,2040,fall,22,ethos,IMP_HYD,2040,HYD,6057.5303
BAU_UR,shungnak,supply,2040,fall,22,ethos,IMP_WND,2040,WND,13263.166
BAU_UR,shungnak,supply,2040,fall,23,ethos,IMP_HYD,2030,HYD,6057.5303
BAU_UR,shungnak,supply,2040,fall,23,ethos,IMP_WND,2030,WND,13007.667
BAU_UR,shungnak,supply,2040,fall,3,ethos,IMP_HYD,2030,HYD,6057.5303
BAU_UR,shungnak,supply,2040,fall,3,ethos,IMP_WND,2030,WND,13714.853
BAU_UR,shungnak,supply,2040,fall,4,ethos,IMP_HYD,2030,HYD,6057.5303
BAU_UR,shungnak,supply,2040,fall,4,ethos,IMP_WND,2025,WND,13327.041
BAU_UR,shungnak,supply,2040,fall,5,ethos,IMP_HYD,2040,HYD,6057.5303
BAU_UR,shungnak,supply,2040,fall,5,ethos,IMP_WND,2040,WND,13792.415
BAU_UR,shungnak,supply,2040,fall,6,ethos,IMP_HYD,2040,HYD,6057.5303
BAU_UR,shungnak,supply,2040,fall,6,ethos,IMP_WND,2025,WND,13546.041
BAU_UR,shungnak,supply,2040,fall,7,ethos,IMP_HYD,2040,HYD,6057.5303
BAU_UR,shungnak,supply,2040,fall,7,ethos,IMP_SOL,2040,SOL,88.423163
BAU_UR,shungnak,supply,2040,fall,7,ethos,IMP_WND,2035,WND,13504.978
BAU_UR,shungnak,supply,2040,fall,8,ethos,IMP_HYD,2025,HYD,6057.5303
BAU_UR,shungnak,supply,2040,fall,8,ethos,IMP_SOL,2035,SOL,854.75724
BAU_UR,shungnak,supply,2040,fall,8,ethos,IMP_WND,2040,WND,13796.978
BAU_UR,shungnak,supply,2040,fall,9,ethos,IMP_HYD,2035,HYD,6057.5303
BAU_UR,shungnak,supply,2040,fall,9,ethos,IMP_SOL,2035,SOL,1822.4996
BAU_UR,shungnak,supply,2040,fall,9,ethos,IMP_WND,2040,WND,13276.854
BAU_UR,shungnak,supply,2040,spring,0,ethos,IMP_HYD,2025,HYD,4270.4932
BAU_UR,shungnak,supply,2040,spring,0,ethos,IMP_WND,2030,WND,12610.73
BAU_UR,shungnak,supply,2040,spring,1,ethos,IMP_HYD,2030,HYD,4270.4932
BAU_UR,shungnak,supply,2040,spring,1,ethos,IMP_WND,2040,WND,12565.105
BAU_UR,shungnak,supply,2040,spring,10,ethos,IMP_HYD,2025,HYD,4270.4932
BAU_UR,shungnak,supply,2040,spring,10,ethos,IMP_SOL,2040,SOL,14133.371
BAU_UR,shungnak,supply,2040,spring,10,ethos,IMP_WND,2025,WND,7188.4632
BAU_UR,shungnak,supply,2040,spring,11,ethos,IMP_HYD,2040,HYD,4270.4932
BAU_UR,shungnak,supply,2040,spring,11,ethos,IMP_SOL,2025,SOL,21693.149
BAU_UR,shungnak,supply,2040,spring,11,ethos,IMP_WND,2030,WND,205.95483
BAU_UR,shungnak,supply,2040,spring,12,ethos,IMP_HYD,2025,HYD,4270.4932
BAU_UR,shungnak,supply,2040,spring,12,ethos,IMP_SOL,2030,SOL,17392.282
BAU_UR,shungnak,supply,2040,spring,12,ethos,IMP_WND,2025,WND,11123.357
BAU_UR,shungnak,supply,2040,spring,13,ethos,IMP_HYD,2040,HYD,4270.4932
BAU_UR,shungnak,supply,2040,spring,13,ethos,IMP_SOL,2025,SOL,24915.682
BAU_UR,shungnak,supply,2040,spring,13,ethos,IMP_WND,2030,WND,9750.0469
BAU_UR,shungnak,supply,2040,spring,14,ethos,IMP_HYD,2040,HYD,3398.715
BAU_UR,shungnak,supply,2040,spring,14,ethos,IMP_SOL,2025,SOL,13292.578
BAU_UR,shungnak,supply,2040,spring,14,ethos,IMP_WND,2035,WND,9029.1731
BAU_UR,shungnak,supply,2040,spring,15,ethos,IMP_HYD,2040,HYD,4270.4932
BAU_UR,shungnak,supply,2040,spring,15,ethos,IMP_SOL,2025,SOL,23373.189
BAU_UR,shungnak,supply,2040,spring,15,ethos,IMP_WND,2030,WND,9229.9227
BAU_UR,shungnak,supply,2040,spring,16,ethos,IMP_HYD,2025,HYD,4270.4932
BAU_UR,shungnak,supply,2040,spring,16,ethos,IMP_SOL,2035,SOL,20298.028
BAU_UR,shungnak,supply,2040,spring,16,ethos,IMP_WND,2025,WND,9973.609
BAU_UR,shungnak,supply,2040,spring,17,ethos,IMP_HYD,2030,HYD,4270.4932
BAU_UR,shungnak,supply,2040,spring,17,ethos,IMP_SOL,2040,SOL,15125.273
BAU_UR,shungnak,supply,2040,spring,17,ethos,IMP_WND,2025,WND,10110.484
BAU_UR,shungnak,supply,2040,spring,18,ethos,IMP_HYD,2040,HYD,4270.4932
BAU_UR,shungnak,supply,2040,spring,18,ethos,IMP_SOL,2030,SOL,9166.5346
BAU_UR,shungnak,supply,2040,spring,18,ethos,IMP_WND,2040,WND,10420.733
BAU_UR,shungnak,supply,2040,spring,19,ethos,IMP_HYD,2025,HYD,4270.4932
BAU_UR,shungnak,supply,2040,spring,19,ethos,IMP_SOL,2040,SOL,3988.8671
BAU_UR,shungnak,supply,2040,spring,19,ethos,IMP_WND,2025,WND,10730.983
BAU_UR,shungnak,supply,2040,spring,2,ethos,IMP_HYD,2035,HYD,4270.4932
BAU_UR,shungnak,supply,2040,spring,2,ethos,IMP_WND,2025,WND,12273.105
BAU_UR,shungnak,supply,2040,spring,20,ethos,IMP_HYD,2040,HYD,4270.4932
BAU_UR,shungnak,supply,2040,spring,20,ethos,IMP_SOL,2040,SOL,1454.0698
BAU_UR,shungnak,supply,2040,spring,20,ethos,IMP_WND,2030,WND,11369.732
BAU_UR,shungnak,supply,2040,spring,21,ethos,IMP_HYD,2035,HYD,4270.4932
BAU_UR,shungnak,supply,2040,spring,21,ethos,IMP_SOL,2025,SOL,633.69934
BAU_UR,shungnak,supply,2040,spring,21,ethos,IMP_WND,2035,WND,11086.857
BAU_UR,shungnak,supply,2040,spring,22,ethos,IMP_HYD,2035,HYD,4270.4932
BAU_UR,shungnak,supply,2040,spring,22,ethos,IMP_SOL,2035,SOL,245.6199
BAU_UR,shungnak,supply,2040,spring,22,ethos,IMP_WND,2025,WND,12373.48
BAU_UR,shungnak,supply,2040,spring,23,ethos,IMP_HYD,2025,HYD,4270.4932
BAU_UR,shungnak,supply,2040,spring,23,ethos,IMP_SOL,2040,SOL,39.299184
BAU_UR,shungnak,supply,2040,spring,23,ethos,IMP_WND,2025,WND,12624.417
BAU_UR,shungnak,supply,2040,spring,3,ethos,IMP_HYD,2025,HYD,4270.4932
BAU_UR,shungnak,supply,2040,spring,3,ethos,IMP_WND,2035,WND,12470.352
BAU_UR,shungnak,supply,2040,spring,4,ethos,IMP_HYD,2040,HYD,4270.4932
BAU_UR,shungnak,supply,2040,spring,4,ethos,IMP_SOL,2040,SOL,20.399817
BAU_UR,shungnak,supply,2040,spring,4,ethos,IMP_WND,2025,WND,12642.376
BAU_UR,shungnak,supply,2040,spring,5,ethos,IMP_HYD,2025,HYD,4270.4932
BAU_UR,shungnak,supply,2040,spring,5,ethos,IMP_SOL,2025,SOL,90.099193
BAU_UR,shungnak,supply,2040,spring,5,ethos,IMP_WND,2040,WND,12957.524
BAU_UR,shungnak,supply,2040,spring,6,ethos,IMP_HYD,2025,HYD,4270.4932
BAU_UR,shungnak,supply,2040,spring,6,ethos,IMP_SOL,2030,SOL,874.40684
BAU_UR,shungnak,supply,2040,spring,6,ethos,IMP_WND,2025,WND,12558.063
BAU_UR,shungnak,supply,2040,spring,7,ethos,IMP_HYD,2040,HYD,4270.4932
BAU_UR,shungnak,supply,2040,spring,7,ethos,IMP_SOL,2030,SOL,2809.8916
BAU_UR,shungnak,supply,2040,spring,7,ethos,IMP_WND,2025,WND,12354.39
BAU_UR,shungnak,supply,2040,spring,8,ethos,IMP_HYD,2025,HYD,4270.4932
BAU_UR,shungnak,supply,2040,spring,8,ethos,IMP_SOL,2035,SOL,4580.7883
BAU_UR,shungnak,supply,2040,spring,8,ethos,IMP_WND,2025,WND,14239.54
BAU_UR,shungnak,supply,2040,spring,9,ethos,IMP_HYD,2025,HYD,4270.4932
BAU_UR,shungnak,supply,2040,spring,9,ethos,IMP_SOL,2035,SOL,12104.149
BAU_UR,shungnak,supply,2040,spring,9,ethos,IMP_WND,2040,WND,7293.45
BAU_UR,shungnak,supply,2040,summer,0,ethos,IMP_HYD,2030,HYD,10853.623
BAU_UR,shungnak,supply,2040,summer,0,ethos,IMP_SOL,2030,SOL,49.12398
BAU_UR,shungnak,supply,2040,summer,0,ethos,IMP_WND,2030,WND,3225.6823
BAU_UR,shungnak,supply,2040,summer,1,ethos,IMP_HYD,2025,HYD,10853.623
BAU_UR,shungnak,supply,2040,summer,1,ethos,IMP_WND,2025,WND,2550.4334
BAU_UR,shungnak,supply,2040,summer,10,ethos,IMP_HYD,2025,HYD,10853.623
BAU_UR,shungnak,supply,2040,summer,10,ethos,IMP_SOL,2025,SOL,15606.688
BAU_UR,shungnak,supply,2040,summer,10,ethos,IMP_WND,2025,WND,2189.9965
BAU_UR,shungnak,supply,2040,summer,11,ethos,IMP_HYD,2025,HYD,10853.623
BAU_UR,shungnak,supply,2040,summer,11,ethos,IMP_SOL,2040,SOL,18632.725
BAU_UR,shungnak,supply,2040,summer,11,ethos,IMP_WND,2035,WND,1907.1219
BAU_UR,shungnak,supply,2040,summer,12,ethos,IMP_HYD,2030,HYD,10853.623
BAU_UR,shungnak,supply,2040,summer,12,ethos,IMP_SOL,2035,SOL,20862.954
BAU_UR,shungnak,supply,2040,summer,12,ethos,IMP_WND,2025,WND,1879.747
BAU_UR,shungnak,supply,2040,summer,13,ethos,IMP_HYD,2025,HYD,10853.623
BAU_UR,shungnak,supply,2040,summer,13,ethos,IMP_SOL,2030,SOL,21943.682
BAU_UR,shungnak,supply,2040,summer,13,ethos,IMP_WND,2035,WND,1993.8093
BAU_UR,shungnak,supply,2040,summer,14,ethos,IMP_HYD,2030,HYD,10853.623
BAU_UR,shungnak,supply,2040,summer,14,ethos,IMP_SOL,2035,SOL,22552.819
BAU_UR,shungnak,supply,2040,summer,14,ethos,IMP_WND,2040,WND,2162.6215
BAU_UR,shungnak,supply,2040,summer,15,ethos,IMP_HYD,2025,HYD,10853.623
BAU_UR,shungnak,supply,2040,summer,15,ethos,IMP_SOL,2040,SOL,20317.678
BAU_UR,shungnak,supply,2040,summer,15,ethos,IMP_WND,2030,WND,1916.2469
BAU_UR,shungnak,supply,2040,summer,16,ethos,IMP_HYD,2025,HYD,10853.623
BAU_UR,shungnak,supply,2040,summer,16,ethos,IMP_SOL,2035,SOL,18726.061
BAU_UR,shungnak,supply,2040,summer,16,ethos,IMP_WND,2040,WND,1564.935
BAU_UR,shungnak,supply,2040,summer,17,ethos,IMP_HYD,2030,HYD,10853.623
BAU_UR,shungnak,supply,2040,summer,17,ethos,IMP_SOL,2030,SOL,15533.002
BAU_UR,shungnak,supply,2040,summer,17,ethos,IMP_WND,2035,WND,1742.8722
BAU_UR,shungnak,supply,2040,summer,18,ethos,IMP_HYD,2035,HYD,10853.623
BAU_UR,shungnak,supply,2040,summer,18,ethos,IMP_SOL,2030,SOL,11077.457
BAU_UR,shungnak,supply,2040,summer,18,ethos,IMP_WND,2035,WND,2313.1838
BAU_UR,shungnak,supply,2040,summer,19,ethos,IMP_HYD,2030,HYD,10853.623
BAU_UR,shungnak,supply,2040,summer,19,ethos,IMP_SOL,2025,SOL,6454.8909
BAU_UR,shungnak,supply,2040,summer,19,ethos,IMP_WND,2030,WND,1998.3718
BAU_UR,shungnak,supply,2040,summer,2,ethos,IMP_HYD,2040,HYD,10853.623
BAU_UR,shungnak,supply,2040,summer,2,ethos,IMP_WND,2025,WND,2335.9963
BAU_UR,shungnak,supply,2040,summer,20,ethos,IMP_HYD,2030,HYD,10853.623
BAU_UR,shungnak,supply,2040,summer,20,ethos,IMP_SOL,2025,SOL,3345.343
BAU_UR,shungnak,supply,2040,summer,20,ethos,IMP_WND,2025,WND,2463.7461
BAU_UR,shungnak,supply,2040,summer,21,ethos,IMP_HYD,2030,HYD,10853.623
BAU_UR,shungnak,supply,2040,summer,21,ethos,IMP_SOL,2040,SOL,1522.8434
BAU_UR,shungnak,supply,2040,summer,21,ethos,IMP_WND,2030,WND,3549.6193
BAU_UR,shungnak,supply,2040,summer,22,ethos,IMP_HYD,2030,HYD,10853.623
BAU_UR,shungnak,supply,2040,summer,22,ethos,IMP_SOL,2025,SOL,918.61842
BAU_UR,shungnak,supply,2040,summer,22,ethos,IMP_WND,2035,WND,3462.932
BAU_UR,shungnak,supply,2040,summer,23,ethos,IMP_HYD,2040,HYD,10853.623
BAU_UR,shungnak,supply,2040,summer,23,ethos,IMP_SOL,2040,SOL,270.18189
BAU_UR,shungnak,supply,2040,summer,23,ethos,IMP_WND,2025,WND,3800.5564
BAU_UR,shungnak,supply,2040,summer,3,ethos,IMP_HYD,2025,HYD,10853.623
BAU_UR,shungnak,supply,2040,summer,3,ethos,IMP_SOL,2040,SOL,58.948775
BAU_UR,shungnak,supply,2040,summer,3,ethos,IMP_WND,2025,WND,2669.0582
BAU_UR,shungnak,supply,2040,summer,4,ethos,IMP_HYD,2035,HYD,10853.623
BAU_UR,shungnak,supply,2040,summer,4,ethos,IMP_SOL,2030,SOL,378.25464
BAU_UR,shungnak,supply,2040,summer,4,ethos,IMP_WND,2025,WND,2728.3706
BAU_UR,shungnak,supply,2040,summer,5,ethos,IMP_HYD,2040,HYD,10853.623
BAU_UR,shungnak,supply,2040,summer,5,ethos,IMP_SOL,2035,SOL,731.94729
BAU_UR,shungnak,supply,2040,summer,5,ethos,IMP_WND,2035,WND,2828.7455
BAU_UR,shungnak,supply,2040,summer,6,ethos,IMP_HYD,2030,HYD,10853.623
BAU_UR,shungnak,supply,2040,summer,6,ethos,IMP_SOL,2025,SOL,1856.8864
BAU_UR,shungnak,supply,2040,summer,6,ethos,IMP_WND,2040,WND,2536.7459
BAU_UR,shungnak,supply,2040,summer,7,ethos,IMP_HYD,2040,HYD,10853.623
BAU_UR,shungnak,supply,2040,summer,7,ethos,IMP_SOL,2035,SOL,4445.7201
BAU_UR,shungnak,supply,2040,summer,7,ethos,IMP_WND,2035,WND,2107.8716
BAU_UR,shungnak,supply,2040,summer,8,ethos,IMP_HYD,2035,HYD,10853.623
BAU_UR,shungnak,supply,2040,summer,8,ethos,IMP_SOL,2025,SOL,8709.6816
BAU_UR,shungnak,supply,2040,summer,8,ethos,IMP_WND,2030,WND,2167.184
BAU_UR,shungnak,supply,2040,summer,9,ethos,IMP_HYD,2030,HYD,10853.623
BAU_UR,shungnak,supply,2040,summer,9,ethos,IMP_SOL,2030,SOL,11897.828
BAU_UR,shungnak,supply,2040,summer,9,ethos,IMP_WND,2040,WND,2030.3093
BAU_UR,shungnak,supply,2040,winter,0,ethos,IMP_HYD,2030,HYD,1011.7784
BAU_UR,shungnak,supply,2040,winter,0,ethos,IMP_WND,2035,WND,13783.29
BAU_UR,shungnak,supply,2040,winter,1,ethos,IMP_HYD,2030,HYD,1011.7784
BAU_UR,shungnak,supply,2040,winter,1,ethos,IMP_WND,2030,WND,14052.478
BAU_UR,shungnak,supply,2040,winter,10,ethos,IMP_HYD,2025,HYD,1011.7784
BAU_UR,shungnak,supply,2040,winter,10,ethos,IMP_SOL,2030,SOL,560.01337
BAU_UR,shungnak,supply,2040,winter,10,ethos,IMP_WND,2040,WND,13623.603
BAU_UR,shungnak,supply,2040,winter,11,ethos,IMP_HYD,2030,HYD,1011.7784
BAU_UR,shungnak,supply,2040,winter,11,ethos,IMP_SOL,2025,SOL,1901.098
BAU_UR,shungnak,supply,2040,winter,11,ethos,IMP_WND,2040,WND,13605.353
BAU_UR,shungnak,supply,2040,winter,12,ethos,IMP_HYD,2025,HYD,1011.7784
BAU_UR,shungnak,supply,2040,winter,12,ethos,IMP_SOL,2025,SOL,3364.9926
BAU_UR,shungnak,supply,2040,winter,12,ethos,IMP_WND,2035,WND,14157.415
BAU_UR,shungnak,supply,2040,winter,13,ethos,IMP_HYD,2040,HYD,1011.7784
BAU_UR,shungnak,supply,2040,winter,13,ethos,IMP_SOL,2025,SOL,4327.8226
BAU_UR,shungnak,supply,2040,winter,13,ethos,IMP_WND,2030,WND,14755.101
BAU_UR,shungnak,supply,2040,winter,14,ethos,IMP_HYD,2030,HYD,1011.7784
BAU_UR,shungnak,supply,2040,winter,14,ethos,IMP_SOL,2025,SOL,4327.8226
BAU_UR,shungnak,supply,2040,winter,14,ethos,IMP_WND,2030,WND,14403.789
BAU_UR,shungnak,supply,2040,winter,15,ethos,IMP_HYD,2040,HYD,1011.7784
BAU_UR,shungnak,supply,2040,winter,15,ethos,IMP_SOL,2035,SOL,3197.9711
BAU_UR,shungnak,supply,2040,winter,15,ethos,IMP_WND,2035,WND,14709.476
BAU_UR,shungnak,supply,2040,winter,16,ethos,IMP_HYD,2030,HYD,1011.7784
BAU_UR,shungnak,supply,2040,winter,16,ethos,IMP_SOL,2030,SOL,1734.0765
BAU_UR,shungnak,supply,2040,winter,16,ethos,IMP_WND,2035,WND,14495.039
BAU_UR,shungnak,supply,2040,winter,17,ethos,IMP_HYD,2030,HYD,1011.7784
BAU_UR,shungnak,supply,2040,winter,17,ethos,IMP_SOL,2025,SOL,451.94061
BAU_UR,shungnak,supply,2040,winter,17,ethos,IMP_WND,2025,WND,14157.415
BAU_UR,shungnak,supply,2040,winter,18,ethos,IMP_HYD,2025,HYD,1011.7784
BAU_UR,shungnak,supply,2040,winter,18,ethos,IMP_SOL,2035,SOL,9.8247959
BAU_UR,shungnak,supply,2040,winter,18,ethos,IMP_WND,2040,WND,14006.853
BAU_UR,shungnak,supply,2040,winter,19,ethos,IMP_HYD,2035,HYD,1011.7784
BAU_UR,shungnak,supply,2040,winter,19,ethos,IMP_WND,2030,WND,14198.477
BAU_UR,shungnak,supply,2040,winter,2,ethos,IMP_HYD,2025,HYD,1011.7784
BAU_UR,shungnak,supply,2040,winter,2,ethos,IMP_WND,2040,WND,13555.166
BAU_UR,shungnak,supply,2040,winter,20,ethos,IMP_HYD,2025,HYD,1011.7784
BAU_UR,shungnak,supply,2040,winter,20,ethos,IMP_WND,2025,WND,14349.04
BAU_UR,shungnak,supply,2040,winter,21,ethos,IMP_HYD,2030,HYD,1011.7784
BAU_UR,shungnak,supply,2040,winter,21,ethos,IMP_WND,2030,WND,15037.976
BAU_UR,shungnak,supply,2040,winter,22,ethos,IMP_HYD,2040,HYD,1011.7784
BAU_UR,shungnak,supply,2040,winter,22,ethos,IMP_WND,2035,WND,15120.101
BAU_UR,shungnak,supply,2040,winter,23,ethos,IMP_HYD,2040,HYD,1011.7784
BAU_UR,shungnak,supply,2040,winter,23,ethos,IMP_WND,2030,WND,14298.852
BAU_UR,shungnak,supply,2040,winter,3,ethos,IMP_HYD,2025,HYD,1011.7784
BAU_UR,shungnak,supply,2040,winter,3,ethos,IMP_WND,2040,WND,12852.542
BAU_UR,shungnak,supply,2040,winter,4,ethos,IMP_HYD,2025,HYD,1011.7784
BAU_UR,shungnak,supply,2040,winter,4,ethos,IMP_WND,2030,WND,12601.605
BAU_UR,shungnak,supply,2040,winter,5,ethos,IMP_HYD,2035,HYD,1011.7784
BAU_UR,shungnak,supply,2040,winter,5,ethos,IMP_WND,2035,WND,12884.479
BAU_UR,shungnak,supply,2040,winter,6,ethos,IMP_HYD,2030,HYD,1011.7784
BAU_UR,shungnak,supply,2040,winter,6,ethos,IMP_WND,2030,WND,12984.854
BAU_UR,shungnak,supply,2040,winter,7,ethos,IMP_HYD,2025,HYD,1011.7784
BAU_UR,shungnak,supply,2040,winter,7,ethos,IMP_WND,2040,WND,13135.416
BAU_UR,shungnak,supply,2040,winter,8,ethos,IMP_HYD,2040,HYD,1011.7784
BAU_UR,shungnak,supply,2040,winter,8,ethos,IMP_WND,2040,WND,13358.979
BAU_UR,shungnak,supply,2040,winter,9,ethos,IMP_HYD,2025,HYD,1011.7784
BAU_UR,shungnak,supply,2040,winter,9,ethos,IMP_WND,2040,WND,14266.915
BAU_UR,shungnak,supply,2045,fall,0,ethos,IMP_HYD,2040,HYD,6057.5303
BAU_UR,shungnak,supply,2045,fall,0,ethos,IMP_WND,2030,WND,13495.853
BAU_UR,shungnak,supply,2045,fall,1,ethos,IMP_HYD,2025,HYD,6057.5303
BAU_UR,shungnak,supply,2045,fall,1,ethos,IMP_WND,2045,WND,13806.103
BAU_UR,shungnak,supply,2045,fall,10,ethos,IMP_HYD,2040,HYD,6057.5303
BAU_UR,shungnak,supply,2045,fall,10,ethos,IMP_SOL,2035,SOL,4290.1823
BAU_UR,shungnak,supply,2045,fall,10,ethos,IMP_WND,2045,WND,13098.917
BAU_UR,shungnak,supply,2045,fall,11,ethos,IMP_HYD,2035,HYD,6057.5303
BAU_UR,shungnak,supply,2045,fall,11,ethos,IMP_SOL,2035,SOL,7773.5704
BAU_UR,shungnak,supply,2045,fall,11,ethos,IMP_WND,2045,WND,12975.729
BAU_UR,shungnak,supply,2045,fall,12,ethos,IMP_HYD,2045,HYD,6057.5303
BAU_UR,shungnak,supply,2045,fall,12,ethos,IMP_SOL,2040,SOL,9594.3085
BAU_UR,shungnak,supply,2045,fall,12,ethos,IMP_WND,2025,WND,13044.167
BAU_UR,shungnak,supply,2045,fall,13,ethos,IMP_HYD,2030,HYD,6057.5303
BAU_UR,shungnak,supply,2045,fall,13,ethos,IMP_SOL,2035,SOL,10559.191
BAU_UR,shungnak,supply,2045,fall,13,ethos,IMP_WND,2040,WND,12971.167
BAU_UR,shungnak,supply,2045,fall,14,ethos,IMP_HYD,2025,HYD,6057.5303
BAU_UR,shungnak,supply,2045,fall,14,ethos,IMP_SOL,2045,SOL,9970.449
BAU_UR,shungnak,supply,2045,fall,14,ethos,IMP_WND,2025,WND,13149.104
BAU_UR,shungnak,supply,2045,fall,15,ethos,IMP_HYD,2035,HYD,6057.5303
BAU_UR,shungnak,supply,2045,fall,15,ethos,IMP_SOL,2030,SOL,8318.7016
BAU_UR,shungnak,supply,2045,fall,15,ethos,IMP_WND,2040,WND,12843.417
BAU_UR,shungnak,supply,2045,fall,16,ethos,IMP_HYD,2040,HYD,6057.5303
BAU_UR,shungnak,supply,2045,fall,16,ethos,IMP_SOL,2045,SOL,5740.2311
BAU_UR,shungnak,supply,2045,fall,16,ethos,IMP_WND,2025,WND,13559.728
BAU_UR,shungnak,supply,2045,fall,17,ethos,IMP_HYD,2045,HYD,6057.5303
BAU_UR,shungnak,supply,2045,fall,17,ethos,IMP_SOL,2040,SOL,2900.0978
BAU_UR,shungnak,supply,2045,fall,17,ethos,IMP_WND,2030,WND,13678.353
BAU_UR,shungnak,supply,2045,fall,18,ethos,IMP_HYD,2035,HYD,6057.5303
BAU_UR,shungnak,supply,2045,fall,18,ethos,IMP_SOL,2035,SOL,1019.3953
BAU_UR,shungnak,supply,2045,fall,18,ethos,IMP_WND,2040,WND,13016.792
BAU_UR,shungnak,supply,2045,fall,19,ethos,IMP_HYD,2025,HYD,6057.5303
BAU_UR,shungnak,supply,2045,fall,19,ethos,IMP_SOL,2045,SOL,250.76034
BAU_UR,shungnak,supply,2045,fall,19,ethos,IMP_WND,2045,WND,12866.229
BAU_UR,shungnak,supply,2045,fall,2,ethos,IMP_HYD,2035,HYD,6057.5303
BAU_UR,shungnak,supply,2045,fall,2,ethos,IMP_WND,2030,WND,13901.915
BAU_UR,shungnak,supply,2045,fall,20,ethos,IMP_HYD,2030,HYD,6057.5303
BAU_UR,shungnak,supply,2045,fall,20,ethos,IMP_SOL,2040,SOL,16.353935
BAU_UR,shungnak,supply,2045,fall,20,ethos,IMP_WND,2040,WND,13025.917
BAU_UR,shungnak,supply,2045,fall,21,ethos,IMP_HYD,2030,HYD,6057.5303
BAU_UR,shungnak,supply,2045,fall,21,ethos,IMP_WND,2035,WND,12455.605
BAU_UR,shungnak,supply,2045,fall,22,ethos,IMP_HYD,2045,HYD,6057.5303
BAU_UR,shungnak,supply,2045,fall,22,ethos,IMP_WND,2040,WND,13263.166
BAU_UR,shungnak,supply,2045,fall,23,ethos,IMP_HYD,2025,HYD,6057.5303
BAU_UR,shungnak,supply,2045,fall,23,ethos,IMP_WND,2040,WND,13007.667
BAU_UR,shungnak,supply,2045,fall,3,ethos,IMP_HYD,2045,HYD,6057.5303
BAU_UR,shungnak,supply,2045,fall,3,ethos,IMP_WND,2030,WND,13714.853
BAU_UR,shungnak,supply,2045,fall,4,ethos,IMP_HYD,2035,HYD,6057.5303
BAU_UR,shungnak,supply,2045,fall,4,ethos,IMP_WND,2025,WND,13327.041
BAU_UR,shungnak,supply,2045,fall,5,ethos,IMP_HYD,2025,HYD,6057.5303
BAU_UR,shungnak,supply,2045,fall,5,ethos,IMP_WND,2025,WND,13792.415
BAU_UR,shungnak,supply,2045,fall,6,ethos,IMP_HYD,2025,HYD,6057.5303
BAU_UR,shungnak,supply,2045,fall,6,ethos,IMP_WND,2030,WND,13546.041
BAU_UR,shungnak,supply,2045,fall,7,ethos,IMP_HYD,2035,HYD,6057.5303
BAU_UR,shungnak,supply,2045,fall,7,ethos,IMP_SOL,2045,SOL,98.123609
BAU_UR,shungnak,supply,2045,fall,7,ethos,IMP_WND,2035,WND,13504.978
BAU_UR,shungnak,supply,2045,fall,8,ethos,IMP_HYD,2030,HYD,6057.5303
BAU_UR,shungnak,supply,2045,fall,8,ethos,IMP_SOL,2040,SOL,948.52822
BAU_UR,shungnak,supply,2045,fall,8,ethos,IMP_WND,2045,WND,13796.978
BAU_UR,shungnak,supply,2045,fall,9,ethos,IMP_HYD,2030,HYD,6057.5303
BAU_UR,shungnak,supply,2045,fall,9,ethos,IMP_SOL,2045,SOL,2022.4366
BAU_UR,shungnak,supply,2045,fall,9,ethos,IMP_WND,2025,WND,13276.854
BAU_UR,shungnak,supply,2045,spring,0,ethos,IMP_HYD,2040,HYD,4270.4932
BAU_UR,shungnak,supply,2045,spring,0,ethos,IMP_WND,2030,WND,12610.73
BAU_UR,shungnak,supply,2045,spring,1,ethos,IMP_HYD,2045,HYD,4270.4932
BAU_UR,shungnak,supply,2045,spring,1,ethos,IMP_WND,2035,WND,12565.105
BAU_UR,shungnak,supply,2045,spring,10,ethos,IMP_HYD,2025,HYD,4270.4932
BAU_UR,shungnak,supply,2045,spring,10,ethos,IMP_SOL,2025,SOL,19352.156
BAU_UR,shungnak,supply,2045,spring,10,ethos,IMP_WND,2025,WND,12510.355
BAU_UR,shungnak,supply,2045,spring,11,ethos,IMP_HYD,2040,HYD,4270.4932
BAU_UR,shungnak,supply,2045,spring,11,ethos,IMP_SOL,2025,SOL,24072.992
BAU_UR,shungnak,supply,2045,spring,11,ethos,IMP_WND,2025,WND,11825.981
BAU_UR,shungnak,supply,2045,spring,12,ethos,IMP_HYD,2040,HYD,4270.4932
BAU_UR,shungnak,supply,2045,spring,12,ethos,IMP_SOL,2025,SOL,26302.579
BAU_UR,shungnak,supply,2045,spring,12,ethos,IMP_WND,2040,WND,11123.357
BAU_UR,shungnak,supply,2045,spring,13,ethos,IMP_HYD,2030,HYD,4270.4932
BAU_UR,shungnak,supply,2045,spring,13,ethos,IMP_SOL,2025,SOL,27649.053
BAU_UR,shungnak,supply,2045,spring,13,ethos,IMP_WND,2030,WND,9750.0469
BAU_UR,shungnak,supply,2045,spring,14,ethos,IMP_HYD,2035,HYD,4270.4932
BAU_UR,shungnak,supply,2045,spring,14,ethos,IMP_SOL,2045,SOL,27540.026
BAU_UR,shungnak,supply,2045,spring,14,ethos,IMP_WND,2035,WND,9029.1731
BAU_UR,shungnak,supply,2045,spring,15,ethos,IMP_HYD,2030,HYD,4270.4932
BAU_UR,shungnak,supply,2045,spring,15,ethos,IMP_SOL,2045,SOL,25937.341
BAU_UR,shungnak,supply,2045,spring,15,ethos,IMP_WND,2030,WND,9229.9227
BAU_UR,shungnak,supply,2045,spring,16,ethos,IMP_HYD,2045,HYD,4270.4932
BAU_UR,shungnak,supply,2045,spring,16,ethos,IMP_SOL,2025,SOL,22524.82
BAU_UR,shungnak,supply,2045,spring,16,ethos,IMP_WND,2045,WND,9973.609
BAU_UR,shungnak,supply,2045,spring,17,ethos,IMP_HYD,2045,HYD,4270.4932
BAU_UR,shungnak,supply,2045,spring,17,ethos,IMP_SOL,2025,SOL,16784.589
BAU_UR,shungnak,supply,2045,spring,17,ethos,IMP_WND,2025,WND,10110.484
BAU_UR,shungnak,supply,2045,spring,18,ethos,IMP_HYD,2040,HYD,4270.4932
BAU_UR,shungnak,supply,2045,spring,18,ethos,IMP_SOL,2035,SOL,10172.148
BAU_UR,shungnak,supply,2045,spring,18,ethos,IMP_WND,2025,WND,10420.733
BAU_UR,shungnak,supply,2045,spring,19,ethos,IMP_HYD,2025,HYD,4270.4932
BAU_UR,shungnak,supply,2045,spring,19,ethos,IMP_SOL,2035,SOL,4426.465
BAU_UR,shungnak,supply,2045,spring,19,ethos,IMP_WND,2030,WND,10730.983
BAU_UR,shungnak,supply,2045,spring,2,ethos,IMP_HYD,2035,HYD,4270.4932
BAU_UR,shungnak,supply,2045,spring,2,ethos,IMP_WND,2035,WND,12273.105
BAU_UR,shungnak,supply,2045,spring,20,ethos,IMP_HYD,2035,HYD,4270.4932
BAU_UR,shungnak,supply,2045,spring,20,ethos,IMP_SOL,2035,SOL,1613.5882
BAU_UR,shungnak,supply,2045,spring,20,ethos,IMP_WND,2035,WND,11369.732
BAU_UR,shungnak,supply,2045,spring,21,ethos,IMP_HYD,2025,HYD,4270.4932
BAU_UR,shungnak,supply,2045,spring,21,ethos,IMP_SOL,2035,SOL,703.2192
BAU_UR,shungnak,supply,2045,spring,21,ethos,IMP_WND,2030,WND,11086.857
BAU_UR,shungnak,supply,2045,spring,22,ethos,IMP_HYD,2035,HYD,4270.4932
BAU_UR,shungnak,supply,2045,spring,22,ethos,IMP_SOL,2045,SOL,272.56558
BAU_UR,shungnak,supply,2045,spring,22,ethos,IMP_WND,2025,WND,12373.48
BAU_UR,shungnak,supply,2045,spring,23,ethos,IMP_HYD,2025,HYD,4270.4932
BAU_UR,shungnak,supply,2045,spring,23,ethos,IMP_SOL,2035,SOL,43.610493
BAU_UR,shungnak,supply,2045,spring,23,ethos,IMP_WND,2045,WND,12624.417
BAU_UR,shungnak,supply,2045,spring,3,ethos,IMP_HYD,2025,HYD,4270.4932
BAU_UR,shungnak,supply,2045,spring,3,ethos,IMP_WND,2025,WND,12884.479
BAU_UR,shungnak,supply,2045,spring,4,ethos,IMP_HYD,2040,HYD,4270.4932
BAU_UR,shungnak,supply,2045,spring,4,ethos,IMP_SOL,2035,SOL,65.41574
BAU_UR,shungnak,supply,2045,spring,4,ethos,IMP_WND,2025,WND,13518.666
BAU_UR,shungnak,supply,2045,spring,5,ethos,IMP_HYD,2040,HYD,4270.4932
BAU_UR,shungnak,supply,2045,spring,5,ethos,IMP_SOL,2035,SOL,288.91952
BAU_UR,shungnak,supply,2045,spring,5,ethos,IMP_WND,2035,WND,14116.352
BAU_UR,shungnak,supply,2045,spring,6,ethos,IMP_HYD,2025,HYD,4270.4932
BAU_UR,shungnak,supply,2045,spring,6,ethos,IMP_SOL,2025,SOL,970.33347
BAU_UR,shungnak,supply,2045,spring,6,ethos,IMP_WND,2035,WND,14253.227
BAU_UR,shungnak,supply,2045,spring,7,ethos,IMP_HYD,2025,HYD,4270.4932
BAU_UR,shungnak,supply,2045,spring,7,ethos,IMP_SOL,2030,SOL,3118.1503
BAU_UR,shungnak,supply,2045,spring,7,ethos,IMP_WND,2035,WND,13673.791
BAU_UR,shungnak,supply,2045,spring,8,ethos,IMP_HYD,2030,HYD,4270.4932
BAU_UR,shungnak,supply,2045,spring,8,ethos,IMP_SOL,2030,SOL,7261.1471
BAU_UR,shungnak,supply,2045,spring,8,ethos,IMP_WND,2045,WND,14239.54
BAU_UR,shungnak,supply,2045,spring,9,ethos,IMP_HYD,2035,HYD,4270.4932
BAU_UR,shungnak,supply,2045,spring,9,ethos,IMP_SOL,2030,SOL,13432.032
BAU_UR,shungnak,supply,2045,spring,9,ethos,IMP_WND,2030,WND,12715.667
BAU_UR,shungnak,supply,2045,summer,0,ethos,IMP_HYD,2030,HYD,10853.623
BAU_UR,shungnak,supply,2045,summer,0,ethos,IMP_SOL,2035,SOL,54.513116
BAU_UR,shungnak,supply,2045,summer,0,ethos,IMP_WND,2030,WND,3225.6823
BAU_UR,shungnak,supply,2045,summer,1,ethos,IMP_HYD,2025,HYD,10853.623
BAU_UR,shungnak,supply,2045,summer,1,ethos,IMP_WND,2045,WND,2550.4334
BAU_UR,shungnak,supply,2045,summer,10,ethos,IMP_HYD,2040,HYD,10853.623
BAU_UR,shungnak,supply,2045,summer,10,ethos,IMP_SOL,2035,SOL,17318.817
BAU_UR,shungnak,supply,2045,summer,10,ethos,IMP_WND,2040,WND,2189.9965
BAU_UR,shungnak,supply,2045,summer,11,ethos,IMP_HYD,2040,HYD,10853.623
BAU_UR,shungnak,supply,2045,summer,11,ethos,IMP_SOL,2035,SOL,20676.825
BAU_UR,shungnak,supply,2045,summer,11,ethos,IMP_WND,2045,WND,1907.1219
BAU_UR,shungnak,supply,2045,summer,12,ethos,IMP_HYD,2030,HYD,10853.623
BAU_UR,shungnak,supply,2045,summer,12,ethos,IMP_SOL,2025,SOL,23151.721
BAU_UR,shungnak,supply,2045,summer,12,ethos,IMP_WND,2030,WND,1879.747
BAU_UR,shungnak,supply,2045,summer,13,ethos,IMP_HYD,2030,HYD,10853.623
BAU_UR,shungnak,supply,2045,summer,13,ethos,IMP_SOL,2045,SOL,24351.009
BAU_UR,shungnak,supply,2045,summer,13,ethos,IMP_WND,2025,WND,1993.8093
BAU_UR,shungnak,supply,2045,summer,14,ethos,IMP_HYD,2045,HYD,10853.623
BAU_UR,shungnak,supply,2045,summer,14,ethos,IMP_SOL,2045,SOL,25026.972
BAU_UR,shungnak,supply,2045,summer,14,ethos,IMP_WND,2030,WND,2162.6215
BAU_UR,shungnak,supply,2045,summer,15,ethos,IMP_HYD,2035,HYD,10853.623
BAU_UR,shungnak,supply,2045,summer,15,ethos,IMP_SOL,2040,SOL,22546.625
BAU_UR,shungnak,supply,2045,summer,15,ethos,IMP_WND,2025,WND,1916.2469
BAU_UR,shungnak,supply,2045,summer,16,ethos,IMP_HYD,2035,HYD,10853.623
BAU_UR,shungnak,supply,2045,summer,16,ethos,IMP_SOL,2040,SOL,20780.4
BAU_UR,shungnak,supply,2045,summer,16,ethos,IMP_WND,2025,WND,1564.935
BAU_UR,shungnak,supply,2045,summer,17,ethos,IMP_HYD,2030,HYD,10853.623
BAU_UR,shungnak,supply,2045,summer,17,ethos,IMP_SOL,2040,SOL,17237.047
BAU_UR,shungnak,supply,2045,summer,17,ethos,IMP_WND,2030,WND,1742.8722
BAU_UR,shungnak,supply,2045,summer,18,ethos,IMP_HYD,2025,HYD,10853.623
BAU_UR,shungnak,supply,2045,summer,18,ethos,IMP_SOL,2025,SOL,12292.708
BAU_UR,shungnak,supply,2045,summer,18,ethos,IMP_WND,2040,WND,2313.1838
BAU_UR,shungnak,supply,2045,summer,19,ethos,IMP_HYD,2035,HYD,10853.623
BAU_UR,shungnak,supply,2045,summer,19,ethos,IMP_SOL,2030,SOL,7163.0235
BAU_UR,shungnak,supply,2045,summer,19,ethos,IMP_WND,2035,WND,1998.3718
BAU_UR,shungnak,supply,2045,summer,2,ethos,IMP_HYD,2045,HYD,10853.623
BAU_UR,shungnak,supply,2045,summer,2,ethos,IMP_WND,2035,WND,2335.9963
BAU_UR,shungnak,supply,2045,summer,20,ethos,IMP_HYD,2025,HYD,10853.623
BAU_UR,shungnak,supply,2045,summer,20,ethos,IMP_SOL,2045,SOL,3712.3432
BAU_UR,shungnak,supply,2045,summer,20,ethos,IMP_WND,2045,WND,2463.7461
BAU_UR,shungnak,supply,2045,summer,21,ethos,IMP_HYD,2025,HYD,10853.623
BAU_UR,shungnak,supply,2045,summer,21,ethos,IMP_SOL,2035,SOL,1689.9066
BAU_UR,shungnak,supply,2045,summer,21,ethos,IMP_WND,2030,WND,3549.6193
BAU_UR,shungnak,supply,2045,summer,22,ethos,IMP_HYD,2025,HYD,10853.623
BAU_UR,shungnak,supply,2045,summer,22,ethos,IMP_SOL,2030,SOL,1019.3953
BAU_UR,shungnak,supply,2045,summer,22,ethos,IMP_WND,2045,WND,3462.932
BAU_UR,shungnak,supply,2045,summer,23,ethos,IMP_HYD,2040,HYD,10853.623
BAU_UR,shungnak,supply,2045,summer,23,ethos,IMP_SOL,2040,SOL,299.82214
BAU_UR,shungnak,supply,2045,summer,23,ethos,IMP_WND,2035,WND,3800.5564
BAU_UR,shungnak,supply,2045,summer,3,ethos,IMP_HYD,2040,HYD,10853.623
BAU_UR,shungnak,supply,2045,summer,3,ethos,IMP_SOL,2025,SOL,65.41574
BAU_UR,shungnak,supply,2045,summer,3,ethos,IMP_WND,2035,WND,2669.0582
BAU_UR,shungnak,supply,2045,summer,4,ethos,IMP_HYD,2035,HYD,10853.623
BAU_UR,shungnak,supply,2045,summer,4,ethos,IMP_SOL,2040,SOL,419.751
BAU_UR,shungnak,supply,2045,summer,4,ethos,IMP_WND,2030,WND,2728.3706
BAU_UR,shungnak,supply,2045,summer,5,ethos,IMP_HYD,2035,HYD,10853.623
BAU_UR,shungnak,supply,2045,summer,5,ethos,IMP_SOL,2040,SOL,812.24543
BAU_UR,shungnak,supply,2045,summer,5,ethos,IMP_WND,2035,WND,2828.7455
BAU_UR,shungnak,supply,2045,summer,6,ethos,IMP_HYD,2025,HYD,10853.623
BAU_UR,shungnak,supply,2045,summer,6,ethos,IMP_SOL,2025,SOL,2060.5958
BAU_UR,shungnak,supply,2045,summer,6,ethos,IMP_WND,2045,WND,2536.7459
BAU_UR,shungnak,supply,2045,summer,7,ethos,IMP_HYD,2030,HYD,10853.623
BAU_UR,shungnak,supply,2045,summer,7,ethos,IMP_SOL,2040,SOL,4933.437
BAU_UR,shungnak,supply,2045,summer,7,ethos,IMP_WND,2045,WND,2107.8716
BAU_UR,shungnak,supply,2045,summer,8,ethos,IMP_HYD,2040,HYD,10853.623
BAU_UR,shungnak,supply,2045,summer,8,ethos,IMP_SOL,2035,SOL,9665.1755
BAU_UR,shungnak,supply,2045,summer,8,ethos,IMP_WND,2025,WND,2167.184
BAU_UR,shungnak,supply,2045,summer,9,ethos,IMP_HYD,2040,HYD,10853.623
BAU_UR,shungnak,supply,2045,summer,9,ethos,IMP_SOL,2030,SOL,13203.077
BAU_UR,shungnak,supply,2045,summer,9,ethos,IMP_WND,2030,WND,2030.3093
BAU_UR,shungnak,supply,2045,winter,0,ethos,IMP_HYD,2025,HYD,1011.7784
BAU_UR,shungnak,supply,2045,winter,0,ethos,IMP_WND,2045,WND,13783.29
BAU_UR,shungnak,supply,2045,winter,1,ethos,IMP_HYD,2035,HYD,1011.7784
BAU_UR,shungnak,supply,2045,winter,1,ethos,IMP_WND,2035,WND,14052.478
BAU_UR,shungnak,supply,2045,winter,10,ethos,IMP_HYD,2030,HYD,1011.7784
BAU_UR,shungnak,supply,2045,winter,10,ethos,IMP_SOL,2040,SOL,621.44953
BAU_UR,shungnak,supply,2045,winter,10,ethos,IMP_WND,2045,WND,13623.603
BAU_UR,shungnak,supply,2045,winter,11,ethos,IMP_HYD,2025,HYD,1011.7784
BAU_UR,shungnak,supply,2045,winter,11,ethos,IMP_SOL,2045,SOL,2109.6576
BAU_UR,shungnak,supply,2045,winter,11,ethos,IMP_WND,2035,WND,13605.353
BAU_UR,shungnak,supply,2045,winter,12,ethos,IMP_HYD,2030,HYD,1011.7784
BAU_UR,shungnak,supply,2045,winter,12,ethos,IMP_SOL,2045,SOL,3734.1485
BAU_UR,shungnak,supply,2045,winter,12,ethos,IMP_WND,2035,WND,14157.415
BAU_UR,shungnak,supply,2045,winter,13,ethos,IMP_HYD,2040,HYD,1011.7784
BAU_UR,shungnak,supply,2045,winter,13,ethos,IMP_SOL,2030,SOL,4802.6055
BAU_UR,shungnak,supply,2045,winter,13,ethos,IMP_WND,2045,WND,14755.101
BAU_UR,shungnak,supply,2045,winter,14,ethos,IMP_HYD,2040,HYD,1011.7784
BAU_UR,shungnak,supply,2045,winter,14,ethos,IMP_SOL,2035,SOL,4802.6055
BAU_UR,shungnak,supply,2045,winter,14,ethos,IMP_WND,2030,WND,14403.789
BAU_UR,shungnak,supply,2045,winter,15,ethos,IMP_HYD,2040,HYD,1011.7784
BAU_UR,shungnak,supply,2045,winter,15,ethos,IMP_SOL,2040,SOL,3548.8039
BAU_UR,shungnak,supply,2045,winter,15,ethos,IMP_WND,2030,WND,14709.476
BAU_UR,shungnak,supply,2045,winter,16,ethos,IMP_HYD,2030,HYD,1011.7784
BAU_UR,shungnak,supply,2045,winter,16,ethos,IMP_SOL,2045,SOL,1924.313
BAU_UR,shungnak,supply,2045,winter,16,ethos,IMP_WND,2045,WND,14495.039
BAU_UR,shungnak,supply,2045,winter,17,ethos,IMP_HYD,2040,HYD,1011.7784
BAU_UR,shungnak,supply,2045,winter,17,ethos,IMP_SOL,2025,SOL,501.52067
BAU_UR,shungnak,supply,2045,winter,17,ethos,IMP_WND,2035,WND,14157.415
BAU_UR,shungnak,supply,2045,winter,18,ethos,IMP_HYD,2035,HYD,1011.7784
BAU_UR,shungnak,supply,2045,winter,18,ethos,IMP_SOL,2045,SOL,10.902623
BAU_UR,shungnak,supply,2045,winter,18,ethos,IMP_WND,2040,WND,14006.853
BAU_UR,shungnak,supply,2045,winter,19,ethos,IMP_HYD,2040,HYD,1011.7784
BAU_UR,shungnak,supply,2045,winter,19,ethos,IMP_WND,2030,WND,14198.477
BAU_UR,shungnak,supply,2045,winter,2,ethos,IMP_HYD,2040,HYD,1011.7784
BAU_UR,shungnak,supply,2045,winter,2,ethos,IMP_WND,2045,WND,13555.166
BAU_UR,shungnak,supply,2045,winter,20,ethos,IMP_HYD,2040,HYD,1011.7784
BAU_UR,shungnak,supply,2045,winter,20,ethos,IMP_WND,2030,WND,14349.04
BAU_UR,shungnak,supply,2045,winter,21,ethos,IMP_HYD,2040,HYD,1011.7784
BAU_UR,shungnak,supply,2045,winter,21,ethos,IMP_WND,2025,WND,15037.976
BAU_UR,shungnak,supply,2045,winter,22,ethos,IMP_HYD,2035,HYD,1011.7784
BAU_UR,shungnak,supply,2045,winter,22,ethos,IMP_WND,2040,WND,15120.101
BAU_UR,shungnak,supply,2045,winter,23,ethos,IMP_HYD,2040,HYD,1011.7784
BAU_UR,shungnak,supply,2045,winter,23,ethos,IMP_WND,2045,WND,14298.852
BAU_UR,shungnak,supply,2045,winter,3,ethos,IMP_HYD,2025,HYD,1011.7784
BAU_UR,shungnak,supply,2045,winter,3,ethos,IMP_WND,2040,WND,12852.542
BAU_UR,shungnak,supply,2045,winter,4,ethos,IMP_HYD,2030,HYD,1011.7784
BAU_UR,shungnak,supply,2045,winter,4,ethos,IMP_WND,2030,WND,12601.605
BAU_UR,shungnak,supply,2045,winter,5,ethos,IMP_HYD,2035,HYD,1011.7784
BAU_UR,shungnak,supply,2045,winter,5,ethos,IMP_WND,2025,WND,12884.479
BAU_UR,shungnak,supply,2045,winter,6,ethos,IMP_HYD,2025,HYD,1011.7784
BAU_UR,shungnak,supply,2045,winter,6,ethos,IMP_WND,2030,WND,12984.854
BAU_UR,shungnak,supply,2045,winter,7,ethos,IMP_HYD,2035,HYD,1011.7784
BAU_UR,shungnak,supply,2045,winter,7,ethos,IMP_WND,2030,WND,13135.416
BAU_UR,shungnak,supply,2045,winter,8,ethos,IMP_HYD,2025,HYD,1011.7784
BAU_UR,shungnak,supply,2045,winter,8,ethos,IMP_WND,2025,WND,13358.979
BAU_UR,shungnak,supply,2045,winter,9,ethos,IMP_HYD,2040,HYD,1011.7784
BAU_UR,shungnak,supply,2045,winter,9,ethos,IMP_WND,2045,WND,14266.915
