scenario,region,sector,period,season,tod,input_comm,tech,vintage,output_comm,flow
BAU,shungnak,electric,2030,fall,0,DSL,GDSL_01,2025,ELC,14632.673
BAU,shungnak,electric,2030,fall,0,ELC,ELECT,2030,ELECD,14632.673
BAU,shungnak,electric,2030,fall,1,DSL,GDSL_01,2025,ELC,14981.07
BAU,shungnak,electric,2030,fall,1,ELC,ELECT,2030,ELECD,14981.07
BAU,shungnak,electric,2030,fall,10,DSL,GDSL_03,2025,ELC,18467.384
BAU,shungnak,electric,2030,fall,10,ELC,ELECT,2030,ELECD,21600.613
BAU,shungnak,electric,2030,fall,10,SOL,GSOL_01,2025,ELC,1337.888
BAU,shungnak,electric,2030,fall,10,SOL,GSOL_01,2030,ELC,1795.3409
BAU,shungnak,electric,2030,fall,11,DSL,GDSL_02,2025,ELC,17491.164
BAU,shungnak,electric,2030,fall,11,ELC,ELECT,2030,ELECD,23168.4
BAU,shungnak,electric,2030,fall,11,SOL,GSOL_01,2025,ELC,2424.1783
BAU,shungnak,electric,2030,fall,11,SOL,GSOL_01,2030,ELC,3253.0573
BAU,shungnak,electric,2030,fall,12,DSL,GDSL_02,2025,ELC,14419.448
BAU,shungnak,electric,2030,fall,12,ELC,ELECT,2030,ELECD,21426.415
BAU,shungnak,electric,2030,fall,12,SOL,GSOL_01,2025,ELC,2991.9732
BAU,shungnak,electric,2030,fall,12,SOL,GSOL_01,2030,ELC,4014.9936
BAU,shungnak,electric,2030,fall,13,DSL,GDSL_02,2025,ELC,13540.572
BAU,shungnak,electric,2030,fall,13,ELC,ELECT,2030,ELECD,21252.216
BAU,shungnak,electric,2030,fall,13,SOL,GSOL_01,2025,ELC,3292.8705
BAU,shungnak,electric,2030,fall,13,SOL,GSOL_01,2030,ELC,4418.7742
BAU,shungnak,electric,2030,fall,14,DSL,GDSL_01,2025,ELC,14667.339
BAU,shungnak,electric,2030,fall,14,ELC,ELECT,2030,ELECD,21949.01
BAU,shungnak,electric,2030,fall,14,SOL,GSOL_01,2025,ELC,3109.2722
BAU,shungnak,electric,2030,fall,14,SOL,GSOL_01,2030,ELC,4172.3996
BAU,shungnak,electric,2030,fall,15,DSL,GDSL_03,2025,ELC,12389.682
BAU,shungnak,electric,2030,fall,15,ELC,ELECT,2030,ELECD,18465.04
BAU,shungnak,electric,2030,fall,15,SOL,GSOL_01,2025,ELC,2594.1768
BAU,shungnak,electric,2030,fall,15,SOL,GSOL_01,2030,ELC,3481.1819
BAU,shungnak,electric,2030,fall,16,DSL,GDSL_02,2025,ELC,17234.178
BAU,shungnak,electric,2030,fall,16,ELC,ELECT,2030,ELECD,21426.415
BAU,shungnak,electric,2030,fall,16,SOL,GSOL_01,2025,ELC,1790.084
BAU,shungnak,electric,2030,fall,16,SOL,GSOL_01,2030,ELC,2402.1524
BAU,shungnak,electric,2030,fall,17,DSL,GDSL_02,2025,ELC,19134.201
BAU,shungnak,electric,2030,fall,17,ELC,ELECT,2030,ELECD,21252.216
BAU,shungnak,electric,2030,fall,17,SOL,GSOL_01,2025,ELC,904.3919
BAU,shungnak,electric,2030,fall,17,SOL,GSOL_01,2030,ELC,1213.6231
BAU,shungnak,electric,2030,fall,18,DSL,GDSL_02,2025,ELC,19288.337
BAU,shungnak,electric,2030,fall,18,ELC,ELECT,2030,ELECD,20032.827
BAU,shungnak,electric,2030,fall,18,SOL,GSOL_01,2025,ELC,317.89715
BAU,shungnak,electric,2030,fall,18,SOL,GSOL_01,2030,ELC,426.59307
BAU,shungnak,electric,2030,fall,19,DSL,GDSL_03,2025,ELC,15494.728
BAU,shungnak,electric,2030,fall,19,ELC,ELECT,2030,ELECD,15677.864
BAU,shungnak,electric,2030,fall,19,SOL,GSOL_01,2025,ELC,78.1993
BAU,shungnak,electric,2030,fall,19,SOL,GSOL_01,2030,ELC,104.93733
BAU,shungnak,electric,2030,fall,2,DSL,GDSL_02,2025,ELC,14458.475
BAU,shungnak,electric,2030,fall,2,ELC,ELECT,2030,ELECD,14458.475
BAU,shungnak,electric,2030,fall,20,DSL,GDSL_03,2025,ELC,20020.883
BAU,shungnak,electric,2030,fall,20,ELC,ELECT,2030,ELECD,20032.827
BAU,shungnak,electric,2030,fall,20,SOL,GSOL_01,2025,ELC,5.0999543
BAU,shungnak,electric,2030,fall,20,SOL,GSOL_01,2030,ELC,6.843739
BAU,shungnak,electric,2030,fall,21,DSL,GDSL_03,2025,ELC,19161.834
BAU,shungnak,electric,2030,fall,21,ELC,ELECT,2030,ELECD,19161.834
BAU,shungnak,electric,2030,fall,22,DSL,GDSL_01,2025,ELC,17768.246
BAU,shungnak,electric,2030,fall,22,ELC,ELECT,2030,ELECD,17768.246
BAU,shungnak,electric,2030,fall,23,DSL,GDSL_03,2025,ELC,16548.857
BAU,shungnak,electric,2030,fall,23,ELC,ELECT,2030,ELECD,16548.857
BAU,shungnak,electric,2030,fall,3,DSL,GDSL_03,2025,ELC,14284.277
BAU,shungnak,electric,2030,fall,3,ELC,ELECT,2030,ELECD,14284.277
BAU,shungnak,electric,2030,fall,4,DSL,GDSL_02,2025,ELC,13935.88
BAU,shungnak,electric,2030,fall,4,ELC,ELECT,2030,ELECD,13935.88
BAU,shungnak,electric,2030,fall,5,DSL,GDSL_02,2025,ELC,14284.277
BAU,shungnak,electric,2030,fall,5,ELC,ELECT,2030,ELECD,14284.277
BAU,shungnak,electric,2030,fall,6,DSL,GDSL_02,2025,ELC,15329.467
BAU,shungnak,electric,2030,fall,6,ELC,ELECT,2030,ELECD,15329.467
BAU,shungnak,electric,2030,fall,7,DSL,GDSL_02,2025,ELC,16651.393
BAU,shungnak,electric,2030,fall,7,ELC,ELECT,2030,ELECD,16723.055
BAU,shungnak,electric,2030,fall,7,SOL,GSOL_01,2025,ELC,30.599726
BAU,shungnak,electric,2030,fall,7,SOL,GSOL_01,2030,ELC,41.062434
BAU,shungnak,electric,2030,fall,8,DSL,GDSL_01,2025,ELC,20733.681
BAU,shungnak,electric,2030,fall,8,ELC,ELECT,2030,ELECD,21426.415
BAU,shungnak,electric,2030,fall,8,SOL,GSOL_01,2025,ELC,295.79735
BAU,shungnak,electric,2030,fall,8,SOL,GSOL_01,2030,ELC,396.93686
BAU,shungnak,electric,2030,fall,9,DSL,GDSL_02,2025,ELC,19949.378
BAU,shungnak,electric,2030,fall,9,ELC,ELECT,2030,ELECD,21426.415
BAU,shungnak,electric,2030,fall,9,SOL,GSOL_01,2025,ELC,630.69435
BAU,shungnak,electric,2030,fall,9,SOL,GSOL_01,2030,ELC,846.3424
BAU,shungnak,electric,2030,spring,0,DSL,GDSL_03,2025,ELC,15852.063
BAU,shungnak,electric,2030,spring,0,ELC,ELECT,2030,ELECD,15852.063
BAU,shungnak,electric,2030,spring,1,DSL,GDSL_02,2025,ELC,15852.063
BAU,shungnak,electric,2030,spring,1,ELC,ELECT,2030,ELECD,15852.063
BAU,shungnak,electric,2030,spring,10,DSL,GDSL_02,2025,ELC,9035.0292
BAU,shungnak,electric,2030,spring,10,ELC,ELECT,2030,ELECD,23168.4
BAU,shungnak,electric,2030,spring,10,SOL,GSOL_01,2025,ELC,6034.946
BAU,shungnak,electric,2030,spring,10,SOL,GSOL_01,2030,ELC,8098.4245
BAU,shungnak,electric,2030,spring,11,DSL,GDSL_03,2025,ELC,6109.8785
BAU,shungnak,electric,2030,spring,11,ELC,ELECT,2030,ELECD,23690.995
BAU,shungnak,electric,2030,spring,11,SOL,GSOL_01,2025,ELC,7507.1328
BAU,shungnak,electric,2030,spring,11,SOL,GSOL_01,2030,ELC,10073.984
BAU,shungnak,electric,2030,spring,12,DSL,GDSL_02,2025,ELC,3262.1655
BAU,shungnak,electric,2030,spring,12,ELC,ELECT,2030,ELECD,22471.606
BAU,shungnak,electric,2030,spring,12,SOL,GSOL_01,2025,ELC,8202.4266
BAU,shungnak,electric,2030,spring,12,SOL,GSOL_01,2030,ELC,11007.014
BAU,shungnak,electric,2030,spring,13,DSL,GDSL_03,2025,ELC,1407.809
BAU,shungnak,electric,2030,spring,13,ELC,ELECT,2030,ELECD,21600.613
BAU,shungnak,electric,2030,spring,13,SOL,GSOL_01,2025,ELC,8622.3228
BAU,shungnak,electric,2030,spring,13,SOL,GSOL_01,2030,ELC,11570.481
BAU,shungnak,electric,2030,spring,14,DSL,GDSL_01,2025,ELC,1835.8306
BAU,shungnak,electric,2030,spring,14,ELC,ELECT,2030,ELECD,21949.01
BAU,shungnak,electric,2030,spring,14,SOL,GSOL_01,2025,ELC,8588.3231
BAU,shungnak,electric,2030,spring,14,SOL,GSOL_01,2030,ELC,11524.857
BAU,shungnak,electric,2030,spring,15,DSL,GDSL_03,2025,ELC,2832.114
BAU,shungnak,electric,2030,spring,15,ELC,ELECT,2030,ELECD,21774.812
BAU,shungnak,electric,2030,spring,15,SOL,GSOL_01,2025,ELC,8088.5276
BAU,shungnak,electric,2030,spring,15,SOL,GSOL_01,2030,ELC,10854.17
BAU,shungnak,electric,2030,spring,16,DSL,GDSL_03,2025,ELC,6369.5557
BAU,shungnak,electric,2030,spring,16,ELC,ELECT,2030,ELECD,22820.003
BAU,shungnak,electric,2030,spring,16,SOL,GSOL_01,2025,ELC,7024.3371
BAU,shungnak,electric,2030,spring,16,SOL,GSOL_01,2030,ELC,9426.1099
BAU,shungnak,electric,2030,spring,17,DSL,GDSL_03,2025,ELC,10561.792
BAU,shungnak,electric,2030,spring,17,ELC,ELECT,2030,ELECD,22820.003
BAU,shungnak,electric,2030,spring,17,SOL,GSOL_01,2025,ELC,5234.2531
BAU,shungnak,electric,2030,spring,17,SOL,GSOL_01,2030,ELC,7023.9575
BAU,shungnak,electric,2030,spring,18,DSL,GDSL_01,2025,ELC,14171.636
BAU,shungnak,electric,2030,spring,18,ELC,ELECT,2030,ELECD,21600.613
BAU,shungnak,electric,2030,spring,18,SOL,GSOL_01,2025,ELC,3172.1716
BAU,shungnak,electric,2030,spring,18,SOL,GSOL_01,2030,ELC,4256.8057
BAU,shungnak,electric,2030,spring,19,DSL,GDSL_02,2025,ELC,17671.06
BAU,shungnak,electric,2030,spring,19,ELC,ELECT,2030,ELECD,20903.819
BAU,shungnak,electric,2030,spring,19,SOL,GSOL_01,2025,ELC,1380.3876
BAU,shungnak,electric,2030,spring,19,SOL,GSOL_01,2030,ELC,1852.372
BAU,shungnak,electric,2030,spring,2,DSL,GDSL_01,2025,ELC,15155.269
BAU,shungnak,electric,2030,spring,2,ELC,ELECT,2030,ELECD,15155.269
BAU,shungnak,electric,2030,spring,20,DSL,GDSL_01,2025,ELC,20422.169
BAU,shungnak,electric,2030,spring,20,ELC,ELECT,2030,ELECD,21600.613
BAU,shungnak,electric,2030,spring,20,SOL,GSOL_01,2025,ELC,503.19549
BAU,shungnak,electric,2030,spring,20,SOL,GSOL_01,2030,ELC,675.24892
BAU,shungnak,electric,2030,spring,21,DSL,GDSL_01,2025,ELC,19867.645
BAU,shungnak,electric,2030,spring,21,ELC,ELECT,2030,ELECD,20381.224
BAU,shungnak,electric,2030,spring,21,SOL,GSOL_01,2025,ELC,219.29804
BAU,shungnak,electric,2030,spring,21,SOL,GSOL_01,2030,ELC,294.28078
BAU,shungnak,electric,2030,spring,22,DSL,GDSL_03,2025,ELC,19659.567
BAU,shungnak,electric,2030,spring,22,ELC,ELECT,2030,ELECD,19858.628
BAU,shungnak,electric,2030,spring,22,SOL,GSOL_01,2025,ELC,84.999239
BAU,shungnak,electric,2030,spring,22,SOL,GSOL_01,2030,ELC,114.06232
BAU,shungnak,electric,2030,spring,23,DSL,GDSL_02,2025,ELC,18433.191
BAU,shungnak,electric,2030,spring,23,ELC,ELECT,2030,ELECD,18465.04
BAU,shungnak,electric,2030,spring,23,SOL,GSOL_01,2025,ELC,13.599878
BAU,shungnak,electric,2030,spring,23,SOL,GSOL_01,2030,ELC,18.249971
BAU,shungnak,electric,2030,spring,3,DSL,GDSL_03,2025,ELC,15155.269
BAU,shungnak,electric,2030,spring,3,ELC,ELECT,2030,ELECD,15155.269
BAU,shungnak,electric,2030,spring,4,DSL,GDSL_02,2025,ELC,15281.693
BAU,shungnak,electric,2030,spring,4,ELC,ELECT,2030,ELECD,15329.467
BAU,shungnak,electric,2030,spring,4,SOL,GSOL_01,2025,ELC,20.399817
BAU,shungnak,electric,2030,spring,4,SOL,GSOL_01,2030,ELC,27.374956
BAU,shungnak,electric,2030,spring,5,DSL,GDSL_01,2025,ELC,15466.859
BAU,shungnak,electric,2030,spring,5,ELC,ELECT,2030,ELECD,15677.864
BAU,shungnak,electric,2030,spring,5,SOL,GSOL_01,2025,ELC,90.099193
BAU,shungnak,electric,2030,spring,5,SOL,GSOL_01,2030,ELC,120.90606
BAU,shungnak,electric,2030,spring,6,DSL,GDSL_03,2025,ELC,15317.602
BAU,shungnak,electric,2030,spring,6,ELC,ELECT,2030,ELECD,16026.261
BAU,shungnak,electric,2030,spring,6,SOL,GSOL_01,2025,ELC,302.59729
BAU,shungnak,electric,2030,spring,6,SOL,GSOL_01,2030,ELC,406.06185
BAU,shungnak,electric,2030,spring,7,DSL,GDSL_03,2025,ELC,15316.784
BAU,shungnak,electric,2030,spring,7,ELC,ELECT,2030,ELECD,17594.048
BAU,shungnak,electric,2030,spring,7,SOL,GSOL_01,2025,ELC,972.39129
BAU,shungnak,electric,2030,spring,7,SOL,GSOL_01,2030,ELC,1304.8729
BAU,shungnak,electric,2030,spring,8,DSL,GDSL_02,2025,ELC,15600.819
BAU,shungnak,electric,2030,spring,8,ELC,ELECT,2030,ELECD,20903.819
BAU,shungnak,electric,2030,spring,8,SOL,GSOL_01,2025,ELC,2264.3797
BAU,shungnak,electric,2030,spring,8,SOL,GSOL_01,2030,ELC,3038.6201
BAU,shungnak,electric,2030,spring,9,DSL,GDSL_01,2025,ELC,11616.661
BAU,shungnak,electric,2030,spring,9,ELC,ELECT,2030,ELECD,21426.415
BAU,shungnak,electric,2030,spring,9,SOL,GSOL_01,2025,ELC,4188.7625
BAU,shungnak,electric,2030,spring,9,SOL,GSOL_01,2030,ELC,5620.991
BAU,shungnak,electric,2030,summer,0,DSL,GDSL_03,2025,ELC,11805.685
BAU,shungnak,electric,2030,summer,0,ELC,ELECT,2030,ELECD,11845.498
BAU,shungnak,electric,2030,summer,0,SOL,GSOL_01,2025,ELC,16.999848
BAU,shungnak,electric,2030,summer,0,SOL,GSOL_01,2030,ELC,22.812463
BAU,shungnak,electric,2030,summer,1,DSL,GDSL_03,2025,ELC,10800.307
BAU,shungnak,electric,2030,summer,1,ELC,ELECT,2030,ELECD,10800.307
BAU,shungnak,electric,2030,summer,10,DSL,GDSL_02,2025,ELC,590.71424
BAU,shungnak,electric,2030,summer,10,ELC,ELECT,2030,ELECD,13239.086
BAU,shungnak,electric,2030,summer,10,SOL,GSOL_01,2025,ELC,5400.8516
BAU,shungnak,electric,2030,summer,10,SOL,GSOL_01,2030,ELC,7247.5197
BAU,shungnak,electric,2030,summer,11,ELC,ELECT,2030,ELECD,13587.483
BAU,shungnak,electric,2030,summer,11,SOL,GSOL_01,2025,ELC,6448.0423
BAU,shungnak,electric,2030,summer,11,SOL,GSOL_01,2030,ELC,8652.7674
BAU,shungnak,electric,2030,summer,12,ELC,ELECT,2030,ELECD,13239.086
BAU,shungnak,electric,2030,summer,12,SOL,GSOL_01,2025,ELC,7219.8354
BAU,shungnak,electric,2030,summer,12,SOL,GSOL_01,2030,ELC,9688.4532
BAU,shungnak,electric,2030,summer,13,ELC,ELECT,2030,ELECD,13064.887
BAU,shungnak,electric,2030,summer,13,SOL,GSOL_01,2025,ELC,7593.832
BAU,shungnak,electric,2030,summer,13,SOL,GSOL_01,2030,ELC,10190.327
BAU,shungnak,electric,2030,summer,14,ELC,ELECT,2030,ELECD,12890.689
BAU,shungnak,electric,2030,summer,14,SOL,GSOL_01,2025,ELC,7804.6301
BAU,shungnak,electric,2030,summer,14,SOL,GSOL_01,2030,ELC,10473.202
BAU,shungnak,electric,2030,summer,15,ELC,ELECT,2030,ELECD,13413.284
BAU,shungnak,electric,2030,summer,15,SOL,GSOL_01,2025,ELC,7031.1371
BAU,shungnak,electric,2030,summer,15,SOL,GSOL_01,2030,ELC,9435.2349
BAU,shungnak,electric,2030,summer,16,ELC,ELECT,2030,ELECD,14981.07
BAU,shungnak,electric,2030,summer,16,SOL,GSOL_01,2025,ELC,6480.342
BAU,shungnak,electric,2030,summer,16,SOL,GSOL_01,2030,ELC,8696.1111
BAU,shungnak,electric,2030,summer,17,ELC,EBATT_01,2025,ELC,2740.8146
BAU,shungnak,electric,2030,summer,17,ELC,ELECT,2030,ELECD,15329.467
BAU,shungnak,electric,2030,summer,17,SOL,GSOL_01,2025,ELC,5375.3519
BAU,shungnak,electric,2030,summer,17,SOL,GSOL_01,2030,ELC,7213.301
BAU,shungnak,electric,2030,summer,18,ELC,EBATT_01,2025,ELC,4784.0048
BAU,shungnak,electric,2030,summer,18,ELC,ELECT,2030,ELECD,13761.681
BAU,shungnak,electric,2030,summer,18,SOL,GSOL_01,2025,ELC,3833.4657
BAU,shungnak,electric,2030,summer,18,SOL,GSOL_01,2030,ELC,5144.2105
BAU,shungnak,electric,2030,summer,19,ELC,EBATT_01,2025,ELC,8181.9463
BAU,shungnak,electric,2030,summer,19,ELC,ELECT,2030,ELECD,13413.284
BAU,shungnak,electric,2030,summer,19,SOL,GSOL_01,2025,ELC,2233.78
BAU,shungnak,electric,2030,summer,19,SOL,GSOL_01,2030,ELC,2997.5577
BAU,shungnak,electric,2030,summer,2,DSL,GDSL_03,2025,ELC,10626.108
BAU,shungnak,electric,2030,summer,2,ELC,ELECT,2030,ELECD,10626.108
BAU,shungnak,electric,2030,summer,20,DSL,GDSL_01,2025,ELC,10652.027
BAU,shungnak,electric,2030,summer,20,ELC,EBATT_01,2025,ELC,50.038377
BAU,shungnak,electric,2030,summer,20,ELC,ELECT,2030,ELECD,13413.284
BAU,shungnak,electric,2030,summer,20,SOL,GSOL_01,2025,ELC,1157.6896
BAU,shungnak,electric,2030,summer,20,SOL,GSOL_01,2030,ELC,1553.5288
BAU,shungnak,electric,2030,summer,21,DSL,GDSL_03,2025,ELC,11133.911
BAU,shungnak,electric,2030,summer,21,ELC,ELECT,2030,ELECD,12368.093
BAU,shungnak,electric,2030,summer,21,SOL,GSOL_01,2025,ELC,526.99528
BAU,shungnak,electric,2030,summer,21,SOL,GSOL_01,2030,ELC,707.18637
BAU,shungnak,electric,2030,summer,22,DSL,GDSL_03,2025,ELC,11623.603
BAU,shungnak,electric,2030,summer,22,ELC,ELECT,2030,ELECD,12368.093
BAU,shungnak,electric,2030,summer,22,SOL,GSOL_01,2025,ELC,317.89715
BAU,shungnak,electric,2030,summer,22,SOL,GSOL_01,2030,ELC,426.59307
BAU,shungnak,electric,2030,summer,23,DSL,GDSL_01,2025,ELC,11974.927
BAU,shungnak,electric,2030,summer,23,ELC,ELECT,2030,ELECD,12193.895
BAU,shungnak,electric,2030,summer,23,SOL,GSOL_01,2025,ELC,93.499163
BAU,shungnak,electric,2030,summer,23,SOL,GSOL_01,2030,ELC,125.46855
BAU,shungnak,electric,2030,summer,3,DSL,GDSL_03,2025,ELC,9881.5394
BAU,shungnak,electric,2030,summer,3,ELC,ELECT,2030,ELECD,9929.3142
BAU,shungnak,electric,2030,summer,3,SOL,GSOL_01,2025,ELC,20.399817
BAU,shungnak,electric,2030,summer,3,SOL,GSOL_01,2030,ELC,27.374956
BAU,shungnak,electric,2030,summer,4,DSL,GDSL_01,2025,ELC,9448.5609
BAU,shungnak,electric,2030,summer,4,ELC,ELECT,2030,ELECD,9755.1157
BAU,shungnak,electric,2030,summer,4,SOL,GSOL_01,2025,ELC,130.89883
BAU,shungnak,electric,2030,summer,4,SOL,GSOL_01,2030,ELC,175.65597
BAU,shungnak,electric,2030,summer,5,DSL,GDSL_03,2025,ELC,9161.9122
BAU,shungnak,electric,2030,summer,5,ELC,ELECT,2030,ELECD,9755.1157
BAU,shungnak,electric,2030,summer,5,SOL,GSOL_01,2025,ELC,253.29773
BAU,shungnak,electric,2030,summer,5,SOL,GSOL_01,2030,ELC,339.90571
BAU,shungnak,electric,2030,summer,6,DSL,GDSL_03,2025,ELC,8947.0043
BAU,shungnak,electric,2030,summer,6,ELC,ELECT,2030,ELECD,10451.91
BAU,shungnak,electric,2030,summer,6,SOL,GSOL_01,2025,ELC,642.59425
BAU,shungnak,electric,2030,summer,6,SOL,GSOL_01,2030,ELC,862.31112
BAU,shungnak,electric,2030,summer,7,DSL,GDSL_02,2025,ELC,7023.094
BAU,shungnak,electric,2030,summer,7,ELC,ELECT,2030,ELECD,10626.108
BAU,shungnak,electric,2030,summer,7,SOL,GSOL_01,2025,ELC,1538.4862
BAU,shungnak,electric,2030,summer,7,SOL,GSOL_01,2030,ELC,2064.5279
BAU,shungnak,electric,2030,summer,8,DSL,GDSL_03,2025,ELC,3915.7823
BAU,shungnak,electric,2030,summer,8,ELC,ELECT,2030,ELECD,10974.505
BAU,shungnak,electric,2030,summer,8,SOL,GSOL_01,2025,ELC,3014.073
BAU,shungnak,electric,2030,summer,8,SOL,GSOL_01,2030,ELC,4044.6498
BAU,shungnak,electric,2030,summer,9,DSL,GDSL_03,2025,ELC,1680.3603
BAU,shungnak,electric,2030,summer,9,ELC,ELECT,2030,ELECD,11322.902
BAU,shungnak,electric,2030,summer,9,SOL,GSOL_01,2025,ELC,4117.3631
BAU,shungnak,electric,2030,summer,9,SOL,GSOL_01,2030,ELC,5525.1787
BAU,shungnak,electric,2030,winter,0,DSL,GDSL_01,2025,ELC,19858.628
BAU,shungnak,electric,2030,winter,0,ELC,ELECT,2030,ELECD,19858.628
BAU,shungnak,electric,2030,winter,1,DSL,GDSL_01,2025,ELC,19684.43
BAU,shungnak,electric,2030,winter,1,ELC,ELECT,2030,ELECD,19684.43
BAU,shungnak,electric,2030,winter,10,DSL,GDSL_02,2025,ELC,24804.921
BAU,shungnak,electric,2030,winter,10,ELC,ELECT,2030,ELECD,25258.782
BAU,shungnak,electric,2030,winter,10,SOL,GSOL_01,2025,ELC,193.79826
BAU,shungnak,electric,2030,winter,10,SOL,GSOL_01,2030,ELC,260.06208
BAU,shungnak,electric,2030,winter,11,DSL,GDSL_03,2025,ELC,24589.038
BAU,shungnak,electric,2030,winter,11,ELC,ELECT,2030,ELECD,26129.774
BAU,shungnak,electric,2030,winter,11,SOL,GSOL_01,2025,ELC,657.89411
BAU,shungnak,electric,2030,winter,11,SOL,GSOL_01,2030,ELC,882.84234
BAU,shungnak,electric,2030,winter,12,DSL,GDSL_01,2025,ELC,23054.234
BAU,shungnak,electric,2030,winter,12,ELC,ELECT,2030,ELECD,25781.377
BAU,shungnak,electric,2030,winter,12,SOL,GSOL_01,2025,ELC,1164.4896
BAU,shungnak,electric,2030,winter,12,SOL,GSOL_01,2030,ELC,1562.6537
BAU,shungnak,electric,2030,winter,13,DSL,GDSL_03,2025,ELC,21577.119
BAU,shungnak,electric,2030,winter,13,ELC,ELECT,2030,ELECD,25084.583
BAU,shungnak,electric,2030,winter,13,SOL,GSOL_01,2025,ELC,1497.6866
BAU,shungnak,electric,2030,winter,13,SOL,GSOL_01,2030,ELC,2009.778
BAU,shungnak,electric,2030,winter,14,DSL,GDSL_03,2025,ELC,21402.92
BAU,shungnak,electric,2030,winter,14,ELC,ELECT,2030,ELECD,24910.385
BAU,shungnak,electric,2030,winter,14,SOL,GSOL_01,2025,ELC,1497.6866
BAU,shungnak,electric,2030,winter,14,SOL,GSOL_01,2030,ELC,2009.778
BAU,shungnak,electric,2030,winter,15,DSL,GDSL_03,2025,ELC,21099.214
BAU,shungnak,electric,2030,winter,15,ELC,ELECT,2030,ELECD,23690.995
BAU,shungnak,electric,2030,winter,15,SOL,GSOL_01,2025,ELC,1106.6901
BAU,shungnak,electric,2030,winter,15,SOL,GSOL_01,2030,ELC,1485.0914
BAU,shungnak,electric,2030,winter,16,DSL,GDSL_02,2025,ELC,23505.01
BAU,shungnak,electric,2030,winter,16,ELC,ELECT,2030,ELECD,24910.385
BAU,shungnak,electric,2030,winter,16,SOL,GSOL_01,2025,ELC,600.09463
BAU,shungnak,electric,2030,winter,16,SOL,GSOL_01,2030,ELC,805.27996
BAU,shungnak,electric,2030,winter,17,DSL,GDSL_01,2025,ELC,26460.295
BAU,shungnak,electric,2030,winter,17,ELC,ELECT,2030,ELECD,26826.568
BAU,shungnak,electric,2030,winter,17,SOL,GSOL_01,2025,ELC,156.3986
BAU,shungnak,electric,2030,winter,17,SOL,GSOL_01,2030,ELC,209.87466
BAU,shungnak,electric,2030,winter,18,DSL,GDSL_01,2025,ELC,26992.804
BAU,shungnak,electric,2030,winter,18,ELC,ELECT,2030,ELECD,27000.767
BAU,shungnak,electric,2030,winter,18,SOL,GSOL_01,2025,ELC,3.3999696
BAU,shungnak,electric,2030,winter,18,SOL,GSOL_01,2030,ELC,4.5624927
BAU,shungnak,electric,2030,winter,19,DSL,GDSL_02,2025,ELC,23516.797
BAU,shungnak,electric,2030,winter,19,ELC,ELECT,2030,ELECD,23516.797
BAU,shungnak,electric,2030,winter,2,DSL,GDSL_02,2025,ELC,19858.628
BAU,shungnak,electric,2030,winter,2,ELC,ELECT,2030,ELECD,19858.628
BAU,shungnak,electric,2030,winter,20,DSL,GDSL_03,2025,ELC,23690.995
BAU,shungnak,electric,2030,winter,20,ELC,ELECT,2030,ELECD,23690.995
BAU,shungnak,electric,2030,winter,21,DSL,GDSL_02,2025,ELC,22471.606
BAU,shungnak,electric,2030,winter,21,ELC,ELECT,2030,ELECD,22471.606
BAU,shungnak,electric,2030,winter,22,DSL,GDSL_01,2025,ELC,21600.613
BAU,shungnak,electric,2030,winter,22,ELC,ELECT,2030,ELECD,21600.613
BAU,shungnak,electric,2030,winter,23,DSL,GDSL_01,2025,ELC,19510.231
BAU,shungnak,electric,2030,winter,23,ELC,ELECT,2030,ELECD,19510.231
BAU,shungnak,electric,2030,winter,3,DSL,GDSL_02,2025,ELC,18813.437
BAU,shungnak,electric,2030,winter,3,ELC,ELECT,2030,ELECD,18813.437
BAU,shungnak,electric,2030,winter,4,DSL,GDSL_01,2025,ELC,18116.643
BAU,shungnak,electric,2030,winter,4,ELC,ELECT,2030,ELECD,18116.643
BAU,shungnak,electric,2030,winter,5,DSL,GDSL_01,2025,ELC,18290.842
BAU,shungnak,electric,2030,winter,5,ELC,ELECT,2030,ELECD,18290.842
BAU,shungnak,electric,2030,winter,6,DSL,GDSL_02,2025,ELC,18639.239
BAU,shungnak,electric,2030,winter,6,ELC,ELECT,2030,ELECD,18639.239
BAU,shungnak,electric,2030,winter,7,DSL,GDSL_02,2025,ELC,18290.842
BAU,shungnak,electric,2030,winter,7,ELC,ELECT,2030,ELECD,18290.842
BAU,shungnak,electric,2030,winter,8,DSL,GDSL_01,2025,ELC,20032.827
BAU,shungnak,electric,2030,winter,8,ELC,ELECT,2030,ELECD,20032.827
BAU,shungnak,electric,2030,winter,9,DSL,GDSL_02,2025,ELC,23690.995
BAU,shungnak,electric,2030,winter,9,ELC,ELECT,2030,ELECD,23690.995
BAU,shungnak,electric,2035,fall,0,DSL,GDSL_01,2025,ELC,3725.4713
BAU,shungnak,electric,2035,fall,0,ELC,EBATT_01,2035,ELC,11653.616
BAU,shungnak,electric,2035,fall,0,ELC,ELECT,2035,ELECD,15379.087
BAU,shungnak,electric,2035,fall,1,DSL,GDSL_01,2025,ELC,6179.9938
BAU,shungnak,electric,2035,fall,1,ELC,EBATT_01,2035,ELC,9565.2618
BAU,shungnak,electric,2035,fall,1,ELC,ELECT,2030,ELECD,15745.256
BAU,shungnak,electric,2035,fall,10,DSL,GDSL_01,2025,ELC,17773.892
BAU,shungnak,electric,2035,fall,10,ELC,ELECT,2030,ELECD,22702.462
BAU,shungnak,electric,2035,fall,10,SOL,GSOL_01,2025,ELC,1337.888
BAU,shungnak,electric,2035,fall,10,SOL,GSOL_01,2030,ELC,1795.3409
BAU,shungnak,electric,2035,fall,10,SOL,GSOL_01,2035,ELC,1795.3409
BAU,shungnak,electric,2035,fall,11,DSL,GDSL_03,2025,ELC,15419.928
BAU,shungnak,electric,2035,fall,11,ELC,ELECT,2030,ELECD,24350.221
BAU,shungnak,electric,2035,fall,11,SOL,GSOL_01,2025,ELC,2424.1783
BAU,shungnak,electric,2035,fall,11,SOL,GSOL_01,2030,ELC,3253.0573
BAU,shungnak,electric,2035,fall,11,SOL,GSOL_01,2035,ELC,3253.0573
BAU,shungnak,electric,2035,fall,12,DSL,GDSL_03,2025,ELC,11497.417
BAU,shungnak,electric,2035,fall,12,ELC,ELECT,2030,ELECD,22519.377
BAU,shungnak,electric,2035,fall,12,SOL,GSOL_01,2025,ELC,2991.9732
BAU,shungnak,electric,2035,fall,12,SOL,GSOL_01,2030,ELC,4014.9936
BAU,shungnak,electric,2035,fall,12,SOL,GSOL_01,2035,ELC,4014.9936
BAU,shungnak,electric,2035,fall,13,DSL,GDSL_03,2025,ELC,10205.874
BAU,shungnak,electric,2035,fall,13,ELC,ELECT,2035,ELECD,22336.293
BAU,shungnak,electric,2035,fall,13,SOL,GSOL_01,2025,ELC,3292.8705
BAU,shungnak,electric,2035,fall,13,SOL,GSOL_01,2030,ELC,4418.7742
BAU,shungnak,electric,2035,fall,13,SOL,GSOL_01,2035,ELC,4418.7742
BAU,shungnak,electric,2035,fall,14,DSL,GDSL_03,2025,ELC,11614.559
BAU,shungnak,electric,2035,fall,14,ELC,ELECT,2030,ELECD,23068.63
BAU,shungnak,electric,2035,fall,14,SOL,GSOL_01,2025,ELC,3109.2722
BAU,shungnak,electric,2035,fall,14,SOL,GSOL_01,2030,ELC,4172.3996
BAU,shungnak,electric,2035,fall,14,SOL,GSOL_01,2035,ELC,4172.3996
BAU,shungnak,electric,2035,fall,15,DSL,GDSL_02,2025,ELC,9850.4023
BAU,shungnak,electric,2035,fall,15,ELC,ELECT,2030,ELECD,19406.943
BAU,shungnak,electric,2035,fall,15,SOL,GSOL_01,2025,ELC,2594.1768
BAU,shungnak,electric,2035,fall,15,SOL,GSOL_01,2030,ELC,3481.1819
BAU,shungnak,electric,2035,fall,15,SOL,GSOL_01,2035,ELC,3481.1819
BAU,shungnak,electric,2035,fall,16,DSL,GDSL_03,2025,ELC,15924.988
BAU,shungnak,electric,2035,fall,16,ELC,ELECT,2030,ELECD,22519.377
BAU,shungnak,electric,2035,fall,16,SOL,GSOL_01,2025,ELC,1790.084
BAU,shungnak,electric,2035,fall,16,SOL,GSOL_01,2030,ELC,2402.1524
BAU,shungnak,electric,2035,fall,16,SOL,GSOL_01,2035,ELC,2402.1524
BAU,shungnak,electric,2035,fall,17,DSL,GDSL_01,2025,ELC,19004.655
BAU,shungnak,electric,2035,fall,17,ELC,ELECT,2030,ELECD,22336.293
BAU,shungnak,electric,2035,fall,17,SOL,GSOL_01,2025,ELC,904.3919
BAU,shungnak,electric,2035,fall,17,SOL,GSOL_01,2030,ELC,1213.6231
BAU,shungnak,electric,2035,fall,17,SOL,GSOL_01,2035,ELC,1213.6231
BAU,shungnak,electric,2035,fall,18,DSL,GDSL_01,2025,ELC,19883.619
BAU,shungnak,electric,2035,fall,18,ELC,ELECT,2030,ELECD,21054.702
BAU,shungnak,electric,2035,fall,18,SOL,GSOL_01,2025,ELC,317.89715
BAU,shungnak,electric,2035,fall,18,SOL,GSOL_01,2030,ELC,426.59307
BAU,shungnak,electric,2035,fall,18,SOL,GSOL_01,2035,ELC,426.59307
BAU,shungnak,electric,2035,fall,19,DSL,GDSL_03,2025,ELC,16189.519
BAU,shungnak,electric,2035,fall,19,ELC,ELECT,2035,ELECD,16477.593
BAU,shungnak,electric,2035,fall,19,SOL,GSOL_01,2025,ELC,78.1993
BAU,shungnak,electric,2035,fall,19,SOL,GSOL_01,2030,ELC,104.93733
BAU,shungnak,electric,2035,fall,19,SOL,GSOL_01,2035,ELC,104.93733
BAU,shungnak,electric,2035,fall,2,DSL,GDSL_03,2025,ELC,15196.002
BAU,shungnak,electric,2035,fall,2,ELC,ELECT,2030,ELECD,15196.002
BAU,shungnak,electric,2035,fall,20,DSL,GDSL_01,2025,ELC,21035.915
BAU,shungnak,electric,2035,fall,20,ELC,ELECT,2035,ELECD,21054.702
BAU,shungnak,electric,2035,fall,20,SOL,GSOL_01,2025,ELC,5.0999543
BAU,shungnak,electric,2035,fall,20,SOL,GSOL_01,2030,ELC,6.843739
BAU,shungnak,electric,2035,fall,20,SOL,GSOL_01,2035,ELC,6.843739
BAU,shungnak,electric,2035,fall,21,DSL,GDSL_02,2025,ELC,20139.28
BAU,shungnak,electric,2035,fall,21,ELC,ELECT,2030,ELECD,20139.28
BAU,shungnak,electric,2035,fall,22,DSL,GDSL_02,2025,ELC,18674.605
BAU,shungnak,electric,2035,fall,22,ELC,ELECT,2030,ELECD,18674.605
BAU,shungnak,electric,2035,fall,23,DSL,GDSL_02,2025,ELC,17393.015
BAU,shungnak,electric,2035,fall,23,ELC,ELECT,2030,ELECD,17393.015
BAU,shungnak,electric,2035,fall,3,DSL,GDSL_01,2025,ELC,15012.918
BAU,shungnak,electric,2035,fall,3,ELC,ELECT,2030,ELECD,15012.918
BAU,shungnak,electric,2035,fall,4,DSL,GDSL_03,2025,ELC,14646.749
BAU,shungnak,electric,2035,fall,4,ELC,ELECT,2030,ELECD,14646.749
BAU,shungnak,electric,2035,fall,5,DSL,GDSL_03,2025,ELC,15012.918
BAU,shungnak,electric,2035,fall,5,ELC,ELECT,2030,ELECD,15012.918
BAU,shungnak,electric,2035,fall,6,DSL,GDSL_02,2025,ELC,16111.424
BAU,shungnak,electric,2035,fall,6,ELC,ELECT,2035,ELECD,16111.424
BAU,shungnak,electric,2035,fall,7,DSL,GDSL_01,2025,ELC,17463.375
BAU,shungnak,electric,2035,fall,7,ELC,ELECT,2030,ELECD,17576.099
BAU,shungnak,electric,2035,fall,7,SOL,GSOL_01,2025,ELC,30.599726
BAU,shungnak,electric,2035,fall,7,SOL,GSOL_01,2030,ELC,41.062434
BAU,shungnak,electric,2035,fall,7,SOL,GSOL_01,2035,ELC,41.062434
BAU,shungnak,electric,2035,fall,8,DSL,GDSL_03,2025,ELC,21429.706
BAU,shungnak,electric,2035,fall,8,ELC,ELECT,2030,ELECD,22519.377
BAU,shungnak,electric,2035,fall,8,SOL,GSOL_01,2025,ELC,295.79735
BAU,shungnak,electric,2035,fall,8,SOL,GSOL_01,2030,ELC,396.93686
BAU,shungnak,electric,2035,fall,8,SOL,GSOL_01,2035,ELC,396.93686
BAU,shungnak,electric,2035,fall,9,DSL,GDSL_02,2025,ELC,20195.998
BAU,shungnak,electric,2035,fall,9,ELC,ELECT,2030,ELECD,22519.377
BAU,shungnak,electric,2035,fall,9,SOL,GSOL_01,2025,ELC,630.69435
BAU,shungnak,electric,2035,fall,9,SOL,GSOL_01,2030,ELC,846.3424
BAU,shungnak,electric,2035,fall,9,SOL,GSOL_01,2035,ELC,846.3424
BAU,shungnak,electric,2035,spring,0,DSL,GDSL_01,2025,ELC,16660.677
BAU,shungnak,electric,2035,spring,0,ELC,ELECT,2030,ELECD,16660.677
BAU,shungnak,electric,2035,spring,1,DSL,GDSL_01,2025,ELC,16660.677
BAU,shungnak,electric,2035,spring,1,ELC,ELECT,2030,ELECD,16660.677
BAU,shungnak,electric,2035,spring,10,DSL,GDSL_01,2025,ELC,2118.4258
BAU,shungnak,electric,2035,spring,10,ELC,ELECT,2030,ELECD,24350.221
BAU,shungnak,electric,2035,spring,10,SOL,GSOL_01,2025,ELC,6034.946
BAU,shungnak,electric,2035,spring,10,SOL,GSOL_01,2030,ELC,8098.4245
BAU,shungnak,electric,2035,spring,10,SOL,GSOL_01,2035,ELC,8098.4245
BAU,shungnak,electric,2035,spring,11,ELC,ELECT,2030,ELECD,24899.474
BAU,shungnak,electric,2035,spring,11,SOL,GSOL_01,2025,ELC,7507.1328
BAU,shungnak,electric,2035,spring,11,SOL,GSOL_01,2030,ELC,10073.984
BAU,shungnak,electric,2035,spring,11,SOL,GSOL_01,2035,ELC,10073.984
BAU,shungnak,electric,2035,spring,12,ELC,ELECT,2030,ELECD,23617.883
BAU,shungnak,electric,2035,spring,12,SOL,GSOL_01,2025,ELC,8202.4266
BAU,shungnak,electric,2035,spring,12,SOL,GSOL_01,2030,ELC,11007.014
BAU,shungnak,electric,2035,spring,12,SOL,GSOL_01,2035,ELC,11007.014
BAU,shungnak,electric,2035,spring,13,ELC,ELECT,2030,ELECD,22702.462
BAU,shungnak,electric,2035,spring,13,SOL,GSOL_01,2025,ELC,8622.3228
BAU,shungnak,electric,2035,spring,13,SOL,GSOL_01,2030,ELC,11570.481
BAU,shungnak,electric,2035,spring,13,SOL,GSOL_01,2035,ELC,11570.481
BAU,shungnak,electric,2035,spring,14,ELC,ELECT,2030,ELECD,23068.63
BAU,shungnak,electric,2035,spring,14,SOL,GSOL_01,2025,ELC,8588.3231
BAU,shungnak,electric,2035,spring,14,SOL,GSOL_01,2030,ELC,11524.857
BAU,shungnak,electric,2035,spring,14,SOL,GSOL_01,2035,ELC,11524.857
BAU,shungnak,electric,2035,spring,15,ELC,ELECT,2030,ELECD,22885.546
BAU,shungnak,electric,2035,spring,15,SOL,GSOL_01,2025,ELC,8088.5276
BAU,shungnak,electric,2035,spring,15,SOL,GSOL_01,2030,ELC,10854.17
BAU,shungnak,electric,2035,spring,15,SOL,GSOL_01,2035,ELC,10854.17
BAU,shungnak,electric,2035,spring,16,ELC,ELECT,2030,ELECD,23984.052
BAU,shungnak,electric,2035,spring,16,SOL,GSOL_01,2025,ELC,7024.3371
BAU,shungnak,electric,2035,spring,16,SOL,GSOL_01,2030,ELC,9426.1099
BAU,shungnak,electric,2035,spring,16,SOL,GSOL_01,2035,ELC,9426.1099
BAU,shungnak,electric,2035,spring,17,ELC,EBATT_01,2035,ELC,4701.8839
BAU,shungnak,electric,2035,spring,17,ELC,ELECT,2035,ELECD,23984.052
BAU,shungnak,electric,2035,spring,17,SOL,GSOL_01,2025,ELC,5234.2531
BAU,shungnak,electric,2035,spring,17,SOL,GSOL_01,2030,ELC,7023.9575
BAU,shungnak,electric,2035,spring,17,SOL,GSOL_01,2035,ELC,7023.9575
BAU,shungnak,electric,2035,spring,18,ELC,EBATT_01,2025,ELC,1608.6291
BAU,shungnak,electric,2035,spring,18,ELC,EBATT_01,2035,ELC,9408.0494
BAU,shungnak,electric,2035,spring,18,ELC,ELECT,2030,ELECD,22702.462
BAU,shungnak,electric,2035,spring,18,SOL,GSOL_01,2025,ELC,3172.1716
BAU,shungnak,electric,2035,spring,18,SOL,GSOL_01,2030,ELC,4256.8057
BAU,shungnak,electric,2035,spring,18,SOL,GSOL_01,2035,ELC,4256.8057
BAU,shungnak,electric,2035,spring,19,DSL,GDSL_03,2025,ELC,5231.3768
BAU,shungnak,electric,2035,spring,19,ELC,EBATT_01,2035,ELC,11653.616
BAU,shungnak,electric,2035,spring,19,ELC,ELECT,2030,ELECD,21970.124
BAU,shungnak,electric,2035,spring,19,SOL,GSOL_01,2025,ELC,1380.3876
BAU,shungnak,electric,2035,spring,19,SOL,GSOL_01,2030,ELC,1852.372
BAU,shungnak,electric,2035,spring,19,SOL,GSOL_01,2035,ELC,1852.372
BAU,shungnak,electric,2035,spring,2,DSL,GDSL_02,2025,ELC,15928.34
BAU,shungnak,electric,2035,spring,2,ELC,ELECT,2030,ELECD,15928.34
BAU,shungnak,electric,2035,spring,20,DSL,GDSL_01,2025,ELC,17800.93
BAU,shungnak,electric,2035,spring,20,ELC,EBATT_01,2035,ELC,3047.8381
BAU,shungnak,electric,2035,spring,20,ELC,ELECT,2030,ELECD,22702.462
BAU,shungnak,electric,2035,spring,20,SOL,GSOL_01,2025,ELC,503.19549
BAU,shungnak,electric,2035,spring,20,SOL,GSOL_01,2030,ELC,675.24892
BAU,shungnak,electric,2035,spring,20,SOL,GSOL_01,2035,ELC,675.24892
BAU,shungnak,electric,2035,spring,21,DSL,GDSL_02,2025,ELC,20613.011
BAU,shungnak,electric,2035,spring,21,ELC,ELECT,2030,ELECD,21420.871
BAU,shungnak,electric,2035,spring,21,SOL,GSOL_01,2025,ELC,219.29804
BAU,shungnak,electric,2035,spring,21,SOL,GSOL_01,2030,ELC,294.28078
BAU,shungnak,electric,2035,spring,21,SOL,GSOL_01,2035,ELC,294.28078
BAU,shungnak,electric,2035,spring,22,DSL,GDSL_01,2025,ELC,20558.494
BAU,shungnak,electric,2035,spring,22,ELC,ELECT,2030,ELECD,20871.618
BAU,shungnak,electric,2035,spring,22,SOL,GSOL_01,2025,ELC,84.999239
BAU,shungnak,electric,2035,spring,22,SOL,GSOL_01,2030,ELC,114.06232
BAU,shungnak,electric,2035,spring,22,SOL,GSOL_01,2035,ELC,114.06232
BAU,shungnak,electric,2035,spring,23,DSL,GDSL_03,2025,ELC,19356.843
BAU,shungnak,electric,2035,spring,23,ELC,ELECT,2030,ELECD,19406.943
BAU,shungnak,electric,2035,spring,23,SOL,GSOL_01,2025,ELC,13.599878
BAU,shungnak,electric,2035,spring,23,SOL,GSOL_01,2030,ELC,18.249971
BAU,shungnak,electric,2035,spring,23,SOL,GSOL_01,2035,ELC,18.249971
BAU,shungnak,electric,2035,spring,3,DSL,GDSL_01,2025,ELC,15928.34
BAU,shungnak,electric,2035,spring,3,ELC,ELECT,2030,ELECD,15928.34
BAU,shungnak,electric,2035,spring,4,DSL,GDSL_02,2025,ELC,16036.275
BAU,shungnak,electric,2035,spring,4,ELC,ELECT,2030,ELECD,16111.424
BAU,shungnak,electric,2035,spring,4,SOL,GSOL_01,2025,ELC,20.399817
BAU,shungnak,electric,2035,spring,4,SOL,GSOL_01,2030,ELC,27.374956
BAU,shungnak,electric,2035,spring,4,SOL,GSOL_01,2035,ELC,27.374956
BAU,shungnak,electric,2035,spring,5,DSL,GDSL_01,2025,ELC,16145.682
BAU,shungnak,electric,2035,spring,5,ELC,ELECT,2030,ELECD,16477.593
BAU,shungnak,electric,2035,spring,5,SOL,GSOL_01,2025,ELC,90.099193
BAU,shungnak,electric,2035,spring,5,SOL,GSOL_01,2030,ELC,120.90606
BAU,shungnak,electric,2035,spring,5,SOL,GSOL_01,2035,ELC,120.90606
BAU,shungnak,electric,2035,spring,6,DSL,GDSL_02,2025,ELC,15729.041
BAU,shungnak,electric,2035,spring,6,ELC,ELECT,2030,ELECD,16843.762
BAU,shungnak,electric,2035,spring,6,SOL,GSOL_01,2025,ELC,302.59729
BAU,shungnak,electric,2035,spring,6,SOL,GSOL_01,2030,ELC,406.06185
BAU,shungnak,electric,2035,spring,6,SOL,GSOL_01,2035,ELC,406.06185
BAU,shungnak,electric,2035,spring,7,DSL,GDSL_01,2025,ELC,14909.384
BAU,shungnak,electric,2035,spring,7,ELC,ELECT,2030,ELECD,18491.521
BAU,shungnak,electric,2035,spring,7,SOL,GSOL_01,2025,ELC,972.39129
BAU,shungnak,electric,2035,spring,7,SOL,GSOL_01,2030,ELC,1304.8729
BAU,shungnak,electric,2035,spring,7,SOL,GSOL_01,2035,ELC,1304.8729
BAU,shungnak,electric,2035,spring,8,DSL,GDSL_01,2025,ELC,13628.504
BAU,shungnak,electric,2035,spring,8,ELC,ELECT,2030,ELECD,21970.124
BAU,shungnak,electric,2035,spring,8,SOL,GSOL_01,2025,ELC,2264.3797
BAU,shungnak,electric,2035,spring,8,SOL,GSOL_01,2030,ELC,3038.6201
BAU,shungnak,electric,2035,spring,8,SOL,GSOL_01,2035,ELC,3038.6201
BAU,shungnak,electric,2035,spring,9,DSL,GDSL_03,2025,ELC,7088.6326
BAU,shungnak,electric,2035,spring,9,ELC,ELECT,2030,ELECD,22519.377
BAU,shungnak,electric,2035,spring,9,SOL,GSOL_01,2025,ELC,4188.7625
BAU,shungnak,electric,2035,spring,9,SOL,GSOL_01,2030,ELC,5620.991
BAU,shungnak,electric,2035,spring,9,SOL,GSOL_01,2035,ELC,5620.991
BAU,shungnak,electric,2035,summer,0,DSL,GDSL_01,2025,ELC,12387.112
BAU,shungnak,electric,2035,summer,0,ELC,ELECT,2035,ELECD,12449.737
BAU,shungnak,electric,2035,summer,0,SOL,GSOL_01,2025,ELC,16.999848
BAU,shungnak,electric,2035,summer,0,SOL,GSOL_01,2030,ELC,22.812463
BAU,shungnak,electric,2035,summer,0,SOL,GSOL_01,2035,ELC,22.812463
BAU,shungnak,electric,2035,summer,1,DSL,GDSL_01,2025,ELC,11351.231
BAU,shungnak,electric,2035,summer,1,ELC,ELECT,2030,ELECD,11351.231
BAU,shungnak,electric,2035,summer,10,ELC,ELECT,2030,ELECD,13914.412
BAU,shungnak,electric,2035,summer,10,SOL,GSOL_01,2025,ELC,5400.8516
BAU,shungnak,electric,2035,summer,10,SOL,GSOL_01,2030,ELC,7247.5197
BAU,shungnak,electric,2035,summer,10,SOL,GSOL_01,2035,ELC,7247.5197
BAU,shungnak,electric,2035,summer,11,ELC,ELECT,2030,ELECD,14280.581
BAU,shungnak,electric,2035,summer,11,SOL,GSOL_01,2025,ELC,6448.0423
BAU,shungnak,electric,2035,summer,11,SOL,GSOL_01,2030,ELC,8652.7674
BAU,shungnak,electric,2035,summer,11,SOL,GSOL_01,2035,ELC,8652.7674
BAU,shungnak,electric,2035,summer,12,ELC,ELECT,2030,ELECD,13914.412
BAU,shungnak,electric,2035,summer,12,SOL,GSOL_01,2025,ELC,7219.8354
BAU,shungnak,electric,2035,summer,12,SOL,GSOL_01,2030,ELC,9688.4532
BAU,shungnak,electric,2035,summer,12,SOL,GSOL_01,2035,ELC,9688.4532
BAU,shungnak,electric,2035,summer,13,ELC,ELECT,2030,ELECD,13731.328
BAU,shungnak,electric,2035,summer,13,SOL,GSOL_01,2025,ELC,7593.832
BAU,shungnak,electric,2035,summer,13,SOL,GSOL_01,2030,ELC,10190.327
BAU,shungnak,electric,2035,summer,13,SOL,GSOL_01,2035,ELC,10190.327
BAU,shungnak,electric,2035,summer,14,ELC,ELECT,2030,ELECD,13548.243
BAU,shungnak,electric,2035,summer,14,SOL,GSOL_01,2025,ELC,7804.6301
BAU,shungnak,electric,2035,summer,14,SOL,GSOL_01,2030,ELC,10473.202
BAU,shungnak,electric,2035,summer,14,SOL,GSOL_01,2035,ELC,10473.202
BAU,shungnak,electric,2035,summer,15,ELC,ELECT,2035,ELECD,14097.496
BAU,shungnak,electric,2035,summer,15,SOL,GSOL_01,2025,ELC,7031.1371
BAU,shungnak,electric,2035,summer,15,SOL,GSOL_01,2030,ELC,9435.2349
BAU,shungnak,electric,2035,summer,15,SOL,GSOL_01,2035,ELC,9435.2349
BAU,shungnak,electric,2035,summer,16,ELC,ELECT,2030,ELECD,15745.256
BAU,shungnak,electric,2035,summer,16,SOL,GSOL_01,2025,ELC,6480.342
BAU,shungnak,electric,2035,summer,16,SOL,GSOL_01,2030,ELC,8696.1111
BAU,shungnak,electric,2035,summer,16,SOL,GSOL_01,2035,ELC,8696.1111
BAU,shungnak,electric,2035,summer,17,ELC,ELECT,2030,ELECD,16111.424
BAU,shungnak,electric,2035,summer,17,SOL,GSOL_01,2025,ELC,5375.3519
BAU,shungnak,electric,2035,summer,17,SOL,GSOL_01,2030,ELC,7213.301
BAU,shungnak,electric,2035,summer,17,SOL,GSOL_01,2035,ELC,7213.301
BAU,shungnak,electric,2035,summer,18,ELC,EBATT_01,2025,ELC,341.77828
BAU,shungnak,electric,2035,summer,18,ELC,ELECT,2030,ELECD,14463.665
BAU,shungnak,electric,2035,summer,18,SOL,GSOL_01,2025,ELC,3833.4657
BAU,shungnak,electric,2035,summer,18,SOL,GSOL_01,2030,ELC,5144.2105
BAU,shungnak,electric,2035,summer,18,SOL,GSOL_01,2035,ELC,5144.2105
BAU,shungnak,electric,2035,summer,19,ELC,EBATT_01,2025,ELC,5868.6009
BAU,shungnak,electric,2035,summer,19,ELC,ELECT,2035,ELECD,14097.496
BAU,shungnak,electric,2035,summer,19,SOL,GSOL_01,2025,ELC,2233.78
BAU,shungnak,electric,2035,summer,19,SOL,GSOL_01,2030,ELC,2997.5577
BAU,shungnak,electric,2035,summer,19,SOL,GSOL_01,2035,ELC,2997.5577
BAU,shungnak,electric,2035,summer,2,DSL,GDSL_02,2025,ELC,11168.146
BAU,shungnak,electric,2035,summer,2,ELC,ELECT,2030,ELECD,11168.146
BAU,shungnak,electric,2035,summer,20,ELC,EBATT_01,2025,ELC,9832.7491
BAU,shungnak,electric,2035,summer,20,ELC,ELECT,2030,ELECD,14097.496
BAU,shungnak,electric,2035,summer,20,SOL,GSOL_01,2025,ELC,1157.6896
BAU,shungnak,electric,2035,summer,20,SOL,GSOL_01,2030,ELC,1553.5288
BAU,shungnak,electric,2035,summer,20,SOL,GSOL_01,2035,ELC,1553.5288
BAU,shungnak,electric,2035,summer,21,ELC,EBATT_01,2025,ELC,8969.2683
BAU,shungnak,electric,2035,summer,21,ELC,EBATT_01,2035,ELC,2088.3538
BAU,shungnak,electric,2035,summer,21,ELC,ELECT,2030,ELECD,12998.99
BAU,shungnak,electric,2035,summer,21,SOL,GSOL_01,2025,ELC,526.99528
BAU,shungnak,electric,2035,summer,21,SOL,GSOL_01,2030,ELC,707.18637
BAU,shungnak,electric,2035,summer,21,SOL,GSOL_01,2035,ELC,707.18637
BAU,shungnak,electric,2035,summer,22,ELC,EBATT_01,2025,ELC,174.2912
BAU,shungnak,electric,2035,summer,22,ELC,EBATT_01,2035,ELC,11653.616
BAU,shungnak,electric,2035,summer,22,ELC,ELECT,2030,ELECD,12998.99
BAU,shungnak,electric,2035,summer,22,SOL,GSOL_01,2025,ELC,317.89715
BAU,shungnak,electric,2035,summer,22,SOL,GSOL_01,2030,ELC,426.59307
BAU,shungnak,electric,2035,summer,22,SOL,GSOL_01,2035,ELC,426.59307
BAU,shungnak,electric,2035,summer,23,DSL,GDSL_03,2025,ELC,817.85387
BAU,shungnak,electric,2035,summer,23,ELC,EBATT_01,2035,ELC,11653.616
BAU,shungnak,electric,2035,summer,23,ELC,ELECT,2030,ELECD,12815.906
BAU,shungnak,electric,2035,summer,23,SOL,GSOL_01,2025,ELC,93.499163
BAU,shungnak,electric,2035,summer,23,SOL,GSOL_01,2030,ELC,125.46855
BAU,shungnak,electric,2035,summer,23,SOL,GSOL_01,2035,ELC,125.46855
BAU,shungnak,electric,2035,summer,3,DSL,GDSL_02,2025,ELC,10360.659
BAU,shungnak,electric,2035,summer,3,ELC,ELECT,2030,ELECD,10435.809
BAU,shungnak,electric,2035,summer,3,SOL,GSOL_01,2025,ELC,20.399817
BAU,shungnak,electric,2035,summer,3,SOL,GSOL_01,2030,ELC,27.374956
BAU,shungnak,electric,2035,summer,3,SOL,GSOL_01,2035,ELC,27.374956
BAU,shungnak,electric,2035,summer,4,DSL,GDSL_03,2025,ELC,9770.5138
BAU,shungnak,electric,2035,summer,4,ELC,ELECT,2030,ELECD,10252.725
BAU,shungnak,electric,2035,summer,4,SOL,GSOL_01,2025,ELC,130.89883
BAU,shungnak,electric,2035,summer,4,SOL,GSOL_01,2030,ELC,175.65597
BAU,shungnak,electric,2035,summer,4,SOL,GSOL_01,2035,ELC,175.65597
BAU,shungnak,electric,2035,summer,5,DSL,GDSL_03,2025,ELC,9319.6154
BAU,shungnak,electric,2035,summer,5,ELC,ELECT,2030,ELECD,10252.725
BAU,shungnak,electric,2035,summer,5,SOL,GSOL_01,2025,ELC,253.29773
BAU,shungnak,electric,2035,summer,5,SOL,GSOL_01,2030,ELC,339.90571
BAU,shungnak,electric,2035,summer,5,SOL,GSOL_01,2035,ELC,339.90571
BAU,shungnak,electric,2035,summer,6,DSL,GDSL_03,2025,ELC,8617.8455
BAU,shungnak,electric,2035,summer,6,ELC,ELECT,2030,ELECD,10985.062
BAU,shungnak,electric,2035,summer,6,SOL,GSOL_01,2025,ELC,642.59425
BAU,shungnak,electric,2035,summer,6,SOL,GSOL_01,2030,ELC,862.31112
BAU,shungnak,electric,2035,summer,6,SOL,GSOL_01,2035,ELC,862.31112
BAU,shungnak,electric,2035,summer,7,DSL,GDSL_02,2025,ELC,5500.6043
BAU,shungnak,electric,2035,summer,7,ELC,ELECT,2030,ELECD,11168.146
BAU,shungnak,electric,2035,summer,7,SOL,GSOL_01,2025,ELC,1538.4862
BAU,shungnak,electric,2035,summer,7,SOL,GSOL_01,2030,ELC,2064.5279
BAU,shungnak,electric,2035,summer,7,SOL,GSOL_01,2035,ELC,2064.5279
BAU,shungnak,electric,2035,summer,8,DSL,GDSL_03,2025,ELC,430.94255
BAU,shungnak,electric,2035,summer,8,ELC,ELECT,2035,ELECD,11534.315
BAU,shungnak,electric,2035,summer,8,SOL,GSOL_01,2025,ELC,3014.073
BAU,shungnak,electric,2035,summer,8,SOL,GSOL_01,2030,ELC,4044.6498
BAU,shungnak,electric,2035,summer,8,SOL,GSOL_01,2035,ELC,4044.6498
BAU,shungnak,electric,2035,summer,9,ELC,ELECT,2030,ELECD,11900.484
BAU,shungnak,electric,2035,summer,9,SOL,GSOL_01,2025,ELC,4117.3631
BAU,shungnak,electric,2035,summer,9,SOL,GSOL_01,2030,ELC,5525.1787
BAU,shungnak,electric,2035,summer,9,SOL,GSOL_01,2035,ELC,5525.1787
BAU,shungnak,electric,2035,winter,0,DSL,GDSL_02,2025,ELC,20871.618
BAU,shungnak,electric,2035,winter,0,ELC,ELECT,2030,ELECD,20871.618
BAU,shungnak,electric,2035,winter,1,DSL,GDSL_01,2025,ELC,20688.533
BAU,shungnak,electric,2035,winter,1,ELC,ELECT,2030,ELECD,20688.533
BAU,shungnak,electric,2035,winter,10,DSL,GDSL_01,2025,ELC,25833.311
BAU,shungnak,electric,2035,winter,10,ELC,ELECT,2030,ELECD,26547.233
BAU,shungnak,electric,2035,winter,10,SOL,GSOL_01,2025,ELC,193.79826
BAU,shungnak,electric,2035,winter,10,SOL,GSOL_01,2030,ELC,260.06208
BAU,shungnak,electric,2035,winter,10,SOL,GSOL_01,2035,ELC,260.06208
BAU,shungnak,electric,2035,winter,11,DSL,GDSL_02,2025,ELC,25039.076
BAU,shungnak,electric,2035,winter,11,ELC,ELECT,2035,ELECD,27462.655
BAU,shungnak,electric,2035,winter,11,SOL,GSOL_01,2025,ELC,657.89411
BAU,shungnak,electric,2035,winter,11,SOL,GSOL_01,2030,ELC,882.84234
BAU,shungnak,electric,2035,winter,11,SOL,GSOL_01,2035,ELC,882.84234
BAU,shungnak,electric,2035,winter,12,DSL,GDSL_01,2025,ELC,22806.689
BAU,shungnak,electric,2035,winter,12,ELC,ELECT,2035,ELECD,27096.486
BAU,shungnak,electric,2035,winter,12,SOL,GSOL_01,2025,ELC,1164.4896
BAU,shungnak,electric,2035,winter,12,SOL,GSOL_01,2030,ELC,1562.6537
BAU,shungnak,electric,2035,winter,12,SOL,GSOL_01,2035,ELC,1562.6537
BAU,shungnak,electric,2035,winter,13,DSL,GDSL_03,2025,ELC,20846.906
BAU,shungnak,electric,2035,winter,13,ELC,ELECT,2030,ELECD,26364.149
BAU,shungnak,electric,2035,winter,13,SOL,GSOL_01,2025,ELC,1497.6866
BAU,shungnak,electric,2035,winter,13,SOL,GSOL_01,2030,ELC,2009.778
BAU,shungnak,electric,2035,winter,13,SOL,GSOL_01,2035,ELC,2009.778
BAU,shungnak,electric,2035,winter,14,DSL,GDSL_01,2025,ELC,20663.822
BAU,shungnak,electric,2035,winter,14,ELC,ELECT,2030,ELECD,26181.064
BAU,shungnak,electric,2035,winter,14,SOL,GSOL_01,2025,ELC,1497.6866
BAU,shungnak,electric,2035,winter,14,SOL,GSOL_01,2030,ELC,2009.778
BAU,shungnak,electric,2035,winter,14,SOL,GSOL_01,2035,ELC,2009.778
BAU,shungnak,electric,2035,winter,15,DSL,GDSL_01,2025,ELC,20822.601
BAU,shungnak,electric,2035,winter,15,ELC,ELECT,2030,ELECD,24899.474
BAU,shungnak,electric,2035,winter,15,SOL,GSOL_01,2025,ELC,1106.6901
BAU,shungnak,electric,2035,winter,15,SOL,GSOL_01,2030,ELC,1485.0914
BAU,shungnak,electric,2035,winter,15,SOL,GSOL_01,2035,ELC,1485.0914
BAU,shungnak,electric,2035,winter,16,DSL,GDSL_01,2025,ELC,23970.41
BAU,shungnak,electric,2035,winter,16,ELC,ELECT,2030,ELECD,26181.064
BAU,shungnak,electric,2035,winter,16,SOL,GSOL_01,2025,ELC,600.09463
BAU,shungnak,electric,2035,winter,16,SOL,GSOL_01,2030,ELC,805.27996
BAU,shungnak,electric,2035,winter,16,SOL,GSOL_01,2035,ELC,805.27996
BAU,shungnak,electric,2035,winter,17,DSL,GDSL_02,2025,ELC,27618.845
BAU,shungnak,electric,2035,winter,17,ELC,ELECT,2035,ELECD,28194.993
BAU,shungnak,electric,2035,winter,17,SOL,GSOL_01,2025,ELC,156.3986
BAU,shungnak,electric,2035,winter,17,SOL,GSOL_01,2030,ELC,209.87466
BAU,shungnak,electric,2035,winter,17,SOL,GSOL_01,2035,ELC,209.87466
BAU,shungnak,electric,2035,winter,18,DSL,GDSL_03,2025,ELC,28365.552
BAU,shungnak,electric,2035,winter,18,ELC,ELECT,2035,ELECD,28378.077
BAU,shungnak,electric,2035,winter,18,SOL,GSOL_01,2025,ELC,3.3999696
BAU,shungnak,electric,2035,winter,18,SOL,GSOL_01,2030,ELC,4.5624927
BAU,shungnak,electric,2035,winter,18,SOL,GSOL_01,2035,ELC,4.5624927
BAU,shungnak,electric,2035,winter,19,DSL,GDSL_02,2025,ELC,24716.39
BAU,shungnak,electric,2035,winter,19,ELC,ELECT,2030,ELECD,24716.39
BAU,shungnak,electric,2035,winter,2,DSL,GDSL_01,2025,ELC,20871.618
BAU,shungnak,electric,2035,winter,2,ELC,ELECT,2030,ELECD,20871.618
BAU,shungnak,electric,2035,winter,20,DSL,GDSL_03,2025,ELC,24899.474
BAU,shungnak,electric,2035,winter,20,ELC,ELECT,2030,ELECD,24899.474
BAU,shungnak,electric,2035,winter,21,DSL,GDSL_02,2025,ELC,23617.883
BAU,shungnak,electric,2035,winter,21,ELC,ELECT,2030,ELECD,23617.883
BAU,shungnak,electric,2035,winter,22,DSL,GDSL_03,2025,ELC,22702.462
BAU,shungnak,electric,2035,winter,22,ELC,ELECT,2035,ELECD,22702.462
BAU,shungnak,electric,2035,winter,23,DSL,GDSL_02,2025,ELC,20505.449
BAU,shungnak,electric,2035,winter,23,ELC,ELECT,2030,ELECD,20505.449
BAU,shungnak,electric,2035,winter,3,DSL,GDSL_01,2025,ELC,19773.112
BAU,shungnak,electric,2035,winter,3,ELC,ELECT,2030,ELECD,19773.112
BAU,shungnak,electric,2035,winter,4,DSL,GDSL_03,2025,ELC,19040.774
BAU,shungnak,electric,2035,winter,4,ELC,ELECT,2035,ELECD,19040.774
BAU,shungnak,electric,2035,winter,5,DSL,GDSL_03,2025,ELC,19223.859
BAU,shungnak,electric,2035,winter,5,ELC,ELECT,2035,ELECD,19223.859
BAU,shungnak,electric,2035,winter,6,DSL,GDSL_02,2025,ELC,19590.027
BAU,shungnak,electric,2035,winter,6,ELC,ELECT,2035,ELECD,19590.027
BAU,shungnak,electric,2035,winter,7,DSL,GDSL_03,2025,ELC,19223.859
BAU,shungnak,electric,2035,winter,7,ELC,ELECT,2030,ELECD,19223.859
BAU,shungnak,electric,2035,winter,8,DSL,GDSL_03,2025,ELC,21054.702
BAU,shungnak,electric,2035,winter,8,ELC,ELECT,2030,ELECD,21054.702
BAU,shungnak,electric,2035,winter,9,DSL,GDSL_03,2025,ELC,24899.474
BAU,shungnak,electric,2035,winter,9,ELC,ELECT,2030,ELECD,24899.474
BAU,shungnak,electric,2040,fall,0,ELC,EBATT_01,2035,ELC,11653.616
BAU,shungnak,electric,2040,fall,0,ELC,EBATT_01,2040,ELC,4509.9593
BAU,shungnak,electric,2040,fall,0,ELC,ELECT,2040,ELECD,16163.575
BAU,shungnak,electric,2040,fall,1,ELC,EBATT_01,2040,ELC,16548.422
BAU,shungnak,electric,2040,fall,1,ELC,ELECT,2030,ELECD,16548.422
BAU,shungnak,electric,2040,fall,10,DSL,GDSL_03,2025,ELC,17136.605
BAU,shungnak,electric,2040,fall,10,ELC,ELECT,2040,ELECD,23860.515
BAU,shungnak,electric,2040,fall,10,SOL,GSOL_01,2025,ELC,1337.888
BAU,shungnak,electric,2040,fall,10,SOL,GSOL_01,2030,ELC,1795.3409
BAU,shungnak,electric,2040,fall,10,SOL,GSOL_01,2035,ELC,1795.3409
BAU,shungnak,electric,2040,fall,10,SOL,GSOL_01,2040,ELC,1795.3409
BAU,shungnak,electric,2040,fall,11,DSL,GDSL_03,2025,ELC,13408.977
BAU,shungnak,electric,2040,fall,11,ELC,ELECT,2040,ELECD,25592.327
BAU,shungnak,electric,2040,fall,11,SOL,GSOL_01,2025,ELC,2424.1783
BAU,shungnak,electric,2040,fall,11,SOL,GSOL_01,2030,ELC,3253.0573
BAU,shungnak,electric,2040,fall,11,SOL,GSOL_01,2035,ELC,3253.0573
BAU,shungnak,electric,2040,fall,11,SOL,GSOL_01,2040,ELC,3253.0573
BAU,shungnak,electric,2040,fall,12,DSL,GDSL_01,2025,ELC,8631.1378
BAU,shungnak,electric,2040,fall,12,ELC,ELECT,2035,ELECD,23668.092
BAU,shungnak,electric,2040,fall,12,SOL,GSOL_01,2025,ELC,2991.9732
BAU,shungnak,electric,2040,fall,12,SOL,GSOL_01,2030,ELC,4014.9936
BAU,shungnak,electric,2040,fall,12,SOL,GSOL_01,2035,ELC,4014.9936
BAU,shungnak,electric,2040,fall,12,SOL,GSOL_01,2040,ELC,4014.9936
BAU,shungnak,electric,2040,fall,13,DSL,GDSL_01,2025,ELC,6926.4752
BAU,shungnak,electric,2040,fall,13,ELC,ELECT,2035,ELECD,23475.668
BAU,shungnak,electric,2040,fall,13,SOL,GSOL_01,2025,ELC,3292.8705
BAU,shungnak,electric,2040,fall,13,SOL,GSOL_01,2030,ELC,4418.7742
BAU,shungnak,electric,2040,fall,13,SOL,GSOL_01,2035,ELC,4418.7742
BAU,shungnak,electric,2040,fall,13,SOL,GSOL_01,2040,ELC,4418.7742
BAU,shungnak,electric,2040,fall,14,DSL,GDSL_01,2025,ELC,8618.8914
BAU,shungnak,electric,2040,fall,14,ELC,ELECT,2030,ELECD,24245.362
BAU,shungnak,electric,2040,fall,14,SOL,GSOL_01,2025,ELC,3109.2722
BAU,shungnak,electric,2040,fall,14,SOL,GSOL_01,2030,ELC,4172.3996
BAU,shungnak,electric,2040,fall,14,SOL,GSOL_01,2035,ELC,4172.3996
BAU,shungnak,electric,2040,fall,14,SOL,GSOL_01,2040,ELC,4172.3996
BAU,shungnak,electric,2040,fall,15,DSL,GDSL_01,2025,ELC,7359.1695
BAU,shungnak,electric,2040,fall,15,ELC,ELECT,2040,ELECD,20396.892
BAU,shungnak,electric,2040,fall,15,SOL,GSOL_01,2025,ELC,2594.1768
BAU,shungnak,electric,2040,fall,15,SOL,GSOL_01,2030,ELC,3481.1819
BAU,shungnak,electric,2040,fall,15,SOL,GSOL_01,2035,ELC,3481.1819
BAU,shungnak,electric,2040,fall,15,SOL,GSOL_01,2040,ELC,3481.1819
BAU,shungnak,electric,2040,fall,16,DSL,GDSL_03,2025,ELC,14671.551
BAU,shungnak,electric,2040,fall,16,ELC,ELECT,2035,ELECD,23668.092
BAU,shungnak,electric,2040,fall,16,SOL,GSOL_01,2025,ELC,1790.084
BAU,shungnak,electric,2040,fall,16,SOL,GSOL_01,2030,ELC,2402.1524
BAU,shungnak,electric,2040,fall,16,SOL,GSOL_01,2035,ELC,2402.1524
BAU,shungnak,electric,2040,fall,16,SOL,GSOL_01,2040,ELC,2402.1524
BAU,shungnak,electric,2040,fall,17,DSL,GDSL_01,2025,ELC,18930.407
BAU,shungnak,electric,2040,fall,17,ELC,ELECT,2035,ELECD,23475.668
BAU,shungnak,electric,2040,fall,17,SOL,GSOL_01,2025,ELC,904.3919
BAU,shungnak,electric,2040,fall,17,SOL,GSOL_01,2030,ELC,1213.6231
BAU,shungnak,electric,2040,fall,17,SOL,GSOL_01,2035,ELC,1213.6231
BAU,shungnak,electric,2040,fall,17,SOL,GSOL_01,2040,ELC,1213.6231
BAU,shungnak,electric,2040,fall,18,DSL,GDSL_01,2025,ELC,20531.027
BAU,shungnak,electric,2040,fall,18,ELC,ELECT,2030,ELECD,22128.704
BAU,shungnak,electric,2040,fall,18,SOL,GSOL_01,2025,ELC,317.89715
BAU,shungnak,electric,2040,fall,18,SOL,GSOL_01,2030,ELC,426.59307
BAU,shungnak,electric,2040,fall,18,SOL,GSOL_01,2035,ELC,426.59307
BAU,shungnak,electric,2040,fall,18,SOL,GSOL_01,2040,ELC,426.59307
BAU,shungnak,electric,2040,fall,19,DSL,GDSL_03,2025,ELC,16925.105
BAU,shungnak,electric,2040,fall,19,ELC,ELECT,2030,ELECD,17318.116
BAU,shungnak,electric,2040,fall,19,SOL,GSOL_01,2025,ELC,78.1993
BAU,shungnak,electric,2040,fall,19,SOL,GSOL_01,2030,ELC,104.93733
BAU,shungnak,electric,2040,fall,19,SOL,GSOL_01,2035,ELC,104.93733
BAU,shungnak,electric,2040,fall,19,SOL,GSOL_01,2040,ELC,104.93733
BAU,shungnak,electric,2040,fall,2,ELC,EBATT_01,2035,ELC,11653.616
BAU,shungnak,electric,2040,fall,2,ELC,EBATT_01,2040,ELC,4317.5358
BAU,shungnak,electric,2040,fall,2,ELC,ELECT,2040,ELECD,15971.151
BAU,shungnak,electric,2040,fall,20,DSL,GDSL_01,2025,ELC,22103.072
BAU,shungnak,electric,2040,fall,20,ELC,ELECT,2030,ELECD,22128.704
BAU,shungnak,electric,2040,fall,20,SOL,GSOL_01,2025,ELC,5.0999543
BAU,shungnak,electric,2040,fall,20,SOL,GSOL_01,2030,ELC,6.843739
BAU,shungnak,electric,2040,fall,20,SOL,GSOL_01,2035,ELC,6.843739
BAU,shungnak,electric,2040,fall,20,SOL,GSOL_01,2040,ELC,6.843739
BAU,shungnak,electric,2040,fall,21,DSL,GDSL_01,2025,ELC,21166.586
BAU,shungnak,electric,2040,fall,21,ELC,ELECT,2030,ELECD,21166.586
BAU,shungnak,electric,2040,fall,22,DSL,GDSL_03,2025,ELC,19627.198
BAU,shungnak,electric,2040,fall,22,ELC,ELECT,2035,ELECD,19627.198
BAU,shungnak,electric,2040,fall,23,DSL,GDSL_02,2025,ELC,18280.233
BAU,shungnak,electric,2040,fall,23,ELC,ELECT,2040,ELECD,18280.233
BAU,shungnak,electric,2040,fall,3,ELC,EBATT_01,2040,ELC,15778.728
BAU,shungnak,electric,2040,fall,3,ELC,ELECT,2030,ELECD,15778.728
BAU,shungnak,electric,2040,fall,4,DSL,GDSL_01,2025,ELC,6436.3083
BAU,shungnak,electric,2040,fall,4,ELC,EBATT_01,2040,ELC,8957.5725
BAU,shungnak,electric,2040,fall,4,ELC,ELECT,2030,ELECD,15393.881
BAU,shungnak,electric,2040,fall,5,ELC,EBATT_01,2040,ELC,15778.728
BAU,shungnak,electric,2040,fall,5,ELC,ELECT,2040,ELECD,15778.728
BAU,shungnak,electric,2040,fall,6,DSL,GDSL_03,2025,ELC,16933.269
BAU,shungnak,electric,2040,fall,6,ELC,ELECT,2030,ELECD,16933.269
BAU,shungnak,electric,2040,fall,7,DSL,GDSL_03,2025,ELC,18318.87
BAU,shungnak,electric,2040,fall,7,ELC,ELECT,2030,ELECD,18472.657
BAU,shungnak,electric,2040,fall,7,SOL,GSOL_01,2025,ELC,30.599726
BAU,shungnak,electric,2040,fall,7,SOL,GSOL_01,2030,ELC,41.062434
BAU,shungnak,electric,2040,fall,7,SOL,GSOL_01,2035,ELC,41.062434
BAU,shungnak,electric,2040,fall,7,SOL,GSOL_01,2040,ELC,41.062434
BAU,shungnak,electric,2040,fall,8,DSL,GDSL_02,2025,ELC,22181.484
BAU,shungnak,electric,2040,fall,8,ELC,ELECT,2040,ELECD,23668.092
BAU,shungnak,electric,2040,fall,8,SOL,GSOL_01,2025,ELC,295.79735
BAU,shungnak,electric,2040,fall,8,SOL,GSOL_01,2030,ELC,396.93686
BAU,shungnak,electric,2040,fall,8,SOL,GSOL_01,2035,ELC,396.93686
BAU,shungnak,electric,2040,fall,8,SOL,GSOL_01,2040,ELC,396.93686
BAU,shungnak,electric,2040,fall,9,DSL,GDSL_02,2025,ELC,20498.37
BAU,shungnak,electric,2040,fall,9,ELC,ELECT,2030,ELECD,23668.092
BAU,shungnak,electric,2040,fall,9,SOL,GSOL_01,2025,ELC,630.69435
BAU,shungnak,electric,2040,fall,9,SOL,GSOL_01,2030,ELC,846.3424
BAU,shungnak,electric,2040,fall,9,SOL,GSOL_01,2035,ELC,846.3424
BAU,shungnak,electric,2040,fall,9,SOL,GSOL_01,2040,ELC,846.3424
BAU,shungnak,electric,2040,spring,0,DSL,GDSL_03,2025,ELC,17510.539
BAU,shungnak,electric,2040,spring,0,ELC,ELECT,2030,ELECD,17510.539
BAU,shungnak,electric,2040,spring,1,DSL,GDSL_02,2025,ELC,17510.539
BAU,shungnak,electric,2040,spring,1,ELC,ELECT,2035,ELECD,17510.539
BAU,shungnak,electric,2040,spring,10,ELC,ELECT,2030,ELECD,25592.327
BAU,shungnak,electric,2040,spring,10,SOL,GSOL_01,2025,ELC,6034.946
BAU,shungnak,electric,2040,spring,10,SOL,GSOL_01,2030,ELC,8098.4245
BAU,shungnak,electric,2040,spring,10,SOL,GSOL_01,2035,ELC,8098.4245
BAU,shungnak,electric,2040,spring,10,SOL,GSOL_01,2040,ELC,8098.4245
BAU,shungnak,electric,2040,spring,11,ELC,ELECT,2035,ELECD,26169.597
BAU,shungnak,electric,2040,spring,11,SOL,GSOL_01,2025,ELC,7507.1328
BAU,shungnak,electric,2040,spring,11,SOL,GSOL_01,2030,ELC,10073.984
BAU,shungnak,electric,2040,spring,11,SOL,GSOL_01,2035,ELC,10073.984
BAU,shungnak,electric,2040,spring,11,SOL,GSOL_01,2040,ELC,10073.984
BAU,shungnak,electric,2040,spring,12,ELC,ELECT,2030,ELECD,24822.633
BAU,shungnak,electric,2040,spring,12,SOL,GSOL_01,2025,ELC,8202.4266
BAU,shungnak,electric,2040,spring,12,SOL,GSOL_01,2030,ELC,11007.014
BAU,shungnak,electric,2040,spring,12,SOL,GSOL_01,2035,ELC,11007.014
BAU,shungnak,electric,2040,spring,12,SOL,GSOL_01,2040,ELC,11007.014
BAU,shungnak,electric,2040,spring,13,ELC,ELECT,2030,ELECD,23860.515
BAU,shungnak,electric,2040,spring,13,SOL,GSOL_01,2025,ELC,8622.3228
BAU,shungnak,electric,2040,spring,13,SOL,GSOL_01,2030,ELC,11570.481
BAU,shungnak,electric,2040,spring,13,SOL,GSOL_01,2035,ELC,11570.481
BAU,shungnak,electric,2040,spring,13,SOL,GSOL_01,2040,ELC,11570.481
BAU,shungnak,electric,2040,spring,14,ELC,ELECT,2030,ELECD,24245.362
BAU,shungnak,electric,2040,spring,14,SOL,GSOL_01,2025,ELC,8588.3231
BAU,shungnak,electric,2040,spring,14,SOL,GSOL_01,2030,ELC,11524.857
BAU,shungnak,electric,2040,spring,14,SOL,GSOL_01,2035,ELC,11524.857
BAU,shungnak,electric,2040,spring,14,SOL,GSOL_01,2040,ELC,11524.857
BAU,shungnak,electric,2040,spring,15,ELC,ELECT,2035,ELECD,24052.939
BAU,shungnak,electric,2040,spring,15,SOL,GSOL_01,2025,ELC,8088.5276
BAU,shungnak,electric,2040,spring,15,SOL,GSOL_01,2030,ELC,10854.17
BAU,shungnak,electric,2040,spring,15,SOL,GSOL_01,2035,ELC,10854.17
BAU,shungnak,electric,2040,spring,15,SOL,GSOL_01,2040,ELC,10854.17
BAU,shungnak,electric,2040,spring,16,ELC,ELECT,2040,ELECD,25207.48
BAU,shungnak,electric,2040,spring,16,SOL,GSOL_01,2025,ELC,7024.3371
BAU,shungnak,electric,2040,spring,16,SOL,GSOL_01,2030,ELC,9426.1099
BAU,shungnak,electric,2040,spring,16,SOL,GSOL_01,2035,ELC,9426.1099
BAU,shungnak,electric,2040,spring,16,SOL,GSOL_01,2040,ELC,9426.1099
BAU,shungnak,electric,2040,spring,17,ELC,ELECT,2040,ELECD,25207.48
BAU,shungnak,electric,2040,spring,17,SOL,GSOL_01,2025,ELC,5234.2531
BAU,shungnak,electric,2040,spring,17,SOL,GSOL_01,2030,ELC,7023.9575
BAU,shungnak,electric,2040,spring,17,SOL,GSOL_01,2035,ELC,7023.9575
BAU,shungnak,electric,2040,spring,17,SOL,GSOL_01,2040,ELC,7023.9575
BAU,shungnak,electric,2040,spring,18,ELC,EBATT_01,2035,ELC,7917.9266
BAU,shungnak,electric,2040,spring,18,ELC,ELECT,2035,ELECD,23860.515
BAU,shungnak,electric,2040,spring,18,SOL,GSOL_01,2025,ELC,3172.1716
BAU,shungnak,electric,2040,spring,18,SOL,GSOL_01,2030,ELC,4256.8057
BAU,shungnak,electric,2040,spring,18,SOL,GSOL_01,2035,ELC,4256.8057
BAU,shungnak,electric,2040,spring,18,SOL,GSOL_01,2040,ELC,4256.8057
BAU,shungnak,electric,2040,spring,19,ELC,EBATT_01,2040,ELC,16153.317
BAU,shungnak,electric,2040,spring,19,ELC,ELECT,2030,ELECD,23090.821
BAU,shungnak,electric,2040,spring,19,SOL,GSOL_01,2025,ELC,1380.3876
BAU,shungnak,electric,2040,spring,19,SOL,GSOL_01,2030,ELC,1852.372
BAU,shungnak,electric,2040,spring,19,SOL,GSOL_01,2035,ELC,1852.372
BAU,shungnak,electric,2040,spring,19,SOL,GSOL_01,2040,ELC,1852.372
BAU,shungnak,electric,2040,spring,2,DSL,GDSL_01,2025,ELC,16740.845
BAU,shungnak,electric,2040,spring,2,ELC,ELECT,2035,ELECD,16740.845
BAU,shungnak,electric,2040,spring,20,ELC,EBATT_01,2035,ELC,662.98242
BAU,shungnak,electric,2040,spring,20,ELC,EBATT_01,2040,ELC,20668.591
BAU,shungnak,electric,2040,spring,20,ELC,ELECT,2030,ELECD,23860.515
BAU,shungnak,electric,2040,spring,20,SOL,GSOL_01,2025,ELC,503.19549
BAU,shungnak,electric,2040,spring,20,SOL,GSOL_01,2030,ELC,675.24892
BAU,shungnak,electric,2040,spring,20,SOL,GSOL_01,2035,ELC,675.24892
BAU,shungnak,electric,2040,spring,20,SOL,GSOL_01,2040,ELC,675.24892
BAU,shungnak,electric,2040,spring,21,ELC,EBATT_01,2035,ELC,11653.616
BAU,shungnak,electric,2040,spring,21,ELC,EBATT_01,2040,ELC,9757.7947
BAU,shungnak,electric,2040,spring,21,ELC,ELECT,2030,ELECD,22513.551
BAU,shungnak,electric,2040,spring,21,SOL,GSOL_01,2025,ELC,219.29804
BAU,shungnak,electric,2040,spring,21,SOL,GSOL_01,2030,ELC,294.28078
BAU,shungnak,electric,2040,spring,21,SOL,GSOL_01,2035,ELC,294.28078
BAU,shungnak,electric,2040,spring,21,SOL,GSOL_01,2040,ELC,294.28078
BAU,shungnak,electric,2040,spring,22,DSL,GDSL_01,2025,ELC,4274.5314
BAU,shungnak,electric,2040,spring,22,ELC,EBATT_01,2035,ELC,11653.616
BAU,shungnak,electric,2040,spring,22,ELC,EBATT_01,2040,ELC,5580.947
BAU,shungnak,electric,2040,spring,22,ELC,ELECT,2030,ELECD,21936.28
BAU,shungnak,electric,2040,spring,22,SOL,GSOL_01,2025,ELC,84.999239
BAU,shungnak,electric,2040,spring,22,SOL,GSOL_01,2030,ELC,114.06232
BAU,shungnak,electric,2040,spring,22,SOL,GSOL_01,2035,ELC,114.06232
BAU,shungnak,electric,2040,spring,22,SOL,GSOL_01,2040,ELC,114.06232
BAU,shungnak,electric,2040,spring,23,DSL,GDSL_02,2025,ELC,20328.542
BAU,shungnak,electric,2040,spring,23,ELC,ELECT,2035,ELECD,20396.892
BAU,shungnak,electric,2040,spring,23,SOL,GSOL_01,2025,ELC,13.599878
BAU,shungnak,electric,2040,spring,23,SOL,GSOL_01,2030,ELC,18.249971
BAU,shungnak,electric,2040,spring,23,SOL,GSOL_01,2035,ELC,18.249971
BAU,shungnak,electric,2040,spring,23,SOL,GSOL_01,2040,ELC,18.249971
BAU,shungnak,electric,2040,spring,3,DSL,GDSL_03,2025,ELC,16740.845
BAU,shungnak,electric,2040,spring,3,ELC,ELECT,2035,ELECD,16740.845
BAU,shungnak,electric,2040,spring,4,DSL,GDSL_02,2025,ELC,16830.744
BAU,shungnak,electric,2040,spring,4,ELC,ELECT,2030,ELECD,16933.269
BAU,shungnak,electric,2040,spring,4,SOL,GSOL_01,2025,ELC,20.399817
BAU,shungnak,electric,2040,spring,4,SOL,GSOL_01,2030,ELC,27.374956
BAU,shungnak,electric,2040,spring,4,SOL,GSOL_01,2035,ELC,27.374956
BAU,shungnak,electric,2040,spring,4,SOL,GSOL_01,2040,ELC,27.374956
BAU,shungnak,electric,2040,spring,5,DSL,GDSL_03,2025,ELC,16865.299
BAU,shungnak,electric,2040,spring,5,ELC,ELECT,2035,ELECD,17318.116
BAU,shungnak,electric,2040,spring,5,SOL,GSOL_01,2025,ELC,90.099193
BAU,shungnak,electric,2040,spring,5,SOL,GSOL_01,2030,ELC,120.90606
BAU,shungnak,electric,2040,spring,5,SOL,GSOL_01,2035,ELC,120.90606
BAU,shungnak,electric,2040,spring,5,SOL,GSOL_01,2040,ELC,120.90606
BAU,shungnak,electric,2040,spring,6,DSL,GDSL_03,2025,ELC,16182.18
BAU,shungnak,electric,2040,spring,6,ELC,ELECT,2040,ELECD,17702.963
BAU,shungnak,electric,2040,spring,6,SOL,GSOL_01,2025,ELC,302.59729
BAU,shungnak,electric,2040,spring,6,SOL,GSOL_01,2030,ELC,406.06185
BAU,shungnak,electric,2040,spring,6,SOL,GSOL_01,2035,ELC,406.06185
BAU,shungnak,electric,2040,spring,6,SOL,GSOL_01,2040,ELC,406.06185
BAU,shungnak,electric,2040,spring,7,DSL,GDSL_01,2025,ELC,14547.764
BAU,shungnak,electric,2040,spring,7,ELC,ELECT,2040,ELECD,19434.775
BAU,shungnak,electric,2040,spring,7,SOL,GSOL_01,2025,ELC,972.39129
BAU,shungnak,electric,2040,spring,7,SOL,GSOL_01,2030,ELC,1304.8729
BAU,shungnak,electric,2040,spring,7,SOL,GSOL_01,2035,ELC,1304.8729
BAU,shungnak,electric,2040,spring,7,SOL,GSOL_01,2040,ELC,1304.8729
BAU,shungnak,electric,2040,spring,8,DSL,GDSL_02,2025,ELC,11710.581
BAU,shungnak,electric,2040,spring,8,ELC,ELECT,2030,ELECD,23090.821
BAU,shungnak,electric,2040,spring,8,SOL,GSOL_01,2025,ELC,2264.3797
BAU,shungnak,electric,2040,spring,8,SOL,GSOL_01,2030,ELC,3038.6201
BAU,shungnak,electric,2040,spring,8,SOL,GSOL_01,2035,ELC,3038.6201
BAU,shungnak,electric,2040,spring,8,SOL,GSOL_01,2040,ELC,3038.6201
BAU,shungnak,electric,2040,spring,9,DSL,GDSL_01,2025,ELC,2616.3562
BAU,shungnak,electric,2040,spring,9,ELC,ELECT,2030,ELECD,23668.092
BAU,shungnak,electric,2040,spring,9,SOL,GSOL_01,2025,ELC,4188.7625
BAU,shungnak,electric,2040,spring,9,SOL,GSOL_01,2030,ELC,5620.991
BAU,shungnak,electric,2040,spring,9,SOL,GSOL_01,2035,ELC,5620.991
BAU,shungnak,electric,2040,spring,9,SOL,GSOL_01,2040,ELC,5620.991
BAU,shungnak,electric,2040,summer,0,DSL,GDSL_02,2025,ELC,12999.361
BAU,shungnak,electric,2040,summer,0,ELC,ELECT,2040,ELECD,13084.799
BAU,shungnak,electric,2040,summer,0,SOL,GSOL_01,2025,ELC,16.999848
BAU,shungnak,electric,2040,summer,0,SOL,GSOL_01,2030,ELC,22.812463
BAU,shungnak,electric,2040,summer,0,SOL,GSOL_01,2035,ELC,22.812463
BAU,shungnak,electric,2040,summer,0,SOL,GSOL_01,2040,ELC,22.812463
BAU,shungnak,electric,2040,summer,1,DSL,GDSL_03,2025,ELC,11930.258
BAU,shungnak,electric,2040,summer,1,ELC,ELECT,2030,ELECD,11930.258
BAU,shungnak,electric,2040,summer,10,ELC,ELECT,2030,ELECD,14624.187
BAU,shungnak,electric,2040,summer,10,SOL,GSOL_01,2025,ELC,5400.8516
BAU,shungnak,electric,2040,summer,10,SOL,GSOL_01,2030,ELC,7247.5197
BAU,shungnak,electric,2040,summer,10,SOL,GSOL_01,2035,ELC,7247.5197
BAU,shungnak,electric,2040,summer,10,SOL,GSOL_01,2040,ELC,7247.5197
BAU,shungnak,electric,2040,summer,11,ELC,ELECT,2040,ELECD,15009.034
BAU,shungnak,electric,2040,summer,11,SOL,GSOL_01,2025,ELC,6448.0423
BAU,shungnak,electric,2040,summer,11,SOL,GSOL_01,2030,ELC,8652.7674
BAU,shungnak,electric,2040,summer,11,SOL,GSOL_01,2035,ELC,8652.7674
BAU,shungnak,electric,2040,summer,11,SOL,GSOL_01,2040,ELC,8652.7674
BAU,shungnak,electric,2040,summer,12,ELC,ELECT,2035,ELECD,14624.187
BAU,shungnak,electric,2040,summer,12,SOL,GSOL_01,2025,ELC,7219.8354
BAU,shungnak,electric,2040,summer,12,SOL,GSOL_01,2030,ELC,9688.4532
BAU,shungnak,electric,2040,summer,12,SOL,GSOL_01,2035,ELC,9688.4532
BAU,shungnak,electric,2040,summer,12,SOL,GSOL_01,2040,ELC,9688.4532
BAU,shungnak,electric,2040,summer,13,ELC,ELECT,2030,ELECD,14431.763
BAU,shungnak,electric,2040,summer,13,SOL,GSOL_01,2025,ELC,7593.832
BAU,shungnak,electric,2040,summer,13,SOL,GSOL_01,2030,ELC,10190.327
BAU,shungnak,electric,2040,summer,13,SOL,GSOL_01,2035,ELC,10190.327
BAU,shungnak,electric,2040,summer,13,SOL,GSOL_01,2040,ELC,10190.327
BAU,shungnak,electric,2040,summer,14,ELC,ELECT,2040,ELECD,14239.34
BAU,shungnak,electric,2040,summer,14,SOL,GSOL_01,2025,ELC,7804.6301
BAU,shungnak,electric,2040,summer,14,SOL,GSOL_01,2030,ELC,10473.202
BAU,shungnak,electric,2040,summer,14,SOL,GSOL_01,2035,ELC,10473.202
BAU,shungnak,electric,2040,summer,14,SOL,GSOL_01,2040,ELC,10473.202
BAU,shungnak,electric,2040,summer,15,ELC,ELECT,2030,ELECD,14816.61
BAU,shungnak,electric,2040,summer,15,SOL,GSOL_01,2025,ELC,7031.1371
BAU,shungnak,electric,2040,summer,15,SOL,GSOL_01,2030,ELC,9435.2349
BAU,shungnak,electric,2040,summer,15,SOL,GSOL_01,2035,ELC,9435.2349
BAU,shungnak,electric,2040,summer,15,SOL,GSOL_01,2040,ELC,9435.2349
BAU,shungnak,electric,2040,summer,16,ELC,ELECT,2035,ELECD,16548.422
BAU,shungnak,electric,2040,summer,16,SOL,GSOL_01,2025,ELC,6480.342
BAU,shungnak,electric,2040,summer,16,SOL,GSOL_01,2030,ELC,8696.1111
BAU,shungnak,electric,2040,summer,16,SOL,GSOL_01,2035,ELC,8696.1111
BAU,shungnak,electric,2040,summer,16,SOL,GSOL_01,2040,ELC,8696.1111
BAU,shungnak,electric,2040,summer,17,ELC,ELECT,2035,ELECD,16933.269
BAU,shungnak,electric,2040,summer,17,SOL,GSOL_01,2025,ELC,5375.3519
BAU,shungnak,electric,2040,summer,17,SOL,GSOL_01,2030,ELC,7213.301
BAU,shungnak,electric,2040,summer,17,SOL,GSOL_01,2035,ELC,7213.301
BAU,shungnak,electric,2040,summer,17,SOL,GSOL_01,2040,ELC,7213.301
BAU,shungnak,electric,2040,summer,18,ELC,ELECT,2035,ELECD,15201.457
BAU,shungnak,electric,2040,summer,18,SOL,GSOL_01,2025,ELC,3833.4657
BAU,shungnak,electric,2040,summer,18,SOL,GSOL_01,2030,ELC,5144.2105
BAU,shungnak,electric,2040,summer,18,SOL,GSOL_01,2035,ELC,5144.2105
BAU,shungnak,electric,2040,summer,18,SOL,GSOL_01,2040,ELC,5144.2105
BAU,shungnak,electric,2040,summer,19,ELC,EBATT_01,2035,ELC,3590.1572
BAU,shungnak,electric,2040,summer,19,ELC,ELECT,2030,ELECD,14816.61
BAU,shungnak,electric,2040,summer,19,SOL,GSOL_01,2025,ELC,2233.78
BAU,shungnak,electric,2040,summer,19,SOL,GSOL_01,2030,ELC,2997.5577
BAU,shungnak,electric,2040,summer,19,SOL,GSOL_01,2035,ELC,2997.5577
BAU,shungnak,electric,2040,summer,19,SOL,GSOL_01,2040,ELC,2997.5577
BAU,shungnak,electric,2040,summer,2,DSL,GDSL_03,2025,ELC,11737.834
BAU,shungnak,electric,2040,summer,2,ELC,ELECT,2040,ELECD,11737.834
BAU,shungnak,electric,2040,summer,20,ELC,EBATT_01,2040,ELC,8998.3343
BAU,shungnak,electric,2040,summer,20,ELC,ELECT,2030,ELECD,14816.61
BAU,shungnak,electric,2040,summer,20,SOL,GSOL_01,2025,ELC,1157.6896
BAU,shungnak,electric,2040,summer,20,SOL,GSOL_01,2030,ELC,1553.5288
BAU,shungnak,electric,2040,summer,20,SOL,GSOL_01,2035,ELC,1553.5288
BAU,shungnak,electric,2040,summer,20,SOL,GSOL_01,2040,ELC,1553.5288
BAU,shungnak,electric,2040,summer,21,ELC,EBATT_01,2035,ELC,8063.4584
BAU,shungnak,electric,2040,summer,21,ELC,EBATT_01,2040,ELC,2950.0564
BAU,shungnak,electric,2040,summer,21,ELC,ELECT,2030,ELECD,13662.069
BAU,shungnak,electric,2040,summer,21,SOL,GSOL_01,2025,ELC,526.99528
BAU,shungnak,electric,2040,summer,21,SOL,GSOL_01,2030,ELC,707.18637
BAU,shungnak,electric,2040,summer,21,SOL,GSOL_01,2035,ELC,707.18637
BAU,shungnak,electric,2040,summer,21,SOL,GSOL_01,2040,ELC,707.18637
BAU,shungnak,electric,2040,summer,22,ELC,EBATT_01,2040,ELC,12064.393
BAU,shungnak,electric,2040,summer,22,ELC,ELECT,2040,ELECD,13662.069
BAU,shungnak,electric,2040,summer,22,SOL,GSOL_01,2025,ELC,317.89715
BAU,shungnak,electric,2040,summer,22,SOL,GSOL_01,2030,ELC,426.59307
BAU,shungnak,electric,2040,summer,22,SOL,GSOL_01,2035,ELC,426.59307
BAU,shungnak,electric,2040,summer,22,SOL,GSOL_01,2040,ELC,426.59307
BAU,shungnak,electric,2040,summer,23,ELC,EBATT_01,2035,ELC,11653.616
BAU,shungnak,electric,2040,summer,23,ELC,EBATT_01,2040,ELC,1346.1253
BAU,shungnak,electric,2040,summer,23,ELC,ELECT,2035,ELECD,13469.646
BAU,shungnak,electric,2040,summer,23,SOL,GSOL_01,2025,ELC,93.499163
BAU,shungnak,electric,2040,summer,23,SOL,GSOL_01,2030,ELC,125.46855
BAU,shungnak,electric,2040,summer,23,SOL,GSOL_01,2035,ELC,125.46855
BAU,shungnak,electric,2040,summer,23,SOL,GSOL_01,2040,ELC,125.46855
BAU,shungnak,electric,2040,summer,3,DSL,GDSL_01,2025,ELC,10865.615
BAU,shungnak,electric,2040,summer,3,ELC,ELECT,2035,ELECD,10968.14
BAU,shungnak,electric,2040,summer,3,SOL,GSOL_01,2025,ELC,20.399817
BAU,shungnak,electric,2040,summer,3,SOL,GSOL_01,2030,ELC,27.374956
BAU,shungnak,electric,2040,summer,3,SOL,GSOL_01,2035,ELC,27.374956
BAU,shungnak,electric,2040,summer,3,SOL,GSOL_01,2040,ELC,27.374956
BAU,shungnak,electric,2040,summer,4,DSL,GDSL_01,2025,ELC,10117.85
BAU,shungnak,electric,2040,summer,4,ELC,ELECT,2030,ELECD,10775.717
BAU,shungnak,electric,2040,summer,4,SOL,GSOL_01,2025,ELC,130.89883
BAU,shungnak,electric,2040,summer,4,SOL,GSOL_01,2030,ELC,175.65597
BAU,shungnak,electric,2040,summer,4,SOL,GSOL_01,2035,ELC,175.65597
BAU,shungnak,electric,2040,summer,4,SOL,GSOL_01,2040,ELC,175.65597
BAU,shungnak,electric,2040,summer,5,DSL,GDSL_02,2025,ELC,9502.7017
BAU,shungnak,electric,2040,summer,5,ELC,ELECT,2040,ELECD,10775.717
BAU,shungnak,electric,2040,summer,5,SOL,GSOL_01,2025,ELC,253.29773
BAU,shungnak,electric,2040,summer,5,SOL,GSOL_01,2030,ELC,339.90571
BAU,shungnak,electric,2040,summer,5,SOL,GSOL_01,2035,ELC,339.90571
BAU,shungnak,electric,2040,summer,5,SOL,GSOL_01,2040,ELC,339.90571
BAU,shungnak,electric,2040,summer,6,DSL,GDSL_01,2025,ELC,8315.883
BAU,shungnak,electric,2040,summer,6,ELC,ELECT,2035,ELECD,11545.411
BAU,shungnak,electric,2040,summer,6,SOL,GSOL_01,2025,ELC,642.59425
BAU,shungnak,electric,2040,summer,6,SOL,GSOL_01,2030,ELC,862.31112
BAU,shungnak,electric,2040,summer,6,SOL,GSOL_01,2035,ELC,862.31112
BAU,shungnak,electric,2040,summer,6,SOL,GSOL_01,2040,ELC,862.31112
BAU,shungnak,electric,2040,summer,7,DSL,GDSL_01,2025,ELC,4005.764
BAU,shungnak,electric,2040,summer,7,ELC,ELECT,2040,ELECD,11737.834
BAU,shungnak,electric,2040,summer,7,SOL,GSOL_01,2025,ELC,1538.4862
BAU,shungnak,electric,2040,summer,7,SOL,GSOL_01,2030,ELC,2064.5279
BAU,shungnak,electric,2040,summer,7,SOL,GSOL_01,2035,ELC,2064.5279
BAU,shungnak,electric,2040,summer,7,SOL,GSOL_01,2040,ELC,2064.5279
BAU,shungnak,electric,2040,summer,8,ELC,ELECT,2040,ELECD,12122.681
BAU,shungnak,electric,2040,summer,8,SOL,GSOL_01,2025,ELC,3014.073
BAU,shungnak,electric,2040,summer,8,SOL,GSOL_01,2030,ELC,4044.6498
BAU,shungnak,electric,2040,summer,8,SOL,GSOL_01,2035,ELC,4044.6498
BAU,shungnak,electric,2040,summer,8,SOL,GSOL_01,2040,ELC,4044.6498
BAU,shungnak,electric,2040,summer,9,ELC,ELECT,2035,ELECD,12507.528
BAU,shungnak,electric,2040,summer,9,SOL,GSOL_01,2025,ELC,4117.3631
BAU,shungnak,electric,2040,summer,9,SOL,GSOL_01,2030,ELC,5525.1787
BAU,shungnak,electric,2040,summer,9,SOL,GSOL_01,2035,ELC,5525.1787
BAU,shungnak,electric,2040,summer,9,SOL,GSOL_01,2040,ELC,5525.1787
BAU,shungnak,electric,2040,winter,0,DSL,GDSL_02,2025,ELC,21936.28
BAU,shungnak,electric,2040,winter,0,ELC,ELECT,2030,ELECD,21936.28
BAU,shungnak,electric,2040,winter,1,DSL,GDSL_01,2025,ELC,21743.857
BAU,shungnak,electric,2040,winter,1,ELC,ELECT,2040,ELECD,21743.857
BAU,shungnak,electric,2040,winter,10,DSL,GDSL_02,2025,ELC,26927.424
BAU,shungnak,electric,2040,winter,10,ELC,ELECT,2040,ELECD,27901.409
BAU,shungnak,electric,2040,winter,10,SOL,GSOL_01,2025,ELC,193.79826
BAU,shungnak,electric,2040,winter,10,SOL,GSOL_01,2030,ELC,260.06208
BAU,shungnak,electric,2040,winter,10,SOL,GSOL_01,2035,ELC,260.06208
BAU,shungnak,electric,2040,winter,10,SOL,GSOL_01,2040,ELC,260.06208
BAU,shungnak,electric,2040,winter,11,DSL,GDSL_03,2025,ELC,25557.105
BAU,shungnak,electric,2040,winter,11,ELC,ELECT,2035,ELECD,28863.526
BAU,shungnak,electric,2040,winter,11,SOL,GSOL_01,2025,ELC,657.89411
BAU,shungnak,electric,2040,winter,11,SOL,GSOL_01,2030,ELC,882.84234
BAU,shungnak,electric,2040,winter,11,SOL,GSOL_01,2035,ELC,882.84234
BAU,shungnak,electric,2040,winter,11,SOL,GSOL_01,2040,ELC,882.84234
BAU,shungnak,electric,2040,winter,12,DSL,GDSL_02,2025,ELC,22626.229
BAU,shungnak,electric,2040,winter,12,ELC,ELECT,2035,ELECD,28478.679
BAU,shungnak,electric,2040,winter,12,SOL,GSOL_01,2025,ELC,1164.4896
BAU,shungnak,electric,2040,winter,12,SOL,GSOL_01,2030,ELC,1562.6537
BAU,shungnak,electric,2040,winter,12,SOL,GSOL_01,2035,ELC,1562.6537
BAU,shungnak,electric,2040,winter,12,SOL,GSOL_01,2040,ELC,1562.6537
BAU,shungnak,electric,2040,winter,13,DSL,GDSL_01,2025,ELC,20181.965
BAU,shungnak,electric,2040,winter,13,ELC,ELECT,2040,ELECD,27708.985
BAU,shungnak,electric,2040,winter,13,SOL,GSOL_01,2025,ELC,1497.6866
BAU,shungnak,electric,2040,winter,13,SOL,GSOL_01,2030,ELC,2009.778
BAU,shungnak,electric,2040,winter,13,SOL,GSOL_01,2035,ELC,2009.778
BAU,shungnak,electric,2040,winter,13,SOL,GSOL_01,2040,ELC,2009.778
BAU,shungnak,electric,2040,winter,14,DSL,GDSL_03,2025,ELC,19989.541
BAU,shungnak,electric,2040,winter,14,ELC,ELECT,2040,ELECD,27516.562
BAU,shungnak,electric,2040,winter,14,SOL,GSOL_01,2025,ELC,1497.6866
BAU,shungnak,electric,2040,winter,14,SOL,GSOL_01,2030,ELC,2009.778
BAU,shungnak,electric,2040,winter,14,SOL,GSOL_01,2035,ELC,2009.778
BAU,shungnak,electric,2040,winter,14,SOL,GSOL_01,2040,ELC,2009.778
BAU,shungnak,electric,2040,winter,15,DSL,GDSL_02,2025,ELC,20607.633
BAU,shungnak,electric,2040,winter,15,ELC,ELECT,2035,ELECD,26169.597
BAU,shungnak,electric,2040,winter,15,SOL,GSOL_01,2025,ELC,1106.6901
BAU,shungnak,electric,2040,winter,15,SOL,GSOL_01,2030,ELC,1485.0914
BAU,shungnak,electric,2040,winter,15,SOL,GSOL_01,2035,ELC,1485.0914
BAU,shungnak,electric,2040,winter,15,SOL,GSOL_01,2040,ELC,1485.0914
BAU,shungnak,electric,2040,winter,16,DSL,GDSL_03,2025,ELC,24500.627
BAU,shungnak,electric,2040,winter,16,ELC,ELECT,2030,ELECD,27516.562
BAU,shungnak,electric,2040,winter,16,SOL,GSOL_01,2025,ELC,600.09463
BAU,shungnak,electric,2040,winter,16,SOL,GSOL_01,2030,ELC,805.27996
BAU,shungnak,electric,2040,winter,16,SOL,GSOL_01,2035,ELC,805.27996
BAU,shungnak,electric,2040,winter,16,SOL,GSOL_01,2040,ELC,805.27996
BAU,shungnak,electric,2040,winter,17,DSL,GDSL_02,2025,ELC,28847.198
BAU,shungnak,electric,2040,winter,17,ELC,ELECT,2035,ELECD,29633.221
BAU,shungnak,electric,2040,winter,17,SOL,GSOL_01,2025,ELC,156.3986
BAU,shungnak,electric,2040,winter,17,SOL,GSOL_01,2030,ELC,209.87466
BAU,shungnak,electric,2040,winter,17,SOL,GSOL_01,2035,ELC,209.87466
BAU,shungnak,electric,2040,winter,17,SOL,GSOL_01,2040,ELC,209.87466
BAU,shungnak,electric,2040,winter,18,DSL,GDSL_01,2025,ELC,29808.557
BAU,shungnak,electric,2040,winter,18,ELC,ELECT,2040,ELECD,29825.644
BAU,shungnak,electric,2040,winter,18,SOL,GSOL_01,2025,ELC,3.3999696
BAU,shungnak,electric,2040,winter,18,SOL,GSOL_01,2030,ELC,4.5624927
BAU,shungnak,electric,2040,winter,18,SOL,GSOL_01,2035,ELC,4.5624927
BAU,shungnak,electric,2040,winter,18,SOL,GSOL_01,2040,ELC,4.5624927
BAU,shungnak,electric,2040,winter,19,DSL,GDSL_02,2025,ELC,25977.174
BAU,shungnak,electric,2040,winter,19,ELC,ELECT,2030,ELECD,25977.174
BAU,shungnak,electric,2040,winter,2,DSL,GDSL_02,2025,ELC,21936.28
BAU,shungnak,electric,2040,winter,2,ELC,ELECT,2030,ELECD,21936.28
BAU,shungnak,electric,2040,winter,20,DSL,GDSL_03,2025,ELC,26169.597
BAU,shungnak,electric,2040,winter,20,ELC,ELECT,2040,ELECD,26169.597
BAU,shungnak,electric,2040,winter,21,DSL,GDSL_03,2025,ELC,24822.633
BAU,shungnak,electric,2040,winter,21,ELC,ELECT,2030,ELECD,24822.633
BAU,shungnak,electric,2040,winter,22,DSL,GDSL_02,2025,ELC,23860.515
BAU,shungnak,electric,2040,winter,22,ELC,ELECT,2030,ELECD,23860.515
BAU,shungnak,electric,2040,winter,23,DSL,GDSL_03,2025,ELC,21551.433
BAU,shungnak,electric,2040,winter,23,ELC,ELECT,2030,ELECD,21551.433
BAU,shungnak,electric,2040,winter,3,DSL,GDSL_02,2025,ELC,20781.739
BAU,shungnak,electric,2040,winter,3,ELC,ELECT,2040,ELECD,20781.739
BAU,shungnak,electric,2040,winter,4,DSL,GDSL_01,2025,ELC,20012.045
BAU,shungnak,electric,2040,winter,4,ELC,ELECT,2030,ELECD,20012.045
BAU,shungnak,electric,2040,winter,5,DSL,GDSL_02,2025,ELC,20204.469
BAU,shungnak,electric,2040,winter,5,ELC,ELECT,2040,ELECD,20204.469
BAU,shungnak,electric,2040,winter,6,DSL,GDSL_01,2025,ELC,20589.316
BAU,shungnak,electric,2040,winter,6,ELC,ELECT,2040,ELECD,20589.316
BAU,shungnak,electric,2040,winter,7,DSL,GDSL_02,2025,ELC,20204.469
BAU,shungnak,electric,2040,winter,7,ELC,ELECT,2030,ELECD,20204.469
BAU,shungnak,electric,2040,winter,8,DSL,GDSL_03,2025,ELC,22128.704
BAU,shungnak,electric,2040,winter,8,ELC,ELECT,2040,ELECD,22128.704
BAU,shungnak,electric,2040,winter,9,DSL,GDSL_01,2025,ELC,26169.597
BAU,shungnak,electric,2040,winter,9,ELC,ELECT,2035,ELECD,26169.597
BAU,shungnak,electric,2045,fall,0,ELC,EBATT_01,2035,ELC,4691.5207
BAU,shungnak,electric,2045,fall,0,ELC,EBATT_01,2040,ELC,12296.559
BAU,shungnak,electric,2045,fall,0,ELC,ELECT,2040,ELECD,16988.08
BAU,shungnak,electric,2045,fall,1,ELC,EBATT_01,2040,ELC,17392.558
BAU,shungnak,electric,2045,fall,1,ELC,ELECT,2045,ELECD,17392.558
BAU,shungnak,electric,2045,fall,10,DSL,GDSL_02,2045,ELC,17896.278
BAU,shungnak,electric,2045,fall,10,ELC,ELECT,2030,ELECD,25077.641
BAU,shungnak,electric,2045,fall,10,SOL,GSOL_01,2025,ELC,1337.888
BAU,shungnak,electric,2045,fall,10,SOL,GSOL_01,2030,ELC,1795.3409
BAU,shungnak,electric,2045,fall,10,SOL,GSOL_01,2035,ELC,1795.3409
BAU,shungnak,electric,2045,fall,10,SOL,GSOL_01,2040,ELC,1795.3409
BAU,shungnak,electric,2045,fall,10,SOL,GSOL_01,2045,ELC,457.45286
BAU,shungnak,electric,2045,fall,11,DSL,GDSL_02,2045,ELC,13885.564
BAU,shungnak,electric,2045,fall,11,ELC,ELECT,2040,ELECD,26897.793
BAU,shungnak,electric,2045,fall,11,SOL,GSOL_01,2025,ELC,2424.1783
BAU,shungnak,electric,2045,fall,11,SOL,GSOL_01,2030,ELC,3253.0573
BAU,shungnak,electric,2045,fall,11,SOL,GSOL_01,2035,ELC,3253.0573
BAU,shungnak,electric,2045,fall,11,SOL,GSOL_01,2040,ELC,3253.0573
BAU,shungnak,electric,2045,fall,11,SOL,GSOL_01,2045,ELC,828.879
BAU,shungnak,electric,2045,fall,12,DSL,GDSL_02,2045,ELC,8815.428
BAU,shungnak,electric,2045,fall,12,ELC,ELECT,2035,ELECD,24875.402
BAU,shungnak,electric,2045,fall,12,SOL,GSOL_01,2025,ELC,2991.9732
BAU,shungnak,electric,2045,fall,12,SOL,GSOL_01,2030,ELC,4014.9936
BAU,shungnak,electric,2045,fall,12,SOL,GSOL_01,2035,ELC,4014.9936
BAU,shungnak,electric,2045,fall,12,SOL,GSOL_01,2040,ELC,4014.9936
BAU,shungnak,electric,2045,fall,12,SOL,GSOL_01,2045,ELC,1023.0204
BAU,shungnak,electric,2045,fall,13,DSL,GDSL_02,2045,ELC,6998.0665
BAU,shungnak,electric,2045,fall,13,ELC,ELECT,2035,ELECD,24673.163
BAU,shungnak,electric,2045,fall,13,SOL,GSOL_01,2025,ELC,3292.8705
BAU,shungnak,electric,2045,fall,13,SOL,GSOL_01,2030,ELC,4418.7742
BAU,shungnak,electric,2045,fall,13,SOL,GSOL_01,2035,ELC,4418.7742
BAU,shungnak,electric,2045,fall,13,SOL,GSOL_01,2040,ELC,4418.7742
BAU,shungnak,electric,2045,fall,13,SOL,GSOL_01,2045,ELC,1125.9037
BAU,shungnak,electric,2045,fall,14,DSL,GDSL_02,2045,ELC,8792.5211
BAU,shungnak,electric,2045,fall,14,ELC,ELECT,2045,ELECD,25482.119
BAU,shungnak,electric,2045,fall,14,SOL,GSOL_01,2025,ELC,3109.2722
BAU,shungnak,electric,2045,fall,14,SOL,GSOL_01,2030,ELC,4172.3996
BAU,shungnak,electric,2045,fall,14,SOL,GSOL_01,2035,ELC,4172.3996
BAU,shungnak,electric,2045,fall,14,SOL,GSOL_01,2040,ELC,4172.3996
BAU,shungnak,electric,2045,fall,14,SOL,GSOL_01,2045,ELC,1063.1274
BAU,shungnak,electric,2045,fall,15,DSL,GDSL_02,2045,ELC,7512.6108
BAU,shungnak,electric,2045,fall,15,ELC,ELECT,2045,ELECD,21437.339
BAU,shungnak,electric,2045,fall,15,SOL,GSOL_01,2025,ELC,2594.1768
BAU,shungnak,electric,2045,fall,15,SOL,GSOL_01,2030,ELC,3481.1819
BAU,shungnak,electric,2045,fall,15,SOL,GSOL_01,2035,ELC,3481.1819
BAU,shungnak,electric,2045,fall,15,SOL,GSOL_01,2040,ELC,3481.1819
BAU,shungnak,electric,2045,fall,15,SOL,GSOL_01,2045,ELC,887.00516
BAU,shungnak,electric,2045,fall,16,DSL,GDSL_02,2045,ELC,15266.793
BAU,shungnak,electric,2045,fall,16,ELC,ELECT,2045,ELECD,24875.402
BAU,shungnak,electric,2045,fall,16,SOL,GSOL_01,2025,ELC,1790.084
BAU,shungnak,electric,2045,fall,16,SOL,GSOL_01,2030,ELC,2402.1524
BAU,shungnak,electric,2045,fall,16,SOL,GSOL_01,2035,ELC,2402.1524
BAU,shungnak,electric,2045,fall,16,SOL,GSOL_01,2040,ELC,2402.1524
BAU,shungnak,electric,2045,fall,16,SOL,GSOL_01,2045,ELC,612.06843
BAU,shungnak,electric,2045,fall,17,DSL,GDSL_02,2045,ELC,19818.671
BAU,shungnak,electric,2045,fall,17,ELC,ELECT,2045,ELECD,24673.163
BAU,shungnak,electric,2045,fall,17,SOL,GSOL_01,2025,ELC,904.3919
BAU,shungnak,electric,2045,fall,17,SOL,GSOL_01,2030,ELC,1213.6231
BAU,shungnak,electric,2045,fall,17,SOL,GSOL_01,2035,ELC,1213.6231
BAU,shungnak,electric,2045,fall,17,SOL,GSOL_01,2040,ELC,1213.6231
BAU,shungnak,electric,2045,fall,17,SOL,GSOL_01,2045,ELC,309.23116
BAU,shungnak,electric,2045,fall,18,DSL,GDSL_02,2045,ELC,21551.118
BAU,shungnak,electric,2045,fall,18,ELC,ELECT,2035,ELECD,23257.49
BAU,shungnak,electric,2045,fall,18,SOL,GSOL_01,2025,ELC,317.89715
BAU,shungnak,electric,2045,fall,18,SOL,GSOL_01,2030,ELC,426.59307
BAU,shungnak,electric,2045,fall,18,SOL,GSOL_01,2035,ELC,426.59307
BAU,shungnak,electric,2045,fall,18,SOL,GSOL_01,2040,ELC,426.59307
BAU,shungnak,electric,2045,fall,18,SOL,GSOL_01,2045,ELC,108.69591
BAU,shungnak,electric,2045,fall,19,DSL,GDSL_02,2045,ELC,17781.765
BAU,shungnak,electric,2045,fall,19,ELC,ELECT,2045,ELECD,18201.514
BAU,shungnak,electric,2045,fall,19,SOL,GSOL_01,2025,ELC,78.1993
BAU,shungnak,electric,2045,fall,19,SOL,GSOL_01,2030,ELC,104.93733
BAU,shungnak,electric,2045,fall,19,SOL,GSOL_01,2035,ELC,104.93733
BAU,shungnak,electric,2045,fall,19,SOL,GSOL_01,2040,ELC,104.93733
BAU,shungnak,electric,2045,fall,19,SOL,GSOL_01,2045,ELC,26.738032
BAU,shungnak,electric,2045,fall,2,ELC,EBATT_01,2040,ELC,16785.841
BAU,shungnak,electric,2045,fall,2,ELC,ELECT,2030,ELECD,16785.841
BAU,shungnak,electric,2045,fall,20,DSL,GDSL_02,2045,ELC,23230.115
BAU,shungnak,electric,2045,fall,20,ELC,ELECT,2030,ELECD,23257.49
BAU,shungnak,electric,2045,fall,20,SOL,GSOL_01,2025,ELC,5.0999543
BAU,shungnak,electric,2045,fall,20,SOL,GSOL_01,2030,ELC,6.843739
BAU,shungnak,electric,2045,fall,20,SOL,GSOL_01,2035,ELC,6.843739
BAU,shungnak,electric,2045,fall,20,SOL,GSOL_01,2040,ELC,6.843739
BAU,shungnak,electric,2045,fall,20,SOL,GSOL_01,2045,ELC,1.7437847
BAU,shungnak,electric,2045,fall,21,DSL,GDSL_02,2045,ELC,22246.295
BAU,shungnak,electric,2045,fall,21,ELC,ELECT,2035,ELECD,22246.295
BAU,shungnak,electric,2045,fall,22,DSL,GDSL_02,2045,ELC,20628.382
BAU,shungnak,electric,2045,fall,22,ELC,ELECT,2040,ELECD,20628.382
BAU,shungnak,electric,2045,fall,23,DSL,GDSL_02,2045,ELC,19212.709
BAU,shungnak,electric,2045,fall,23,ELC,ELECT,2040,ELECD,19212.709
BAU,shungnak,electric,2045,fall,3,DSL,GDSL_02,2045,ELC,16583.602
BAU,shungnak,electric,2045,fall,3,ELC,ELECT,2045,ELECD,16583.602
BAU,shungnak,electric,2045,fall,4,ELC,EBATT_01,2035,ELC,11653.616
BAU,shungnak,electric,2045,fall,4,ELC,EBATT_01,2040,ELC,4525.5079
BAU,shungnak,electric,2045,fall,4,ELC,ELECT,2040,ELECD,16179.123
BAU,shungnak,electric,2045,fall,5,ELC,EBATT_01,2040,ELC,16583.602
BAU,shungnak,electric,2045,fall,5,ELC,ELECT,2030,ELECD,16583.602
BAU,shungnak,electric,2045,fall,6,DSL,GDSL_02,2045,ELC,5857.5999
BAU,shungnak,electric,2045,fall,6,ELC,EBATT_01,2040,ELC,9011.9444
BAU,shungnak,electric,2045,fall,6,ELC,EBATT_01,2045,ELC,2927.4915
BAU,shungnak,electric,2045,fall,6,ELC,ELECT,2040,ELECD,17797.036
BAU,shungnak,electric,2045,fall,7,DSL,GDSL_02,2045,ELC,19250.698
BAU,shungnak,electric,2045,fall,7,ELC,ELECT,2045,ELECD,19414.948
BAU,shungnak,electric,2045,fall,7,SOL,GSOL_01,2025,ELC,30.599726
BAU,shungnak,electric,2045,fall,7,SOL,GSOL_01,2030,ELC,41.062434
BAU,shungnak,electric,2045,fall,7,SOL,GSOL_01,2035,ELC,41.062434
BAU,shungnak,electric,2045,fall,7,SOL,GSOL_01,2040,ELC,41.062434
BAU,shungnak,electric,2045,fall,7,SOL,GSOL_01,2045,ELC,10.462708
BAU,shungnak,electric,2045,fall,8,DSL,GDSL_02,2045,ELC,20360.163
BAU,shungnak,electric,2045,fall,8,ELC,EBATT_01,2045,ELC,2927.4915
BAU,shungnak,electric,2045,fall,8,ELC,ELECT,2045,ELECD,24875.402
BAU,shungnak,electric,2045,fall,8,SOL,GSOL_01,2025,ELC,295.79735
BAU,shungnak,electric,2045,fall,8,SOL,GSOL_01,2030,ELC,396.93686
BAU,shungnak,electric,2045,fall,8,SOL,GSOL_01,2035,ELC,396.93686
BAU,shungnak,electric,2045,fall,8,SOL,GSOL_01,2040,ELC,396.93686
BAU,shungnak,electric,2045,fall,8,SOL,GSOL_01,2045,ELC,101.13951
BAU,shungnak,electric,2045,fall,9,DSL,GDSL_02,2045,ELC,21490.033
BAU,shungnak,electric,2045,fall,9,ELC,ELECT,2045,ELECD,24875.402
BAU,shungnak,electric,2045,fall,9,SOL,GSOL_01,2025,ELC,630.69435
BAU,shungnak,electric,2045,fall,9,SOL,GSOL_01,2030,ELC,846.3424
BAU,shungnak,electric,2045,fall,9,SOL,GSOL_01,2035,ELC,846.3424
BAU,shungnak,electric,2045,fall,9,SOL,GSOL_01,2040,ELC,846.3424
BAU,shungnak,electric,2045,fall,9,SOL,GSOL_01,2045,ELC,215.64804
BAU,shungnak,electric,2045,spring,0,DSL,GDSL_02,2045,ELC,18403.753
BAU,shungnak,electric,2045,spring,0,ELC,ELECT,2030,ELECD,18403.753
BAU,shungnak,electric,2045,spring,1,DSL,GDSL_02,2045,ELC,18403.753
BAU,shungnak,electric,2045,spring,1,ELC,ELECT,2035,ELECD,18403.753
BAU,shungnak,electric,2045,spring,10,ELC,ELECT,2045,ELECD,26897.793
BAU,shungnak,electric,2045,spring,10,SOL,GSOL_01,2025,ELC,6034.946
BAU,shungnak,electric,2045,spring,10,SOL,GSOL_01,2030,ELC,8098.4245
BAU,shungnak,electric,2045,spring,10,SOL,GSOL_01,2035,ELC,8098.4245
BAU,shungnak,electric,2045,spring,10,SOL,GSOL_01,2040,ELC,8098.4245
BAU,shungnak,electric,2045,spring,10,SOL,GSOL_01,2045,ELC,2063.4786
BAU,shungnak,electric,2045,spring,11,ELC,ELECT,2045,ELECD,27504.51
BAU,shungnak,electric,2045,spring,11,SOL,GSOL_01,2025,ELC,7507.1328
BAU,shungnak,electric,2045,spring,11,SOL,GSOL_01,2030,ELC,10073.984
BAU,shungnak,electric,2045,spring,11,SOL,GSOL_01,2035,ELC,10073.984
BAU,shungnak,electric,2045,spring,11,SOL,GSOL_01,2040,ELC,10073.984
BAU,shungnak,electric,2045,spring,11,SOL,GSOL_01,2045,ELC,2566.8511
BAU,shungnak,electric,2045,spring,12,ELC,ELECT,2030,ELECD,26088.837
BAU,shungnak,electric,2045,spring,12,SOL,GSOL_01,2025,ELC,8202.4266
BAU,shungnak,electric,2045,spring,12,SOL,GSOL_01,2030,ELC,11007.014
BAU,shungnak,electric,2045,spring,12,SOL,GSOL_01,2035,ELC,11007.014
BAU,shungnak,electric,2045,spring,12,SOL,GSOL_01,2040,ELC,11007.014
BAU,shungnak,electric,2045,spring,12,SOL,GSOL_01,2045,ELC,2804.5871
BAU,shungnak,electric,2045,spring,13,ELC,ELECT,2040,ELECD,25077.641
BAU,shungnak,electric,2045,spring,13,SOL,GSOL_01,2025,ELC,8622.3228
BAU,shungnak,electric,2045,spring,13,SOL,GSOL_01,2030,ELC,11570.481
BAU,shungnak,electric,2045,spring,13,SOL,GSOL_01,2035,ELC,11570.481
BAU,shungnak,electric,2045,spring,13,SOL,GSOL_01,2040,ELC,11570.481
BAU,shungnak,electric,2045,spring,13,SOL,GSOL_01,2045,ELC,2948.1587
BAU,shungnak,electric,2045,spring,14,ELC,ELECT,2035,ELECD,25482.119
BAU,shungnak,electric,2045,spring,14,SOL,GSOL_01,2025,ELC,8588.3231
BAU,shungnak,electric,2045,spring,14,SOL,GSOL_01,2030,ELC,11524.857
BAU,shungnak,electric,2045,spring,14,SOL,GSOL_01,2035,ELC,11524.857
BAU,shungnak,electric,2045,spring,14,SOL,GSOL_01,2040,ELC,11524.857
BAU,shungnak,electric,2045,spring,14,SOL,GSOL_01,2045,ELC,2936.5335
BAU,shungnak,electric,2045,spring,15,ELC,ELECT,2030,ELECD,25279.88
BAU,shungnak,electric,2045,spring,15,SOL,GSOL_01,2025,ELC,8088.5276
BAU,shungnak,electric,2045,spring,15,SOL,GSOL_01,2030,ELC,10854.17
BAU,shungnak,electric,2045,spring,15,SOL,GSOL_01,2035,ELC,10854.17
BAU,shungnak,electric,2045,spring,15,SOL,GSOL_01,2040,ELC,10854.17
BAU,shungnak,electric,2045,spring,15,SOL,GSOL_01,2045,ELC,2765.6425
BAU,shungnak,electric,2045,spring,16,ELC,ELECT,2035,ELECD,26493.315
BAU,shungnak,electric,2045,spring,16,SOL,GSOL_01,2025,ELC,7024.3371
BAU,shungnak,electric,2045,spring,16,SOL,GSOL_01,2030,ELC,9426.1099
BAU,shungnak,electric,2045,spring,16,SOL,GSOL_01,2035,ELC,9426.1099
BAU,shungnak,electric,2045,spring,16,SOL,GSOL_01,2040,ELC,9426.1099
BAU,shungnak,electric,2045,spring,16,SOL,GSOL_01,2045,ELC,2401.7728
BAU,shungnak,electric,2045,spring,17,ELC,ELECT,2035,ELECD,26493.315
BAU,shungnak,electric,2045,spring,17,SOL,GSOL_01,2025,ELC,5234.2531
BAU,shungnak,electric,2045,spring,17,SOL,GSOL_01,2030,ELC,7023.9575
BAU,shungnak,electric,2045,spring,17,SOL,GSOL_01,2035,ELC,7023.9575
BAU,shungnak,electric,2045,spring,17,SOL,GSOL_01,2040,ELC,7023.9575
BAU,shungnak,electric,2045,spring,17,SOL,GSOL_01,2045,ELC,1789.7044
BAU,shungnak,electric,2045,spring,18,ELC,EBATT_01,2040,ELC,8050.4186
BAU,shungnak,electric,2045,spring,18,ELC,ELECT,2030,ELECD,25077.641
BAU,shungnak,electric,2045,spring,18,SOL,GSOL_01,2025,ELC,3172.1716
BAU,shungnak,electric,2045,spring,18,SOL,GSOL_01,2030,ELC,4256.8057
BAU,shungnak,electric,2045,spring,18,SOL,GSOL_01,2035,ELC,4256.8057
BAU,shungnak,electric,2045,spring,18,SOL,GSOL_01,2040,ELC,4256.8057
BAU,shungnak,electric,2045,spring,18,SOL,GSOL_01,2045,ELC,1084.6341
BAU,shungnak,electric,2045,spring,19,ELC,EBATT_01,2035,ELC,11653.616
BAU,shungnak,electric,2045,spring,19,ELC,EBATT_01,2040,ELC,2278.09
BAU,shungnak,electric,2045,spring,19,ELC,EBATT_01,2045,ELC,2927.4915
BAU,shungnak,electric,2045,spring,19,ELC,ELECT,2040,ELECD,24268.685
BAU,shungnak,electric,2045,spring,19,SOL,GSOL_01,2025,ELC,1380.3876
BAU,shungnak,electric,2045,spring,19,SOL,GSOL_01,2030,ELC,1852.372
BAU,shungnak,electric,2045,spring,19,SOL,GSOL_01,2035,ELC,1852.372
BAU,shungnak,electric,2045,spring,19,SOL,GSOL_01,2040,ELC,1852.372
BAU,shungnak,electric,2045,spring,19,SOL,GSOL_01,2045,ELC,471.98439
BAU,shungnak,electric,2045,spring,2,DSL,GDSL_02,2045,ELC,17594.797
BAU,shungnak,electric,2045,spring,2,ELC,ELECT,2030,ELECD,17594.797
BAU,shungnak,electric,2045,spring,20,ELC,EBATT_01,2035,ELC,11653.616
BAU,shungnak,electric,2045,spring,20,ELC,EBATT_01,2040,ELC,10723.03
BAU,shungnak,electric,2045,spring,20,ELC,ELECT,2045,ELECD,25077.641
BAU,shungnak,electric,2045,spring,20,SOL,GSOL_01,2025,ELC,503.19549
BAU,shungnak,electric,2045,spring,20,SOL,GSOL_01,2030,ELC,675.24892
BAU,shungnak,electric,2045,spring,20,SOL,GSOL_01,2035,ELC,675.24892
BAU,shungnak,electric,2045,spring,20,SOL,GSOL_01,2040,ELC,675.24892
BAU,shungnak,electric,2045,spring,20,SOL,GSOL_01,2045,ELC,172.05342
BAU,shungnak,electric,2045,spring,21,DSL,GDSL_02,2045,ELC,21502.838
BAU,shungnak,electric,2045,spring,21,ELC,EBATT_01,2035,ELC,982.007
BAU,shungnak,electric,2045,spring,21,ELC,ELECT,2045,ELECD,23661.968
BAU,shungnak,electric,2045,spring,21,SOL,GSOL_01,2025,ELC,219.29804
BAU,shungnak,electric,2045,spring,21,SOL,GSOL_01,2030,ELC,294.28078
BAU,shungnak,electric,2045,spring,21,SOL,GSOL_01,2035,ELC,294.28078
BAU,shungnak,electric,2045,spring,21,SOL,GSOL_01,2040,ELC,294.28078
BAU,shungnak,electric,2045,spring,21,SOL,GSOL_01,2045,ELC,74.982743
BAU,shungnak,electric,2045,spring,22,DSL,GDSL_02,2045,ELC,22599.002
BAU,shungnak,electric,2045,spring,22,ELC,ELECT,2045,ELECD,23055.251
BAU,shungnak,electric,2045,spring,22,SOL,GSOL_01,2025,ELC,84.999239
BAU,shungnak,electric,2045,spring,22,SOL,GSOL_01,2030,ELC,114.06232
BAU,shungnak,electric,2045,spring,22,SOL,GSOL_01,2035,ELC,114.06232
BAU,shungnak,electric,2045,spring,22,SOL,GSOL_01,2040,ELC,114.06232
BAU,shungnak,electric,2045,spring,22,SOL,GSOL_01,2045,ELC,29.063078
BAU,shungnak,electric,2045,spring,23,ELC,EBATT_01,2040,ELC,18436.847
BAU,shungnak,electric,2045,spring,23,ELC,EBATT_01,2045,ELC,2927.4915
BAU,shungnak,electric,2045,spring,23,ELC,ELECT,2035,ELECD,21437.339
BAU,shungnak,electric,2045,spring,23,SOL,GSOL_01,2025,ELC,13.599878
BAU,shungnak,electric,2045,spring,23,SOL,GSOL_01,2030,ELC,18.249971
BAU,shungnak,electric,2045,spring,23,SOL,GSOL_01,2035,ELC,18.249971
BAU,shungnak,electric,2045,spring,23,SOL,GSOL_01,2040,ELC,18.249971
BAU,shungnak,electric,2045,spring,23,SOL,GSOL_01,2045,ELC,4.6500926
BAU,shungnak,electric,2045,spring,3,DSL,GDSL_02,2045,ELC,17594.797
BAU,shungnak,electric,2045,spring,3,ELC,ELECT,2035,ELECD,17594.797
BAU,shungnak,electric,2045,spring,4,DSL,GDSL_02,2045,ELC,17687.536
BAU,shungnak,electric,2045,spring,4,ELC,ELECT,2040,ELECD,17797.036
BAU,shungnak,electric,2045,spring,4,SOL,GSOL_01,2025,ELC,20.399817
BAU,shungnak,electric,2045,spring,4,SOL,GSOL_01,2030,ELC,27.374956
BAU,shungnak,electric,2045,spring,4,SOL,GSOL_01,2035,ELC,27.374956
BAU,shungnak,electric,2045,spring,4,SOL,GSOL_01,2040,ELC,27.374956
BAU,shungnak,electric,2045,spring,4,SOL,GSOL_01,2045,ELC,6.9751388
BAU,shungnak,electric,2045,spring,5,DSL,GDSL_02,2045,ELC,17717.89
BAU,shungnak,electric,2045,spring,5,ELC,ELECT,2045,ELECD,18201.514
BAU,shungnak,electric,2045,spring,5,SOL,GSOL_01,2025,ELC,90.099193
BAU,shungnak,electric,2045,spring,5,SOL,GSOL_01,2030,ELC,120.90606
BAU,shungnak,electric,2045,spring,5,SOL,GSOL_01,2035,ELC,120.90606
BAU,shungnak,electric,2045,spring,5,SOL,GSOL_01,2040,ELC,120.90606
BAU,shungnak,electric,2045,spring,5,SOL,GSOL_01,2045,ELC,30.806863
BAU,shungnak,electric,2045,spring,6,DSL,GDSL_02,2045,ELC,16981.745
BAU,shungnak,electric,2045,spring,6,ELC,ELECT,2040,ELECD,18605.992
BAU,shungnak,electric,2045,spring,6,SOL,GSOL_01,2025,ELC,302.59729
BAU,shungnak,electric,2045,spring,6,SOL,GSOL_01,2030,ELC,406.06185
BAU,shungnak,electric,2045,spring,6,SOL,GSOL_01,2035,ELC,406.06185
BAU,shungnak,electric,2045,spring,6,SOL,GSOL_01,2040,ELC,406.06185
BAU,shungnak,electric,2045,spring,6,SOL,GSOL_01,2045,ELC,103.46456
BAU,shungnak,electric,2045,spring,7,DSL,GDSL_02,2045,ELC,15206.652
BAU,shungnak,electric,2045,spring,7,ELC,ELECT,2030,ELECD,20426.143
BAU,shungnak,electric,2045,spring,7,SOL,GSOL_01,2025,ELC,972.39129
BAU,shungnak,electric,2045,spring,7,SOL,GSOL_01,2030,ELC,1304.8729
BAU,shungnak,electric,2045,spring,7,SOL,GSOL_01,2035,ELC,1304.8729
BAU,shungnak,electric,2045,spring,7,SOL,GSOL_01,2040,ELC,1304.8729
BAU,shungnak,electric,2045,spring,7,SOL,GSOL_01,2045,ELC,332.48162
BAU,shungnak,electric,2045,spring,8,DSL,GDSL_02,2045,ELC,12114.205
BAU,shungnak,electric,2045,spring,8,ELC,ELECT,2030,ELECD,24268.685
BAU,shungnak,electric,2045,spring,8,SOL,GSOL_01,2025,ELC,2264.3797
BAU,shungnak,electric,2045,spring,8,SOL,GSOL_01,2030,ELC,3038.6201
BAU,shungnak,electric,2045,spring,8,SOL,GSOL_01,2035,ELC,3038.6201
BAU,shungnak,electric,2045,spring,8,SOL,GSOL_01,2040,ELC,3038.6201
BAU,shungnak,electric,2045,spring,8,SOL,GSOL_01,2045,ELC,774.24041
BAU,shungnak,electric,2045,spring,9,DSL,GDSL_02,2045,ELC,2391.4383
BAU,shungnak,electric,2045,spring,9,ELC,ELECT,2040,ELECD,24875.402
BAU,shungnak,electric,2045,spring,9,SOL,GSOL_01,2025,ELC,4188.7625
BAU,shungnak,electric,2045,spring,9,SOL,GSOL_01,2030,ELC,5620.991
BAU,shungnak,electric,2045,spring,9,SOL,GSOL_01,2035,ELC,5620.991
BAU,shungnak,electric,2045,spring,9,SOL,GSOL_01,2040,ELC,5620.991
BAU,shungnak,electric,2045,spring,9,SOL,GSOL_01,2045,ELC,1432.2285
BAU,shungnak,electric,2045,summer,0,DSL,GDSL_02,2045,ELC,13661.005
BAU,shungnak,electric,2045,summer,0,ELC,ELECT,2030,ELECD,13752.255
BAU,shungnak,electric,2045,summer,0,SOL,GSOL_01,2025,ELC,16.999848
BAU,shungnak,electric,2045,summer,0,SOL,GSOL_01,2030,ELC,22.812463
BAU,shungnak,electric,2045,summer,0,SOL,GSOL_01,2035,ELC,22.812463
BAU,shungnak,electric,2045,summer,0,SOL,GSOL_01,2040,ELC,22.812463
BAU,shungnak,electric,2045,summer,0,SOL,GSOL_01,2045,ELC,5.8126157
BAU,shungnak,electric,2045,summer,1,DSL,GDSL_02,2045,ELC,1859.2152
BAU,shungnak,electric,2045,summer,1,ELC,EBATT_01,2040,ELC,7752.114
BAU,shungnak,electric,2045,summer,1,ELC,EBATT_01,2045,ELC,2927.4915
BAU,shungnak,electric,2045,summer,1,ELC,ELECT,2035,ELECD,12538.821
BAU,shungnak,electric,2045,summer,10,ELC,ELECT,2045,ELECD,15370.167
BAU,shungnak,electric,2045,summer,10,SOL,GSOL_01,2025,ELC,5400.8516
BAU,shungnak,electric,2045,summer,10,SOL,GSOL_01,2030,ELC,7247.5197
BAU,shungnak,electric,2045,summer,10,SOL,GSOL_01,2035,ELC,7247.5197
BAU,shungnak,electric,2045,summer,10,SOL,GSOL_01,2040,ELC,7247.5197
BAU,shungnak,electric,2045,summer,10,SOL,GSOL_01,2045,ELC,1846.668
BAU,shungnak,electric,2045,summer,11,ELC,ELECT,2035,ELECD,15774.645
BAU,shungnak,electric,2045,summer,11,SOL,GSOL_01,2025,ELC,6448.0423
BAU,shungnak,electric,2045,summer,11,SOL,GSOL_01,2030,ELC,8652.7674
BAU,shungnak,electric,2045,summer,11,SOL,GSOL_01,2035,ELC,8652.7674
BAU,shungnak,electric,2045,summer,11,SOL,GSOL_01,2040,ELC,8652.7674
BAU,shungnak,electric,2045,summer,11,SOL,GSOL_01,2045,ELC,2204.7251
BAU,shungnak,electric,2045,summer,12,ELC,ELECT,2035,ELECD,15370.167
BAU,shungnak,electric,2045,summer,12,SOL,GSOL_01,2025,ELC,7219.8354
BAU,shungnak,electric,2045,summer,12,SOL,GSOL_01,2030,ELC,9688.4532
BAU,shungnak,electric,2045,summer,12,SOL,GSOL_01,2035,ELC,9688.4532
BAU,shungnak,electric,2045,summer,12,SOL,GSOL_01,2040,ELC,9688.4532
BAU,shungnak,electric,2045,summer,12,SOL,GSOL_01,2045,ELC,2468.6179
BAU,shungnak,electric,2045,summer,13,ELC,ELECT,2035,ELECD,15167.928
BAU,shungnak,electric,2045,summer,13,SOL,GSOL_01,2025,ELC,7593.832
BAU,shungnak,electric,2045,summer,13,SOL,GSOL_01,2030,ELC,10190.327
BAU,shungnak,electric,2045,summer,13,SOL,GSOL_01,2035,ELC,10190.327
BAU,shungnak,electric,2045,summer,13,SOL,GSOL_01,2040,ELC,10190.327
BAU,shungnak,electric,2045,summer,13,SOL,GSOL_01,2045,ELC,2596.4954
BAU,shungnak,electric,2045,summer,14,ELC,ELECT,2040,ELECD,14965.689
BAU,shungnak,electric,2045,summer,14,SOL,GSOL_01,2025,ELC,7804.6301
BAU,shungnak,electric,2045,summer,14,SOL,GSOL_01,2030,ELC,10473.202
BAU,shungnak,electric,2045,summer,14,SOL,GSOL_01,2035,ELC,10473.202
BAU,shungnak,electric,2045,summer,14,SOL,GSOL_01,2040,ELC,10473.202
BAU,shungnak,electric,2045,summer,14,SOL,GSOL_01,2045,ELC,2668.5719
BAU,shungnak,electric,2045,summer,15,ELC,ELECT,2030,ELECD,15572.406
BAU,shungnak,electric,2045,summer,15,SOL,GSOL_01,2025,ELC,7031.1371
BAU,shungnak,electric,2045,summer,15,SOL,GSOL_01,2030,ELC,9435.2349
BAU,shungnak,electric,2045,summer,15,SOL,GSOL_01,2035,ELC,9435.2349
BAU,shungnak,electric,2045,summer,15,SOL,GSOL_01,2040,ELC,9435.2349
BAU,shungnak,electric,2045,summer,15,SOL,GSOL_01,2045,ELC,2404.0979
BAU,shungnak,electric,2045,summer,16,ELC,ELECT,2035,ELECD,17392.558
BAU,shungnak,electric,2045,summer,16,SOL,GSOL_01,2025,ELC,6480.342
BAU,shungnak,electric,2045,summer,16,SOL,GSOL_01,2030,ELC,8696.1111
BAU,shungnak,electric,2045,summer,16,SOL,GSOL_01,2035,ELC,8696.1111
BAU,shungnak,electric,2045,summer,16,SOL,GSOL_01,2040,ELC,8696.1111
BAU,shungnak,electric,2045,summer,16,SOL,GSOL_01,2045,ELC,2215.7691
BAU,shungnak,electric,2045,summer,17,ELC,ELECT,2040,ELECD,17797.036
BAU,shungnak,electric,2045,summer,17,SOL,GSOL_01,2025,ELC,5375.3519
BAU,shungnak,electric,2045,summer,17,SOL,GSOL_01,2030,ELC,7213.301
BAU,shungnak,electric,2045,summer,17,SOL,GSOL_01,2035,ELC,7213.301
BAU,shungnak,electric,2045,summer,17,SOL,GSOL_01,2040,ELC,7213.301
BAU,shungnak,electric,2045,summer,17,SOL,GSOL_01,2045,ELC,1837.9491
BAU,shungnak,electric,2045,summer,18,ELC,ELECT,2035,ELECD,15976.884
BAU,shungnak,electric,2045,summer,18,SOL,GSOL_01,2025,ELC,3833.4657
BAU,shungnak,electric,2045,summer,18,SOL,GSOL_01,2030,ELC,5144.2105
BAU,shungnak,electric,2045,summer,18,SOL,GSOL_01,2035,ELC,5144.2105
BAU,shungnak,electric,2045,summer,18,SOL,GSOL_01,2040,ELC,5144.2105
BAU,shungnak,electric,2045,summer,18,SOL,GSOL_01,2045,ELC,1310.7448
BAU,shungnak,electric,2045,summer,19,ELC,EBATT_01,2035,ELC,654.68404
BAU,shungnak,electric,2045,summer,19,ELC,EBATT_01,2045,ELC,2927.4915
BAU,shungnak,electric,2045,summer,19,ELC,ELECT,2040,ELECD,15572.406
BAU,shungnak,electric,2045,summer,19,SOL,GSOL_01,2025,ELC,2233.78
BAU,shungnak,electric,2045,summer,19,SOL,GSOL_01,2030,ELC,2997.5577
BAU,shungnak,electric,2045,summer,19,SOL,GSOL_01,2035,ELC,2997.5577
BAU,shungnak,electric,2045,summer,19,SOL,GSOL_01,2040,ELC,2997.5577
BAU,shungnak,electric,2045,summer,19,SOL,GSOL_01,2045,ELC,763.7777
BAU,shungnak,electric,2045,summer,2,ELC,EBATT_01,2040,ELC,9409.0902
BAU,shungnak,electric,2045,summer,2,ELC,EBATT_01,2045,ELC,2927.4915
BAU,shungnak,electric,2045,summer,2,ELC,ELECT,2045,ELECD,12336.582
BAU,shungnak,electric,2045,summer,20,ELC,EBATT_01,2035,ELC,9358.2913
BAU,shungnak,electric,2045,summer,20,ELC,ELECT,2035,ELECD,15572.406
BAU,shungnak,electric,2045,summer,20,SOL,GSOL_01,2025,ELC,1157.6896
BAU,shungnak,electric,2045,summer,20,SOL,GSOL_01,2030,ELC,1553.5288
BAU,shungnak,electric,2045,summer,20,SOL,GSOL_01,2035,ELC,1553.5288
BAU,shungnak,electric,2045,summer,20,SOL,GSOL_01,2040,ELC,1553.5288
BAU,shungnak,electric,2045,summer,20,SOL,GSOL_01,2045,ELC,395.83913
BAU,shungnak,electric,2045,summer,21,ELC,EBATT_01,2035,ELC,8602.7351
BAU,shungnak,electric,2045,summer,21,ELC,EBATT_01,2045,ELC,2927.4915
BAU,shungnak,electric,2045,summer,21,ELC,ELECT,2045,ELECD,14358.972
BAU,shungnak,electric,2045,summer,21,SOL,GSOL_01,2025,ELC,526.99528
BAU,shungnak,electric,2045,summer,21,SOL,GSOL_01,2030,ELC,707.18637
BAU,shungnak,electric,2045,summer,21,SOL,GSOL_01,2035,ELC,707.18637
BAU,shungnak,electric,2045,summer,21,SOL,GSOL_01,2040,ELC,707.18637
BAU,shungnak,electric,2045,summer,21,SOL,GSOL_01,2045,ELC,180.19109
BAU,shungnak,electric,2045,summer,22,ELC,EBATT_01,2040,ELC,12652.6
BAU,shungnak,electric,2045,summer,22,ELC,ELECT,2030,ELECD,14358.972
BAU,shungnak,electric,2045,summer,22,SOL,GSOL_01,2025,ELC,317.89715
BAU,shungnak,electric,2045,summer,22,SOL,GSOL_01,2030,ELC,426.59307
BAU,shungnak,electric,2045,summer,22,SOL,GSOL_01,2035,ELC,426.59307
BAU,shungnak,electric,2045,summer,22,SOL,GSOL_01,2040,ELC,426.59307
BAU,shungnak,electric,2045,summer,22,SOL,GSOL_01,2045,ELC,108.69591
BAU,shungnak,electric,2045,summer,23,ELC,EBATT_01,2035,ELC,11653.616
BAU,shungnak,electric,2045,summer,23,ELC,EBATT_01,2040,ELC,2001.2432
BAU,shungnak,electric,2045,summer,23,ELC,ELECT,2030,ELECD,14156.733
BAU,shungnak,electric,2045,summer,23,SOL,GSOL_01,2025,ELC,93.499163
BAU,shungnak,electric,2045,summer,23,SOL,GSOL_01,2030,ELC,125.46855
BAU,shungnak,electric,2045,summer,23,SOL,GSOL_01,2035,ELC,125.46855
BAU,shungnak,electric,2045,summer,23,SOL,GSOL_01,2040,ELC,125.46855
BAU,shungnak,electric,2045,summer,23,SOL,GSOL_01,2045,ELC,31.969386
BAU,shungnak,electric,2045,summer,3,DSL,GDSL_02,2045,ELC,11418.126
BAU,shungnak,electric,2045,summer,3,ELC,ELECT,2045,ELECD,11527.625
BAU,shungnak,electric,2045,summer,3,SOL,GSOL_01,2025,ELC,20.399817
BAU,shungnak,electric,2045,summer,3,SOL,GSOL_01,2030,ELC,27.374956
BAU,shungnak,electric,2045,summer,3,SOL,GSOL_01,2035,ELC,27.374956
BAU,shungnak,electric,2045,summer,3,SOL,GSOL_01,2040,ELC,27.374956
BAU,shungnak,electric,2045,summer,3,SOL,GSOL_01,2045,ELC,6.9751388
BAU,shungnak,electric,2045,summer,4,DSL,GDSL_02,2045,ELC,10622.763
BAU,shungnak,electric,2045,summer,4,ELC,ELECT,2040,ELECD,11325.386
BAU,shungnak,electric,2045,summer,4,SOL,GSOL_01,2025,ELC,130.89883
BAU,shungnak,electric,2045,summer,4,SOL,GSOL_01,2030,ELC,175.65597
BAU,shungnak,electric,2045,summer,4,SOL,GSOL_01,2035,ELC,175.65597
BAU,shungnak,electric,2045,summer,4,SOL,GSOL_01,2040,ELC,175.65597
BAU,shungnak,electric,2045,summer,4,SOL,GSOL_01,2045,ELC,44.757141
BAU,shungnak,electric,2045,summer,5,DSL,GDSL_02,2045,ELC,9965.7636
BAU,shungnak,electric,2045,summer,5,ELC,ELECT,2045,ELECD,11325.386
BAU,shungnak,electric,2045,summer,5,SOL,GSOL_01,2025,ELC,253.29773
BAU,shungnak,electric,2045,summer,5,SOL,GSOL_01,2030,ELC,339.90571
BAU,shungnak,electric,2045,summer,5,SOL,GSOL_01,2035,ELC,339.90571
BAU,shungnak,electric,2045,summer,5,SOL,GSOL_01,2040,ELC,339.90571
BAU,shungnak,electric,2045,summer,5,SOL,GSOL_01,2045,ELC,86.607974
BAU,shungnak,electric,2045,summer,6,DSL,GDSL_02,2045,ELC,8685.0981
BAU,shungnak,electric,2045,summer,6,ELC,ELECT,2040,ELECD,12134.343
BAU,shungnak,electric,2045,summer,6,SOL,GSOL_01,2025,ELC,642.59425
BAU,shungnak,electric,2045,summer,6,SOL,GSOL_01,2030,ELC,862.31112
BAU,shungnak,electric,2045,summer,6,SOL,GSOL_01,2035,ELC,862.31112
BAU,shungnak,electric,2045,summer,6,SOL,GSOL_01,2040,ELC,862.31112
BAU,shungnak,electric,2045,summer,6,SOL,GSOL_01,2045,ELC,219.71687
BAU,shungnak,electric,2045,summer,7,DSL,GDSL_02,2045,ELC,4078.4698
BAU,shungnak,electric,2045,summer,7,ELC,ELECT,2040,ELECD,12336.582
BAU,shungnak,electric,2045,summer,7,SOL,GSOL_01,2025,ELC,1538.4862
BAU,shungnak,electric,2045,summer,7,SOL,GSOL_01,2030,ELC,2064.5279
BAU,shungnak,electric,2045,summer,7,SOL,GSOL_01,2035,ELC,2064.5279
BAU,shungnak,electric,2045,summer,7,SOL,GSOL_01,2040,ELC,2064.5279
BAU,shungnak,electric,2045,summer,7,SOL,GSOL_01,2045,ELC,526.04172
BAU,shungnak,electric,2045,summer,8,ELC,ELECT,2030,ELECD,12741.06
BAU,shungnak,electric,2045,summer,8,SOL,GSOL_01,2025,ELC,3014.073
BAU,shungnak,electric,2045,summer,8,SOL,GSOL_01,2030,ELC,4044.6498
BAU,shungnak,electric,2045,summer,8,SOL,GSOL_01,2035,ELC,4044.6498
BAU,shungnak,electric,2045,summer,8,SOL,GSOL_01,2040,ELC,4044.6498
BAU,shungnak,electric,2045,summer,8,SOL,GSOL_01,2045,ELC,1030.5768
BAU,shungnak,electric,2045,summer,9,ELC,ELECT,2030,ELECD,13145.538
BAU,shungnak,electric,2045,summer,9,SOL,GSOL_01,2025,ELC,4117.3631
BAU,shungnak,electric,2045,summer,9,SOL,GSOL_01,2030,ELC,5525.1787
BAU,shungnak,electric,2045,summer,9,SOL,GSOL_01,2035,ELC,5525.1787
BAU,shungnak,electric,2045,summer,9,SOL,GSOL_01,2040,ELC,5525.1787
BAU,shungnak,electric,2045,summer,9,SOL,GSOL_01,2045,ELC,1407.8155
BAU,shungnak,electric,2045,winter,0,DSL,GDSL_02,2045,ELC,23055.251
BAU,shungnak,electric,2045,winter,0,ELC,ELECT,2045,ELECD,23055.251
BAU,shungnak,electric,2045,winter,1,DSL,GDSL_02,2045,ELC,22853.012
BAU,shungnak,electric,2045,winter,1,ELC,ELECT,2030,ELECD,22853.012
BAU,shungnak,electric,2045,winter,10,DSL,GDSL_02,2045,ELC,28284.413
BAU,shungnak,electric,2045,winter,10,ELC,ELECT,2040,ELECD,29324.661
BAU,shungnak,electric,2045,winter,10,SOL,GSOL_01,2025,ELC,193.79826
BAU,shungnak,electric,2045,winter,10,SOL,GSOL_01,2030,ELC,260.06208
BAU,shungnak,electric,2045,winter,10,SOL,GSOL_01,2035,ELC,260.06208
BAU,shungnak,electric,2045,winter,10,SOL,GSOL_01,2040,ELC,260.06208
BAU,shungnak,electric,2045,winter,10,SOL,GSOL_01,2045,ELC,66.263819
BAU,shungnak,electric,2045,winter,11,DSL,GDSL_02,2045,ELC,26804.487
BAU,shungnak,electric,2045,winter,11,ELC,ELECT,2045,ELECD,30335.856
BAU,shungnak,electric,2045,winter,11,SOL,GSOL_01,2025,ELC,657.89411
BAU,shungnak,electric,2045,winter,11,SOL,GSOL_01,2030,ELC,882.84234
BAU,shungnak,electric,2045,winter,11,SOL,GSOL_01,2035,ELC,882.84234
BAU,shungnak,electric,2045,winter,11,SOL,GSOL_01,2040,ELC,882.84234
BAU,shungnak,electric,2045,winter,11,SOL,GSOL_01,2045,ELC,224.94823
BAU,shungnak,electric,2045,winter,12,DSL,GDSL_02,2045,ELC,23680.763
BAU,shungnak,electric,2045,winter,12,ELC,ELECT,2045,ELECD,29931.378
BAU,shungnak,electric,2045,winter,12,SOL,GSOL_01,2025,ELC,1164.4896
BAU,shungnak,electric,2045,winter,12,SOL,GSOL_01,2030,ELC,1562.6537
BAU,shungnak,electric,2045,winter,12,SOL,GSOL_01,2035,ELC,1562.6537
BAU,shungnak,electric,2045,winter,12,SOL,GSOL_01,2040,ELC,1562.6537
BAU,shungnak,electric,2045,winter,12,SOL,GSOL_01,2045,ELC,398.16418
BAU,shungnak,electric,2045,winter,13,DSL,GDSL_02,2045,ELC,21083.31
BAU,shungnak,electric,2045,winter,13,ELC,ELECT,2030,ELECD,29122.422
BAU,shungnak,electric,2045,winter,13,SOL,GSOL_01,2025,ELC,1497.6866
BAU,shungnak,electric,2045,winter,13,SOL,GSOL_01,2030,ELC,2009.778
BAU,shungnak,electric,2045,winter,13,SOL,GSOL_01,2035,ELC,2009.778
BAU,shungnak,electric,2045,winter,13,SOL,GSOL_01,2040,ELC,2009.778
BAU,shungnak,electric,2045,winter,13,SOL,GSOL_01,2045,ELC,512.09144
BAU,shungnak,electric,2045,winter,14,DSL,GDSL_02,2045,ELC,20881.071
BAU,shungnak,electric,2045,winter,14,ELC,ELECT,2045,ELECD,28920.183
BAU,shungnak,electric,2045,winter,14,SOL,GSOL_01,2025,ELC,1497.6866
BAU,shungnak,electric,2045,winter,14,SOL,GSOL_01,2030,ELC,2009.778
BAU,shungnak,electric,2045,winter,14,SOL,GSOL_01,2035,ELC,2009.778
BAU,shungnak,electric,2045,winter,14,SOL,GSOL_01,2040,ELC,2009.778
BAU,shungnak,electric,2045,winter,14,SOL,GSOL_01,2045,ELC,512.09144
BAU,shungnak,electric,2045,winter,15,DSL,GDSL_02,2045,ELC,21564.144
BAU,shungnak,electric,2045,winter,15,ELC,ELECT,2045,ELECD,27504.51
BAU,shungnak,electric,2045,winter,15,SOL,GSOL_01,2025,ELC,1106.6901
BAU,shungnak,electric,2045,winter,15,SOL,GSOL_01,2030,ELC,1485.0914
BAU,shungnak,electric,2045,winter,15,SOL,GSOL_01,2035,ELC,1485.0914
BAU,shungnak,electric,2045,winter,15,SOL,GSOL_01,2040,ELC,1485.0914
BAU,shungnak,electric,2045,winter,15,SOL,GSOL_01,2045,ELC,378.40128
BAU,shungnak,electric,2045,winter,16,DSL,GDSL_02,2045,ELC,25699.063
BAU,shungnak,electric,2045,winter,16,ELC,ELECT,2040,ELECD,28920.183
BAU,shungnak,electric,2045,winter,16,SOL,GSOL_01,2025,ELC,600.09463
BAU,shungnak,electric,2045,winter,16,SOL,GSOL_01,2030,ELC,805.27996
BAU,shungnak,electric,2045,winter,16,SOL,GSOL_01,2035,ELC,805.27996
BAU,shungnak,electric,2045,winter,16,SOL,GSOL_01,2040,ELC,805.27996
BAU,shungnak,electric,2045,winter,16,SOL,GSOL_01,2045,ELC,205.18533
BAU,shungnak,electric,2045,winter,17,DSL,GDSL_02,2045,ELC,30305.314
BAU,shungnak,electric,2045,winter,17,ELC,ELECT,2035,ELECD,31144.813
BAU,shungnak,electric,2045,winter,17,SOL,GSOL_01,2025,ELC,156.3986
BAU,shungnak,electric,2045,winter,17,SOL,GSOL_01,2030,ELC,209.87466
BAU,shungnak,electric,2045,winter,17,SOL,GSOL_01,2035,ELC,209.87466
BAU,shungnak,electric,2045,winter,17,SOL,GSOL_01,2040,ELC,209.87466
BAU,shungnak,electric,2045,winter,17,SOL,GSOL_01,2045,ELC,53.476064
BAU,shungnak,electric,2045,winter,18,DSL,GDSL_02,2045,ELC,31328.802
BAU,shungnak,electric,2045,winter,18,ELC,ELECT,2040,ELECD,31347.052
BAU,shungnak,electric,2045,winter,18,SOL,GSOL_01,2025,ELC,3.3999696
BAU,shungnak,electric,2045,winter,18,SOL,GSOL_01,2030,ELC,4.5624927
BAU,shungnak,electric,2045,winter,18,SOL,GSOL_01,2035,ELC,4.5624927
BAU,shungnak,electric,2045,winter,18,SOL,GSOL_01,2040,ELC,4.5624927
BAU,shungnak,electric,2045,winter,18,SOL,GSOL_01,2045,ELC,1.1625231
BAU,shungnak,electric,2045,winter,19,DSL,GDSL_02,2045,ELC,27302.271
BAU,shungnak,electric,2045,winter,19,ELC,ELECT,2030,ELECD,27302.271
BAU,shungnak,electric,2045,winter,2,DSL,GDSL_02,2045,ELC,23055.251
BAU,shungnak,electric,2045,winter,2,ELC,ELECT,2030,ELECD,23055.251
BAU,shungnak,electric,2045,winter,20,DSL,GDSL_02,2045,ELC,27504.51
BAU,shungnak,electric,2045,winter,20,ELC,ELECT,2035,ELECD,27504.51
BAU,shungnak,electric,2045,winter,21,DSL,GDSL_02,2045,ELC,26088.837
BAU,shungnak,electric,2045,winter,21,ELC,ELECT,2040,ELECD,26088.837
BAU,shungnak,electric,2045,winter,22,DSL,GDSL_02,2045,ELC,25077.641
BAU,shungnak,electric,2045,winter,22,ELC,ELECT,2040,ELECD,25077.641
BAU,shungnak,electric,2045,winter,23,DSL,GDSL_02,2045,ELC,22650.773
BAU,shungnak,electric,2045,winter,23,ELC,ELECT,2040,ELECD,22650.773
BAU,shungnak,electric,2045,winter,3,DSL,GDSL_02,2045,ELC,21841.817
BAU,shungnak,electric,2045,winter,3,ELC,ELECT,2035,ELECD,21841.817
BAU,shungnak,electric,2045,winter,4,DSL,GDSL_02,2045,ELC,21032.86
BAU,shungnak,electric,2045,winter,4,ELC,ELECT,2030,ELECD,21032.86
BAU,shungnak,electric,2045,winter,5,DSL,GDSL_02,2045,ELC,21235.1
BAU,shungnak,electric,2045,winter,5,ELC,ELECT,2035,ELECD,21235.1
BAU,shungnak,electric,2045,winter,6,DSL,GDSL_02,2045,ELC,21639.578
BAU,shungnak,electric,2045,winter,6,ELC,ELECT,2030,ELECD,21639.578
BAU,shungnak,electric,2045,winter,7,DSL,GDSL_02,2045,ELC,21235.1
BAU,shungnak,electric,2045,winter,7,ELC,ELECT,2035,ELECD,21235.1
BAU,shungnak,electric,2045,winter,8,DSL,GDSL_02,2045,ELC,23257.49
BAU,shungnak,electric,2045,winter,8,ELC,ELECT,2040,ELECD,23257.49
BAU,shungnak,electric,2045,winter,9,DSL,GDSL_02,2045,ELC,27504.51
BAU,shungnak,electric,2045,winter,9,ELC,ELECT,2030,ELECD,27504.51
BAU,shungnak,supply,2030,fall,0,ethos,IMP_DSL,2025,DSL,43037.275
BAU,shungnak,supply,2030,fall,1,ethos,IMP_DSL,2030,DSL,44061.972
BAU,shungnak,supply,2030,fall,10,ethos,IMP_DSL,2025,DSL,54315.836
BAU,shungnak,supply,2030,fall,10,ethos,IMP_SOL,2030,SOL,3133.2289
BAU,shungnak,supply,2030,fall,11,ethos,IMP_DSL,2030,DSL,51444.6
BAU,shungnak,supply,2030,fall,11,ethos,IMP_SOL,2030,SOL,5677.2356
BAU,shungnak,supply,2030,fall,12,ethos,IMP_DSL,2030,DSL,42410.141
BAU,shungnak,supply,2030,fall,12,ethos,IMP_SOL,2030,SOL,7006.9668
BAU,shungnak,supply,2030,fall,13,ethos,IMP_DSL,2025,DSL,39825.21
BAU,shungnak,supply,2030,fall,13,ethos,IMP_SOL,2030,SOL,7711.6447
BAU,shungnak,supply,2030,fall,14,ethos,IMP_DSL,2025,DSL,43139.231
BAU,shungnak,supply,2030,fall,14,ethos,IMP_SOL,2025,SOL,7281.6717
BAU,shungnak,supply,2030,fall,15,ethos,IMP_DSL,2030,DSL,36440.24
BAU,shungnak,supply,2030,fall,15,ethos,IMP_SOL,2030,SOL,6075.3587
BAU,shungnak,supply,2030,fall,16,ethos,IMP_DSL,2030,DSL,50688.76
BAU,shungnak,supply,2030,fall,16,ethos,IMP_SOL,2025,SOL,4192.2364
BAU,shungnak,supply,2030,fall,17,ethos,IMP_DSL,2030,DSL,56277.063
BAU,shungnak,supply,2030,fall,17,ethos,IMP_SOL,2025,SOL,2118.015
BAU,shungnak,supply,2030,fall,18,ethos,IMP_DSL,2025,DSL,56730.402
BAU,shungnak,supply,2030,fall,18,ethos,IMP_SOL,2025,SOL,744.49022
BAU,shungnak,supply,2030,fall,19,ethos,IMP_DSL,2025,DSL,45572.729
BAU,shungnak,supply,2030,fall,19,ethos,IMP_SOL,2030,SOL,183.13663
BAU,shungnak,supply,2030,fall,2,ethos,IMP_DSL,2030,DSL,42524.926
BAU,shungnak,supply,2030,fall,20,ethos,IMP_DSL,2030,DSL,58884.95
BAU,shungnak,supply,2030,fall,20,ethos,IMP_SOL,2025,SOL,11.943693
BAU,shungnak,supply,2030,fall,21,ethos,IMP_DSL,2025,DSL,56358.336
BAU,shungnak,supply,2030,fall,22,ethos,IMP_DSL,2025,DSL,52259.548
BAU,shungnak,supply,2030,fall,23,ethos,IMP_DSL,2030,DSL,48673.109
BAU,shungnak,supply,2030,fall,3,ethos,IMP_DSL,2030,DSL,42012.578
BAU,shungnak,supply,2030,fall,4,ethos,IMP_DSL,2030,DSL,40987.881
BAU,shungnak,supply,2030,fall,5,ethos,IMP_DSL,2030,DSL,42012.578
BAU,shungnak,supply,2030,fall,6,ethos,IMP_DSL,2030,DSL,45086.669
BAU,shungnak,supply,2030,fall,7,ethos,IMP_DSL,2030,DSL,48974.686
BAU,shungnak,supply,2030,fall,7,ethos,IMP_SOL,2030,SOL,71.66216
BAU,shungnak,supply,2030,fall,8,ethos,IMP_DSL,2025,DSL,60981.413
BAU,shungnak,supply,2030,fall,8,ethos,IMP_SOL,2025,SOL,692.73422
BAU,shungnak,supply,2030,fall,9,ethos,IMP_DSL,2030,DSL,58674.641
BAU,shungnak,supply,2030,fall,9,ethos,IMP_SOL,2025,SOL,1477.0367
BAU,shungnak,supply,2030,spring,0,ethos,IMP_DSL,2025,DSL,46623.715
BAU,shungnak,supply,2030,spring,1,ethos,IMP_DSL,2030,DSL,46623.715
BAU,shungnak,supply,2030,spring,10,ethos,IMP_DSL,2030,DSL,26573.615
BAU,shungnak,supply,2030,spring,10,ethos,IMP_SOL,2030,SOL,14133.371
BAU,shungnak,supply,2030,spring,11,ethos,IMP_DSL,2030,DSL,17970.231
BAU,shungnak,supply,2030,spring,11,ethos,IMP_SOL,2030,SOL,17581.117
BAU,shungnak,supply,2030,spring,12,ethos,IMP_DSL,2030,DSL,9594.6045
BAU,shungnak,supply,2030,spring,12,ethos,IMP_SOL,2030,SOL,19209.44
BAU,shungnak,supply,2030,spring,13,ethos,IMP_DSL,2025,DSL,4140.6146
BAU,shungnak,supply,2030,spring,13,ethos,IMP_SOL,2025,SOL,20192.804
BAU,shungnak,supply,2030,spring,14,ethos,IMP_DSL,2030,DSL,5399.5017
BAU,shungnak,supply,2030,spring,14,ethos,IMP_SOL,2025,SOL,20113.18
BAU,shungnak,supply,2030,spring,15,ethos,IMP_DSL,2025,DSL,8329.7472
BAU,shungnak,supply,2030,spring,15,ethos,IMP_SOL,2025,SOL,18942.698
BAU,shungnak,supply,2030,spring,16,ethos,IMP_DSL,2030,DSL,18733.987
BAU,shungnak,supply,2030,spring,16,ethos,IMP_SOL,2030,SOL,16450.447
BAU,shungnak,supply,2030,spring,17,ethos,IMP_DSL,2030,DSL,31064.094
BAU,shungnak,supply,2030,spring,17,ethos,IMP_SOL,2030,SOL,12258.211
BAU,shungnak,supply,2030,spring,18,ethos,IMP_DSL,2025,DSL,41681.282
BAU,shungnak,supply,2030,spring,18,ethos,IMP_SOL,2030,SOL,7428.9773
BAU,shungnak,supply,2030,spring,19,ethos,IMP_DSL,2025,DSL,51973.705
BAU,shungnak,supply,2030,spring,19,ethos,IMP_SOL,2025,SOL,3232.7597
BAU,shungnak,supply,2030,spring,2,ethos,IMP_DSL,2025,DSL,44574.321
BAU,shungnak,supply,2030,spring,20,ethos,IMP_DSL,2030,DSL,60065.202
BAU,shungnak,supply,2030,spring,20,ethos,IMP_SOL,2030,SOL,1178.4444
BAU,shungnak,supply,2030,spring,21,ethos,IMP_DSL,2030,DSL,58434.25
BAU,shungnak,supply,2030,spring,21,ethos,IMP_SOL,2025,SOL,513.57882
BAU,shungnak,supply,2030,spring,22,ethos,IMP_DSL,2025,DSL,57822.255
BAU,shungnak,supply,2030,spring,22,ethos,IMP_SOL,2030,SOL,199.06156
BAU,shungnak,supply,2030,spring,23,ethos,IMP_DSL,2030,DSL,54215.266
BAU,shungnak,supply,2030,spring,23,ethos,IMP_SOL,2030,SOL,31.849849
BAU,shungnak,supply,2030,spring,3,ethos,IMP_DSL,2030,DSL,44574.321
BAU,shungnak,supply,2030,spring,4,ethos,IMP_DSL,2025,DSL,44946.155
BAU,shungnak,supply,2030,spring,4,ethos,IMP_SOL,2025,SOL,47.774774
BAU,shungnak,supply,2030,spring,5,ethos,IMP_DSL,2025,DSL,45490.762
BAU,shungnak,supply,2030,spring,5,ethos,IMP_SOL,2030,SOL,211.00525
BAU,shungnak,supply,2030,spring,6,ethos,IMP_DSL,2030,DSL,45051.771
BAU,shungnak,supply,2030,spring,6,ethos,IMP_SOL,2025,SOL,708.65914
BAU,shungnak,supply,2030,spring,7,ethos,IMP_DSL,2030,DSL,45049.364
BAU,shungnak,supply,2030,spring,7,ethos,IMP_SOL,2030,SOL,2277.2642
BAU,shungnak,supply,2030,spring,8,ethos,IMP_DSL,2025,DSL,45884.763
BAU,shungnak,supply,2030,spring,8,ethos,IMP_SOL,2030,SOL,5302.9999
BAU,shungnak,supply,2030,spring,9,ethos,IMP_DSL,2025,DSL,34166.651
BAU,shungnak,supply,2030,spring,9,ethos,IMP_SOL,2030,SOL,9809.7535
BAU,shungnak,supply,2030,summer,0,ethos,IMP_DSL,2025,DSL,34722.604
BAU,shungnak,supply,2030,summer,0,ethos,IMP_SOL,2025,SOL,39.812311
BAU,shungnak,supply,2030,summer,1,ethos,IMP_DSL,2025,DSL,31765.608
BAU,shungnak,supply,2030,summer,10,ethos,IMP_DSL,2030,DSL,1737.3948
BAU,shungnak,supply,2030,summer,10,ethos,IMP_SOL,2025,SOL,12648.371
BAU,shungnak,supply,2030,summer,11,ethos,IMP_SOL,2030,SOL,15100.81
BAU,shungnak,supply,2030,summer,12,ethos,IMP_SOL,2030,SOL,16908.289
BAU,shungnak,supply,2030,summer,13,ethos,IMP_SOL,2030,SOL,17784.159
BAU,shungnak,supply,2030,summer,14,ethos,IMP_SOL,2030,SOL,18277.832
BAU,shungnak,supply,2030,summer,15,ethos,IMP_SOL,2030,SOL,16466.372
BAU,shungnak,supply,2030,summer,16,ethos,IMP_SOL,2025,SOL,15176.453
BAU,shungnak,supply,2030,summer,17,ethos,IMP_SOL,2030,SOL,12588.653
BAU,shungnak,supply,2030,summer,18,ethos,IMP_SOL,2030,SOL,8977.6762
BAU,shungnak,supply,2030,summer,19,ethos,IMP_SOL,2025,SOL,5231.3377
BAU,shungnak,supply,2030,summer,2,ethos,IMP_DSL,2025,DSL,31253.259
BAU,shungnak,supply,2030,summer,20,ethos,IMP_DSL,2030,DSL,31329.492
BAU,shungnak,supply,2030,summer,20,ethos,IMP_SOL,2030,SOL,2711.2184
BAU,shungnak,supply,2030,summer,21,ethos,IMP_DSL,2025,DSL,32746.798
BAU,shungnak,supply,2030,summer,21,ethos,IMP_SOL,2030,SOL,1234.1817
BAU,shungnak,supply,2030,summer,22,ethos,IMP_DSL,2025,DSL,34187.067
BAU,shungnak,supply,2030,summer,22,ethos,IMP_SOL,2025,SOL,744.49022
BAU,shungnak,supply,2030,summer,23,ethos,IMP_DSL,2025,DSL,35220.373
BAU,shungnak,supply,2030,summer,23,ethos,IMP_SOL,2030,SOL,218.96771
BAU,shungnak,supply,2030,summer,3,ethos,IMP_DSL,2030,DSL,29063.351
BAU,shungnak,supply,2030,summer,3,ethos,IMP_SOL,2025,SOL,47.774774
BAU,shungnak,supply,2030,summer,4,ethos,IMP_DSL,2025,DSL,27789.885
BAU,shungnak,supply,2030,summer,4,ethos,IMP_SOL,2030,SOL,306.5548
BAU,shungnak,supply,2030,summer,5,ethos,IMP_DSL,2025,DSL,26946.801
BAU,shungnak,supply,2030,summer,5,ethos,IMP_SOL,2025,SOL,593.20344
BAU,shungnak,supply,2030,summer,6,ethos,IMP_DSL,2025,DSL,26314.718
BAU,shungnak,supply,2030,summer,6,ethos,IMP_SOL,2030,SOL,1504.9054
BAU,shungnak,supply,2030,summer,7,ethos,IMP_DSL,2025,DSL,20656.159
BAU,shungnak,supply,2030,summer,7,ethos,IMP_SOL,2030,SOL,3603.0142
BAU,shungnak,supply,2030,summer,8,ethos,IMP_DSL,2030,DSL,11517.007
BAU,shungnak,supply,2030,summer,8,ethos,IMP_SOL,2030,SOL,7058.7228
BAU,shungnak,supply,2030,summer,9,ethos,IMP_DSL,2030,DSL,4942.2362
BAU,shungnak,supply,2030,summer,9,ethos,IMP_SOL,2030,SOL,9642.5418
BAU,shungnak,supply,2030,winter,0,ethos,IMP_DSL,2030,DSL,58407.73
BAU,shungnak,supply,2030,winter,1,ethos,IMP_DSL,2025,DSL,57895.382
BAU,shungnak,supply,2030,winter,10,ethos,IMP_DSL,2030,DSL,72955.651
BAU,shungnak,supply,2030,winter,10,ethos,IMP_SOL,2030,SOL,453.86035
BAU,shungnak,supply,2030,winter,11,ethos,IMP_DSL,2030,DSL,72320.699
BAU,shungnak,supply,2030,winter,11,ethos,IMP_SOL,2030,SOL,1540.7364
BAU,shungnak,supply,2030,winter,12,ethos,IMP_DSL,2025,DSL,67806.57
BAU,shungnak,supply,2030,winter,12,ethos,IMP_SOL,2025,SOL,2727.1433
BAU,shungnak,supply,2030,winter,13,ethos,IMP_DSL,2030,DSL,63462.113
BAU,shungnak,supply,2030,winter,13,ethos,IMP_SOL,2025,SOL,3507.4646
BAU,shungnak,supply,2030,winter,14,ethos,IMP_DSL,2025,DSL,62949.765
BAU,shungnak,supply,2030,winter,14,ethos,IMP_SOL,2030,SOL,3507.4646
BAU,shungnak,supply,2030,winter,15,ethos,IMP_DSL,2025,DSL,62056.511
BAU,shungnak,supply,2030,winter,15,ethos,IMP_SOL,2030,SOL,2591.7815
BAU,shungnak,supply,2030,winter,16,ethos,IMP_DSL,2030,DSL,69132.383
BAU,shungnak,supply,2030,winter,16,ethos,IMP_SOL,2025,SOL,1405.3746
BAU,shungnak,supply,2030,winter,17,ethos,IMP_DSL,2025,DSL,77824.397
BAU,shungnak,supply,2030,winter,17,ethos,IMP_SOL,2030,SOL,366.27326
BAU,shungnak,supply,2030,winter,18,ethos,IMP_DSL,2025,DSL,79390.6
BAU,shungnak,supply,2030,winter,18,ethos,IMP_SOL,2030,SOL,7.9624623
BAU,shungnak,supply,2030,winter,19,ethos,IMP_DSL,2025,DSL,69167.049
BAU,shungnak,supply,2030,winter,2,ethos,IMP_DSL,2025,DSL,58407.73
BAU,shungnak,supply,2030,winter,20,ethos,IMP_DSL,2025,DSL,69679.398
BAU,shungnak,supply,2030,winter,21,ethos,IMP_DSL,2030,DSL,66092.958
BAU,shungnak,supply,2030,winter,22,ethos,IMP_DSL,2030,DSL,63531.215
BAU,shungnak,supply,2030,winter,23,ethos,IMP_DSL,2030,DSL,57383.033
BAU,shungnak,supply,2030,winter,3,ethos,IMP_DSL,2025,DSL,55333.639
BAU,shungnak,supply,2030,winter,4,ethos,IMP_DSL,2030,DSL,53284.245
BAU,shungnak,supply,2030,winter,5,ethos,IMP_DSL,2025,DSL,53796.594
BAU,shungnak,supply,2030,winter,6,ethos,IMP_DSL,2025,DSL,54821.291
BAU,shungnak,supply,2030,winter,7,ethos,IMP_DSL,2030,DSL,53796.594
BAU,shungnak,supply,2030,winter,8,ethos,IMP_DSL,2030,DSL,58920.079
BAU,shungnak,supply,2030,winter,9,ethos,IMP_DSL,2025,DSL,69679.398
BAU,shungnak,supply,2035,fall,0,ethos,IMP_DSL,2035,DSL,10957.268
BAU,shungnak,supply,2035,fall,1,ethos,IMP_DSL,2025,DSL,18176.452
BAU,shungnak,supply,2035,fall,10,ethos,IMP_DSL,2025,DSL,52276.152
BAU,shungnak,supply,2035,fall,10,ethos,IMP_SOL,2030,SOL,4928.5698
BAU,shungnak,supply,2035,fall,11,ethos,IMP_DSL,2025,DSL,45352.729
BAU,shungnak,supply,2035,fall,11,ethos,IMP_SOL,2030,SOL,8930.2929
BAU,shungnak,supply,2035,fall,12,ethos,IMP_DSL,2030,DSL,33815.932
BAU,shungnak,supply,2035,fall,12,ethos,IMP_SOL,2035,SOL,11021.96
BAU,shungnak,supply,2035,fall,13,ethos,IMP_DSL,2025,DSL,30017.276
BAU,shungnak,supply,2035,fall,13,ethos,IMP_SOL,2025,SOL,12130.419
BAU,shungnak,supply,2035,fall,14,ethos,IMP_DSL,2025,DSL,34160.467
BAU,shungnak,supply,2035,fall,14,ethos,IMP_SOL,2030,SOL,11454.071
BAU,shungnak,supply,2035,fall,15,ethos,IMP_DSL,2035,DSL,28971.771
BAU,shungnak,supply,2035,fall,15,ethos,IMP_SOL,2035,SOL,9556.5406
BAU,shungnak,supply,2035,fall,16,ethos,IMP_DSL,2025,DSL,46838.201
BAU,shungnak,supply,2035,fall,16,ethos,IMP_SOL,2035,SOL,6594.3888
BAU,shungnak,supply,2035,fall,17,ethos,IMP_DSL,2035,DSL,55896.043
BAU,shungnak,supply,2035,fall,17,ethos,IMP_SOL,2025,SOL,3331.638
BAU,shungnak,supply,2035,fall,18,ethos,IMP_DSL,2030,DSL,58481.232
BAU,shungnak,supply,2035,fall,18,ethos,IMP_SOL,2035,SOL,1171.0833
BAU,shungnak,supply,2035,fall,19,ethos,IMP_DSL,2035,DSL,47616.233
BAU,shungnak,supply,2035,fall,19,ethos,IMP_SOL,2030,SOL,288.07396
BAU,shungnak,supply,2035,fall,2,ethos,IMP_DSL,2030,DSL,44694.125
BAU,shungnak,supply,2035,fall,20,ethos,IMP_DSL,2030,DSL,61870.338
BAU,shungnak,supply,2035,fall,20,ethos,IMP_SOL,2025,SOL,18.787432
BAU,shungnak,supply,2035,fall,21,ethos,IMP_DSL,2025,DSL,59233.178
BAU,shungnak,supply,2035,fall,22,ethos,IMP_DSL,2030,DSL,54925.31
BAU,shungnak,supply,2035,fall,23,ethos,IMP_DSL,2035,DSL,51155.926
BAU,shungnak,supply,2035,fall,3,ethos,IMP_DSL,2035,DSL,44155.641
BAU,shungnak,supply,2035,fall,4,ethos,IMP_DSL,2025,DSL,43078.675
BAU,shungnak,supply,2035,fall,5,ethos,IMP_DSL,2030,DSL,44155.641
BAU,shungnak,supply,2035,fall,6,ethos,IMP_DSL,2030,DSL,47386.542
BAU,shungnak,supply,2035,fall,7,ethos,IMP_DSL,2030,DSL,51362.867
BAU,shungnak,supply,2035,fall,7,ethos,IMP_SOL,2025,SOL,112.72459
BAU,shungnak,supply,2035,fall,8,ethos,IMP_DSL,2035,DSL,63028.547
BAU,shungnak,supply,2035,fall,8,ethos,IMP_SOL,2025,SOL,1089.6711
BAU,shungnak,supply,2035,fall,9,ethos,IMP_DSL,2025,DSL,59399.994
BAU,shungnak,supply,2035,fall,9,ethos,IMP_SOL,2035,SOL,2323.3791
BAU,shungnak,supply,2035,spring,0,ethos,IMP_DSL,2025,DSL,49001.992
BAU,shungnak,supply,2035,spring,1,ethos,IMP_DSL,2030,DSL,49001.992
BAU,shungnak,supply,2035,spring,10,ethos,IMP_DSL,2030,DSL,6230.664
BAU,shungnak,supply,2035,spring,10,ethos,IMP_SOL,2025,SOL,22231.795
BAU,shungnak,supply,2035,spring,11,ethos,IMP_SOL,2035,SOL,27655.101
BAU,shungnak,supply,2035,spring,12,ethos,IMP_SOL,2030,SOL,30216.454
BAU,shungnak,supply,2035,spring,13,ethos,IMP_SOL,2025,SOL,31763.286
BAU,shungnak,supply,2035,spring,14,ethos,IMP_SOL,2035,SOL,31638.036
BAU,shungnak,supply,2035,spring,15,ethos,IMP_SOL,2025,SOL,29796.868
BAU,shungnak,supply,2035,spring,16,ethos,IMP_SOL,2025,SOL,25876.557
BAU,shungnak,supply,2035,spring,17,ethos,IMP_SOL,2035,SOL,19282.168
BAU,shungnak,supply,2035,spring,18,ethos,IMP_SOL,2025,SOL,11685.783
BAU,shungnak,supply,2035,spring,19,ethos,IMP_DSL,2030,DSL,15386.402
BAU,shungnak,supply,2035,spring,19,ethos,IMP_SOL,2035,SOL,5085.1317
BAU,shungnak,supply,2035,spring,2,ethos,IMP_DSL,2035,DSL,46848.059
BAU,shungnak,supply,2035,spring,20,ethos,IMP_DSL,2035,DSL,52355.677
BAU,shungnak,supply,2035,spring,20,ethos,IMP_SOL,2025,SOL,1853.6933
BAU,shungnak,supply,2035,spring,21,ethos,IMP_DSL,2025,DSL,60626.504
BAU,shungnak,supply,2035,spring,21,ethos,IMP_SOL,2025,SOL,807.85959
BAU,shungnak,supply,2035,spring,22,ethos,IMP_DSL,2035,DSL,60466.159
BAU,shungnak,supply,2035,spring,22,ethos,IMP_SOL,2030,SOL,313.12387
BAU,shungnak,supply,2035,spring,23,ethos,IMP_DSL,2030,DSL,56931.891
BAU,shungnak,supply,2035,spring,23,ethos,IMP_SOL,2035,SOL,50.09982
BAU,shungnak,supply,2035,spring,3,ethos,IMP_DSL,2025,DSL,46848.059
BAU,shungnak,supply,2035,spring,4,ethos,IMP_DSL,2030,DSL,47165.513
BAU,shungnak,supply,2035,spring,4,ethos,IMP_SOL,2030,SOL,75.14973
BAU,shungnak,supply,2035,spring,5,ethos,IMP_DSL,2030,DSL,47487.299
BAU,shungnak,supply,2035,spring,5,ethos,IMP_SOL,2035,SOL,331.91131
BAU,shungnak,supply,2035,spring,6,ethos,IMP_DSL,2030,DSL,46261.885
BAU,shungnak,supply,2035,spring,6,ethos,IMP_SOL,2030,SOL,1114.721
BAU,shungnak,supply,2035,spring,7,ethos,IMP_DSL,2035,DSL,43851.129
BAU,shungnak,supply,2035,spring,7,ethos,IMP_SOL,2030,SOL,3582.1371
BAU,shungnak,supply,2035,spring,8,ethos,IMP_DSL,2035,DSL,40083.835
BAU,shungnak,supply,2035,spring,8,ethos,IMP_SOL,2030,SOL,8341.62
BAU,shungnak,supply,2035,spring,9,ethos,IMP_DSL,2025,DSL,20848.92
BAU,shungnak,supply,2035,spring,9,ethos,IMP_SOL,2025,SOL,15430.745
BAU,shungnak,supply,2035,summer,0,ethos,IMP_DSL,2030,DSL,36432.683
BAU,shungnak,supply,2035,summer,0,ethos,IMP_SOL,2025,SOL,62.624775
BAU,shungnak,supply,2035,summer,1,ethos,IMP_DSL,2025,DSL,33385.973
BAU,shungnak,supply,2035,summer,10,ethos,IMP_SOL,2035,SOL,19895.891
BAU,shungnak,supply,2035,summer,11,ethos,IMP_SOL,2030,SOL,23753.577
BAU,shungnak,supply,2035,summer,12,ethos,IMP_SOL,2025,SOL,26596.742
BAU,shungnak,supply,2035,summer,13,ethos,IMP_SOL,2025,SOL,27974.487
BAU,shungnak,supply,2035,summer,14,ethos,IMP_SOL,2035,SOL,28751.034
BAU,shungnak,supply,2035,summer,15,ethos,IMP_SOL,2030,SOL,25901.607
BAU,shungnak,supply,2035,summer,16,ethos,IMP_SOL,2035,SOL,23872.564
BAU,shungnak,supply,2035,summer,17,ethos,IMP_SOL,2035,SOL,19801.954
BAU,shungnak,supply,2035,summer,18,ethos,IMP_SOL,2035,SOL,14121.887
BAU,shungnak,supply,2035,summer,19,ethos,IMP_SOL,2025,SOL,8228.8954
BAU,shungnak,supply,2035,summer,2,ethos,IMP_DSL,2035,DSL,32847.489
BAU,shungnak,supply,2035,summer,20,ethos,IMP_SOL,2030,SOL,4264.7472
BAU,shungnak,supply,2035,summer,21,ethos,IMP_SOL,2035,SOL,1941.368
BAU,shungnak,supply,2035,summer,22,ethos,IMP_SOL,2035,SOL,1171.0833
BAU,shungnak,supply,2035,summer,23,ethos,IMP_DSL,2025,DSL,2405.4525
BAU,shungnak,supply,2035,summer,23,ethos,IMP_SOL,2035,SOL,344.43626
BAU,shungnak,supply,2035,summer,3,ethos,IMP_DSL,2025,DSL,30472.527
BAU,shungnak,supply,2035,summer,3,ethos,IMP_SOL,2030,SOL,75.14973
BAU,shungnak,supply,2035,summer,4,ethos,IMP_DSL,2035,DSL,28736.805
BAU,shungnak,supply,2035,summer,4,ethos,IMP_SOL,2025,SOL,482.21077
BAU,shungnak,supply,2035,summer,5,ethos,IMP_DSL,2035,DSL,27410.634
BAU,shungnak,supply,2035,summer,5,ethos,IMP_SOL,2035,SOL,933.10914
BAU,shungnak,supply,2035,summer,6,ethos,IMP_DSL,2025,DSL,25346.605
BAU,shungnak,supply,2035,summer,6,ethos,IMP_SOL,2030,SOL,2367.2165
BAU,shungnak,supply,2035,summer,7,ethos,IMP_DSL,2025,DSL,16178.248
BAU,shungnak,supply,2035,summer,7,ethos,IMP_SOL,2035,SOL,5667.5421
BAU,shungnak,supply,2035,summer,8,ethos,IMP_DSL,2030,DSL,1267.4781
BAU,shungnak,supply,2035,summer,8,ethos,IMP_SOL,2030,SOL,11103.373
BAU,shungnak,supply,2035,summer,9,ethos,IMP_SOL,2030,SOL,15167.72
BAU,shungnak,supply,2035,winter,0,ethos,IMP_DSL,2025,DSL,61387.111
BAU,shungnak,supply,2035,winter,1,ethos,IMP_DSL,2025,DSL,60848.628
BAU,shungnak,supply,2035,winter,10,ethos,IMP_DSL,2030,DSL,75980.326
BAU,shungnak,supply,2035,winter,10,ethos,IMP_SOL,2030,SOL,713.92243
BAU,shungnak,supply,2035,winter,11,ethos,IMP_DSL,2030,DSL,73644.342
BAU,shungnak,supply,2035,winter,11,ethos,IMP_SOL,2030,SOL,2423.5788
BAU,shungnak,supply,2035,winter,12,ethos,IMP_DSL,2025,DSL,67078.498
BAU,shungnak,supply,2035,winter,12,ethos,IMP_SOL,2035,SOL,4289.7971
BAU,shungnak,supply,2035,winter,13,ethos,IMP_DSL,2030,DSL,61314.43
BAU,shungnak,supply,2035,winter,13,ethos,IMP_SOL,2025,SOL,5517.2427
BAU,shungnak,supply,2035,winter,14,ethos,IMP_DSL,2035,DSL,60775.947
BAU,shungnak,supply,2035,winter,14,ethos,IMP_SOL,2025,SOL,5517.2427
BAU,shungnak,supply,2035,winter,15,ethos,IMP_DSL,2030,DSL,61242.944
BAU,shungnak,supply,2035,winter,15,ethos,IMP_SOL,2025,SOL,4076.8728
BAU,shungnak,supply,2035,winter,16,ethos,IMP_DSL,2030,DSL,70501.206
BAU,shungnak,supply,2035,winter,16,ethos,IMP_SOL,2035,SOL,2210.6546
BAU,shungnak,supply,2035,winter,17,ethos,IMP_DSL,2035,DSL,81231.896
BAU,shungnak,supply,2035,winter,17,ethos,IMP_SOL,2030,SOL,576.14793
BAU,shungnak,supply,2035,winter,18,ethos,IMP_DSL,2030,DSL,83428.094
BAU,shungnak,supply,2035,winter,18,ethos,IMP_SOL,2025,SOL,12.524955
BAU,shungnak,supply,2035,winter,19,ethos,IMP_DSL,2035,DSL,72695.263
BAU,shungnak,supply,2035,winter,2,ethos,IMP_DSL,2035,DSL,61387.111
BAU,shungnak,supply,2035,winter,20,ethos,IMP_DSL,2030,DSL,73233.747
BAU,shungnak,supply,2035,winter,21,ethos,IMP_DSL,2030,DSL,69464.363
BAU,shungnak,supply,2035,winter,22,ethos,IMP_DSL,2035,DSL,66771.946
BAU,shungnak,supply,2035,winter,23,ethos,IMP_DSL,2025,DSL,60310.144
BAU,shungnak,supply,2035,winter,3,ethos,IMP_DSL,2025,DSL,58156.211
BAU,shungnak,supply,2035,winter,4,ethos,IMP_DSL,2025,DSL,56002.277
BAU,shungnak,supply,2035,winter,5,ethos,IMP_DSL,2025,DSL,56540.76
BAU,shungnak,supply,2035,winter,6,ethos,IMP_DSL,2025,DSL,57617.727
BAU,shungnak,supply,2035,winter,7,ethos,IMP_DSL,2030,DSL,56540.76
BAU,shungnak,supply,2035,winter,8,ethos,IMP_DSL,2025,DSL,61925.595
BAU,shungnak,supply,2035,winter,9,ethos,IMP_DSL,2025,DSL,73233.747
BAU,shungnak,supply,2040,fall,10,ethos,IMP_DSL,2030,DSL,50401.778
BAU,shungnak,supply,2040,fall,10,ethos,IMP_SOL,2030,SOL,6723.9107
BAU,shungnak,supply,2040,fall,11,ethos,IMP_DSL,2025,DSL,39438.167
BAU,shungnak,supply,2040,fall,11,ethos,IMP_SOL,2030,SOL,12183.35
BAU,shungnak,supply,2040,fall,12,ethos,IMP_DSL,2030,DSL,25385.699
BAU,shungnak,supply,2040,fall,12,ethos,IMP_SOL,2025,SOL,15036.954
BAU,shungnak,supply,2040,fall,13,ethos,IMP_DSL,2025,DSL,20371.986
BAU,shungnak,supply,2040,fall,13,ethos,IMP_SOL,2030,SOL,16549.193
BAU,shungnak,supply,2040,fall,14,ethos,IMP_DSL,2025,DSL,25349.681
BAU,shungnak,supply,2040,fall,14,ethos,IMP_SOL,2025,SOL,15626.471
BAU,shungnak,supply,2040,fall,15,ethos,IMP_DSL,2025,DSL,21644.616
BAU,shungnak,supply,2040,fall,15,ethos,IMP_SOL,2030,SOL,13037.723
BAU,shungnak,supply,2040,fall,16,ethos,IMP_DSL,2030,DSL,43151.619
BAU,shungnak,supply,2040,fall,16,ethos,IMP_SOL,2040,SOL,8996.5412
BAU,shungnak,supply,2040,fall,17,ethos,IMP_DSL,2035,DSL,55677.668
BAU,shungnak,supply,2040,fall,17,ethos,IMP_SOL,2030,SOL,4545.2611
BAU,shungnak,supply,2040,fall,18,ethos,IMP_DSL,2040,DSL,60385.374
BAU,shungnak,supply,2040,fall,18,ethos,IMP_SOL,2025,SOL,1597.6764
BAU,shungnak,supply,2040,fall,19,ethos,IMP_DSL,2040,DSL,49779.719
BAU,shungnak,supply,2040,fall,19,ethos,IMP_SOL,2035,SOL,393.0113
BAU,shungnak,supply,2040,fall,20,ethos,IMP_DSL,2025,DSL,65009.037
BAU,shungnak,supply,2040,fall,20,ethos,IMP_SOL,2035,SOL,25.631171
BAU,shungnak,supply,2040,fall,21,ethos,IMP_DSL,2025,DSL,62254.665
BAU,shungnak,supply,2040,fall,22,ethos,IMP_DSL,2025,DSL,57727.053
BAU,shungnak,supply,2040,fall,23,ethos,IMP_DSL,2030,DSL,53765.392
BAU,shungnak,supply,2040,fall,4,ethos,IMP_DSL,2035,DSL,18930.318
BAU,shungnak,supply,2040,fall,6,ethos,IMP_DSL,2025,DSL,49803.732
BAU,shungnak,supply,2040,fall,7,ethos,IMP_DSL,2025,DSL,53879.029
BAU,shungnak,supply,2040,fall,7,ethos,IMP_SOL,2040,SOL,153.78703
BAU,shungnak,supply,2040,fall,8,ethos,IMP_DSL,2040,DSL,65239.658
BAU,shungnak,supply,2040,fall,8,ethos,IMP_SOL,2025,SOL,1486.6079
BAU,shungnak,supply,2040,fall,9,ethos,IMP_DSL,2040,DSL,60289.324
BAU,shungnak,supply,2040,fall,9,ethos,IMP_SOL,2030,SOL,3169.7215
BAU,shungnak,supply,2040,spring,0,ethos,IMP_DSL,2030,DSL,51501.586
BAU,shungnak,supply,2040,spring,1,ethos,IMP_DSL,2035,DSL,51501.586
BAU,shungnak,supply,2040,spring,10,ethos,IMP_SOL,2040,SOL,30330.22
BAU,shungnak,supply,2040,spring,11,ethos,IMP_SOL,2040,SOL,37729.084
BAU,shungnak,supply,2040,spring,12,ethos,IMP_SOL,2035,SOL,41223.467
BAU,shungnak,supply,2040,spring,13,ethos,IMP_SOL,2025,SOL,43333.767
BAU,shungnak,supply,2040,spring,14,ethos,IMP_SOL,2040,SOL,43162.893
BAU,shungnak,supply,2040,spring,15,ethos,IMP_SOL,2040,SOL,40651.038
BAU,shungnak,supply,2040,spring,16,ethos,IMP_SOL,2025,SOL,35302.667
BAU,shungnak,supply,2040,spring,17,ethos,IMP_SOL,2035,SOL,26306.126
BAU,shungnak,supply,2040,spring,18,ethos,IMP_SOL,2025,SOL,15942.589
BAU,shungnak,supply,2040,spring,19,ethos,IMP_SOL,2040,SOL,6937.5037
BAU,shungnak,supply,2040,spring,2,ethos,IMP_DSL,2025,DSL,49237.78
BAU,shungnak,supply,2040,spring,20,ethos,IMP_SOL,2040,SOL,2528.9423
BAU,shungnak,supply,2040,spring,21,ethos,IMP_SOL,2030,SOL,1102.1404
BAU,shungnak,supply,2040,spring,22,ethos,IMP_DSL,2025,DSL,12572.151
BAU,shungnak,supply,2040,spring,22,ethos,IMP_SOL,2025,SOL,427.18619
BAU,shungnak,supply,2040,spring,23,ethos,IMP_DSL,2025,DSL,59789.83
BAU,shungnak,supply,2040,spring,23,ethos,IMP_SOL,2035,SOL,68.349791
BAU,shungnak,supply,2040,spring,3,ethos,IMP_DSL,2035,DSL,49237.78
BAU,shungnak,supply,2040,spring,4,ethos,IMP_DSL,2040,DSL,49502.189
BAU,shungnak,supply,2040,spring,4,ethos,IMP_SOL,2025,SOL,102.52469
BAU,shungnak,supply,2040,spring,5,ethos,IMP_DSL,2040,DSL,49603.819
BAU,shungnak,supply,2040,spring,5,ethos,IMP_SOL,2035,SOL,452.81736
BAU,shungnak,supply,2040,spring,6,ethos,IMP_DSL,2035,DSL,47594.647
BAU,shungnak,supply,2040,spring,6,ethos,IMP_SOL,2025,SOL,1520.7828
BAU,shungnak,supply,2040,spring,7,ethos,IMP_DSL,2025,DSL,42787.543
BAU,shungnak,supply,2040,spring,7,ethos,IMP_SOL,2040,SOL,4887.01
BAU,shungnak,supply,2040,spring,8,ethos,IMP_DSL,2035,DSL,34442.885
BAU,shungnak,supply,2040,spring,8,ethos,IMP_SOL,2030,SOL,11380.24
BAU,shungnak,supply,2040,spring,9,ethos,IMP_DSL,2030,DSL,7695.1653
BAU,shungnak,supply,2040,spring,9,ethos,IMP_SOL,2030,SOL,21051.736
BAU,shungnak,supply,2040,summer,0,ethos,IMP_DSL,2035,DSL,38233.416
BAU,shungnak,supply,2040,summer,0,ethos,IMP_SOL,2030,SOL,85.437238
BAU,shungnak,supply,2040,summer,1,ethos,IMP_DSL,2025,DSL,35088.993
BAU,shungnak,supply,2040,summer,10,ethos,IMP_SOL,2030,SOL,27143.411
BAU,shungnak,supply,2040,summer,11,ethos,IMP_SOL,2035,SOL,32406.344
BAU,shungnak,supply,2040,summer,12,ethos,IMP_SOL,2040,SOL,36285.195
BAU,shungnak,supply,2040,summer,13,ethos,IMP_SOL,2040,SOL,38164.814
BAU,shungnak,supply,2040,summer,14,ethos,IMP_SOL,2030,SOL,39224.236
BAU,shungnak,supply,2040,summer,15,ethos,IMP_SOL,2025,SOL,35336.842
BAU,shungnak,supply,2040,summer,16,ethos,IMP_SOL,2030,SOL,32568.675
BAU,shungnak,supply,2040,summer,17,ethos,IMP_SOL,2040,SOL,27015.255
BAU,shungnak,supply,2040,summer,18,ethos,IMP_SOL,2035,SOL,19266.097
BAU,shungnak,supply,2040,summer,19,ethos,IMP_SOL,2025,SOL,11226.453
BAU,shungnak,supply,2040,summer,2,ethos,IMP_DSL,2025,DSL,34523.041
BAU,shungnak,supply,2040,summer,20,ethos,IMP_SOL,2040,SOL,5818.2759
BAU,shungnak,supply,2040,summer,21,ethos,IMP_SOL,2035,SOL,2648.5544
BAU,shungnak,supply,2040,summer,22,ethos,IMP_SOL,2030,SOL,1597.6764
BAU,shungnak,supply,2040,summer,23,ethos,IMP_SOL,2035,SOL,469.90481
BAU,shungnak,supply,2040,summer,3,ethos,IMP_DSL,2035,DSL,31957.692
BAU,shungnak,supply,2040,summer,3,ethos,IMP_SOL,2040,SOL,102.52469
BAU,shungnak,supply,2040,summer,4,ethos,IMP_DSL,2025,DSL,29758.382
BAU,shungnak,supply,2040,summer,4,ethos,IMP_SOL,2025,SOL,657.86673
BAU,shungnak,supply,2040,summer,5,ethos,IMP_DSL,2030,DSL,27949.123
BAU,shungnak,supply,2040,summer,5,ethos,IMP_SOL,2040,SOL,1273.0149
BAU,shungnak,supply,2040,summer,6,ethos,IMP_DSL,2025,DSL,24458.479
BAU,shungnak,supply,2040,summer,6,ethos,IMP_SOL,2040,SOL,3229.5276
BAU,shungnak,supply,2040,summer,7,ethos,IMP_DSL,2030,DSL,11781.659
BAU,shungnak,supply,2040,summer,7,ethos,IMP_SOL,2035,SOL,7732.0701
BAU,shungnak,supply,2040,summer,8,ethos,IMP_SOL,2030,SOL,15148.022
BAU,shungnak,supply,2040,summer,9,ethos,IMP_SOL,2025,SOL,20692.899
BAU,shungnak,supply,2040,winter,0,ethos,IMP_DSL,2025,DSL,64518.471
BAU,shungnak,supply,2040,winter,1,ethos,IMP_DSL,2035,DSL,63952.519
BAU,shungnak,supply,2040,winter,10,ethos,IMP_DSL,2030,DSL,79198.307
BAU,shungnak,supply,2040,winter,10,ethos,IMP_SOL,2025,SOL,973.98452
BAU,shungnak,supply,2040,winter,11,ethos,IMP_DSL,2035,DSL,75167.957
BAU,shungnak,supply,2040,winter,11,ethos,IMP_SOL,2030,SOL,3306.4211
BAU,shungnak,supply,2040,winter,12,ethos,IMP_DSL,2030,DSL,66547.731
BAU,shungnak,supply,2040,winter,12,ethos,IMP_SOL,2040,SOL,5852.4508
BAU,shungnak,supply,2040,winter,13,ethos,IMP_DSL,2030,DSL,59358.72
BAU,shungnak,supply,2040,winter,13,ethos,IMP_SOL,2040,SOL,7527.0207
BAU,shungnak,supply,2040,winter,14,ethos,IMP_DSL,2025,DSL,58792.768
BAU,shungnak,supply,2040,winter,14,ethos,IMP_SOL,2040,SOL,7527.0207
BAU,shungnak,supply,2040,winter,15,ethos,IMP_DSL,2040,DSL,60610.686
BAU,shungnak,supply,2040,winter,15,ethos,IMP_SOL,2035,SOL,5561.9642
BAU,shungnak,supply,2040,winter,16,ethos,IMP_DSL,2035,DSL,72060.669
BAU,shungnak,supply,2040,winter,16,ethos,IMP_SOL,2025,SOL,3015.9345
BAU,shungnak,supply,2040,winter,17,ethos,IMP_DSL,2040,DSL,84844.7
BAU,shungnak,supply,2040,winter,17,ethos,IMP_SOL,2035,SOL,786.02259
BAU,shungnak,supply,2040,winter,18,ethos,IMP_DSL,2025,DSL,87672.225
BAU,shungnak,supply,2040,winter,18,ethos,IMP_SOL,2030,SOL,17.087448
BAU,shungnak,supply,2040,winter,19,ethos,IMP_DSL,2025,DSL,76403.452
BAU,shungnak,supply,2040,winter,2,ethos,IMP_DSL,2025,DSL,64518.471
BAU,shungnak,supply,2040,winter,20,ethos,IMP_DSL,2035,DSL,76969.404
BAU,shungnak,supply,2040,winter,21,ethos,IMP_DSL,2025,DSL,73007.743
BAU,shungnak,supply,2040,winter,22,ethos,IMP_DSL,2040,DSL,70177.986
BAU,shungnak,supply,2040,winter,23,ethos,IMP_DSL,2025,DSL,63386.568
BAU,shungnak,supply,2040,winter,3,ethos,IMP_DSL,2025,DSL,61122.762
BAU,shungnak,supply,2040,winter,4,ethos,IMP_DSL,2030,DSL,58858.956
BAU,shungnak,supply,2040,winter,5,ethos,IMP_DSL,2035,DSL,59424.907
BAU,shungnak,supply,2040,winter,6,ethos,IMP_DSL,2025,DSL,60556.81
BAU,shungnak,supply,2040,winter,7,ethos,IMP_DSL,2035,DSL,59424.907
BAU,shungnak,supply,2040,winter,8,ethos,IMP_DSL,2030,DSL,65084.422
BAU,shungnak,supply,2040,winter,9,ethos,IMP_DSL,2025,DSL,76969.404
BAU,shungnak,supply,2045,fall,10,ethos,IMP_DSL,2035,DSL,52636.111
BAU,shungnak,supply,2045,fall,10,ethos,IMP_SOL,2025,SOL,7181.3635
BAU,shungnak,supply,2045,fall,11,ethos,IMP_DSL,2045,DSL,40839.893
BAU,shungnak,supply,2045,fall,11,ethos,IMP_SOL,2030,SOL,13012.229
BAU,shungnak,supply,2045,fall,12,ethos,IMP_DSL,2035,DSL,25927.729
BAU,shungnak,supply,2045,fall,12,ethos,IMP_SOL,2045,SOL,16059.974
BAU,shungnak,supply,2045,fall,13,ethos,IMP_DSL,2035,DSL,20582.549
BAU,shungnak,supply,2045,fall,13,ethos,IMP_SOL,2040,SOL,17675.097
BAU,shungnak,supply,2045,fall,14,ethos,IMP_DSL,2045,DSL,25860.356
BAU,shungnak,supply,2045,fall,14,ethos,IMP_SOL,2040,SOL,16689.598
BAU,shungnak,supply,2045,fall,15,ethos,IMP_DSL,2040,DSL,22095.914
BAU,shungnak,supply,2045,fall,15,ethos,IMP_SOL,2040,SOL,13924.728
BAU,shungnak,supply,2045,fall,16,ethos,IMP_DSL,2025,DSL,44902.331
BAU,shungnak,supply,2045,fall,16,ethos,IMP_SOL,2045,SOL,9608.6096
BAU,shungnak,supply,2045,fall,17,ethos,IMP_DSL,2040,DSL,58290.209
BAU,shungnak,supply,2045,fall,17,ethos,IMP_SOL,2035,SOL,4854.4922
BAU,shungnak,supply,2045,fall,18,ethos,IMP_DSL,2040,DSL,63385.64
BAU,shungnak,supply,2045,fall,18,ethos,IMP_SOL,2025,SOL,1706.3723
BAU,shungnak,supply,2045,fall,19,ethos,IMP_DSL,2025,DSL,52299.307
BAU,shungnak,supply,2045,fall,19,ethos,IMP_SOL,2035,SOL,419.74933
BAU,shungnak,supply,2045,fall,20,ethos,IMP_DSL,2035,DSL,68323.868
BAU,shungnak,supply,2045,fall,20,ethos,IMP_SOL,2045,SOL,27.374956
BAU,shungnak,supply,2045,fall,21,ethos,IMP_DSL,2040,DSL,65430.279
BAU,shungnak,supply,2045,fall,22,ethos,IMP_DSL,2045,DSL,60671.713
BAU,shungnak,supply,2045,fall,23,ethos,IMP_DSL,2035,DSL,56507.968
BAU,shungnak,supply,2045,fall,3,ethos,IMP_DSL,2025,DSL,48775.299
BAU,shungnak,supply,2045,fall,6,ethos,IMP_DSL,2045,DSL,17228.235
BAU,shungnak,supply,2045,fall,7,ethos,IMP_DSL,2025,DSL,56619.701
BAU,shungnak,supply,2045,fall,7,ethos,IMP_SOL,2040,SOL,164.24974
BAU,shungnak,supply,2045,fall,8,ethos,IMP_DSL,2035,DSL,59882.833
BAU,shungnak,supply,2045,fall,8,ethos,IMP_SOL,2035,SOL,1587.7475
BAU,shungnak,supply,2045,fall,9,ethos,IMP_DSL,2045,DSL,63205.979
BAU,shungnak,supply,2045,fall,9,ethos,IMP_SOL,2025,SOL,3385.3696
BAU,shungnak,supply,2045,spring,0,ethos,IMP_DSL,2025,DSL,54128.685
BAU,shungnak,supply,2045,spring,1,ethos,IMP_DSL,2025,DSL,54128.685
BAU,shungnak,supply,2045,spring,10,ethos,IMP_SOL,2045,SOL,32393.698
BAU,shungnak,supply,2045,spring,11,ethos,IMP_SOL,2045,SOL,40295.936
BAU,shungnak,supply,2045,spring,12,ethos,IMP_SOL,2030,SOL,44028.055
BAU,shungnak,supply,2045,spring,13,ethos,IMP_SOL,2040,SOL,46281.926
BAU,shungnak,supply,2045,spring,14,ethos,IMP_SOL,2030,SOL,46099.426
BAU,shungnak,supply,2045,spring,15,ethos,IMP_SOL,2045,SOL,43416.681
BAU,shungnak,supply,2045,spring,16,ethos,IMP_SOL,2040,SOL,37704.44
BAU,shungnak,supply,2045,spring,17,ethos,IMP_SOL,2040,SOL,28095.83
BAU,shungnak,supply,2045,spring,18,ethos,IMP_SOL,2040,SOL,17027.223
BAU,shungnak,supply,2045,spring,19,ethos,IMP_SOL,2025,SOL,7409.4881
BAU,shungnak,supply,2045,spring,2,ethos,IMP_DSL,2025,DSL,51749.402
BAU,shungnak,supply,2045,spring,20,ethos,IMP_SOL,2030,SOL,2700.9957
BAU,shungnak,supply,2045,spring,21,ethos,IMP_DSL,2030,DSL,63243.641
BAU,shungnak,supply,2045,spring,21,ethos,IMP_SOL,2040,SOL,1177.1231
BAU,shungnak,supply,2045,spring,22,ethos,IMP_DSL,2035,DSL,66467.652
BAU,shungnak,supply,2045,spring,22,ethos,IMP_SOL,2040,SOL,456.24927
BAU,shungnak,supply,2045,spring,23,ethos,IMP_SOL,2045,SOL,72.999883
BAU,shungnak,supply,2045,spring,3,ethos,IMP_DSL,2035,DSL,51749.402
BAU,shungnak,supply,2045,spring,4,ethos,IMP_DSL,2030,DSL,52022.165
BAU,shungnak,supply,2045,spring,4,ethos,IMP_SOL,2045,SOL,109.49982
BAU,shungnak,supply,2045,spring,5,ethos,IMP_DSL,2035,DSL,52111.44
BAU,shungnak,supply,2045,spring,5,ethos,IMP_SOL,2025,SOL,483.62423
BAU,shungnak,supply,2045,spring,6,ethos,IMP_DSL,2025,DSL,49946.308
BAU,shungnak,supply,2045,spring,6,ethos,IMP_SOL,2040,SOL,1624.2474
BAU,shungnak,supply,2045,spring,7,ethos,IMP_DSL,2035,DSL,44725.446
BAU,shungnak,supply,2045,spring,7,ethos,IMP_SOL,2045,SOL,5219.4916
BAU,shungnak,supply,2045,spring,8,ethos,IMP_DSL,2045,DSL,35630.014
BAU,shungnak,supply,2045,spring,8,ethos,IMP_SOL,2040,SOL,12154.481
BAU,shungnak,supply,2045,spring,9,ethos,IMP_DSL,2045,DSL,7033.642
BAU,shungnak,supply,2045,spring,9,ethos,IMP_SOL,2035,SOL,22483.964
BAU,shungnak,supply,2045,summer,0,ethos,IMP_DSL,2035,DSL,40179.427
BAU,shungnak,supply,2045,summer,0,ethos,IMP_SOL,2030,SOL,91.249854
BAU,shungnak,supply,2045,summer,1,ethos,IMP_DSL,2045,DSL,5468.28
BAU,shungnak,supply,2045,summer,10,ethos,IMP_SOL,2025,SOL,28990.079
BAU,shungnak,supply,2045,summer,11,ethos,IMP_SOL,2025,SOL,34611.07
BAU,shungnak,supply,2045,summer,12,ethos,IMP_SOL,2040,SOL,38753.813
BAU,shungnak,supply,2045,summer,13,ethos,IMP_SOL,2030,SOL,40761.31
BAU,shungnak,supply,2045,summer,14,ethos,IMP_SOL,2040,SOL,41892.808
BAU,shungnak,supply,2045,summer,15,ethos,IMP_SOL,2030,SOL,37740.94
BAU,shungnak,supply,2045,summer,16,ethos,IMP_SOL,2040,SOL,34784.444
BAU,shungnak,supply,2045,summer,17,ethos,IMP_SOL,2040,SOL,28853.204
BAU,shungnak,supply,2045,summer,18,ethos,IMP_SOL,2035,SOL,20576.842
BAU,shungnak,supply,2045,summer,19,ethos,IMP_SOL,2025,SOL,11990.231
BAU,shungnak,supply,2045,summer,20,ethos,IMP_SOL,2025,SOL,6214.1151
BAU,shungnak,supply,2045,summer,21,ethos,IMP_SOL,2045,SOL,2828.7455
BAU,shungnak,supply,2045,summer,22,ethos,IMP_SOL,2030,SOL,1706.3723
BAU,shungnak,supply,2045,summer,23,ethos,IMP_SOL,2025,SOL,501.8742
BAU,shungnak,supply,2045,summer,3,ethos,IMP_DSL,2045,DSL,33582.722
BAU,shungnak,supply,2045,summer,3,ethos,IMP_SOL,2040,SOL,109.49982
BAU,shungnak,supply,2045,summer,4,ethos,IMP_DSL,2045,DSL,31243.419
BAU,shungnak,supply,2045,summer,4,ethos,IMP_SOL,2025,SOL,702.62388
BAU,shungnak,supply,2045,summer,5,ethos,IMP_DSL,2035,DSL,29311.069
BAU,shungnak,supply,2045,summer,5,ethos,IMP_SOL,2045,SOL,1359.6228
BAU,shungnak,supply,2045,summer,6,ethos,IMP_DSL,2030,DSL,25544.406
BAU,shungnak,supply,2045,summer,6,ethos,IMP_SOL,2025,SOL,3449.2445
BAU,shungnak,supply,2045,summer,7,ethos,IMP_DSL,2030,DSL,11995.5
BAU,shungnak,supply,2045,summer,7,ethos,IMP_SOL,2025,SOL,8258.1118
BAU,shungnak,supply,2045,summer,8,ethos,IMP_SOL,2030,SOL,16178.599
BAU,shungnak,supply,2045,summer,9,ethos,IMP_SOL,2040,SOL,22100.715
BAU,shungnak,supply,2045,winter,0,ethos,IMP_DSL,2030,DSL,67809.561
BAU,shungnak,supply,2045,winter,1,ethos,IMP_DSL,2035,DSL,67214.741
BAU,shungnak,supply,2045,winter,10,ethos,IMP_DSL,2025,DSL,83189.45
BAU,shungnak,supply,2045,winter,10,ethos,IMP_SOL,2030,SOL,1040.2483
BAU,shungnak,supply,2045,winter,11,ethos,IMP_DSL,2030,DSL,78836.727
BAU,shungnak,supply,2045,winter,11,ethos,IMP_SOL,2040,SOL,3531.3693
BAU,shungnak,supply,2045,winter,12,ethos,IMP_DSL,2025,DSL,69649.304
BAU,shungnak,supply,2045,winter,12,ethos,IMP_SOL,2025,SOL,6250.615
BAU,shungnak,supply,2045,winter,13,ethos,IMP_DSL,2030,DSL,62009.735
BAU,shungnak,supply,2045,winter,13,ethos,IMP_SOL,2035,SOL,8039.1121
BAU,shungnak,supply,2045,winter,14,ethos,IMP_DSL,2035,DSL,61414.915
BAU,shungnak,supply,2045,winter,14,ethos,IMP_SOL,2035,SOL,8039.1121
BAU,shungnak,supply,2045,winter,15,ethos,IMP_DSL,2030,DSL,63423.954
BAU,shungnak,supply,2045,winter,15,ethos,IMP_SOL,2040,SOL,5940.3655
BAU,shungnak,supply,2045,winter,16,ethos,IMP_DSL,2040,DSL,75585.48
BAU,shungnak,supply,2045,winter,16,ethos,IMP_SOL,2025,SOL,3221.1198
BAU,shungnak,supply,2045,winter,17,ethos,IMP_DSL,2040,DSL,89133.276
BAU,shungnak,supply,2045,winter,17,ethos,IMP_SOL,2025,SOL,839.49866
BAU,shungnak,supply,2045,winter,18,ethos,IMP_DSL,2045,DSL,92143.534
BAU,shungnak,supply,2045,winter,18,ethos,IMP_SOL,2045,SOL,18.249971
BAU,shungnak,supply,2045,winter,19,ethos,IMP_DSL,2040,DSL,80300.796
BAU,shungnak,supply,2045,winter,2,ethos,IMP_DSL,2025,DSL,67809.561
BAU,shungnak,supply,2045,winter,20,ethos,IMP_DSL,2025,DSL,80895.617
BAU,shungnak,supply,2045,winter,21,ethos,IMP_DSL,2040,DSL,76731.872
BAU,shungnak,supply,2045,winter,22,ethos,IMP_DSL,2035,DSL,73757.769
BAU,shungnak,supply,2045,winter,23,ethos,IMP_DSL,2045,DSL,66619.92
BAU,shungnak,supply,2045,winter,3,ethos,IMP_DSL,2030,DSL,64240.637
BAU,shungnak,supply,2045,winter,4,ethos,IMP_DSL,2045,DSL,61861.354
BAU,shungnak,supply,2045,winter,5,ethos,IMP_DSL,2030,DSL,62456.175
BAU,shungnak,supply,2045,winter,6,ethos,IMP_DSL,2035,DSL,63645.816
BAU,shungnak,supply,2045,winter,7,ethos,IMP_DSL,2025,DSL,62456.175
BAU,shungnak,supply,2045,winter,8,ethos,IMP_DSL,2040,DSL,68404.382
BAU,shungnak,supply,2045,winter,9,ethos,IMP_DSL,2035,DSL,80895.617
