scenario,region,sector,period,season,tod,input_comm,tech,vintage,output_comm,flow
NZ,shungnak,electric,2030,fall,0,ELC,EBATT_01,2025,ELC,3176.8018
NZ,shungnak,electric,2030,fall,0,ELC,ELECT,2030,ELECD,14632.673
NZ,shungnak,electric,2030,fall,0,HYD,GHYD_01,2030,ELC,6057.5303
NZ,shungnak,electric,2030,fall,0,WND,GWND_01,2030,ELC,5398.3414
NZ,shungnak,electric,2030,fall,1,ELC,EBATT_01,2025,ELC,3401.099
NZ,shungnak,electric,2030,fall,1,ELC,ELECT,2030,ELECD,14981.07
NZ,shungnak,electric,2030,fall,1,HYD,GHYD_01,2030,ELC,6057.5303
NZ,shungnak,electric,2030,fall,1,WND,GWND_01,2030,ELC,5522.4412
NZ,shungnak,electric,2030,fall,10,ELC,EBATT_01,2025,ELC,7170.2874
NZ,shungnak,electric,2030,fall,10,ELC,ELECT,2030,ELECD,21600.613
NZ,shungnak,electric,2030,fall,10,HYD,GHYD_01,2030,ELC,6057.5303
NZ,shungnak,electric,2030,fall,10,SOL,GSOL_01,2025,ELC,1337.888
NZ,shungnak,electric,2030,fall,10,SOL,GSOL_01,2030,ELC,1795.3409
NZ,shungnak,electric,2030,fall,10,WND,GWND_01,2030,ELC,5239.5666
NZ,shungnak,electric,2030,fall,11,ELC,EBATT_01,2025,ELC,6243.3421
NZ,shungnak,electric,2030,fall,11,ELC,ELECT,2030,ELECD,23168.4
NZ,shungnak,electric,2030,fall,11,HYD,GHYD_01,2030,ELC,6057.5303
NZ,shungnak,electric,2030,fall,11,SOL,GSOL_01,2025,ELC,2424.1783
NZ,shungnak,electric,2030,fall,11,SOL,GSOL_01,2030,ELC,3253.0573
NZ,shungnak,electric,2030,fall,11,WND,GWND_01,2030,ELC,5190.2917
NZ,shungnak,electric,2030,fall,12,ELC,EBATT_01,2025,ELC,3144.251
NZ,shungnak,electric,2030,fall,12,ELC,ELECT,2030,ELECD,21426.415
NZ,shungnak,electric,2030,fall,12,HYD,GHYD_01,2030,ELC,6057.5303
NZ,shungnak,electric,2030,fall,12,SOL,GSOL_01,2025,ELC,2991.9732
NZ,shungnak,electric,2030,fall,12,SOL,GSOL_01,2030,ELC,4014.9936
NZ,shungnak,electric,2030,fall,12,WND,GWND_01,2030,ELC,5217.6667
NZ,shungnak,electric,2030,fall,13,ELC,EBATT_01,2025,ELC,2294.5746
NZ,shungnak,electric,2030,fall,13,ELC,ELECT,2030,ELECD,21252.216
NZ,shungnak,electric,2030,fall,13,HYD,GHYD_01,2030,ELC,6057.5303
NZ,shungnak,electric,2030,fall,13,SOL,GSOL_01,2025,ELC,3292.8705
NZ,shungnak,electric,2030,fall,13,SOL,GSOL_01,2030,ELC,4418.7742
NZ,shungnak,electric,2030,fall,13,WND,GWND_01,2030,ELC,5188.4667
NZ,shungnak,electric,2030,fall,14,ELC,EBATT_01,2025,ELC,3350.1666
NZ,shungnak,electric,2030,fall,14,ELC,ELECT,2030,ELECD,21949.01
NZ,shungnak,electric,2030,fall,14,HYD,GHYD_01,2030,ELC,6057.5303
NZ,shungnak,electric,2030,fall,14,SOL,GSOL_01,2025,ELC,3109.2722
NZ,shungnak,electric,2030,fall,14,SOL,GSOL_01,2030,ELC,4172.3996
NZ,shungnak,electric,2030,fall,14,WND,GWND_01,2030,ELC,5259.6416
NZ,shungnak,electric,2030,fall,15,ELC,EBATT_01,2025,ELC,1194.7846
NZ,shungnak,electric,2030,fall,15,ELC,ELECT,2030,ELECD,18465.04
NZ,shungnak,electric,2030,fall,15,HYD,GHYD_01,2030,ELC,6057.5303
NZ,shungnak,electric,2030,fall,15,SOL,GSOL_01,2025,ELC,2594.1768
NZ,shungnak,electric,2030,fall,15,SOL,GSOL_01,2030,ELC,3481.1819
NZ,shungnak,electric,2030,fall,15,WND,GWND_01,2030,ELC,5137.3668
NZ,shungnak,electric,2030,fall,16,ELC,EBATT_01,2025,ELC,5752.7568
NZ,shungnak,electric,2030,fall,16,ELC,ELECT,2030,ELECD,21426.415
NZ,shungnak,electric,2030,fall,16,HYD,GHYD_01,2030,ELC,6057.5303
NZ,shungnak,electric,2030,fall,16,SOL,GSOL_01,2025,ELC,1790.084
NZ,shungnak,electric,2030,fall,16,SOL,GSOL_01,2030,ELC,2402.1524
NZ,shungnak,electric,2030,fall,16,WND,GWND_01,2030,ELC,5423.8913
NZ,shungnak,electric,2030,fall,17,ELC,EBATT_01,2030,ELC,7605.3298
NZ,shungnak,electric,2030,fall,17,ELC,ELECT,2030,ELECD,21252.216
NZ,shungnak,electric,2030,fall,17,HYD,GHYD_01,2030,ELC,6057.5303
NZ,shungnak,electric,2030,fall,17,SOL,GSOL_01,2025,ELC,904.3919
NZ,shungnak,electric,2030,fall,17,SOL,GSOL_01,2030,ELC,1213.6231
NZ,shungnak,electric,2030,fall,17,WND,GWND_01,2030,ELC,5471.3412
NZ,shungnak,electric,2030,fall,18,ELC,EBATT_01,2025,ELC,7726.0482
NZ,shungnak,electric,2030,fall,18,ELC,EBATT_01,2030,ELC,298.04143
NZ,shungnak,electric,2030,fall,18,ELC,ELECT,2030,ELECD,20032.827
NZ,shungnak,electric,2030,fall,18,HYD,GHYD_01,2030,ELC,6057.5303
NZ,shungnak,electric,2030,fall,18,SOL,GSOL_01,2025,ELC,317.89715
NZ,shungnak,electric,2030,fall,18,SOL,GSOL_01,2030,ELC,426.59307
NZ,shungnak,electric,2030,fall,18,WND,GWND_01,2030,ELC,5206.7167
NZ,shungnak,electric,2030,fall,19,ELC,EBATT_01,2030,ELC,4290.7058
NZ,shungnak,electric,2030,fall,19,ELC,ELECT,2030,ELECD,15677.864
NZ,shungnak,electric,2030,fall,19,HYD,GHYD_01,2030,ELC,6057.5303
NZ,shungnak,electric,2030,fall,19,SOL,GSOL_01,2025,ELC,78.1993
NZ,shungnak,electric,2030,fall,19,SOL,GSOL_01,2030,ELC,104.93733
NZ,shungnak,electric,2030,fall,19,WND,GWND_01,2030,ELC,5146.4918
NZ,shungnak,electric,2030,fall,2,ELC,EBATT_01,2025,ELC,2840.1786
NZ,shungnak,electric,2030,fall,2,ELC,ELECT,2030,ELECD,14458.475
NZ,shungnak,electric,2030,fall,2,HYD,GHYD_01,2030,ELC,6057.5303
NZ,shungnak,electric,2030,fall,2,WND,GWND_01,2030,ELC,5560.7661
NZ,shungnak,electric,2030,fall,20,ELC,EBATT_01,2030,ELC,8752.9861
NZ,shungnak,electric,2030,fall,20,ELC,ELECT,2030,ELECD,20032.827
NZ,shungnak,electric,2030,fall,20,HYD,GHYD_01,2030,ELC,6057.5303
NZ,shungnak,electric,2030,fall,20,SOL,GSOL_01,2025,ELC,5.0999543
NZ,shungnak,electric,2030,fall,20,SOL,GSOL_01,2030,ELC,6.843739
NZ,shungnak,electric,2030,fall,20,WND,GWND_01,2030,ELC,5210.3667
NZ,shungnak,electric,2030,fall,21,ELC,EBATT_01,2030,ELC,8122.062
NZ,shungnak,electric,2030,fall,21,ELC,ELECT,2030,ELECD,19161.834
NZ,shungnak,electric,2030,fall,21,HYD,GHYD_01,2030,ELC,6057.5303
NZ,shungnak,electric,2030,fall,21,WND,GWND_01,2030,ELC,4982.242
NZ,shungnak,electric,2030,fall,22,ELC,EBATT_01,2030,ELC,6405.4496
NZ,shungnak,electric,2030,fall,22,ELC,ELECT,2030,ELECD,17768.246
NZ,shungnak,electric,2030,fall,22,HYD,GHYD_01,2030,ELC,6057.5303
NZ,shungnak,electric,2030,fall,22,WND,GWND_01,2030,ELC,5305.2665
NZ,shungnak,electric,2030,fall,23,DSL,GDSL_03,2025,ELC,1321.5766
NZ,shungnak,electric,2030,fall,23,ELC,EBATT_01,2030,ELC,3966.6833
NZ,shungnak,electric,2030,fall,23,ELC,ELECT,2030,ELECD,16548.857
NZ,shungnak,electric,2030,fall,23,HYD,GHYD_01,2030,ELC,6057.5303
NZ,shungnak,electric,2030,fall,23,WND,GWND_01,2030,ELC,5203.0667
NZ,shungnak,electric,2030,fall,3,ELC,EBATT_01,2025,ELC,2740.805
NZ,shungnak,electric,2030,fall,3,ELC,ELECT,2030,ELECD,14284.277
NZ,shungnak,electric,2030,fall,3,HYD,GHYD_01,2030,ELC,6057.5303
NZ,shungnak,electric,2030,fall,3,WND,GWND_01,2030,ELC,5485.9412
NZ,shungnak,electric,2030,fall,4,ELC,EBATT_01,2025,ELC,2547.5327
NZ,shungnak,electric,2030,fall,4,ELC,ELECT,2030,ELECD,13935.88
NZ,shungnak,electric,2030,fall,4,HYD,GHYD_01,2030,ELC,6057.5303
NZ,shungnak,electric,2030,fall,4,WND,GWND_01,2030,ELC,5330.8165
NZ,shungnak,electric,2030,fall,5,ELC,EBATT_01,2025,ELC,2709.78
NZ,shungnak,electric,2030,fall,5,ELC,ELECT,2030,ELECD,14284.277
NZ,shungnak,electric,2030,fall,5,HYD,GHYD_01,2030,ELC,6057.5303
NZ,shungnak,electric,2030,fall,5,WND,GWND_01,2030,ELC,5516.9662
NZ,shungnak,electric,2030,fall,6,ELC,EBATT_01,2025,ELC,3853.5208
NZ,shungnak,electric,2030,fall,6,ELC,ELECT,2030,ELECD,15329.467
NZ,shungnak,electric,2030,fall,6,HYD,GHYD_01,2030,ELC,6057.5303
NZ,shungnak,electric,2030,fall,6,WND,GWND_01,2030,ELC,5418.4163
NZ,shungnak,electric,2030,fall,7,ELC,EBATT_01,2025,ELC,5191.8716
NZ,shungnak,electric,2030,fall,7,ELC,ELECT,2030,ELECD,16723.055
NZ,shungnak,electric,2030,fall,7,HYD,GHYD_01,2030,ELC,6057.5303
NZ,shungnak,electric,2030,fall,7,SOL,GSOL_01,2025,ELC,30.599726
NZ,shungnak,electric,2030,fall,7,SOL,GSOL_01,2030,ELC,41.062434
NZ,shungnak,electric,2030,fall,7,WND,GWND_01,2030,ELC,5401.9914
NZ,shungnak,electric,2030,fall,8,ELC,EBATT_01,2025,ELC,9157.3591
NZ,shungnak,electric,2030,fall,8,ELC,ELECT,2030,ELECD,21426.415
NZ,shungnak,electric,2030,fall,8,HYD,GHYD_01,2030,ELC,6057.5303
NZ,shungnak,electric,2030,fall,8,SOL,GSOL_01,2025,ELC,295.79735
NZ,shungnak,electric,2030,fall,8,SOL,GSOL_01,2030,ELC,396.93686
NZ,shungnak,electric,2030,fall,8,WND,GWND_01,2030,ELC,5518.7912
NZ,shungnak,electric,2030,fall,9,ELC,EBATT_01,2025,ELC,8581.1062
NZ,shungnak,electric,2030,fall,9,ELC,ELECT,2030,ELECD,21426.415
NZ,shungnak,electric,2030,fall,9,HYD,GHYD_01,2030,ELC,6057.5303
NZ,shungnak,electric,2030,fall,9,SOL,GSOL_01,2025,ELC,630.69435
NZ,shungnak,electric,2030,fall,9,SOL,GSOL_01,2030,ELC,846.3424
NZ,shungnak,electric,2030,fall,9,WND,GWND_01,2030,ELC,5310.7415
NZ,shungnak,electric,2030,spring,0,DSL,GDSL_02,2025,ELC,6537.2779
NZ,shungnak,electric,2030,spring,0,ELC,ELECT,2030,ELECD,15852.063
NZ,shungnak,electric,2030,spring,0,HYD,GHYD_01,2030,ELC,4270.4932
NZ,shungnak,electric,2030,spring,0,WND,GWND_01,2030,ELC,5044.2919
NZ,shungnak,electric,2030,spring,1,DSL,GDSL_02,2025,ELC,6555.5278
NZ,shungnak,electric,2030,spring,1,ELC,ELECT,2030,ELECD,15852.063
NZ,shungnak,electric,2030,spring,1,HYD,GHYD_01,2030,ELC,4270.4932
NZ,shungnak,electric,2030,spring,1,WND,GWND_01,2030,ELC,5026.042
NZ,shungnak,electric,2030,spring,10,ELC,ELECT,2030,ELECD,23168.4
NZ,shungnak,electric,2030,spring,10,HYD,GHYD_01,2030,ELC,4270.4932
NZ,shungnak,electric,2030,spring,10,SOL,GSOL_01,2025,ELC,6034.946
NZ,shungnak,electric,2030,spring,10,SOL,GSOL_01,2030,ELC,8098.4245
NZ,shungnak,electric,2030,spring,10,WND,GWND_01,2030,ELC,5004.142
NZ,shungnak,electric,2030,spring,11,ELC,ELECT,2030,ELECD,23690.995
NZ,shungnak,electric,2030,spring,11,HYD,GHYD_01,2030,ELC,4270.4932
NZ,shungnak,electric,2030,spring,11,SOL,GSOL_01,2025,ELC,7507.1328
NZ,shungnak,electric,2030,spring,11,SOL,GSOL_01,2030,ELC,10073.984
NZ,shungnak,electric,2030,spring,11,WND,GWND_01,2030,ELC,4730.3924
NZ,shungnak,electric,2030,spring,12,ELC,ELECT,2030,ELECD,22471.606
NZ,shungnak,electric,2030,spring,12,HYD,GHYD_01,2030,ELC,4270.4932
NZ,shungnak,electric,2030,spring,12,SOL,GSOL_01,2025,ELC,8202.4266
NZ,shungnak,electric,2030,spring,12,SOL,GSOL_01,2030,ELC,11007.014
NZ,shungnak,electric,2030,spring,12,WND,GWND_01,2030,ELC,4449.3429
NZ,shungnak,electric,2030,spring,13,ELC,ELECT,2030,ELECD,21600.613
NZ,shungnak,electric,2030,spring,13,HYD,GHYD_01,2030,ELC,4270.4932
NZ,shungnak,electric,2030,spring,13,SOL,GSOL_01,2025,ELC,8622.3228
NZ,shungnak,electric,2030,spring,13,SOL,GSOL_01,2030,ELC,11570.481
NZ,shungnak,electric,2030,spring,13,WND,GWND_01,2030,ELC,3900.0188
NZ,shungnak,electric,2030,spring,14,ELC,ELECT,2030,ELECD,21949.01
NZ,shungnak,electric,2030,spring,14,HYD,GHYD_01,2030,ELC,4270.4932
NZ,shungnak,electric,2030,spring,14,SOL,GSOL_01,2025,ELC,8588.3231
NZ,shungnak,electric,2030,spring,14,SOL,GSOL_01,2030,ELC,11524.857
NZ,shungnak,electric,2030,spring,14,WND,GWND_01,2030,ELC,3611.6692
NZ,shungnak,electric,2030,spring,15,ELC,ELECT,2030,ELECD,21774.812
NZ,shungnak,electric,2030,spring,15,HYD,GHYD_01,2030,ELC,4270.4932
NZ,shungnak,electric,2030,spring,15,SOL,GSOL_01,2025,ELC,8088.5276
NZ,shungnak,electric,2030,spring,15,SOL,GSOL_01,2030,ELC,10854.17
NZ,shungnak,electric,2030,spring,15,WND,GWND_01,2030,ELC,3691.9691
NZ,shungnak,electric,2030,spring,16,ELC,ELECT,2030,ELECD,22820.003
NZ,shungnak,electric,2030,spring,16,HYD,GHYD_01,2030,ELC,4270.4932
NZ,shungnak,electric,2030,spring,16,SOL,GSOL_01,2025,ELC,7024.3371
NZ,shungnak,electric,2030,spring,16,SOL,GSOL_01,2030,ELC,9426.1099
NZ,shungnak,electric,2030,spring,16,WND,GWND_01,2030,ELC,3989.4436
NZ,shungnak,electric,2030,spring,17,ELC,EBATT_01,2025,ELC,2247.1054
NZ,shungnak,electric,2030,spring,17,ELC,ELECT,2030,ELECD,22820.003
NZ,shungnak,electric,2030,spring,17,HYD,GHYD_01,2030,ELC,4270.4932
NZ,shungnak,electric,2030,spring,17,SOL,GSOL_01,2025,ELC,5234.2531
NZ,shungnak,electric,2030,spring,17,SOL,GSOL_01,2030,ELC,7023.9575
NZ,shungnak,electric,2030,spring,17,WND,GWND_01,2030,ELC,4044.1935
NZ,shungnak,electric,2030,spring,18,ELC,EBATT_01,2030,ELC,5732.8495
NZ,shungnak,electric,2030,spring,18,ELC,ELECT,2030,ELECD,21600.613
NZ,shungnak,electric,2030,spring,18,HYD,GHYD_01,2030,ELC,4270.4932
NZ,shungnak,electric,2030,spring,18,SOL,GSOL_01,2025,ELC,3172.1716
NZ,shungnak,electric,2030,spring,18,SOL,GSOL_01,2030,ELC,4256.8057
NZ,shungnak,electric,2030,spring,18,WND,GWND_01,2030,ELC,4168.2933
NZ,shungnak,electric,2030,spring,19,ELC,EBATT_01,2030,ELC,9108.1733
NZ,shungnak,electric,2030,spring,19,ELC,ELECT,2030,ELECD,20903.819
NZ,shungnak,electric,2030,spring,19,HYD,GHYD_01,2030,ELC,4270.4932
NZ,shungnak,electric,2030,spring,19,SOL,GSOL_01,2025,ELC,1380.3876
NZ,shungnak,electric,2030,spring,19,SOL,GSOL_01,2030,ELC,1852.372
NZ,shungnak,electric,2030,spring,19,WND,GWND_01,2030,ELC,4292.3931
NZ,shungnak,electric,2030,spring,2,DSL,GDSL_03,2025,ELC,5975.5337
NZ,shungnak,electric,2030,spring,2,ELC,ELECT,2030,ELECD,15155.269
NZ,shungnak,electric,2030,spring,2,HYD,GHYD_01,2030,ELC,4270.4932
NZ,shungnak,electric,2030,spring,2,WND,GWND_01,2030,ELC,4909.2421
NZ,shungnak,electric,2030,spring,20,DSL,GDSL_02,2025,ELC,4536.5706
NZ,shungnak,electric,2030,spring,20,ELC,EBATT_01,2030,ELC,7067.2124
NZ,shungnak,electric,2030,spring,20,ELC,ELECT,2030,ELECD,21600.613
NZ,shungnak,electric,2030,spring,20,HYD,GHYD_01,2030,ELC,4270.4932
NZ,shungnak,electric,2030,spring,20,SOL,GSOL_01,2025,ELC,503.19549
NZ,shungnak,electric,2030,spring,20,SOL,GSOL_01,2030,ELC,675.24892
NZ,shungnak,electric,2030,spring,20,WND,GWND_01,2030,ELC,4547.8927
NZ,shungnak,electric,2030,spring,21,DSL,GDSL_01,2025,ELC,11162.409
NZ,shungnak,electric,2030,spring,21,ELC,ELECT,2030,ELECD,20381.224
NZ,shungnak,electric,2030,spring,21,HYD,GHYD_01,2030,ELC,4270.4932
NZ,shungnak,electric,2030,spring,21,SOL,GSOL_01,2025,ELC,219.29804
NZ,shungnak,electric,2030,spring,21,SOL,GSOL_01,2030,ELC,294.28078
NZ,shungnak,electric,2030,spring,21,WND,GWND_01,2030,ELC,4434.7429
NZ,shungnak,electric,2030,spring,22,DSL,GDSL_03,2025,ELC,10439.682
NZ,shungnak,electric,2030,spring,22,ELC,ELECT,2030,ELECD,19858.628
NZ,shungnak,electric,2030,spring,22,HYD,GHYD_01,2030,ELC,4270.4932
NZ,shungnak,electric,2030,spring,22,SOL,GSOL_01,2025,ELC,84.999239
NZ,shungnak,electric,2030,spring,22,SOL,GSOL_01,2030,ELC,114.06232
NZ,shungnak,electric,2030,spring,22,WND,GWND_01,2030,ELC,4949.3921
NZ,shungnak,electric,2030,spring,23,DSL,GDSL_03,2025,ELC,9112.9304
NZ,shungnak,electric,2030,spring,23,ELC,ELECT,2030,ELECD,18465.04
NZ,shungnak,electric,2030,spring,23,HYD,GHYD_01,2030,ELC,4270.4932
NZ,shungnak,electric,2030,spring,23,SOL,GSOL_01,2025,ELC,13.599878
NZ,shungnak,electric,2030,spring,23,SOL,GSOL_01,2030,ELC,18.249971
NZ,shungnak,electric,2030,spring,23,WND,GWND_01,2030,ELC,5049.7669
NZ,shungnak,electric,2030,spring,3,DSL,GDSL_01,2025,ELC,5730.9841
NZ,shungnak,electric,2030,spring,3,ELC,ELECT,2030,ELECD,15155.269
NZ,shungnak,electric,2030,spring,3,HYD,GHYD_01,2030,ELC,4270.4932
NZ,shungnak,electric,2030,spring,3,WND,GWND_01,2030,ELC,5153.7918
NZ,shungnak,electric,2030,spring,4,DSL,GDSL_01,2025,ELC,5603.7332
NZ,shungnak,electric,2030,spring,4,ELC,ELECT,2030,ELECD,15329.467
NZ,shungnak,electric,2030,spring,4,HYD,GHYD_01,2030,ELC,4270.4932
NZ,shungnak,electric,2030,spring,4,SOL,GSOL_01,2025,ELC,20.399817
NZ,shungnak,electric,2030,spring,4,SOL,GSOL_01,2030,ELC,27.374956
NZ,shungnak,electric,2030,spring,4,WND,GWND_01,2030,ELC,5407.4663
NZ,shungnak,electric,2030,spring,5,DSL,GDSL_03,2025,ELC,5549.8251
NZ,shungnak,electric,2030,spring,5,ELC,ELECT,2030,ELECD,15677.864
NZ,shungnak,electric,2030,spring,5,HYD,GHYD_01,2030,ELC,4270.4932
NZ,shungnak,electric,2030,spring,5,SOL,GSOL_01,2025,ELC,90.099193
NZ,shungnak,electric,2030,spring,5,SOL,GSOL_01,2030,ELC,120.90606
NZ,shungnak,electric,2030,spring,5,WND,GWND_01,2030,ELC,5646.541
NZ,shungnak,electric,2030,spring,6,DSL,GDSL_03,2025,ELC,5345.8183
NZ,shungnak,electric,2030,spring,6,ELC,ELECT,2030,ELECD,16026.261
NZ,shungnak,electric,2030,spring,6,HYD,GHYD_01,2030,ELC,4270.4932
NZ,shungnak,electric,2030,spring,6,SOL,GSOL_01,2025,ELC,302.59729
NZ,shungnak,electric,2030,spring,6,SOL,GSOL_01,2030,ELC,406.06185
NZ,shungnak,electric,2030,spring,6,WND,GWND_01,2030,ELC,5701.2909
NZ,shungnak,electric,2030,spring,7,DSL,GDSL_01,2025,ELC,5576.7743
NZ,shungnak,electric,2030,spring,7,ELC,ELECT,2030,ELECD,17594.048
NZ,shungnak,electric,2030,spring,7,HYD,GHYD_01,2030,ELC,4270.4932
NZ,shungnak,electric,2030,spring,7,SOL,GSOL_01,2025,ELC,972.39129
NZ,shungnak,electric,2030,spring,7,SOL,GSOL_01,2030,ELC,1304.8729
NZ,shungnak,electric,2030,spring,7,WND,GWND_01,2030,ELC,5469.5162
NZ,shungnak,electric,2030,spring,8,DSL,GDSL_02,2025,ELC,5634.5104
NZ,shungnak,electric,2030,spring,8,ELC,ELECT,2030,ELECD,20903.819
NZ,shungnak,electric,2030,spring,8,HYD,GHYD_01,2030,ELC,4270.4932
NZ,shungnak,electric,2030,spring,8,SOL,GSOL_01,2025,ELC,2264.3797
NZ,shungnak,electric,2030,spring,8,SOL,GSOL_01,2030,ELC,3038.6201
NZ,shungnak,electric,2030,spring,8,WND,GWND_01,2030,ELC,5695.8159
NZ,shungnak,electric,2030,spring,9,DSL,GDSL_01,2025,ELC,2259.9012
NZ,shungnak,electric,2030,spring,9,ELC,ELECT,2030,ELECD,21426.415
NZ,shungnak,electric,2030,spring,9,HYD,GHYD_01,2030,ELC,4270.4932
NZ,shungnak,electric,2030,spring,9,SOL,GSOL_01,2025,ELC,4188.7625
NZ,shungnak,electric,2030,spring,9,SOL,GSOL_01,2030,ELC,5620.991
NZ,shungnak,electric,2030,spring,9,WND,GWND_01,2030,ELC,5086.2669
NZ,shungnak,electric,2030,summer,0,ELC,ELECT,2030,ELECD,11845.498
NZ,shungnak,electric,2030,summer,0,HYD,GHYD_01,2030,ELC,10853.623
NZ,shungnak,electric,2030,summer,0,SOL,GSOL_01,2025,ELC,16.999848
NZ,shungnak,electric,2030,summer,0,SOL,GSOL_01,2030,ELC,22.812463
NZ,shungnak,electric,2030,summer,0,WND,GWND_01,2030,ELC,1290.2729
NZ,shungnak,electric,2030,summer,1,ELC,ELECT,2030,ELECD,10800.307
NZ,shungnak,electric,2030,summer,1,HYD,GHYD_01,2030,ELC,10853.623
NZ,shungnak,electric,2030,summer,1,WND,GWND_01,2030,ELC,1020.1734
NZ,shungnak,electric,2030,summer,10,ELC,ELECT,2030,ELECD,13239.086
NZ,shungnak,electric,2030,summer,10,HYD,GHYD_01,2030,ELC,10853.623
NZ,shungnak,electric,2030,summer,10,SOL,GSOL_01,2025,ELC,5400.8516
NZ,shungnak,electric,2030,summer,10,SOL,GSOL_01,2030,ELC,7247.5197
NZ,shungnak,electric,2030,summer,10,WND,GWND_01,2030,ELC,875.9986
NZ,shungnak,electric,2030,summer,11,ELC,ELECT,2030,ELECD,13587.483
NZ,shungnak,electric,2030,summer,11,HYD,GHYD_01,2030,ELC,10853.623
NZ,shungnak,electric,2030,summer,11,SOL,GSOL_01,2025,ELC,6448.0423
NZ,shungnak,electric,2030,summer,11,SOL,GSOL_01,2030,ELC,8652.7674
NZ,shungnak,electric,2030,summer,11,WND,GWND_01,2030,ELC,762.84878
NZ,shungnak,electric,2030,summer,12,ELC,ELECT,2030,ELECD,13239.086
NZ,shungnak,electric,2030,summer,12,HYD,GHYD_01,2030,ELC,10853.623
NZ,shungnak,electric,2030,summer,12,SOL,GSOL_01,2025,ELC,7219.8354
NZ,shungnak,electric,2030,summer,12,SOL,GSOL_01,2030,ELC,9688.4532
NZ,shungnak,electric,2030,summer,12,WND,GWND_01,2030,ELC,751.8988
NZ,shungnak,electric,2030,summer,13,ELC,ELECT,2030,ELECD,13064.887
NZ,shungnak,electric,2030,summer,13,HYD,GHYD_01,2030,ELC,10853.623
NZ,shungnak,electric,2030,summer,13,SOL,GSOL_01,2025,ELC,7593.832
NZ,shungnak,electric,2030,summer,13,SOL,GSOL_01,2030,ELC,10190.327
NZ,shungnak,electric,2030,summer,13,WND,GWND_01,2030,ELC,797.52372
NZ,shungnak,electric,2030,summer,14,ELC,ELECT,2030,ELECD,12890.689
NZ,shungnak,electric,2030,summer,14,HYD,GHYD_01,2030,ELC,10853.623
NZ,shungnak,electric,2030,summer,14,SOL,GSOL_01,2025,ELC,7804.6301
NZ,shungnak,electric,2030,summer,14,SOL,GSOL_01,2030,ELC,10473.202
NZ,shungnak,electric,2030,summer,14,WND,GWND_01,2030,ELC,865.04862
NZ,shungnak,electric,2030,summer,15,ELC,ELECT,2030,ELECD,13413.284
NZ,shungnak,electric,2030,summer,15,HYD,GHYD_01,2030,ELC,10853.623
NZ,shungnak,electric,2030,summer,15,SOL,GSOL_01,2025,ELC,7031.1371
NZ,shungnak,electric,2030,summer,15,SOL,GSOL_01,2030,ELC,9435.2349
NZ,shungnak,electric,2030,summer,15,WND,GWND_01,2030,ELC,766.49877
NZ,shungnak,electric,2030,summer,16,ELC,ELECT,2030,ELECD,14981.07
NZ,shungnak,electric,2030,summer,16,HYD,GHYD_01,2030,ELC,10853.623
NZ,shungnak,electric,2030,summer,16,SOL,GSOL_01,2025,ELC,6480.342
NZ,shungnak,electric,2030,summer,16,SOL,GSOL_01,2030,ELC,8696.1111
NZ,shungnak,electric,2030,summer,16,WND,GWND_01,2030,ELC,625.974
NZ,shungnak,electric,2030,summer,17,ELC,ELECT,2030,ELECD,15329.467
NZ,shungnak,electric,2030,summer,17,HYD,GHYD_01,2030,ELC,10853.623
NZ,shungnak,electric,2030,summer,17,SOL,GSOL_01,2025,ELC,5375.3519
NZ,shungnak,electric,2030,summer,17,SOL,GSOL_01,2030,ELC,7213.301
NZ,shungnak,electric,2030,summer,17,WND,GWND_01,2030,ELC,697.14888
NZ,shungnak,electric,2030,summer,18,ELC,ELECT,2030,ELECD,13761.681
NZ,shungnak,electric,2030,summer,18,HYD,GHYD_01,2030,ELC,10853.623
NZ,shungnak,electric,2030,summer,18,SOL,GSOL_01,2025,ELC,3833.4657
NZ,shungnak,electric,2030,summer,18,SOL,GSOL_01,2030,ELC,5144.2105
NZ,shungnak,electric,2030,summer,18,WND,GWND_01,2030,ELC,925.27352
NZ,shungnak,electric,2030,summer,19,ELC,ELECT,2030,ELECD,13413.284
NZ,shungnak,electric,2030,summer,19,HYD,GHYD_01,2030,ELC,10853.623
NZ,shungnak,electric,2030,summer,19,SOL,GSOL_01,2025,ELC,2233.78
NZ,shungnak,electric,2030,summer,19,SOL,GSOL_01,2030,ELC,2997.5577
NZ,shungnak,electric,2030,summer,19,WND,GWND_01,2030,ELC,799.34872
NZ,shungnak,electric,2030,summer,2,ELC,ELECT,2030,ELECD,10626.108
NZ,shungnak,electric,2030,summer,2,HYD,GHYD_01,2030,ELC,10853.623
NZ,shungnak,electric,2030,summer,2,WND,GWND_01,2030,ELC,934.3985
NZ,shungnak,electric,2030,summer,20,ELC,ELECT,2030,ELECD,13413.284
NZ,shungnak,electric,2030,summer,20,HYD,GHYD_01,2030,ELC,10853.623
NZ,shungnak,electric,2030,summer,20,SOL,GSOL_01,2025,ELC,1157.6896
NZ,shungnak,electric,2030,summer,20,SOL,GSOL_01,2030,ELC,1553.5288
NZ,shungnak,electric,2030,summer,20,WND,GWND_01,2030,ELC,985.49842
NZ,shungnak,electric,2030,summer,21,ELC,ELECT,2030,ELECD,12368.093
NZ,shungnak,electric,2030,summer,21,HYD,GHYD_01,2030,ELC,10853.623
NZ,shungnak,electric,2030,summer,21,SOL,GSOL_01,2025,ELC,526.99528
NZ,shungnak,electric,2030,summer,21,SOL,GSOL_01,2030,ELC,707.18637
NZ,shungnak,electric,2030,summer,21,WND,GWND_01,2030,ELC,1419.8477
NZ,shungnak,electric,2030,summer,22,ELC,ELECT,2030,ELECD,12368.093
NZ,shungnak,electric,2030,summer,22,HYD,GHYD_01,2030,ELC,10853.623
NZ,shungnak,electric,2030,summer,22,SOL,GSOL_01,2025,ELC,317.89715
NZ,shungnak,electric,2030,summer,22,SOL,GSOL_01,2030,ELC,426.59307
NZ,shungnak,electric,2030,summer,22,WND,GWND_01,2030,ELC,1385.1728
NZ,shungnak,electric,2030,summer,23,ELC,ELECT,2030,ELECD,12193.895
NZ,shungnak,electric,2030,summer,23,HYD,GHYD_01,2030,ELC,10853.623
NZ,shungnak,electric,2030,summer,23,SOL,GSOL_01,2025,ELC,93.499163
NZ,shungnak,electric,2030,summer,23,SOL,GSOL_01,2030,ELC,125.46855
NZ,shungnak,electric,2030,summer,23,WND,GWND_01,2030,ELC,1520.2226
NZ,shungnak,electric,2030,summer,3,ELC,ELECT,2030,ELECD,9929.3142
NZ,shungnak,electric,2030,summer,3,HYD,GHYD_01,2030,ELC,10853.623
NZ,shungnak,electric,2030,summer,3,SOL,GSOL_01,2025,ELC,20.399817
NZ,shungnak,electric,2030,summer,3,SOL,GSOL_01,2030,ELC,27.374956
NZ,shungnak,electric,2030,summer,3,WND,GWND_01,2030,ELC,1067.6233
NZ,shungnak,electric,2030,summer,4,ELC,ELECT,2030,ELECD,9755.1157
NZ,shungnak,electric,2030,summer,4,HYD,GHYD_01,2030,ELC,10853.623
NZ,shungnak,electric,2030,summer,4,SOL,GSOL_01,2025,ELC,130.89883
NZ,shungnak,electric,2030,summer,4,SOL,GSOL_01,2030,ELC,175.65597
NZ,shungnak,electric,2030,summer,4,WND,GWND_01,2030,ELC,1091.3483
NZ,shungnak,electric,2030,summer,5,ELC,ELECT,2030,ELECD,9755.1157
NZ,shungnak,electric,2030,summer,5,HYD,GHYD_01,2030,ELC,10853.623
NZ,shungnak,electric,2030,summer,5,SOL,GSOL_01,2025,ELC,253.29773
NZ,shungnak,electric,2030,summer,5,SOL,GSOL_01,2030,ELC,339.90571
NZ,shungnak,electric,2030,summer,5,WND,GWND_01,2030,ELC,1131.4982
NZ,shungnak,electric,2030,summer,6,ELC,ELECT,2030,ELECD,10451.91
NZ,shungnak,electric,2030,summer,6,HYD,GHYD_01,2030,ELC,10853.623
NZ,shungnak,electric,2030,summer,6,SOL,GSOL_01,2025,ELC,642.59425
NZ,shungnak,electric,2030,summer,6,SOL,GSOL_01,2030,ELC,862.31112
NZ,shungnak,electric,2030,summer,6,WND,GWND_01,2030,ELC,1014.6984
NZ,shungnak,electric,2030,summer,7,ELC,ELECT,2030,ELECD,10626.108
NZ,shungnak,electric,2030,summer,7,HYD,GHYD_01,2030,ELC,10853.623
NZ,shungnak,electric,2030,summer,7,SOL,GSOL_01,2025,ELC,1538.4862
NZ,shungnak,electric,2030,summer,7,SOL,GSOL_01,2030,ELC,2064.5279
NZ,shungnak,electric,2030,summer,7,WND,GWND_01,2030,ELC,843.14865
NZ,shungnak,electric,2030,summer,8,ELC,ELECT,2030,ELECD,10974.505
NZ,shungnak,electric,2030,summer,8,HYD,GHYD_01,2030,ELC,10853.623
NZ,shungnak,electric,2030,summer,8,SOL,GSOL_01,2025,ELC,3014.073
NZ,shungnak,electric,2030,summer,8,SOL,GSOL_01,2030,ELC,4044.6498
NZ,shungnak,electric,2030,summer,8,WND,GWND_01,2030,ELC,866.87361
NZ,shungnak,electric,2030,summer,9,ELC,ELECT,2030,ELECD,11322.902
NZ,shungnak,electric,2030,summer,9,HYD,GHYD_01,2030,ELC,10853.623
NZ,shungnak,electric,2030,summer,9,SOL,GSOL_01,2025,ELC,4117.3631
NZ,shungnak,electric,2030,summer,9,SOL,GSOL_01,2030,ELC,5525.1787
NZ,shungnak,electric,2030,summer,9,WND,GWND_01,2030,ELC,812.1237
NZ,shungnak,electric,2030,winter,0,DSL,GDSL_02,2025,ELC,186.44776
NZ,shungnak,electric,2030,winter,0,ELC,EBATT_01,2030,ELC,13147.086
NZ,shungnak,electric,2030,winter,0,ELC,ELECT,2030,ELECD,19858.628
NZ,shungnak,electric,2030,winter,0,HYD,GHYD_01,2030,ELC,1011.7784
NZ,shungnak,electric,2030,winter,0,WND,GWND_01,2030,ELC,5513.3162
NZ,shungnak,electric,2030,winter,1,DSL,GDSL_01,2025,ELC,13051.66
NZ,shungnak,electric,2030,winter,1,ELC,ELECT,2030,ELECD,19684.43
NZ,shungnak,electric,2030,winter,1,HYD,GHYD_01,2030,ELC,1011.7784
NZ,shungnak,electric,2030,winter,1,WND,GWND_01,2030,ELC,5620.991
NZ,shungnak,electric,2030,winter,10,DSL,GDSL_01,2025,ELC,18343.702
NZ,shungnak,electric,2030,winter,10,ELC,ELECT,2030,ELECD,25258.782
NZ,shungnak,electric,2030,winter,10,HYD,GHYD_01,2030,ELC,1011.7784
NZ,shungnak,electric,2030,winter,10,SOL,GSOL_01,2025,ELC,193.79826
NZ,shungnak,electric,2030,winter,10,SOL,GSOL_01,2030,ELC,260.06208
NZ,shungnak,electric,2030,winter,10,WND,GWND_01,2030,ELC,5449.4413
NZ,shungnak,electric,2030,winter,11,DSL,GDSL_01,2025,ELC,18135.118
NZ,shungnak,electric,2030,winter,11,ELC,ELECT,2030,ELECD,26129.774
NZ,shungnak,electric,2030,winter,11,HYD,GHYD_01,2030,ELC,1011.7784
NZ,shungnak,electric,2030,winter,11,SOL,GSOL_01,2025,ELC,657.89411
NZ,shungnak,electric,2030,winter,11,SOL,GSOL_01,2030,ELC,882.84234
NZ,shungnak,electric,2030,winter,11,WND,GWND_01,2030,ELC,5442.1413
NZ,shungnak,electric,2030,winter,12,DSL,GDSL_02,2025,ELC,16379.489
NZ,shungnak,electric,2030,winter,12,ELC,ELECT,2030,ELECD,25781.377
NZ,shungnak,electric,2030,winter,12,HYD,GHYD_01,2030,ELC,1011.7784
NZ,shungnak,electric,2030,winter,12,SOL,GSOL_01,2025,ELC,1164.4896
NZ,shungnak,electric,2030,winter,12,SOL,GSOL_01,2030,ELC,1562.6537
NZ,shungnak,electric,2030,winter,12,WND,GWND_01,2030,ELC,5662.9659
NZ,shungnak,electric,2030,winter,13,DSL,GDSL_01,2025,ELC,14663.3
NZ,shungnak,electric,2030,winter,13,ELC,ELECT,2030,ELECD,25084.583
NZ,shungnak,electric,2030,winter,13,HYD,GHYD_01,2030,ELC,1011.7784
NZ,shungnak,electric,2030,winter,13,SOL,GSOL_01,2025,ELC,1497.6866
NZ,shungnak,electric,2030,winter,13,SOL,GSOL_01,2030,ELC,2009.778
NZ,shungnak,electric,2030,winter,13,WND,GWND_01,2030,ELC,5902.0406
NZ,shungnak,electric,2030,winter,14,DSL,GDSL_02,2025,ELC,14629.626
NZ,shungnak,electric,2030,winter,14,ELC,ELECT,2030,ELECD,24910.385
NZ,shungnak,electric,2030,winter,14,HYD,GHYD_01,2030,ELC,1011.7784
NZ,shungnak,electric,2030,winter,14,SOL,GSOL_01,2025,ELC,1497.6866
NZ,shungnak,electric,2030,winter,14,SOL,GSOL_01,2030,ELC,2009.778
NZ,shungnak,electric,2030,winter,14,WND,GWND_01,2030,ELC,5761.5158
NZ,shungnak,electric,2030,winter,15,DSL,GDSL_03,2025,ELC,14203.645
NZ,shungnak,electric,2030,winter,15,ELC,ELECT,2030,ELECD,23690.995
NZ,shungnak,electric,2030,winter,15,HYD,GHYD_01,2030,ELC,1011.7784
NZ,shungnak,electric,2030,winter,15,SOL,GSOL_01,2025,ELC,1106.6901
NZ,shungnak,electric,2030,winter,15,SOL,GSOL_01,2030,ELC,1485.0914
NZ,shungnak,electric,2030,winter,15,WND,GWND_01,2030,ELC,5883.7906
NZ,shungnak,electric,2030,winter,16,DSL,GDSL_03,2025,ELC,16695.216
NZ,shungnak,electric,2030,winter,16,ELC,ELECT,2030,ELECD,24910.385
NZ,shungnak,electric,2030,winter,16,HYD,GHYD_01,2030,ELC,1011.7784
NZ,shungnak,electric,2030,winter,16,SOL,GSOL_01,2025,ELC,600.09463
NZ,shungnak,electric,2030,winter,16,SOL,GSOL_01,2030,ELC,805.27996
NZ,shungnak,electric,2030,winter,16,WND,GWND_01,2030,ELC,5798.0157
NZ,shungnak,electric,2030,winter,17,DSL,GDSL_03,2025,ELC,19785.55
NZ,shungnak,electric,2030,winter,17,ELC,ELECT,2030,ELECD,26826.568
NZ,shungnak,electric,2030,winter,17,HYD,GHYD_01,2030,ELC,1011.7784
NZ,shungnak,electric,2030,winter,17,SOL,GSOL_01,2025,ELC,156.3986
NZ,shungnak,electric,2030,winter,17,SOL,GSOL_01,2030,ELC,209.87466
NZ,shungnak,electric,2030,winter,17,WND,GWND_01,2030,ELC,5662.9659
NZ,shungnak,electric,2030,winter,18,DSL,GDSL_02,2025,ELC,20378.285
NZ,shungnak,electric,2030,winter,18,ELC,ELECT,2030,ELECD,27000.767
NZ,shungnak,electric,2030,winter,18,HYD,GHYD_01,2030,ELC,1011.7784
NZ,shungnak,electric,2030,winter,18,SOL,GSOL_01,2025,ELC,3.3999696
NZ,shungnak,electric,2030,winter,18,SOL,GSOL_01,2030,ELC,4.5624927
NZ,shungnak,electric,2030,winter,18,WND,GWND_01,2030,ELC,5602.741
NZ,shungnak,electric,2030,winter,19,DSL,GDSL_02,2025,ELC,16825.627
NZ,shungnak,electric,2030,winter,19,ELC,ELECT,2030,ELECD,23516.797
NZ,shungnak,electric,2030,winter,19,HYD,GHYD_01,2030,ELC,1011.7784
NZ,shungnak,electric,2030,winter,19,WND,GWND_01,2030,ELC,5679.3909
NZ,shungnak,electric,2030,winter,2,DSL,GDSL_03,2025,ELC,13424.784
NZ,shungnak,electric,2030,winter,2,ELC,ELECT,2030,ELECD,19858.628
NZ,shungnak,electric,2030,winter,2,HYD,GHYD_01,2030,ELC,1011.7784
NZ,shungnak,electric,2030,winter,2,WND,GWND_01,2030,ELC,5422.0663
NZ,shungnak,electric,2030,winter,20,DSL,GDSL_02,2025,ELC,16939.601
NZ,shungnak,electric,2030,winter,20,ELC,ELECT,2030,ELECD,23690.995
NZ,shungnak,electric,2030,winter,20,HYD,GHYD_01,2030,ELC,1011.7784
NZ,shungnak,electric,2030,winter,20,WND,GWND_01,2030,ELC,5739.6158
NZ,shungnak,electric,2030,winter,21,DSL,GDSL_02,2025,ELC,15444.637
NZ,shungnak,electric,2030,winter,21,ELC,ELECT,2030,ELECD,22471.606
NZ,shungnak,electric,2030,winter,21,HYD,GHYD_01,2030,ELC,1011.7784
NZ,shungnak,electric,2030,winter,21,WND,GWND_01,2030,ELC,6015.1904
NZ,shungnak,electric,2030,winter,22,DSL,GDSL_01,2025,ELC,14540.795
NZ,shungnak,electric,2030,winter,22,ELC,ELECT,2030,ELECD,21600.613
NZ,shungnak,electric,2030,winter,22,HYD,GHYD_01,2030,ELC,1011.7784
NZ,shungnak,electric,2030,winter,22,WND,GWND_01,2030,ELC,6048.0403
NZ,shungnak,electric,2030,winter,23,DSL,GDSL_03,2025,ELC,12778.912
NZ,shungnak,electric,2030,winter,23,ELC,ELECT,2030,ELECD,19510.231
NZ,shungnak,electric,2030,winter,23,HYD,GHYD_01,2030,ELC,1011.7784
NZ,shungnak,electric,2030,winter,23,WND,GWND_01,2030,ELC,5719.5408
NZ,shungnak,electric,2030,winter,3,DSL,GDSL_03,2025,ELC,12660.642
NZ,shungnak,electric,2030,winter,3,ELC,ELECT,2030,ELECD,18813.437
NZ,shungnak,electric,2030,winter,3,HYD,GHYD_01,2030,ELC,1011.7784
NZ,shungnak,electric,2030,winter,3,WND,GWND_01,2030,ELC,5141.0168
NZ,shungnak,electric,2030,winter,4,DSL,GDSL_02,2025,ELC,12064.223
NZ,shungnak,electric,2030,winter,4,ELC,ELECT,2030,ELECD,18116.643
NZ,shungnak,electric,2030,winter,4,HYD,GHYD_01,2030,ELC,1011.7784
NZ,shungnak,electric,2030,winter,4,WND,GWND_01,2030,ELC,5040.6419
NZ,shungnak,electric,2030,winter,5,DSL,GDSL_02,2025,ELC,12125.272
NZ,shungnak,electric,2030,winter,5,ELC,ELECT,2030,ELECD,18290.842
NZ,shungnak,electric,2030,winter,5,HYD,GHYD_01,2030,ELC,1011.7784
NZ,shungnak,electric,2030,winter,5,WND,GWND_01,2030,ELC,5153.7918
NZ,shungnak,electric,2030,winter,6,DSL,GDSL_02,2025,ELC,12433.519
NZ,shungnak,electric,2030,winter,6,ELC,ELECT,2030,ELECD,18639.239
NZ,shungnak,electric,2030,winter,6,HYD,GHYD_01,2030,ELC,1011.7784
NZ,shungnak,electric,2030,winter,6,WND,GWND_01,2030,ELC,5193.9417
NZ,shungnak,electric,2030,winter,7,DSL,GDSL_03,2025,ELC,12024.897
NZ,shungnak,electric,2030,winter,7,ELC,ELECT,2030,ELECD,18290.842
NZ,shungnak,electric,2030,winter,7,HYD,GHYD_01,2030,ELC,1011.7784
NZ,shungnak,electric,2030,winter,7,WND,GWND_01,2030,ELC,5254.1666
NZ,shungnak,electric,2030,winter,8,DSL,GDSL_02,2025,ELC,13677.457
NZ,shungnak,electric,2030,winter,8,ELC,ELECT,2030,ELECD,20032.827
NZ,shungnak,electric,2030,winter,8,HYD,GHYD_01,2030,ELC,1011.7784
NZ,shungnak,electric,2030,winter,8,WND,GWND_01,2030,ELC,5343.5915
NZ,shungnak,electric,2030,winter,9,DSL,GDSL_03,2025,ELC,16972.451
NZ,shungnak,electric,2030,winter,9,ELC,ELECT,2030,ELECD,23690.995
NZ,shungnak,electric,2030,winter,9,HYD,GHYD_01,2030,ELC,1011.7784
NZ,shungnak,electric,2030,winter,9,WND,GWND_01,2030,ELC,5706.7659
NZ,shungnak,electric,2035,fall,0,ELC,ELECT,2030,ELECD,15379.087
NZ,shungnak,electric,2035,fall,0,HYD,GHYD_01,2030,ELC,6057.5303
NZ,shungnak,electric,2035,fall,0,WND,GWND_01,2030,ELC,5398.3414
NZ,shungnak,electric,2035,fall,0,WND,GWND_01,2035,ELC,5398.3414
NZ,shungnak,electric,2035,fall,1,ELC,ELECT,2030,ELECD,15745.256
NZ,shungnak,electric,2035,fall,1,HYD,GHYD_01,2030,ELC,6057.5303
NZ,shungnak,electric,2035,fall,1,WND,GWND_01,2030,ELC,5522.4412
NZ,shungnak,electric,2035,fall,1,WND,GWND_01,2035,ELC,5522.4412
NZ,shungnak,electric,2035,fall,10,ELC,EBATT_01,2035,ELC,2188.0181
NZ,shungnak,electric,2035,fall,10,ELC,ELECT,2030,ELECD,22702.462
NZ,shungnak,electric,2035,fall,10,HYD,GHYD_01,2030,ELC,6057.5303
NZ,shungnak,electric,2035,fall,10,SOL,GSOL_01,2025,ELC,1337.888
NZ,shungnak,electric,2035,fall,10,SOL,GSOL_01,2030,ELC,1795.3409
NZ,shungnak,electric,2035,fall,10,SOL,GSOL_01,2035,ELC,844.551
NZ,shungnak,electric,2035,fall,10,WND,GWND_01,2030,ELC,5239.5666
NZ,shungnak,electric,2035,fall,10,WND,GWND_01,2035,ELC,5239.5666
NZ,shungnak,electric,2035,fall,11,ELC,EBATT_01,2025,ELC,704.59232
NZ,shungnak,electric,2035,fall,11,ELC,ELECT,2030,ELECD,24350.221
NZ,shungnak,electric,2035,fall,11,HYD,GHYD_01,2030,ELC,6057.5303
NZ,shungnak,electric,2035,fall,11,SOL,GSOL_01,2025,ELC,2424.1783
NZ,shungnak,electric,2035,fall,11,SOL,GSOL_01,2030,ELC,3253.0573
NZ,shungnak,electric,2035,fall,11,SOL,GSOL_01,2035,ELC,1530.2792
NZ,shungnak,electric,2035,fall,11,WND,GWND_01,2030,ELC,5190.2917
NZ,shungnak,electric,2035,fall,11,WND,GWND_01,2035,ELC,5190.2917
NZ,shungnak,electric,2035,fall,12,ELC,ELECT,2035,ELECD,22519.377
NZ,shungnak,electric,2035,fall,12,HYD,GHYD_01,2030,ELC,6057.5303
NZ,shungnak,electric,2035,fall,12,SOL,GSOL_01,2025,ELC,2991.9732
NZ,shungnak,electric,2035,fall,12,SOL,GSOL_01,2030,ELC,4014.9936
NZ,shungnak,electric,2035,fall,12,SOL,GSOL_01,2035,ELC,1888.7036
NZ,shungnak,electric,2035,fall,12,WND,GWND_01,2030,ELC,5217.6667
NZ,shungnak,electric,2035,fall,12,WND,GWND_01,2035,ELC,5217.6667
NZ,shungnak,electric,2035,fall,13,ELC,ELECT,2035,ELECD,22336.293
NZ,shungnak,electric,2035,fall,13,HYD,GHYD_01,2030,ELC,6057.5303
NZ,shungnak,electric,2035,fall,13,SOL,GSOL_01,2025,ELC,3292.8705
NZ,shungnak,electric,2035,fall,13,SOL,GSOL_01,2030,ELC,4418.7742
NZ,shungnak,electric,2035,fall,13,SOL,GSOL_01,2035,ELC,2078.6471
NZ,shungnak,electric,2035,fall,13,WND,GWND_01,2030,ELC,5188.4667
NZ,shungnak,electric,2035,fall,13,WND,GWND_01,2035,ELC,5188.4667
NZ,shungnak,electric,2035,fall,14,ELC,ELECT,2035,ELECD,23068.63
NZ,shungnak,electric,2035,fall,14,HYD,GHYD_01,2030,ELC,6057.5303
NZ,shungnak,electric,2035,fall,14,SOL,GSOL_01,2025,ELC,3109.2722
NZ,shungnak,electric,2035,fall,14,SOL,GSOL_01,2030,ELC,4172.3996
NZ,shungnak,electric,2035,fall,14,SOL,GSOL_01,2035,ELC,1962.7494
NZ,shungnak,electric,2035,fall,14,WND,GWND_01,2030,ELC,5259.6416
NZ,shungnak,electric,2035,fall,14,WND,GWND_01,2035,ELC,5259.6416
NZ,shungnak,electric,2035,fall,15,ELC,ELECT,2030,ELECD,19406.943
NZ,shungnak,electric,2035,fall,15,HYD,GHYD_01,2030,ELC,6057.5303
NZ,shungnak,electric,2035,fall,15,SOL,GSOL_01,2025,ELC,2594.1768
NZ,shungnak,electric,2035,fall,15,SOL,GSOL_01,2030,ELC,3481.1819
NZ,shungnak,electric,2035,fall,15,SOL,GSOL_01,2035,ELC,1637.5919
NZ,shungnak,electric,2035,fall,15,WND,GWND_01,2030,ELC,5137.3668
NZ,shungnak,electric,2035,fall,15,WND,GWND_01,2035,ELC,5137.3668
NZ,shungnak,electric,2035,fall,16,ELC,EBATT_01,2025,ELC,291.82501
NZ,shungnak,electric,2035,fall,16,ELC,ELECT,2035,ELECD,22519.377
NZ,shungnak,electric,2035,fall,16,HYD,GHYD_01,2030,ELC,6057.5303
NZ,shungnak,electric,2035,fall,16,SOL,GSOL_01,2025,ELC,1790.084
NZ,shungnak,electric,2035,fall,16,SOL,GSOL_01,2030,ELC,2402.1524
NZ,shungnak,electric,2035,fall,16,SOL,GSOL_01,2035,ELC,1130.0028
NZ,shungnak,electric,2035,fall,16,WND,GWND_01,2030,ELC,5423.8913
NZ,shungnak,electric,2035,fall,16,WND,GWND_01,2035,ELC,5423.8913
NZ,shungnak,electric,2035,fall,17,ELC,EBATT_01,2025,ELC,2647.1614
NZ,shungnak,electric,2035,fall,17,ELC,ELECT,2035,ELECD,22336.293
NZ,shungnak,electric,2035,fall,17,HYD,GHYD_01,2030,ELC,6057.5303
NZ,shungnak,electric,2035,fall,17,SOL,GSOL_01,2025,ELC,904.3919
NZ,shungnak,electric,2035,fall,17,SOL,GSOL_01,2030,ELC,1213.6231
NZ,shungnak,electric,2035,fall,17,SOL,GSOL_01,2035,ELC,570.9036
NZ,shungnak,electric,2035,fall,17,WND,GWND_01,2030,ELC,5471.3412
NZ,shungnak,electric,2035,fall,17,WND,GWND_01,2035,ELC,5471.3412
NZ,shungnak,electric,2035,fall,18,ELC,EBATT_01,2025,ELC,3638.5736
NZ,shungnak,electric,2035,fall,18,ELC,ELECT,2035,ELECD,21054.702
NZ,shungnak,electric,2035,fall,18,HYD,GHYD_01,2030,ELC,6057.5303
NZ,shungnak,electric,2035,fall,18,SOL,GSOL_01,2025,ELC,317.89715
NZ,shungnak,electric,2035,fall,18,SOL,GSOL_01,2030,ELC,426.59307
NZ,shungnak,electric,2035,fall,18,SOL,GSOL_01,2035,ELC,200.67476
NZ,shungnak,electric,2035,fall,18,WND,GWND_01,2030,ELC,5206.7167
NZ,shungnak,electric,2035,fall,18,WND,GWND_01,2035,ELC,5206.7167
NZ,shungnak,electric,2035,fall,19,ELC,ELECT,2030,ELECD,16477.593
NZ,shungnak,electric,2035,fall,19,HYD,GHYD_01,2030,ELC,6057.5303
NZ,shungnak,electric,2035,fall,19,SOL,GSOL_01,2025,ELC,78.1993
NZ,shungnak,electric,2035,fall,19,SOL,GSOL_01,2030,ELC,104.93733
NZ,shungnak,electric,2035,fall,19,SOL,GSOL_01,2035,ELC,49.363845
NZ,shungnak,electric,2035,fall,19,WND,GWND_01,2030,ELC,5146.4918
NZ,shungnak,electric,2035,fall,19,WND,GWND_01,2035,ELC,5146.4918
NZ,shungnak,electric,2035,fall,2,ELC,ELECT,2030,ELECD,15196.002
NZ,shungnak,electric,2035,fall,2,HYD,GHYD_01,2030,ELC,6057.5303
NZ,shungnak,electric,2035,fall,2,WND,GWND_01,2030,ELC,5560.7661
NZ,shungnak,electric,2035,fall,2,WND,GWND_01,2035,ELC,5560.7661
NZ,shungnak,electric,2035,fall,20,ELC,EBATT_01,2025,ELC,4561.2755
NZ,shungnak,electric,2035,fall,20,ELC,ELECT,2035,ELECD,21054.702
NZ,shungnak,electric,2035,fall,20,HYD,GHYD_01,2030,ELC,6057.5303
NZ,shungnak,electric,2035,fall,20,SOL,GSOL_01,2025,ELC,5.0999543
NZ,shungnak,electric,2035,fall,20,SOL,GSOL_01,2030,ELC,6.843739
NZ,shungnak,electric,2035,fall,20,SOL,GSOL_01,2035,ELC,3.2193812
NZ,shungnak,electric,2035,fall,20,WND,GWND_01,2030,ELC,5210.3667
NZ,shungnak,electric,2035,fall,20,WND,GWND_01,2035,ELC,5210.3667
NZ,shungnak,electric,2035,fall,21,ELC,EBATT_01,2025,ELC,4117.266
NZ,shungnak,electric,2035,fall,21,ELC,ELECT,2030,ELECD,20139.28
NZ,shungnak,electric,2035,fall,21,HYD,GHYD_01,2030,ELC,6057.5303
NZ,shungnak,electric,2035,fall,21,WND,GWND_01,2030,ELC,4982.242
NZ,shungnak,electric,2035,fall,21,WND,GWND_01,2035,ELC,4982.242
NZ,shungnak,electric,2035,fall,22,ELC,EBATT_01,2025,ELC,2006.5421
NZ,shungnak,electric,2035,fall,22,ELC,ELECT,2030,ELECD,18674.605
NZ,shungnak,electric,2035,fall,22,HYD,GHYD_01,2030,ELC,6057.5303
NZ,shungnak,electric,2035,fall,22,WND,GWND_01,2030,ELC,5305.2665
NZ,shungnak,electric,2035,fall,22,WND,GWND_01,2035,ELC,5305.2665
NZ,shungnak,electric,2035,fall,23,ELC,EBATT_01,2025,ELC,929.35121
NZ,shungnak,electric,2035,fall,23,ELC,ELECT,2030,ELECD,17393.015
NZ,shungnak,electric,2035,fall,23,HYD,GHYD_01,2030,ELC,6057.5303
NZ,shungnak,electric,2035,fall,23,WND,GWND_01,2030,ELC,5203.0667
NZ,shungnak,electric,2035,fall,23,WND,GWND_01,2035,ELC,5203.0667
NZ,shungnak,electric,2035,fall,3,ELC,ELECT,2030,ELECD,15012.918
NZ,shungnak,electric,2035,fall,3,HYD,GHYD_01,2030,ELC,6057.5303
NZ,shungnak,electric,2035,fall,3,WND,GWND_01,2030,ELC,5485.9412
NZ,shungnak,electric,2035,fall,3,WND,GWND_01,2035,ELC,5485.9412
NZ,shungnak,electric,2035,fall,4,ELC,ELECT,2030,ELECD,14646.749
NZ,shungnak,electric,2035,fall,4,HYD,GHYD_01,2030,ELC,6057.5303
NZ,shungnak,electric,2035,fall,4,WND,GWND_01,2030,ELC,5330.8165
NZ,shungnak,electric,2035,fall,4,WND,GWND_01,2035,ELC,5330.8165
NZ,shungnak,electric,2035,fall,5,ELC,ELECT,2030,ELECD,15012.918
NZ,shungnak,electric,2035,fall,5,HYD,GHYD_01,2030,ELC,6057.5303
NZ,shungnak,electric,2035,fall,5,WND,GWND_01,2030,ELC,5516.9662
NZ,shungnak,electric,2035,fall,5,WND,GWND_01,2035,ELC,5516.9662
NZ,shungnak,electric,2035,fall,6,ELC,ELECT,2030,ELECD,16111.424
NZ,shungnak,electric,2035,fall,6,HYD,GHYD_01,2030,ELC,6057.5303
NZ,shungnak,electric,2035,fall,6,WND,GWND_01,2030,ELC,5418.4163
NZ,shungnak,electric,2035,fall,6,WND,GWND_01,2035,ELC,5418.4163
NZ,shungnak,electric,2035,fall,7,ELC,EBATT_01,2025,ELC,623.60776
NZ,shungnak,electric,2035,fall,7,ELC,ELECT,2030,ELECD,17576.099
NZ,shungnak,electric,2035,fall,7,HYD,GHYD_01,2030,ELC,6057.5303
NZ,shungnak,electric,2035,fall,7,SOL,GSOL_01,2025,ELC,30.599726
NZ,shungnak,electric,2035,fall,7,SOL,GSOL_01,2030,ELC,41.062434
NZ,shungnak,electric,2035,fall,7,SOL,GSOL_01,2035,ELC,19.316287
NZ,shungnak,electric,2035,fall,7,WND,GWND_01,2030,ELC,5401.9914
NZ,shungnak,electric,2035,fall,7,WND,GWND_01,2035,ELC,5401.9914
NZ,shungnak,electric,2035,fall,8,ELC,EBATT_01,2025,ELC,4544.8062
NZ,shungnak,electric,2035,fall,8,ELC,ELECT,2030,ELECD,22519.377
NZ,shungnak,electric,2035,fall,8,HYD,GHYD_01,2030,ELC,6057.5303
NZ,shungnak,electric,2035,fall,8,SOL,GSOL_01,2025,ELC,295.79735
NZ,shungnak,electric,2035,fall,8,SOL,GSOL_01,2030,ELC,396.93686
NZ,shungnak,electric,2035,fall,8,SOL,GSOL_01,2035,ELC,186.72411
NZ,shungnak,electric,2035,fall,8,WND,GWND_01,2030,ELC,5518.7912
NZ,shungnak,electric,2035,fall,8,WND,GWND_01,2035,ELC,5518.7912
NZ,shungnak,electric,2035,fall,9,ELC,EBATT_01,2025,ELC,3965.1969
NZ,shungnak,electric,2035,fall,9,ELC,ELECT,2030,ELECD,22519.377
NZ,shungnak,electric,2035,fall,9,HYD,GHYD_01,2030,ELC,6057.5303
NZ,shungnak,electric,2035,fall,9,SOL,GSOL_01,2025,ELC,630.69435
NZ,shungnak,electric,2035,fall,9,SOL,GSOL_01,2030,ELC,846.3424
NZ,shungnak,electric,2035,fall,9,SOL,GSOL_01,2035,ELC,398.13014
NZ,shungnak,electric,2035,fall,9,WND,GWND_01,2030,ELC,5310.7415
NZ,shungnak,electric,2035,fall,9,WND,GWND_01,2035,ELC,5310.7415
NZ,shungnak,electric,2035,spring,0,DSL,GDSL_02,2025,ELC,2301.6004
NZ,shungnak,electric,2035,spring,0,ELC,ELECT,2030,ELECD,16660.677
NZ,shungnak,electric,2035,spring,0,HYD,GHYD_01,2030,ELC,4270.4932
NZ,shungnak,electric,2035,spring,0,WND,GWND_01,2030,ELC,5044.2919
NZ,shungnak,electric,2035,spring,0,WND,GWND_01,2035,ELC,5044.2919
NZ,shungnak,electric,2035,spring,1,DSL,GDSL_02,2025,ELC,2338.1003
NZ,shungnak,electric,2035,spring,1,ELC,ELECT,2035,ELECD,16660.677
NZ,shungnak,electric,2035,spring,1,HYD,GHYD_01,2030,ELC,4270.4932
NZ,shungnak,electric,2035,spring,1,WND,GWND_01,2030,ELC,5026.042
NZ,shungnak,electric,2035,spring,1,WND,GWND_01,2035,ELC,5026.042
NZ,shungnak,electric,2035,spring,10,ELC,ELECT,2030,ELECD,24350.221
NZ,shungnak,electric,2035,spring,10,HYD,GHYD_01,2030,ELC,4270.4932
NZ,shungnak,electric,2035,spring,10,SOL,GSOL_01,2025,ELC,6034.946
NZ,shungnak,electric,2035,spring,10,SOL,GSOL_01,2030,ELC,8098.4245
NZ,shungnak,electric,2035,spring,10,SOL,GSOL_01,2035,ELC,3809.6011
NZ,shungnak,electric,2035,spring,10,WND,GWND_01,2030,ELC,5004.142
NZ,shungnak,electric,2035,spring,10,WND,GWND_01,2035,ELC,5004.142
NZ,shungnak,electric,2035,spring,11,ELC,ELECT,2030,ELECD,24899.474
NZ,shungnak,electric,2035,spring,11,HYD,GHYD_01,2030,ELC,4270.4932
NZ,shungnak,electric,2035,spring,11,SOL,GSOL_01,2025,ELC,7507.1328
NZ,shungnak,electric,2035,spring,11,SOL,GSOL_01,2030,ELC,10073.984
NZ,shungnak,electric,2035,spring,11,SOL,GSOL_01,2035,ELC,4738.9291
NZ,shungnak,electric,2035,spring,11,WND,GWND_01,2030,ELC,4730.3924
NZ,shungnak,electric,2035,spring,11,WND,GWND_01,2035,ELC,4730.3924
NZ,shungnak,electric,2035,spring,12,ELC,ELECT,2035,ELECD,23617.883
NZ,shungnak,electric,2035,spring,12,HYD,GHYD_01,2030,ELC,4270.4932
NZ,shungnak,electric,2035,spring,12,SOL,GSOL_01,2025,ELC,8202.4266
NZ,shungnak,electric,2035,spring,12,SOL,GSOL_01,2030,ELC,11007.014
NZ,shungnak,electric,2035,spring,12,SOL,GSOL_01,2035,ELC,5177.8381
NZ,shungnak,electric,2035,spring,12,WND,GWND_01,2030,ELC,4449.3429
NZ,shungnak,electric,2035,spring,12,WND,GWND_01,2035,ELC,4449.3429
NZ,shungnak,electric,2035,spring,13,ELC,ELECT,2030,ELECD,22702.462
NZ,shungnak,electric,2035,spring,13,HYD,GHYD_01,2030,ELC,4270.4932
NZ,shungnak,electric,2035,spring,13,SOL,GSOL_01,2025,ELC,8622.3228
NZ,shungnak,electric,2035,spring,13,SOL,GSOL_01,2030,ELC,11570.481
NZ,shungnak,electric,2035,spring,13,SOL,GSOL_01,2035,ELC,5442.9005
NZ,shungnak,electric,2035,spring,13,WND,GWND_01,2030,ELC,3900.0188
NZ,shungnak,electric,2035,spring,13,WND,GWND_01,2035,ELC,3900.0188
NZ,shungnak,electric,2035,spring,14,ELC,ELECT,2030,ELECD,23068.63
NZ,shungnak,electric,2035,spring,14,HYD,GHYD_01,2030,ELC,4270.4932
NZ,shungnak,electric,2035,spring,14,SOL,GSOL_01,2025,ELC,8588.3231
NZ,shungnak,electric,2035,spring,14,SOL,GSOL_01,2030,ELC,11524.857
NZ,shungnak,electric,2035,spring,14,SOL,GSOL_01,2035,ELC,5421.4379
NZ,shungnak,electric,2035,spring,14,WND,GWND_01,2030,ELC,3611.6692
NZ,shungnak,electric,2035,spring,14,WND,GWND_01,2035,ELC,3611.6692
NZ,shungnak,electric,2035,spring,15,ELC,ELECT,2030,ELECD,22885.546
NZ,shungnak,electric,2035,spring,15,HYD,GHYD_01,2030,ELC,4270.4932
NZ,shungnak,electric,2035,spring,15,SOL,GSOL_01,2025,ELC,8088.5276
NZ,shungnak,electric,2035,spring,15,SOL,GSOL_01,2030,ELC,10854.17
NZ,shungnak,electric,2035,spring,15,SOL,GSOL_01,2035,ELC,5105.9386
NZ,shungnak,electric,2035,spring,15,WND,GWND_01,2030,ELC,3691.9691
NZ,shungnak,electric,2035,spring,15,WND,GWND_01,2035,ELC,3691.9691
NZ,shungnak,electric,2035,spring,16,ELC,ELECT,2030,ELECD,23984.052
NZ,shungnak,electric,2035,spring,16,HYD,GHYD_01,2030,ELC,4270.4932
NZ,shungnak,electric,2035,spring,16,SOL,GSOL_01,2025,ELC,7024.3371
NZ,shungnak,electric,2035,spring,16,SOL,GSOL_01,2030,ELC,9426.1099
NZ,shungnak,electric,2035,spring,16,SOL,GSOL_01,2035,ELC,4434.161
NZ,shungnak,electric,2035,spring,16,WND,GWND_01,2030,ELC,3989.4436
NZ,shungnak,electric,2035,spring,16,WND,GWND_01,2035,ELC,3989.4436
NZ,shungnak,electric,2035,spring,17,ELC,ELECT,2030,ELECD,23984.052
NZ,shungnak,electric,2035,spring,17,HYD,GHYD_01,2030,ELC,4270.4932
NZ,shungnak,electric,2035,spring,17,SOL,GSOL_01,2025,ELC,5234.2531
NZ,shungnak,electric,2035,spring,17,SOL,GSOL_01,2030,ELC,7023.9575
NZ,shungnak,electric,2035,spring,17,SOL,GSOL_01,2035,ELC,3304.1582
NZ,shungnak,electric,2035,spring,17,WND,GWND_01,2030,ELC,4044.1935
NZ,shungnak,electric,2035,spring,17,WND,GWND_01,2035,ELC,4044.1935
NZ,shungnak,electric,2035,spring,18,ELC,EBATT_01,2035,ELC,663.94929
NZ,shungnak,electric,2035,spring,18,ELC,ELECT,2035,ELECD,22702.462
NZ,shungnak,electric,2035,spring,18,HYD,GHYD_01,2030,ELC,4270.4932
NZ,shungnak,electric,2035,spring,18,SOL,GSOL_01,2025,ELC,3172.1716
NZ,shungnak,electric,2035,spring,18,SOL,GSOL_01,2030,ELC,4256.8057
NZ,shungnak,electric,2035,spring,18,SOL,GSOL_01,2035,ELC,2002.4551
NZ,shungnak,electric,2035,spring,18,WND,GWND_01,2030,ELC,4168.2933
NZ,shungnak,electric,2035,spring,18,WND,GWND_01,2035,ELC,4168.2933
NZ,shungnak,electric,2035,spring,19,ELC,EBATT_01,2025,ELC,5010.7058
NZ,shungnak,electric,2035,spring,19,ELC,ELECT,2030,ELECD,21970.124
NZ,shungnak,electric,2035,spring,19,HYD,GHYD_01,2030,ELC,4270.4932
NZ,shungnak,electric,2035,spring,19,SOL,GSOL_01,2025,ELC,1380.3876
NZ,shungnak,electric,2035,spring,19,SOL,GSOL_01,2030,ELC,1852.372
NZ,shungnak,electric,2035,spring,19,SOL,GSOL_01,2035,ELC,871.37918
NZ,shungnak,electric,2035,spring,19,WND,GWND_01,2030,ELC,4292.3931
NZ,shungnak,electric,2035,spring,19,WND,GWND_01,2035,ELC,4292.3931
NZ,shungnak,electric,2035,spring,2,DSL,GDSL_02,2025,ELC,1839.3625
NZ,shungnak,electric,2035,spring,2,ELC,ELECT,2030,ELECD,15928.34
NZ,shungnak,electric,2035,spring,2,HYD,GHYD_01,2030,ELC,4270.4932
NZ,shungnak,electric,2035,spring,2,WND,GWND_01,2030,ELC,4909.2421
NZ,shungnak,electric,2035,spring,2,WND,GWND_01,2035,ELC,4909.2421
NZ,shungnak,electric,2035,spring,20,ELC,EBATT_01,2035,ELC,7840.0929
NZ,shungnak,electric,2035,spring,20,ELC,ELECT,2030,ELECD,22702.462
NZ,shungnak,electric,2035,spring,20,HYD,GHYD_01,2030,ELC,4270.4932
NZ,shungnak,electric,2035,spring,20,SOL,GSOL_01,2025,ELC,503.19549
NZ,shungnak,electric,2035,spring,20,SOL,GSOL_01,2030,ELC,675.24892
NZ,shungnak,electric,2035,spring,20,SOL,GSOL_01,2035,ELC,317.64561
NZ,shungnak,electric,2035,spring,20,WND,GWND_01,2030,ELC,4547.8927
NZ,shungnak,electric,2035,spring,20,WND,GWND_01,2035,ELC,4547.8927
NZ,shungnak,electric,2035,spring,21,ELC,EBATT_01,2030,ELC,7628.8798
NZ,shungnak,electric,2035,spring,21,ELC,ELECT,2030,ELECD,21420.871
NZ,shungnak,electric,2035,spring,21,HYD,GHYD_01,2030,ELC,4270.4932
NZ,shungnak,electric,2035,spring,21,SOL,GSOL_01,2025,ELC,219.29804
NZ,shungnak,electric,2035,spring,21,SOL,GSOL_01,2030,ELC,294.28078
NZ,shungnak,electric,2035,spring,21,SOL,GSOL_01,2035,ELC,138.43339
NZ,shungnak,electric,2035,spring,21,WND,GWND_01,2030,ELC,4434.7429
NZ,shungnak,electric,2035,spring,21,WND,GWND_01,2035,ELC,4434.7429
NZ,shungnak,electric,2035,spring,22,ELC,EBATT_01,2030,ELC,6449.6226
NZ,shungnak,electric,2035,spring,22,ELC,ELECT,2030,ELECD,20871.618
NZ,shungnak,electric,2035,spring,22,HYD,GHYD_01,2030,ELC,4270.4932
NZ,shungnak,electric,2035,spring,22,SOL,GSOL_01,2025,ELC,84.999239
NZ,shungnak,electric,2035,spring,22,SOL,GSOL_01,2030,ELC,114.06232
NZ,shungnak,electric,2035,spring,22,SOL,GSOL_01,2035,ELC,53.656353
NZ,shungnak,electric,2035,spring,22,WND,GWND_01,2030,ELC,4949.3921
NZ,shungnak,electric,2035,spring,22,WND,GWND_01,2035,ELC,4949.3921
NZ,shungnak,electric,2035,spring,23,ELC,EBATT_01,2035,ELC,4996.481
NZ,shungnak,electric,2035,spring,23,ELC,ELECT,2030,ELECD,19406.943
NZ,shungnak,electric,2035,spring,23,HYD,GHYD_01,2030,ELC,4270.4932
NZ,shungnak,electric,2035,spring,23,SOL,GSOL_01,2025,ELC,13.599878
NZ,shungnak,electric,2035,spring,23,SOL,GSOL_01,2030,ELC,18.249971
NZ,shungnak,electric,2035,spring,23,SOL,GSOL_01,2035,ELC,8.5850165
NZ,shungnak,electric,2035,spring,23,WND,GWND_01,2030,ELC,5049.7669
NZ,shungnak,electric,2035,spring,23,WND,GWND_01,2035,ELC,5049.7669
NZ,shungnak,electric,2035,spring,3,DSL,GDSL_02,2025,ELC,1350.2633
NZ,shungnak,electric,2035,spring,3,ELC,ELECT,2030,ELECD,15928.34
NZ,shungnak,electric,2035,spring,3,HYD,GHYD_01,2030,ELC,4270.4932
NZ,shungnak,electric,2035,spring,3,WND,GWND_01,2030,ELC,5153.7918
NZ,shungnak,electric,2035,spring,3,WND,GWND_01,2035,ELC,5153.7918
NZ,shungnak,electric,2035,spring,4,DSL,GDSL_01,2025,ELC,965.34613
NZ,shungnak,electric,2035,spring,4,ELC,ELECT,2030,ELECD,16111.424
NZ,shungnak,electric,2035,spring,4,HYD,GHYD_01,2030,ELC,4270.4932
NZ,shungnak,electric,2035,spring,4,SOL,GSOL_01,2025,ELC,20.399817
NZ,shungnak,electric,2035,spring,4,SOL,GSOL_01,2030,ELC,27.374956
NZ,shungnak,electric,2035,spring,4,SOL,GSOL_01,2035,ELC,12.877525
NZ,shungnak,electric,2035,spring,4,WND,GWND_01,2030,ELC,5407.4663
NZ,shungnak,electric,2035,spring,4,WND,GWND_01,2035,ELC,5407.4663
NZ,shungnak,electric,2035,spring,5,DSL,GDSL_03,2025,ELC,646.13695
NZ,shungnak,electric,2035,spring,5,ELC,ELECT,2030,ELECD,16477.593
NZ,shungnak,electric,2035,spring,5,HYD,GHYD_01,2030,ELC,4270.4932
NZ,shungnak,electric,2035,spring,5,SOL,GSOL_01,2025,ELC,90.099193
NZ,shungnak,electric,2035,spring,5,SOL,GSOL_01,2030,ELC,120.90606
NZ,shungnak,electric,2035,spring,5,SOL,GSOL_01,2035,ELC,56.875734
NZ,shungnak,electric,2035,spring,5,WND,GWND_01,2030,ELC,5646.541
NZ,shungnak,electric,2035,spring,5,WND,GWND_01,2035,ELC,5646.541
NZ,shungnak,electric,2035,spring,6,DSL,GDSL_03,2025,ELC,271.01108
NZ,shungnak,electric,2035,spring,6,ELC,ELECT,2030,ELECD,16843.762
NZ,shungnak,electric,2035,spring,6,HYD,GHYD_01,2030,ELC,4270.4932
NZ,shungnak,electric,2035,spring,6,SOL,GSOL_01,2025,ELC,302.59729
NZ,shungnak,electric,2035,spring,6,SOL,GSOL_01,2030,ELC,406.06185
NZ,shungnak,electric,2035,spring,6,SOL,GSOL_01,2035,ELC,191.01662
NZ,shungnak,electric,2035,spring,6,WND,GWND_01,2030,ELC,5701.2909
NZ,shungnak,electric,2035,spring,6,WND,GWND_01,2035,ELC,5701.2909
NZ,shungnak,electric,2035,spring,7,DSL,GDSL_03,2025,ELC,390.90251
NZ,shungnak,electric,2035,spring,7,ELC,ELECT,2030,ELECD,18491.521
NZ,shungnak,electric,2035,spring,7,HYD,GHYD_01,2030,ELC,4270.4932
NZ,shungnak,electric,2035,spring,7,SOL,GSOL_01,2025,ELC,972.39129
NZ,shungnak,electric,2035,spring,7,SOL,GSOL_01,2030,ELC,1304.8729
NZ,shungnak,electric,2035,spring,7,SOL,GSOL_01,2035,ELC,613.82868
NZ,shungnak,electric,2035,spring,7,WND,GWND_01,2030,ELC,5469.5162
NZ,shungnak,electric,2035,spring,7,WND,GWND_01,2035,ELC,5469.5162
NZ,shungnak,electric,2035,spring,8,ELC,ELECT,2030,ELECD,21970.124
NZ,shungnak,electric,2035,spring,8,HYD,GHYD_01,2030,ELC,4270.4932
NZ,shungnak,electric,2035,spring,8,SOL,GSOL_01,2025,ELC,2264.3797
NZ,shungnak,electric,2035,spring,8,SOL,GSOL_01,2030,ELC,3038.6201
NZ,shungnak,electric,2035,spring,8,SOL,GSOL_01,2035,ELC,1429.4053
NZ,shungnak,electric,2035,spring,8,WND,GWND_01,2030,ELC,5695.8159
NZ,shungnak,electric,2035,spring,8,WND,GWND_01,2035,ELC,5695.8159
NZ,shungnak,electric,2035,spring,9,ELC,ELECT,2030,ELECD,22519.377
NZ,shungnak,electric,2035,spring,9,HYD,GHYD_01,2030,ELC,4270.4932
NZ,shungnak,electric,2035,spring,9,SOL,GSOL_01,2025,ELC,4188.7625
NZ,shungnak,electric,2035,spring,9,SOL,GSOL_01,2030,ELC,5620.991
NZ,shungnak,electric,2035,spring,9,SOL,GSOL_01,2035,ELC,2644.1851
NZ,shungnak,electric,2035,spring,9,WND,GWND_01,2030,ELC,5086.2669
NZ,shungnak,electric,2035,spring,9,WND,GWND_01,2035,ELC,5086.2669
NZ,shungnak,electric,2035,summer,0,ELC,ELECT,2030,ELECD,12449.737
NZ,shungnak,electric,2035,summer,0,HYD,GHYD_01,2030,ELC,10853.623
NZ,shungnak,electric,2035,summer,0,SOL,GSOL_01,2025,ELC,16.999848
NZ,shungnak,electric,2035,summer,0,SOL,GSOL_01,2030,ELC,22.812463
NZ,shungnak,electric,2035,summer,0,SOL,GSOL_01,2035,ELC,10.731271
NZ,shungnak,electric,2035,summer,0,WND,GWND_01,2030,ELC,1290.2729
NZ,shungnak,electric,2035,summer,0,WND,GWND_01,2035,ELC,1290.2729
NZ,shungnak,electric,2035,summer,1,ELC,ELECT,2030,ELECD,11351.231
NZ,shungnak,electric,2035,summer,1,HYD,GHYD_01,2030,ELC,10853.623
NZ,shungnak,electric,2035,summer,1,WND,GWND_01,2030,ELC,1020.1734
NZ,shungnak,electric,2035,summer,1,WND,GWND_01,2035,ELC,1020.1734
NZ,shungnak,electric,2035,summer,10,ELC,ELECT,2030,ELECD,13914.412
NZ,shungnak,electric,2035,summer,10,HYD,GHYD_01,2030,ELC,10853.623
NZ,shungnak,electric,2035,summer,10,SOL,GSOL_01,2025,ELC,5400.8516
NZ,shungnak,electric,2035,summer,10,SOL,GSOL_01,2030,ELC,7247.5197
NZ,shungnak,electric,2035,summer,10,SOL,GSOL_01,2035,ELC,3409.3247
NZ,shungnak,electric,2035,summer,10,WND,GWND_01,2030,ELC,875.9986
NZ,shungnak,electric,2035,summer,10,WND,GWND_01,2035,ELC,875.9986
NZ,shungnak,electric,2035,summer,11,ELC,ELECT,2035,ELECD,14280.581
NZ,shungnak,electric,2035,summer,11,HYD,GHYD_01,2030,ELC,10853.623
NZ,shungnak,electric,2035,summer,11,SOL,GSOL_01,2025,ELC,6448.0423
NZ,shungnak,electric,2035,summer,11,SOL,GSOL_01,2030,ELC,8652.7674
NZ,shungnak,electric,2035,summer,11,SOL,GSOL_01,2035,ELC,4070.371
NZ,shungnak,electric,2035,summer,11,WND,GWND_01,2030,ELC,762.84878
NZ,shungnak,electric,2035,summer,11,WND,GWND_01,2035,ELC,762.84878
NZ,shungnak,electric,2035,summer,12,ELC,ELECT,2030,ELECD,13914.412
NZ,shungnak,electric,2035,summer,12,HYD,GHYD_01,2030,ELC,10853.623
NZ,shungnak,electric,2035,summer,12,SOL,GSOL_01,2025,ELC,7219.8354
NZ,shungnak,electric,2035,summer,12,SOL,GSOL_01,2030,ELC,9688.4532
NZ,shungnak,electric,2035,summer,12,SOL,GSOL_01,2035,ELC,4557.5706
NZ,shungnak,electric,2035,summer,12,WND,GWND_01,2030,ELC,751.8988
NZ,shungnak,electric,2035,summer,12,WND,GWND_01,2035,ELC,751.8988
NZ,shungnak,electric,2035,summer,13,ELC,ELECT,2030,ELECD,13731.328
NZ,shungnak,electric,2035,summer,13,HYD,GHYD_01,2030,ELC,10853.623
NZ,shungnak,electric,2035,summer,13,SOL,GSOL_01,2025,ELC,7593.832
NZ,shungnak,electric,2035,summer,13,SOL,GSOL_01,2030,ELC,10190.327
NZ,shungnak,electric,2035,summer,13,SOL,GSOL_01,2035,ELC,4793.6586
NZ,shungnak,electric,2035,summer,13,WND,GWND_01,2030,ELC,797.52372
NZ,shungnak,electric,2035,summer,13,WND,GWND_01,2035,ELC,797.52372
NZ,shungnak,electric,2035,summer,14,ELC,ELECT,2030,ELECD,13548.243
NZ,shungnak,electric,2035,summer,14,HYD,GHYD_01,2030,ELC,10853.623
NZ,shungnak,electric,2035,summer,14,SOL,GSOL_01,2025,ELC,7804.6301
NZ,shungnak,electric,2035,summer,14,SOL,GSOL_01,2030,ELC,10473.202
NZ,shungnak,electric,2035,summer,14,SOL,GSOL_01,2035,ELC,4926.7264
NZ,shungnak,electric,2035,summer,14,WND,GWND_01,2030,ELC,865.04862
NZ,shungnak,electric,2035,summer,14,WND,GWND_01,2035,ELC,865.04862
NZ,shungnak,electric,2035,summer,15,ELC,ELECT,2030,ELECD,14097.496
NZ,shungnak,electric,2035,summer,15,HYD,GHYD_01,2030,ELC,10853.623
NZ,shungnak,electric,2035,summer,15,SOL,GSOL_01,2025,ELC,7031.1371
NZ,shungnak,electric,2035,summer,15,SOL,GSOL_01,2030,ELC,9435.2349
NZ,shungnak,electric,2035,summer,15,SOL,GSOL_01,2035,ELC,4438.4535
NZ,shungnak,electric,2035,summer,15,WND,GWND_01,2030,ELC,766.49877
NZ,shungnak,electric,2035,summer,15,WND,GWND_01,2035,ELC,766.49877
NZ,shungnak,electric,2035,summer,16,ELC,ELECT,2030,ELECD,15745.256
NZ,shungnak,electric,2035,summer,16,HYD,GHYD_01,2030,ELC,10853.623
NZ,shungnak,electric,2035,summer,16,SOL,GSOL_01,2025,ELC,6480.342
NZ,shungnak,electric,2035,summer,16,SOL,GSOL_01,2030,ELC,8696.1111
NZ,shungnak,electric,2035,summer,16,SOL,GSOL_01,2035,ELC,4090.7604
NZ,shungnak,electric,2035,summer,16,WND,GWND_01,2030,ELC,625.974
NZ,shungnak,electric,2035,summer,16,WND,GWND_01,2035,ELC,625.974
NZ,shungnak,electric,2035,summer,17,ELC,ELECT,2035,ELECD,16111.424
NZ,shungnak,electric,2035,summer,17,HYD,GHYD_01,2030,ELC,10853.623
NZ,shungnak,electric,2035,summer,17,SOL,GSOL_01,2025,ELC,5375.3519
NZ,shungnak,electric,2035,summer,17,SOL,GSOL_01,2030,ELC,7213.301
NZ,shungnak,electric,2035,summer,17,SOL,GSOL_01,2035,ELC,3393.2278
NZ,shungnak,electric,2035,summer,17,WND,GWND_01,2030,ELC,697.14888
NZ,shungnak,electric,2035,summer,17,WND,GWND_01,2035,ELC,697.14888
NZ,shungnak,electric,2035,summer,18,ELC,ELECT,2030,ELECD,14463.665
NZ,shungnak,electric,2035,summer,18,HYD,GHYD_01,2030,ELC,10853.623
NZ,shungnak,electric,2035,summer,18,SOL,GSOL_01,2025,ELC,3833.4657
NZ,shungnak,electric,2035,summer,18,SOL,GSOL_01,2030,ELC,5144.2105
NZ,shungnak,electric,2035,summer,18,SOL,GSOL_01,2035,ELC,2419.9015
NZ,shungnak,electric,2035,summer,18,WND,GWND_01,2030,ELC,925.27352
NZ,shungnak,electric,2035,summer,18,WND,GWND_01,2035,ELC,925.27352
NZ,shungnak,electric,2035,summer,19,ELC,ELECT,2035,ELECD,14097.496
NZ,shungnak,electric,2035,summer,19,HYD,GHYD_01,2030,ELC,10853.623
NZ,shungnak,electric,2035,summer,19,SOL,GSOL_01,2025,ELC,2233.78
NZ,shungnak,electric,2035,summer,19,SOL,GSOL_01,2030,ELC,2997.5577
NZ,shungnak,electric,2035,summer,19,SOL,GSOL_01,2035,ELC,1410.089
NZ,shungnak,electric,2035,summer,19,WND,GWND_01,2030,ELC,799.34872
NZ,shungnak,electric,2035,summer,19,WND,GWND_01,2035,ELC,799.34872
NZ,shungnak,electric,2035,summer,2,ELC,ELECT,2030,ELECD,11168.146
NZ,shungnak,electric,2035,summer,2,HYD,GHYD_01,2030,ELC,10853.623
NZ,shungnak,electric,2035,summer,2,WND,GWND_01,2030,ELC,934.3985
NZ,shungnak,electric,2035,summer,2,WND,GWND_01,2035,ELC,934.3985
NZ,shungnak,electric,2035,summer,20,ELC,ELECT,2035,ELECD,14097.496
NZ,shungnak,electric,2035,summer,20,HYD,GHYD_01,2030,ELC,10853.623
NZ,shungnak,electric,2035,summer,20,SOL,GSOL_01,2025,ELC,1157.6896
NZ,shungnak,electric,2035,summer,20,SOL,GSOL_01,2030,ELC,1553.5288
NZ,shungnak,electric,2035,summer,20,SOL,GSOL_01,2035,ELC,730.79953
NZ,shungnak,electric,2035,summer,20,WND,GWND_01,2030,ELC,985.49842
NZ,shungnak,electric,2035,summer,20,WND,GWND_01,2035,ELC,985.49842
NZ,shungnak,electric,2035,summer,21,ELC,ELECT,2030,ELECD,12998.99
NZ,shungnak,electric,2035,summer,21,HYD,GHYD_01,2030,ELC,10853.623
NZ,shungnak,electric,2035,summer,21,SOL,GSOL_01,2025,ELC,526.99528
NZ,shungnak,electric,2035,summer,21,SOL,GSOL_01,2030,ELC,707.18637
NZ,shungnak,electric,2035,summer,21,SOL,GSOL_01,2035,ELC,332.66939
NZ,shungnak,electric,2035,summer,21,WND,GWND_01,2030,ELC,1419.8477
NZ,shungnak,electric,2035,summer,21,WND,GWND_01,2035,ELC,1419.8477
NZ,shungnak,electric,2035,summer,22,ELC,ELECT,2030,ELECD,12998.99
NZ,shungnak,electric,2035,summer,22,HYD,GHYD_01,2030,ELC,10853.623
NZ,shungnak,electric,2035,summer,22,SOL,GSOL_01,2025,ELC,317.89715
NZ,shungnak,electric,2035,summer,22,SOL,GSOL_01,2030,ELC,426.59307
NZ,shungnak,electric,2035,summer,22,SOL,GSOL_01,2035,ELC,200.67476
NZ,shungnak,electric,2035,summer,22,WND,GWND_01,2030,ELC,1385.1728
NZ,shungnak,electric,2035,summer,22,WND,GWND_01,2035,ELC,1385.1728
NZ,shungnak,electric,2035,summer,23,ELC,ELECT,2030,ELECD,12815.906
NZ,shungnak,electric,2035,summer,23,HYD,GHYD_01,2030,ELC,10853.623
NZ,shungnak,electric,2035,summer,23,SOL,GSOL_01,2025,ELC,93.499163
NZ,shungnak,electric,2035,summer,23,SOL,GSOL_01,2030,ELC,125.46855
NZ,shungnak,electric,2035,summer,23,SOL,GSOL_01,2035,ELC,59.021989
NZ,shungnak,electric,2035,summer,23,WND,GWND_01,2030,ELC,1520.2226
NZ,shungnak,electric,2035,summer,23,WND,GWND_01,2035,ELC,1520.2226
NZ,shungnak,electric,2035,summer,3,ELC,ELECT,2030,ELECD,10435.809
NZ,shungnak,electric,2035,summer,3,HYD,GHYD_01,2030,ELC,10853.623
NZ,shungnak,electric,2035,summer,3,SOL,GSOL_01,2025,ELC,20.399817
NZ,shungnak,electric,2035,summer,3,SOL,GSOL_01,2030,ELC,27.374956
NZ,shungnak,electric,2035,summer,3,SOL,GSOL_01,2035,ELC,12.877525
NZ,shungnak,electric,2035,summer,3,WND,GWND_01,2030,ELC,1067.6233
NZ,shungnak,electric,2035,summer,3,WND,GWND_01,2035,ELC,1067.6233
NZ,shungnak,electric,2035,summer,4,ELC,ELECT,2035,ELECD,10252.725
NZ,shungnak,electric,2035,summer,4,HYD,GHYD_01,2030,ELC,10853.623
NZ,shungnak,electric,2035,summer,4,SOL,GSOL_01,2025,ELC,130.89883
NZ,shungnak,electric,2035,summer,4,SOL,GSOL_01,2030,ELC,175.65597
NZ,shungnak,electric,2035,summer,4,SOL,GSOL_01,2035,ELC,82.630784
NZ,shungnak,electric,2035,summer,4,WND,GWND_01,2030,ELC,1091.3483
NZ,shungnak,electric,2035,summer,4,WND,GWND_01,2035,ELC,1091.3483
NZ,shungnak,electric,2035,summer,5,ELC,ELECT,2030,ELECD,10252.725
NZ,shungnak,electric,2035,summer,5,HYD,GHYD_01,2030,ELC,10853.623
NZ,shungnak,electric,2035,summer,5,SOL,GSOL_01,2025,ELC,253.29773
NZ,shungnak,electric,2035,summer,5,SOL,GSOL_01,2030,ELC,339.90571
NZ,shungnak,electric,2035,summer,5,SOL,GSOL_01,2035,ELC,159.89593
NZ,shungnak,electric,2035,summer,5,WND,GWND_01,2030,ELC,1131.4982
NZ,shungnak,electric,2035,summer,5,WND,GWND_01,2035,ELC,1131.4982
NZ,shungnak,electric,2035,summer,6,ELC,ELECT,2035,ELECD,10985.062
NZ,shungnak,electric,2035,summer,6,HYD,GHYD_01,2030,ELC,10853.623
NZ,shungnak,electric,2035,summer,6,SOL,GSOL_01,2025,ELC,642.59425
NZ,shungnak,electric,2035,summer,6,SOL,GSOL_01,2030,ELC,862.31112
NZ,shungnak,electric,2035,summer,6,SOL,GSOL_01,2035,ELC,405.64203
NZ,shungnak,electric,2035,summer,6,WND,GWND_01,2030,ELC,1014.6984
NZ,shungnak,electric,2035,summer,6,WND,GWND_01,2035,ELC,1014.6984
NZ,shungnak,electric,2035,summer,7,ELC,ELECT,2030,ELECD,11168.146
NZ,shungnak,electric,2035,summer,7,HYD,GHYD_01,2030,ELC,10853.623
NZ,shungnak,electric,2035,summer,7,SOL,GSOL_01,2025,ELC,1538.4862
NZ,shungnak,electric,2035,summer,7,SOL,GSOL_01,2030,ELC,2064.5279
NZ,shungnak,electric,2035,summer,7,SOL,GSOL_01,2035,ELC,971.17999
NZ,shungnak,electric,2035,summer,7,WND,GWND_01,2030,ELC,843.14865
NZ,shungnak,electric,2035,summer,7,WND,GWND_01,2035,ELC,843.14865
NZ,shungnak,electric,2035,summer,8,ELC,ELECT,2035,ELECD,11534.315
NZ,shungnak,electric,2035,summer,8,HYD,GHYD_01,2030,ELC,10853.623
NZ,shungnak,electric,2035,summer,8,SOL,GSOL_01,2025,ELC,3014.073
NZ,shungnak,electric,2035,summer,8,SOL,GSOL_01,2030,ELC,4044.6498
NZ,shungnak,electric,2035,summer,8,SOL,GSOL_01,2035,ELC,1902.6543
NZ,shungnak,electric,2035,summer,8,WND,GWND_01,2030,ELC,866.87361
NZ,shungnak,electric,2035,summer,8,WND,GWND_01,2035,ELC,866.87361
NZ,shungnak,electric,2035,summer,9,ELC,ELECT,2030,ELECD,11900.484
NZ,shungnak,electric,2035,summer,9,HYD,GHYD_01,2030,ELC,10853.623
NZ,shungnak,electric,2035,summer,9,SOL,GSOL_01,2025,ELC,4117.3631
NZ,shungnak,electric,2035,summer,9,SOL,GSOL_01,2030,ELC,5525.1787
NZ,shungnak,electric,2035,summer,9,SOL,GSOL_01,2035,ELC,2599.1138
NZ,shungnak,electric,2035,summer,9,WND,GWND_01,2030,ELC,812.1237
NZ,shungnak,electric,2035,summer,9,WND,GWND_01,2035,ELC,812.1237
NZ,shungnak,electric,2035,winter,0,ELC,EBATT_01,2025,ELC,8833.2071
NZ,shungnak,electric,2035,winter,0,ELC,ELECT,2035,ELECD,20871.618
NZ,shungnak,electric,2035,winter,0,HYD,GHYD_01,2030,ELC,1011.7784
NZ,shungnak,electric,2035,winter,0,WND,GWND_01,2030,ELC,5513.3162
NZ,shungnak,electric,2035,winter,0,WND,GWND_01,2035,ELC,5513.3162
NZ,shungnak,electric,2035,winter,1,ELC,EBATT_01,2025,ELC,8434.7731
NZ,shungnak,electric,2035,winter,1,ELC,ELECT,2035,ELECD,20688.533
NZ,shungnak,electric,2035,winter,1,HYD,GHYD_01,2030,ELC,1011.7784
NZ,shungnak,electric,2035,winter,1,WND,GWND_01,2030,ELC,5620.991
NZ,shungnak,electric,2035,winter,1,WND,GWND_01,2035,ELC,5620.991
NZ,shungnak,electric,2035,winter,10,ELC,EBATT_01,2035,ELC,14060.375
NZ,shungnak,electric,2035,winter,10,ELC,ELECT,2030,ELECD,26547.233
NZ,shungnak,electric,2035,winter,10,HYD,GHYD_01,2030,ELC,1011.7784
NZ,shungnak,electric,2035,winter,10,SOL,GSOL_01,2025,ELC,193.79826
NZ,shungnak,electric,2035,winter,10,SOL,GSOL_01,2030,ELC,260.06208
NZ,shungnak,electric,2035,winter,10,SOL,GSOL_01,2035,ELC,122.33649
NZ,shungnak,electric,2035,winter,10,WND,GWND_01,2030,ELC,5449.4413
NZ,shungnak,electric,2035,winter,10,WND,GWND_01,2035,ELC,5449.4413
NZ,shungnak,electric,2035,winter,11,ELC,EBATT_01,2035,ELC,13610.557
NZ,shungnak,electric,2035,winter,11,ELC,ELECT,2035,ELECD,27462.655
NZ,shungnak,electric,2035,winter,11,HYD,GHYD_01,2030,ELC,1011.7784
NZ,shungnak,electric,2035,winter,11,SOL,GSOL_01,2025,ELC,657.89411
NZ,shungnak,electric,2035,winter,11,SOL,GSOL_01,2030,ELC,882.84234
NZ,shungnak,electric,2035,winter,11,SOL,GSOL_01,2035,ELC,415.30017
NZ,shungnak,electric,2035,winter,11,WND,GWND_01,2030,ELC,5442.1413
NZ,shungnak,electric,2035,winter,11,WND,GWND_01,2035,ELC,5442.1413
NZ,shungnak,electric,2035,winter,12,ELC,EBATT_01,2035,ELC,11296.541
NZ,shungnak,electric,2035,winter,12,ELC,ELECT,2035,ELECD,27096.486
NZ,shungnak,electric,2035,winter,12,HYD,GHYD_01,2030,ELC,1011.7784
NZ,shungnak,electric,2035,winter,12,SOL,GSOL_01,2025,ELC,1164.4896
NZ,shungnak,electric,2035,winter,12,SOL,GSOL_01,2030,ELC,1562.6537
NZ,shungnak,electric,2035,winter,12,SOL,GSOL_01,2035,ELC,735.09204
NZ,shungnak,electric,2035,winter,12,WND,GWND_01,2030,ELC,5662.9659
NZ,shungnak,electric,2035,winter,12,WND,GWND_01,2035,ELC,5662.9659
NZ,shungnak,electric,2035,winter,13,ELC,EBATT_01,2035,ELC,9095.3998
NZ,shungnak,electric,2035,winter,13,ELC,ELECT,2035,ELECD,26364.149
NZ,shungnak,electric,2035,winter,13,HYD,GHYD_01,2030,ELC,1011.7784
NZ,shungnak,electric,2035,winter,13,SOL,GSOL_01,2025,ELC,1497.6866
NZ,shungnak,electric,2035,winter,13,SOL,GSOL_01,2030,ELC,2009.778
NZ,shungnak,electric,2035,winter,13,SOL,GSOL_01,2035,ELC,945.42494
NZ,shungnak,electric,2035,winter,13,WND,GWND_01,2030,ELC,5902.0406
NZ,shungnak,electric,2035,winter,13,WND,GWND_01,2035,ELC,5902.0406
NZ,shungnak,electric,2035,winter,14,ELC,EBATT_01,2035,ELC,9193.365
NZ,shungnak,electric,2035,winter,14,ELC,ELECT,2030,ELECD,26181.064
NZ,shungnak,electric,2035,winter,14,HYD,GHYD_01,2030,ELC,1011.7784
NZ,shungnak,electric,2035,winter,14,SOL,GSOL_01,2025,ELC,1497.6866
NZ,shungnak,electric,2035,winter,14,SOL,GSOL_01,2030,ELC,2009.778
NZ,shungnak,electric,2035,winter,14,SOL,GSOL_01,2035,ELC,945.42494
NZ,shungnak,electric,2035,winter,14,WND,GWND_01,2030,ELC,5761.5158
NZ,shungnak,electric,2035,winter,14,WND,GWND_01,2035,ELC,5761.5158
NZ,shungnak,electric,2035,winter,15,ELC,EBATT_01,2035,ELC,8829.7272
NZ,shungnak,electric,2035,winter,15,ELC,ELECT,2030,ELECD,24899.474
NZ,shungnak,electric,2035,winter,15,HYD,GHYD_01,2030,ELC,1011.7784
NZ,shungnak,electric,2035,winter,15,SOL,GSOL_01,2025,ELC,1106.6901
NZ,shungnak,electric,2035,winter,15,SOL,GSOL_01,2030,ELC,1485.0914
NZ,shungnak,electric,2035,winter,15,SOL,GSOL_01,2035,ELC,698.60572
NZ,shungnak,electric,2035,winter,15,WND,GWND_01,2030,ELC,5883.7906
NZ,shungnak,electric,2035,winter,15,WND,GWND_01,2035,ELC,5883.7906
NZ,shungnak,electric,2035,winter,16,ELC,EBATT_01,2030,ELC,2017.459
NZ,shungnak,electric,2035,winter,16,ELC,EBATT_01,2035,ELC,9771.6072
NZ,shungnak,electric,2035,winter,16,ELC,ELECT,2030,ELECD,26181.064
NZ,shungnak,electric,2035,winter,16,HYD,GHYD_01,2030,ELC,1011.7784
NZ,shungnak,electric,2035,winter,16,SOL,GSOL_01,2025,ELC,600.09463
NZ,shungnak,electric,2035,winter,16,SOL,GSOL_01,2030,ELC,805.27996
NZ,shungnak,electric,2035,winter,16,SOL,GSOL_01,2035,ELC,378.81385
NZ,shungnak,electric,2035,winter,16,WND,GWND_01,2030,ELC,5798.0157
NZ,shungnak,electric,2035,winter,16,WND,GWND_01,2035,ELC,5798.0157
NZ,shungnak,electric,2035,winter,17,ELC,EBATT_01,2035,ELC,15392.281
NZ,shungnak,electric,2035,winter,17,ELC,ELECT,2035,ELECD,28194.993
NZ,shungnak,electric,2035,winter,17,HYD,GHYD_01,2030,ELC,1011.7784
NZ,shungnak,electric,2035,winter,17,SOL,GSOL_01,2025,ELC,156.3986
NZ,shungnak,electric,2035,winter,17,SOL,GSOL_01,2030,ELC,209.87466
NZ,shungnak,electric,2035,winter,17,SOL,GSOL_01,2035,ELC,98.72769
NZ,shungnak,electric,2035,winter,17,WND,GWND_01,2030,ELC,5662.9659
NZ,shungnak,electric,2035,winter,17,WND,GWND_01,2035,ELC,5662.9659
NZ,shungnak,electric,2035,winter,18,DSL,GDSL_03,2025,ELC,16101.585
NZ,shungnak,electric,2035,winter,18,ELC,EBATT_01,2030,ELC,49.122359
NZ,shungnak,electric,2035,winter,18,ELC,ELECT,2035,ELECD,28378.077
NZ,shungnak,electric,2035,winter,18,HYD,GHYD_01,2030,ELC,1011.7784
NZ,shungnak,electric,2035,winter,18,SOL,GSOL_01,2025,ELC,3.3999696
NZ,shungnak,electric,2035,winter,18,SOL,GSOL_01,2030,ELC,4.5624927
NZ,shungnak,electric,2035,winter,18,SOL,GSOL_01,2035,ELC,2.1462541
NZ,shungnak,electric,2035,winter,18,WND,GWND_01,2030,ELC,5602.741
NZ,shungnak,electric,2035,winter,18,WND,GWND_01,2035,ELC,5602.741
NZ,shungnak,electric,2035,winter,19,ELC,EBATT_01,2030,ELC,12345.829
NZ,shungnak,electric,2035,winter,19,ELC,ELECT,2030,ELECD,24716.39
NZ,shungnak,electric,2035,winter,19,HYD,GHYD_01,2030,ELC,1011.7784
NZ,shungnak,electric,2035,winter,19,WND,GWND_01,2030,ELC,5679.3909
NZ,shungnak,electric,2035,winter,19,WND,GWND_01,2035,ELC,5679.3909
NZ,shungnak,electric,2035,winter,2,ELC,EBATT_01,2025,ELC,9015.7068
NZ,shungnak,electric,2035,winter,2,ELC,ELECT,2030,ELECD,20871.618
NZ,shungnak,electric,2035,winter,2,HYD,GHYD_01,2030,ELC,1011.7784
NZ,shungnak,electric,2035,winter,2,WND,GWND_01,2030,ELC,5422.0663
NZ,shungnak,electric,2035,winter,2,WND,GWND_01,2035,ELC,5422.0663
NZ,shungnak,electric,2035,winter,20,ELC,EBATT_01,2030,ELC,12408.464
NZ,shungnak,electric,2035,winter,20,ELC,ELECT,2030,ELECD,24899.474
NZ,shungnak,electric,2035,winter,20,HYD,GHYD_01,2030,ELC,1011.7784
NZ,shungnak,electric,2035,winter,20,WND,GWND_01,2030,ELC,5739.6158
NZ,shungnak,electric,2035,winter,20,WND,GWND_01,2035,ELC,5739.6158
NZ,shungnak,electric,2035,winter,21,ELC,EBATT_01,2030,ELC,10575.724
NZ,shungnak,electric,2035,winter,21,ELC,ELECT,2035,ELECD,23617.883
NZ,shungnak,electric,2035,winter,21,HYD,GHYD_01,2030,ELC,1011.7784
NZ,shungnak,electric,2035,winter,21,WND,GWND_01,2030,ELC,6015.1904
NZ,shungnak,electric,2035,winter,21,WND,GWND_01,2035,ELC,6015.1904
NZ,shungnak,electric,2035,winter,22,DSL,GDSL_02,2025,ELC,9594.6025
NZ,shungnak,electric,2035,winter,22,ELC,ELECT,2030,ELECD,22702.462
NZ,shungnak,electric,2035,winter,22,HYD,GHYD_01,2030,ELC,1011.7784
NZ,shungnak,electric,2035,winter,22,WND,GWND_01,2030,ELC,6048.0403
NZ,shungnak,electric,2035,winter,22,WND,GWND_01,2035,ELC,6048.0403
NZ,shungnak,electric,2035,winter,23,DSL,GDSL_02,2025,ELC,8054.589
NZ,shungnak,electric,2035,winter,23,ELC,ELECT,2035,ELECD,20505.449
NZ,shungnak,electric,2035,winter,23,HYD,GHYD_01,2030,ELC,1011.7784
NZ,shungnak,electric,2035,winter,23,WND,GWND_01,2030,ELC,5719.5408
NZ,shungnak,electric,2035,winter,23,WND,GWND_01,2035,ELC,5719.5408
NZ,shungnak,electric,2035,winter,3,ELC,EBATT_01,2025,ELC,8479.2997
NZ,shungnak,electric,2035,winter,3,ELC,ELECT,2030,ELECD,19773.112
NZ,shungnak,electric,2035,winter,3,HYD,GHYD_01,2030,ELC,1011.7784
NZ,shungnak,electric,2035,winter,3,WND,GWND_01,2030,ELC,5141.0168
NZ,shungnak,electric,2035,winter,3,WND,GWND_01,2035,ELC,5141.0168
NZ,shungnak,electric,2035,winter,4,ELC,EBATT_01,2025,ELC,7947.7119
NZ,shungnak,electric,2035,winter,4,ELC,ELECT,2030,ELECD,19040.774
NZ,shungnak,electric,2035,winter,4,HYD,GHYD_01,2030,ELC,1011.7784
NZ,shungnak,electric,2035,winter,4,WND,GWND_01,2030,ELC,5040.6419
NZ,shungnak,electric,2035,winter,4,WND,GWND_01,2035,ELC,5040.6419
NZ,shungnak,electric,2035,winter,5,ELC,EBATT_01,2025,ELC,7904.4966
NZ,shungnak,electric,2035,winter,5,ELC,ELECT,2030,ELECD,19223.859
NZ,shungnak,electric,2035,winter,5,HYD,GHYD_01,2030,ELC,1011.7784
NZ,shungnak,electric,2035,winter,5,WND,GWND_01,2030,ELC,5153.7918
NZ,shungnak,electric,2035,winter,5,WND,GWND_01,2035,ELC,5153.7918
NZ,shungnak,electric,2035,winter,6,ELC,EBATT_01,2025,ELC,8190.3655
NZ,shungnak,electric,2035,winter,6,ELC,ELECT,2030,ELECD,19590.027
NZ,shungnak,electric,2035,winter,6,HYD,GHYD_01,2030,ELC,1011.7784
NZ,shungnak,electric,2035,winter,6,WND,GWND_01,2030,ELC,5193.9417
NZ,shungnak,electric,2035,winter,6,WND,GWND_01,2035,ELC,5193.9417
NZ,shungnak,electric,2035,winter,7,ELC,EBATT_01,2025,ELC,7703.747
NZ,shungnak,electric,2035,winter,7,ELC,ELECT,2030,ELECD,19223.859
NZ,shungnak,electric,2035,winter,7,HYD,GHYD_01,2030,ELC,1011.7784
NZ,shungnak,electric,2035,winter,7,WND,GWND_01,2030,ELC,5254.1666
NZ,shungnak,electric,2035,winter,7,WND,GWND_01,2035,ELC,5254.1666
NZ,shungnak,electric,2035,winter,8,ELC,EBATT_01,2025,ELC,6638.1596
NZ,shungnak,electric,2035,winter,8,ELC,EBATT_01,2030,ELC,2717.5814
NZ,shungnak,electric,2035,winter,8,ELC,ELECT,2030,ELECD,21054.702
NZ,shungnak,electric,2035,winter,8,HYD,GHYD_01,2030,ELC,1011.7784
NZ,shungnak,electric,2035,winter,8,WND,GWND_01,2030,ELC,5343.5915
NZ,shungnak,electric,2035,winter,8,WND,GWND_01,2035,ELC,5343.5915
NZ,shungnak,electric,2035,winter,9,ELC,EBATT_01,2030,ELC,12474.164
NZ,shungnak,electric,2035,winter,9,ELC,ELECT,2035,ELECD,24899.474
NZ,shungnak,electric,2035,winter,9,HYD,GHYD_01,2030,ELC,1011.7784
NZ,shungnak,electric,2035,winter,9,WND,GWND_01,2030,ELC,5706.7659
NZ,shungnak,electric,2035,winter,9,WND,GWND_01,2035,ELC,5706.7659
NZ,shungnak,electric,2040,fall,0,ELC,ELECT,2030,ELECD,16163.575
NZ,shungnak,electric,2040,fall,0,HYD,GHYD_01,2030,ELC,6057.5303
NZ,shungnak,electric,2040,fall,0,WND,GWND_01,2030,ELC,5398.3414
NZ,shungnak,electric,2040,fall,0,WND,GWND_01,2035,ELC,5398.3414
NZ,shungnak,electric,2040,fall,0,WND,GWND_01,2040,ELC,2699.1707
NZ,shungnak,electric,2040,fall,1,ELC,ELECT,2040,ELECD,16548.422
NZ,shungnak,electric,2040,fall,1,HYD,GHYD_01,2030,ELC,6057.5303
NZ,shungnak,electric,2040,fall,1,WND,GWND_01,2030,ELC,5522.4412
NZ,shungnak,electric,2040,fall,1,WND,GWND_01,2035,ELC,5522.4412
NZ,shungnak,electric,2040,fall,1,WND,GWND_01,2040,ELC,2761.2206
NZ,shungnak,electric,2040,fall,10,ELC,EBATT_01,2030,ELC,726.28849
NZ,shungnak,electric,2040,fall,10,ELC,ELECT,2035,ELECD,23860.515
NZ,shungnak,electric,2040,fall,10,HYD,GHYD_01,2030,ELC,6057.5303
NZ,shungnak,electric,2040,fall,10,SOL,GSOL_01,2025,ELC,1337.888
NZ,shungnak,electric,2040,fall,10,SOL,GSOL_01,2030,ELC,1795.3409
NZ,shungnak,electric,2040,fall,10,SOL,GSOL_01,2035,ELC,844.551
NZ,shungnak,electric,2040,fall,10,WND,GWND_01,2030,ELC,5239.5666
NZ,shungnak,electric,2040,fall,10,WND,GWND_01,2035,ELC,5239.5666
NZ,shungnak,electric,2040,fall,10,WND,GWND_01,2040,ELC,2619.7833
NZ,shungnak,electric,2040,fall,11,ELC,ELECT,2040,ELECD,25592.327
NZ,shungnak,electric,2040,fall,11,HYD,GHYD_01,2030,ELC,6057.5303
NZ,shungnak,electric,2040,fall,11,SOL,GSOL_01,2025,ELC,2424.1783
NZ,shungnak,electric,2040,fall,11,SOL,GSOL_01,2030,ELC,3253.0573
NZ,shungnak,electric,2040,fall,11,SOL,GSOL_01,2035,ELC,1530.2792
NZ,shungnak,electric,2040,fall,11,WND,GWND_01,2030,ELC,5190.2917
NZ,shungnak,electric,2040,fall,11,WND,GWND_01,2035,ELC,5190.2917
NZ,shungnak,electric,2040,fall,11,WND,GWND_01,2040,ELC,2595.1458
NZ,shungnak,electric,2040,fall,12,ELC,ELECT,2040,ELECD,23668.092
NZ,shungnak,electric,2040,fall,12,HYD,GHYD_01,2030,ELC,6057.5303
NZ,shungnak,electric,2040,fall,12,SOL,GSOL_01,2025,ELC,2991.9732
NZ,shungnak,electric,2040,fall,12,SOL,GSOL_01,2030,ELC,4014.9936
NZ,shungnak,electric,2040,fall,12,SOL,GSOL_01,2035,ELC,1888.7036
NZ,shungnak,electric,2040,fall,12,WND,GWND_01,2030,ELC,5217.6667
NZ,shungnak,electric,2040,fall,12,WND,GWND_01,2035,ELC,5217.6667
NZ,shungnak,electric,2040,fall,12,WND,GWND_01,2040,ELC,2608.8333
NZ,shungnak,electric,2040,fall,13,ELC,ELECT,2035,ELECD,23475.668
NZ,shungnak,electric,2040,fall,13,HYD,GHYD_01,2030,ELC,6057.5303
NZ,shungnak,electric,2040,fall,13,SOL,GSOL_01,2025,ELC,3292.8705
NZ,shungnak,electric,2040,fall,13,SOL,GSOL_01,2030,ELC,4418.7742
NZ,shungnak,electric,2040,fall,13,SOL,GSOL_01,2035,ELC,2078.6471
NZ,shungnak,electric,2040,fall,13,WND,GWND_01,2030,ELC,5188.4667
NZ,shungnak,electric,2040,fall,13,WND,GWND_01,2035,ELC,5188.4667
NZ,shungnak,electric,2040,fall,13,WND,GWND_01,2040,ELC,2594.2333
NZ,shungnak,electric,2040,fall,14,ELC,ELECT,2035,ELECD,24245.362
NZ,shungnak,electric,2040,fall,14,HYD,GHYD_01,2030,ELC,6057.5303
NZ,shungnak,electric,2040,fall,14,SOL,GSOL_01,2025,ELC,3109.2722
NZ,shungnak,electric,2040,fall,14,SOL,GSOL_01,2030,ELC,4172.3996
NZ,shungnak,electric,2040,fall,14,SOL,GSOL_01,2035,ELC,1962.7494
NZ,shungnak,electric,2040,fall,14,WND,GWND_01,2030,ELC,5259.6416
NZ,shungnak,electric,2040,fall,14,WND,GWND_01,2035,ELC,5259.6416
NZ,shungnak,electric,2040,fall,14,WND,GWND_01,2040,ELC,2629.8208
NZ,shungnak,electric,2040,fall,15,ELC,ELECT,2040,ELECD,20396.892
NZ,shungnak,electric,2040,fall,15,HYD,GHYD_01,2030,ELC,6057.5303
NZ,shungnak,electric,2040,fall,15,SOL,GSOL_01,2025,ELC,2594.1768
NZ,shungnak,electric,2040,fall,15,SOL,GSOL_01,2030,ELC,3481.1819
NZ,shungnak,electric,2040,fall,15,SOL,GSOL_01,2035,ELC,1637.5919
NZ,shungnak,electric,2040,fall,15,WND,GWND_01,2030,ELC,5137.3668
NZ,shungnak,electric,2040,fall,15,WND,GWND_01,2035,ELC,5137.3668
NZ,shungnak,electric,2040,fall,15,WND,GWND_01,2040,ELC,2568.6834
NZ,shungnak,electric,2040,fall,16,ELC,ELECT,2035,ELECD,23668.092
NZ,shungnak,electric,2040,fall,16,HYD,GHYD_01,2030,ELC,6057.5303
NZ,shungnak,electric,2040,fall,16,SOL,GSOL_01,2025,ELC,1790.084
NZ,shungnak,electric,2040,fall,16,SOL,GSOL_01,2030,ELC,2402.1524
NZ,shungnak,electric,2040,fall,16,SOL,GSOL_01,2035,ELC,1130.0028
NZ,shungnak,electric,2040,fall,16,WND,GWND_01,2030,ELC,5423.8913
NZ,shungnak,electric,2040,fall,16,WND,GWND_01,2035,ELC,5423.8913
NZ,shungnak,electric,2040,fall,16,WND,GWND_01,2040,ELC,2711.9457
NZ,shungnak,electric,2040,fall,17,ELC,EBATT_01,2040,ELC,1050.8662
NZ,shungnak,electric,2040,fall,17,ELC,ELECT,2040,ELECD,23475.668
NZ,shungnak,electric,2040,fall,17,HYD,GHYD_01,2030,ELC,6057.5303
NZ,shungnak,electric,2040,fall,17,SOL,GSOL_01,2025,ELC,904.3919
NZ,shungnak,electric,2040,fall,17,SOL,GSOL_01,2030,ELC,1213.6231
NZ,shungnak,electric,2040,fall,17,SOL,GSOL_01,2035,ELC,570.9036
NZ,shungnak,electric,2040,fall,17,WND,GWND_01,2030,ELC,5471.3412
NZ,shungnak,electric,2040,fall,17,WND,GWND_01,2035,ELC,5471.3412
NZ,shungnak,electric,2040,fall,17,WND,GWND_01,2040,ELC,2735.6706
NZ,shungnak,electric,2040,fall,18,ELC,EBATT_01,2040,ELC,2109.2167
NZ,shungnak,electric,2040,fall,18,ELC,ELECT,2040,ELECD,22128.704
NZ,shungnak,electric,2040,fall,18,HYD,GHYD_01,2030,ELC,6057.5303
NZ,shungnak,electric,2040,fall,18,SOL,GSOL_01,2025,ELC,317.89715
NZ,shungnak,electric,2040,fall,18,SOL,GSOL_01,2030,ELC,426.59307
NZ,shungnak,electric,2040,fall,18,SOL,GSOL_01,2035,ELC,200.67476
NZ,shungnak,electric,2040,fall,18,WND,GWND_01,2030,ELC,5206.7167
NZ,shungnak,electric,2040,fall,18,WND,GWND_01,2035,ELC,5206.7167
NZ,shungnak,electric,2040,fall,18,WND,GWND_01,2040,ELC,2603.3583
NZ,shungnak,electric,2040,fall,19,ELC,ELECT,2040,ELECD,17318.116
NZ,shungnak,electric,2040,fall,19,HYD,GHYD_01,2030,ELC,6057.5303
NZ,shungnak,electric,2040,fall,19,SOL,GSOL_01,2025,ELC,78.1993
NZ,shungnak,electric,2040,fall,19,SOL,GSOL_01,2030,ELC,104.93733
NZ,shungnak,electric,2040,fall,19,SOL,GSOL_01,2035,ELC,49.363845
NZ,shungnak,electric,2040,fall,19,WND,GWND_01,2030,ELC,5146.4918
NZ,shungnak,electric,2040,fall,19,WND,GWND_01,2035,ELC,5146.4918
NZ,shungnak,electric,2040,fall,19,WND,GWND_01,2040,ELC,2573.2459
NZ,shungnak,electric,2040,fall,2,ELC,ELECT,2040,ELECD,15971.151
NZ,shungnak,electric,2040,fall,2,HYD,GHYD_01,2030,ELC,6057.5303
NZ,shungnak,electric,2040,fall,2,WND,GWND_01,2030,ELC,5560.7661
NZ,shungnak,electric,2040,fall,2,WND,GWND_01,2035,ELC,5560.7661
NZ,shungnak,electric,2040,fall,2,WND,GWND_01,2040,ELC,2780.3831
NZ,shungnak,electric,2040,fall,20,ELC,EBATT_01,2035,ELC,3030.0936
NZ,shungnak,electric,2040,fall,20,ELC,ELECT,2035,ELECD,22128.704
NZ,shungnak,electric,2040,fall,20,HYD,GHYD_01,2030,ELC,6057.5303
NZ,shungnak,electric,2040,fall,20,SOL,GSOL_01,2025,ELC,5.0999543
NZ,shungnak,electric,2040,fall,20,SOL,GSOL_01,2030,ELC,6.843739
NZ,shungnak,electric,2040,fall,20,SOL,GSOL_01,2035,ELC,3.2193812
NZ,shungnak,electric,2040,fall,20,WND,GWND_01,2030,ELC,5210.3667
NZ,shungnak,electric,2040,fall,20,WND,GWND_01,2035,ELC,5210.3667
NZ,shungnak,electric,2040,fall,20,WND,GWND_01,2040,ELC,2605.1833
NZ,shungnak,electric,2040,fall,21,ELC,EBATT_01,2035,ELC,2653.4507
NZ,shungnak,electric,2040,fall,21,ELC,ELECT,2035,ELECD,21166.586
NZ,shungnak,electric,2040,fall,21,HYD,GHYD_01,2030,ELC,6057.5303
NZ,shungnak,electric,2040,fall,21,WND,GWND_01,2030,ELC,4982.242
NZ,shungnak,electric,2040,fall,21,WND,GWND_01,2035,ELC,4982.242
NZ,shungnak,electric,2040,fall,21,WND,GWND_01,2040,ELC,2491.121
NZ,shungnak,electric,2040,fall,22,ELC,EBATT_01,2040,ELC,306.50143
NZ,shungnak,electric,2040,fall,22,ELC,ELECT,2040,ELECD,19627.198
NZ,shungnak,electric,2040,fall,22,HYD,GHYD_01,2030,ELC,6057.5303
NZ,shungnak,electric,2040,fall,22,WND,GWND_01,2030,ELC,5305.2665
NZ,shungnak,electric,2040,fall,22,WND,GWND_01,2035,ELC,5305.2665
NZ,shungnak,electric,2040,fall,22,WND,GWND_01,2040,ELC,2652.6333
NZ,shungnak,electric,2040,fall,23,ELC,ELECT,2030,ELECD,18280.233
NZ,shungnak,electric,2040,fall,23,HYD,GHYD_01,2030,ELC,6057.5303
NZ,shungnak,electric,2040,fall,23,WND,GWND_01,2030,ELC,5203.0667
NZ,shungnak,electric,2040,fall,23,WND,GWND_01,2035,ELC,5203.0667
NZ,shungnak,electric,2040,fall,23,WND,GWND_01,2040,ELC,2601.5333
NZ,shungnak,electric,2040,fall,3,ELC,ELECT,2035,ELECD,15778.728
NZ,shungnak,electric,2040,fall,3,HYD,GHYD_01,2030,ELC,6057.5303
NZ,shungnak,electric,2040,fall,3,WND,GWND_01,2030,ELC,5485.9412
NZ,shungnak,electric,2040,fall,3,WND,GWND_01,2035,ELC,5485.9412
NZ,shungnak,electric,2040,fall,3,WND,GWND_01,2040,ELC,2742.9706
NZ,shungnak,electric,2040,fall,4,ELC,ELECT,2040,ELECD,15393.881
NZ,shungnak,electric,2040,fall,4,HYD,GHYD_01,2030,ELC,6057.5303
NZ,shungnak,electric,2040,fall,4,WND,GWND_01,2030,ELC,5330.8165
NZ,shungnak,electric,2040,fall,4,WND,GWND_01,2035,ELC,5330.8165
NZ,shungnak,electric,2040,fall,4,WND,GWND_01,2040,ELC,2665.4082
NZ,shungnak,electric,2040,fall,5,ELC,ELECT,2035,ELECD,15778.728
NZ,shungnak,electric,2040,fall,5,HYD,GHYD_01,2030,ELC,6057.5303
NZ,shungnak,electric,2040,fall,5,WND,GWND_01,2030,ELC,5516.9662
NZ,shungnak,electric,2040,fall,5,WND,GWND_01,2035,ELC,5516.9662
NZ,shungnak,electric,2040,fall,5,WND,GWND_01,2040,ELC,2758.4831
NZ,shungnak,electric,2040,fall,6,ELC,ELECT,2035,ELECD,16933.269
NZ,shungnak,electric,2040,fall,6,HYD,GHYD_01,2030,ELC,6057.5303
NZ,shungnak,electric,2040,fall,6,WND,GWND_01,2030,ELC,5418.4163
NZ,shungnak,electric,2040,fall,6,WND,GWND_01,2035,ELC,5418.4163
NZ,shungnak,electric,2040,fall,6,WND,GWND_01,2040,ELC,2709.2082
NZ,shungnak,electric,2040,fall,7,ELC,ELECT,2040,ELECD,18472.657
NZ,shungnak,electric,2040,fall,7,HYD,GHYD_01,2030,ELC,6057.5303
NZ,shungnak,electric,2040,fall,7,SOL,GSOL_01,2025,ELC,30.599726
NZ,shungnak,electric,2040,fall,7,SOL,GSOL_01,2030,ELC,41.062434
NZ,shungnak,electric,2040,fall,7,SOL,GSOL_01,2035,ELC,19.316287
NZ,shungnak,electric,2040,fall,7,WND,GWND_01,2030,ELC,5401.9914
NZ,shungnak,electric,2040,fall,7,WND,GWND_01,2035,ELC,5401.9914
NZ,shungnak,electric,2040,fall,7,WND,GWND_01,2040,ELC,2700.9957
NZ,shungnak,electric,2040,fall,8,ELC,EBATT_01,2035,ELC,2934.1252
NZ,shungnak,electric,2040,fall,8,ELC,ELECT,2040,ELECD,23668.092
NZ,shungnak,electric,2040,fall,8,HYD,GHYD_01,2030,ELC,6057.5303
NZ,shungnak,electric,2040,fall,8,SOL,GSOL_01,2025,ELC,295.79735
NZ,shungnak,electric,2040,fall,8,SOL,GSOL_01,2030,ELC,396.93686
NZ,shungnak,electric,2040,fall,8,SOL,GSOL_01,2035,ELC,186.72411
NZ,shungnak,electric,2040,fall,8,WND,GWND_01,2030,ELC,5518.7912
NZ,shungnak,electric,2040,fall,8,WND,GWND_01,2035,ELC,5518.7912
NZ,shungnak,electric,2040,fall,8,WND,GWND_01,2040,ELC,2759.3956
NZ,shungnak,electric,2040,fall,9,ELC,EBATT_01,2030,ELC,299.66301
NZ,shungnak,electric,2040,fall,9,ELC,EBATT_01,2035,ELC,2158.8778
NZ,shungnak,electric,2040,fall,9,ELC,ELECT,2040,ELECD,23668.092
NZ,shungnak,electric,2040,fall,9,HYD,GHYD_01,2030,ELC,6057.5303
NZ,shungnak,electric,2040,fall,9,SOL,GSOL_01,2025,ELC,630.69435
NZ,shungnak,electric,2040,fall,9,SOL,GSOL_01,2030,ELC,846.3424
NZ,shungnak,electric,2040,fall,9,SOL,GSOL_01,2035,ELC,398.13014
NZ,shungnak,electric,2040,fall,9,WND,GWND_01,2030,ELC,5310.7415
NZ,shungnak,electric,2040,fall,9,WND,GWND_01,2035,ELC,5310.7415
NZ,shungnak,electric,2040,fall,9,WND,GWND_01,2040,ELC,2655.3708
NZ,shungnak,electric,2040,spring,0,ELC,EBATT_01,2040,ELC,629.31642
NZ,shungnak,electric,2040,spring,0,ELC,ELECT,2030,ELECD,17510.539
NZ,shungnak,electric,2040,spring,0,HYD,GHYD_01,2030,ELC,4270.4932
NZ,shungnak,electric,2040,spring,0,WND,GWND_01,2030,ELC,5044.2919
NZ,shungnak,electric,2040,spring,0,WND,GWND_01,2035,ELC,5044.2919
NZ,shungnak,electric,2040,spring,0,WND,GWND_01,2040,ELC,2522.146
NZ,shungnak,electric,2040,spring,1,ELC,EBATT_01,2040,ELC,674.94135
NZ,shungnak,electric,2040,spring,1,ELC,ELECT,2040,ELECD,17510.539
NZ,shungnak,electric,2040,spring,1,HYD,GHYD_01,2030,ELC,4270.4932
NZ,shungnak,electric,2040,spring,1,WND,GWND_01,2030,ELC,5026.042
NZ,shungnak,electric,2040,spring,1,WND,GWND_01,2035,ELC,5026.042
NZ,shungnak,electric,2040,spring,1,WND,GWND_01,2040,ELC,2513.021
NZ,shungnak,electric,2040,spring,10,ELC,ELECT,2035,ELECD,25592.327
NZ,shungnak,electric,2040,spring,10,HYD,GHYD_01,2030,ELC,4270.4932
NZ,shungnak,electric,2040,spring,10,SOL,GSOL_01,2025,ELC,6034.946
NZ,shungnak,electric,2040,spring,10,SOL,GSOL_01,2030,ELC,8098.4245
NZ,shungnak,electric,2040,spring,10,SOL,GSOL_01,2035,ELC,3809.6011
NZ,shungnak,electric,2040,spring,10,WND,GWND_01,2035,ELC,876.79107
NZ,shungnak,electric,2040,spring,10,WND,GWND_01,2040,ELC,2502.071
NZ,shungnak,electric,2040,spring,11,ELC,ELECT,2035,ELECD,26169.597
NZ,shungnak,electric,2040,spring,11,SOL,GSOL_01,2025,ELC,7507.1328
NZ,shungnak,electric,2040,spring,11,SOL,GSOL_01,2030,ELC,10073.984
NZ,shungnak,electric,2040,spring,11,WND,GWND_01,2030,ELC,4730.3924
NZ,shungnak,electric,2040,spring,11,WND,GWND_01,2035,ELC,3858.0883
NZ,shungnak,electric,2040,spring,12,ELC,ELECT,2035,ELECD,24822.633
NZ,shungnak,electric,2040,spring,12,HYD,GHYD_01,2030,ELC,4270.4932
NZ,shungnak,electric,2040,spring,12,SOL,GSOL_01,2025,ELC,8202.4266
NZ,shungnak,electric,2040,spring,12,SOL,GSOL_01,2030,ELC,7900.3702
NZ,shungnak,electric,2040,spring,12,WND,GWND_01,2035,ELC,4449.3429
NZ,shungnak,electric,2040,spring,13,ELC,ELECT,2035,ELECD,23860.515
NZ,shungnak,electric,2040,spring,13,SOL,GSOL_01,2025,ELC,8622.3228
NZ,shungnak,electric,2040,spring,13,SOL,GSOL_01,2030,ELC,45.245059
NZ,shungnak,electric,2040,spring,13,SOL,GSOL_01,2035,ELC,5442.9005
NZ,shungnak,electric,2040,spring,13,WND,GWND_01,2030,ELC,3900.0188
NZ,shungnak,electric,2040,spring,13,WND,GWND_01,2035,ELC,3900.0188
NZ,shungnak,electric,2040,spring,13,WND,GWND_01,2040,ELC,1950.0094
NZ,shungnak,electric,2040,spring,14,ELC,ELECT,2040,ELECD,24245.362
NZ,shungnak,electric,2040,spring,14,HYD,GHYD_01,2030,ELC,4270.4932
NZ,shungnak,electric,2040,spring,14,SOL,GSOL_01,2025,ELC,8588.3231
NZ,shungnak,electric,2040,spring,14,SOL,GSOL_01,2030,ELC,11524.857
NZ,shungnak,electric,2040,spring,14,SOL,GSOL_01,2035,ELC,4835.1786
NZ,shungnak,electric,2040,spring,14,WND,GWND_01,2030,ELC,3611.6692
NZ,shungnak,electric,2040,spring,14,WND,GWND_01,2035,ELC,3611.6692
NZ,shungnak,electric,2040,spring,14,WND,GWND_01,2040,ELC,1805.8346
NZ,shungnak,electric,2040,spring,15,ELC,ELECT,2030,ELECD,24052.939
NZ,shungnak,electric,2040,spring,15,HYD,GHYD_01,2030,ELC,4270.4932
NZ,shungnak,electric,2040,spring,15,SOL,GSOL_01,2025,ELC,8088.5276
NZ,shungnak,electric,2040,spring,15,SOL,GSOL_01,2030,ELC,10854.17
NZ,shungnak,electric,2040,spring,15,SOL,GSOL_01,2035,ELC,5105.9386
NZ,shungnak,electric,2040,spring,15,WND,GWND_01,2030,ELC,3691.9691
NZ,shungnak,electric,2040,spring,15,WND,GWND_01,2035,ELC,3691.9691
NZ,shungnak,electric,2040,spring,15,WND,GWND_01,2040,ELC,1845.9845
NZ,shungnak,electric,2040,spring,16,ELC,ELECT,2030,ELECD,25207.48
NZ,shungnak,electric,2040,spring,16,HYD,GHYD_01,2030,ELC,4270.4932
NZ,shungnak,electric,2040,spring,16,SOL,GSOL_01,2025,ELC,7024.3371
NZ,shungnak,electric,2040,spring,16,SOL,GSOL_01,2030,ELC,9426.1099
NZ,shungnak,electric,2040,spring,16,SOL,GSOL_01,2035,ELC,4434.161
NZ,shungnak,electric,2040,spring,16,WND,GWND_01,2030,ELC,3989.4436
NZ,shungnak,electric,2040,spring,16,WND,GWND_01,2035,ELC,3989.4436
NZ,shungnak,electric,2040,spring,16,WND,GWND_01,2040,ELC,1994.7218
NZ,shungnak,electric,2040,spring,17,ELC,ELECT,2035,ELECD,25207.48
NZ,shungnak,electric,2040,spring,17,HYD,GHYD_01,2030,ELC,4270.4932
NZ,shungnak,electric,2040,spring,17,SOL,GSOL_01,2025,ELC,5234.2531
NZ,shungnak,electric,2040,spring,17,SOL,GSOL_01,2030,ELC,7023.9575
NZ,shungnak,electric,2040,spring,17,SOL,GSOL_01,2035,ELC,3304.1582
NZ,shungnak,electric,2040,spring,17,WND,GWND_01,2030,ELC,4044.1935
NZ,shungnak,electric,2040,spring,17,WND,GWND_01,2035,ELC,4044.1935
NZ,shungnak,electric,2040,spring,17,WND,GWND_01,2040,ELC,2022.0968
NZ,shungnak,electric,2040,spring,18,ELC,ELECT,2030,ELECD,23860.515
NZ,shungnak,electric,2040,spring,18,HYD,GHYD_01,2030,ELC,4270.4932
NZ,shungnak,electric,2040,spring,18,SOL,GSOL_01,2025,ELC,3172.1716
NZ,shungnak,electric,2040,spring,18,SOL,GSOL_01,2030,ELC,4256.8057
NZ,shungnak,electric,2040,spring,18,SOL,GSOL_01,2035,ELC,2002.4551
NZ,shungnak,electric,2040,spring,18,WND,GWND_01,2030,ELC,4168.2933
NZ,shungnak,electric,2040,spring,18,WND,GWND_01,2035,ELC,4168.2933
NZ,shungnak,electric,2040,spring,18,WND,GWND_01,2040,ELC,2084.1467
NZ,shungnak,electric,2040,spring,19,ELC,EBATT_01,2040,ELC,3985.2063
NZ,shungnak,electric,2040,spring,19,ELC,ELECT,2040,ELECD,23090.821
NZ,shungnak,electric,2040,spring,19,HYD,GHYD_01,2030,ELC,4270.4932
NZ,shungnak,electric,2040,spring,19,SOL,GSOL_01,2025,ELC,1380.3876
NZ,shungnak,electric,2040,spring,19,SOL,GSOL_01,2030,ELC,1852.372
NZ,shungnak,electric,2040,spring,19,SOL,GSOL_01,2035,ELC,871.37918
NZ,shungnak,electric,2040,spring,19,WND,GWND_01,2030,ELC,4292.3931
NZ,shungnak,electric,2040,spring,19,WND,GWND_01,2035,ELC,4292.3931
NZ,shungnak,electric,2040,spring,19,WND,GWND_01,2040,ELC,2146.1966
NZ,shungnak,electric,2040,spring,2,ELC,EBATT_01,2040,ELC,197.24684
NZ,shungnak,electric,2040,spring,2,ELC,ELECT,2040,ELECD,16740.845
NZ,shungnak,electric,2040,spring,2,HYD,GHYD_01,2030,ELC,4270.4932
NZ,shungnak,electric,2040,spring,2,WND,GWND_01,2030,ELC,4909.2421
NZ,shungnak,electric,2040,spring,2,WND,GWND_01,2035,ELC,4909.2421
NZ,shungnak,electric,2040,spring,2,WND,GWND_01,2040,ELC,2454.6211
NZ,shungnak,electric,2040,spring,20,ELC,EBATT_01,2030,ELC,6724.2002
NZ,shungnak,electric,2040,spring,20,ELC,ELECT,2030,ELECD,23860.515
NZ,shungnak,electric,2040,spring,20,HYD,GHYD_01,2030,ELC,4270.4932
NZ,shungnak,electric,2040,spring,20,SOL,GSOL_01,2025,ELC,503.19549
NZ,shungnak,electric,2040,spring,20,SOL,GSOL_01,2030,ELC,675.24892
NZ,shungnak,electric,2040,spring,20,SOL,GSOL_01,2035,ELC,317.64561
NZ,shungnak,electric,2040,spring,20,WND,GWND_01,2030,ELC,4547.8927
NZ,shungnak,electric,2040,spring,20,WND,GWND_01,2035,ELC,4547.8927
NZ,shungnak,electric,2040,spring,20,WND,GWND_01,2040,ELC,2273.9464
NZ,shungnak,electric,2040,spring,21,ELC,EBATT_01,2030,ELC,5400.8848
NZ,shungnak,electric,2040,spring,21,ELC,EBATT_01,2040,ELC,1103.3033
NZ,shungnak,electric,2040,spring,21,ELC,ELECT,2030,ELECD,22513.551
NZ,shungnak,electric,2040,spring,21,HYD,GHYD_01,2030,ELC,4270.4932
NZ,shungnak,electric,2040,spring,21,SOL,GSOL_01,2025,ELC,219.29804
NZ,shungnak,electric,2040,spring,21,SOL,GSOL_01,2030,ELC,294.28078
NZ,shungnak,electric,2040,spring,21,SOL,GSOL_01,2035,ELC,138.43339
NZ,shungnak,electric,2040,spring,21,WND,GWND_01,2030,ELC,4434.7429
NZ,shungnak,electric,2040,spring,21,WND,GWND_01,2035,ELC,4434.7429
NZ,shungnak,electric,2040,spring,21,WND,GWND_01,2040,ELC,2217.3715
NZ,shungnak,electric,2040,spring,22,ELC,EBATT_01,2040,ELC,5039.5889
NZ,shungnak,electric,2040,spring,22,ELC,ELECT,2040,ELECD,21936.28
NZ,shungnak,electric,2040,spring,22,HYD,GHYD_01,2030,ELC,4270.4932
NZ,shungnak,electric,2040,spring,22,SOL,GSOL_01,2025,ELC,84.999239
NZ,shungnak,electric,2040,spring,22,SOL,GSOL_01,2030,ELC,114.06232
NZ,shungnak,electric,2040,spring,22,SOL,GSOL_01,2035,ELC,53.656353
NZ,shungnak,electric,2040,spring,22,WND,GWND_01,2030,ELC,4949.3921
NZ,shungnak,electric,2040,spring,22,WND,GWND_01,2035,ELC,4949.3921
NZ,shungnak,electric,2040,spring,22,WND,GWND_01,2040,ELC,2474.696
NZ,shungnak,electric,2040,spring,23,ELC,EBATT_01,2040,ELC,3461.5467
NZ,shungnak,electric,2040,spring,23,ELC,ELECT,2030,ELECD,20396.892
NZ,shungnak,electric,2040,spring,23,HYD,GHYD_01,2030,ELC,4270.4932
NZ,shungnak,electric,2040,spring,23,SOL,GSOL_01,2025,ELC,13.599878
NZ,shungnak,electric,2040,spring,23,SOL,GSOL_01,2030,ELC,18.249971
NZ,shungnak,electric,2040,spring,23,SOL,GSOL_01,2035,ELC,8.5850165
NZ,shungnak,electric,2040,spring,23,WND,GWND_01,2030,ELC,5049.7669
NZ,shungnak,electric,2040,spring,23,WND,GWND_01,2035,ELC,5049.7669
NZ,shungnak,electric,2040,spring,23,WND,GWND_01,2040,ELC,2524.8835
NZ,shungnak,electric,2040,spring,3,ELC,ELECT,2030,ELECD,16740.845
NZ,shungnak,electric,2040,spring,3,HYD,GHYD_01,2030,ELC,4270.4932
NZ,shungnak,electric,2040,spring,3,WND,GWND_01,2030,ELC,4739.6646
NZ,shungnak,electric,2040,spring,3,WND,GWND_01,2035,ELC,5153.7918
NZ,shungnak,electric,2040,spring,3,WND,GWND_01,2040,ELC,2576.8959
NZ,shungnak,electric,2040,spring,4,ELC,ELECT,2030,ELECD,16933.269
NZ,shungnak,electric,2040,spring,4,HYD,GHYD_01,2030,ELC,4270.4932
NZ,shungnak,electric,2040,spring,4,SOL,GSOL_01,2025,ELC,20.399817
NZ,shungnak,electric,2040,spring,4,WND,GWND_01,2030,ELC,4531.1764
NZ,shungnak,electric,2040,spring,4,WND,GWND_01,2035,ELC,5407.4663
NZ,shungnak,electric,2040,spring,4,WND,GWND_01,2040,ELC,2703.7332
NZ,shungnak,electric,2040,spring,5,ELC,ELECT,2040,ELECD,17318.116
NZ,shungnak,electric,2040,spring,5,HYD,GHYD_01,2030,ELC,4270.4932
NZ,shungnak,electric,2040,spring,5,SOL,GSOL_01,2025,ELC,90.099193
NZ,shungnak,electric,2040,spring,5,WND,GWND_01,2030,ELC,5646.541
NZ,shungnak,electric,2040,spring,5,WND,GWND_01,2035,ELC,4487.7121
NZ,shungnak,electric,2040,spring,5,WND,GWND_01,2040,ELC,2823.2705
NZ,shungnak,electric,2040,spring,6,ELC,ELECT,2040,ELECD,17702.963
NZ,shungnak,electric,2040,spring,6,HYD,GHYD_01,2030,ELC,2741.0766
NZ,shungnak,electric,2040,spring,6,SOL,GSOL_01,2025,ELC,302.59729
NZ,shungnak,electric,2040,spring,6,SOL,GSOL_01,2030,ELC,406.06185
NZ,shungnak,electric,2040,spring,6,WND,GWND_01,2030,ELC,5701.2909
NZ,shungnak,electric,2040,spring,6,WND,GWND_01,2035,ELC,5701.2909
NZ,shungnak,electric,2040,spring,6,WND,GWND_01,2040,ELC,2850.6454
NZ,shungnak,electric,2040,spring,7,ELC,ELECT,2030,ELECD,19434.775
NZ,shungnak,electric,2040,spring,7,HYD,GHYD_01,2030,ELC,4270.4932
NZ,shungnak,electric,2040,spring,7,SOL,GSOL_01,2025,ELC,972.39129
NZ,shungnak,electric,2040,spring,7,SOL,GSOL_01,2030,ELC,1304.8729
NZ,shungnak,electric,2040,spring,7,SOL,GSOL_01,2035,ELC,613.82868
NZ,shungnak,electric,2040,spring,7,WND,GWND_01,2030,ELC,5469.5162
NZ,shungnak,electric,2040,spring,7,WND,GWND_01,2035,ELC,5469.5162
NZ,shungnak,electric,2040,spring,7,WND,GWND_01,2040,ELC,1334.156
NZ,shungnak,electric,2040,spring,8,ELC,ELECT,2030,ELECD,23090.821
NZ,shungnak,electric,2040,spring,8,HYD,GHYD_01,2030,ELC,4270.4932
NZ,shungnak,electric,2040,spring,8,SOL,GSOL_01,2025,ELC,2264.3797
NZ,shungnak,electric,2040,spring,8,SOL,GSOL_01,2030,ELC,887.00334
NZ,shungnak,electric,2040,spring,8,SOL,GSOL_01,2035,ELC,1429.4053
NZ,shungnak,electric,2040,spring,8,WND,GWND_01,2030,ELC,5695.8159
NZ,shungnak,electric,2040,spring,8,WND,GWND_01,2035,ELC,5695.8159
NZ,shungnak,electric,2040,spring,8,WND,GWND_01,2040,ELC,2847.9079
NZ,shungnak,electric,2040,spring,9,ELC,ELECT,2040,ELECD,23668.092
NZ,shungnak,electric,2040,spring,9,HYD,GHYD_01,2030,ELC,3584.7528
NZ,shungnak,electric,2040,spring,9,SOL,GSOL_01,2025,ELC,4188.7625
NZ,shungnak,electric,2040,spring,9,SOL,GSOL_01,2030,ELC,5620.991
NZ,shungnak,electric,2040,spring,9,SOL,GSOL_01,2035,ELC,2644.1851
NZ,shungnak,electric,2040,spring,9,WND,GWND_01,2030,ELC,5086.2669
NZ,shungnak,electric,2040,spring,9,WND,GWND_01,2040,ELC,2543.1334
NZ,shungnak,electric,2040,summer,0,ELC,ELECT,2040,ELECD,13084.799
NZ,shungnak,electric,2040,summer,0,HYD,GHYD_01,2030,ELC,10853.623
NZ,shungnak,electric,2040,summer,0,SOL,GSOL_01,2025,ELC,16.999848
NZ,shungnak,electric,2040,summer,0,SOL,GSOL_01,2030,ELC,22.812463
NZ,shungnak,electric,2040,summer,0,SOL,GSOL_01,2035,ELC,10.731271
NZ,shungnak,electric,2040,summer,0,WND,GWND_01,2030,ELC,1290.2729
NZ,shungnak,electric,2040,summer,0,WND,GWND_01,2035,ELC,1290.2729
NZ,shungnak,electric,2040,summer,0,WND,GWND_01,2040,ELC,645.13647
NZ,shungnak,electric,2040,summer,1,ELC,ELECT,2040,ELECD,11930.258
NZ,shungnak,electric,2040,summer,1,HYD,GHYD_01,2030,ELC,10853.623
NZ,shungnak,electric,2040,summer,1,WND,GWND_01,2030,ELC,1020.1734
NZ,shungnak,electric,2040,summer,1,WND,GWND_01,2035,ELC,1020.1734
NZ,shungnak,electric,2040,summer,1,WND,GWND_01,2040,ELC,510.08668
NZ,shungnak,electric,2040,summer,10,ELC,ELECT,2030,ELECD,14624.187
NZ,shungnak,electric,2040,summer,10,HYD,GHYD_01,2030,ELC,10853.623
NZ,shungnak,electric,2040,summer,10,SOL,GSOL_01,2025,ELC,5400.8516
NZ,shungnak,electric,2040,summer,10,SOL,GSOL_01,2030,ELC,7247.5197
NZ,shungnak,electric,2040,summer,10,SOL,GSOL_01,2035,ELC,3409.3247
NZ,shungnak,electric,2040,summer,10,WND,GWND_01,2030,ELC,875.9986
NZ,shungnak,electric,2040,summer,10,WND,GWND_01,2035,ELC,875.9986
NZ,shungnak,electric,2040,summer,10,WND,GWND_01,2040,ELC,437.9993
NZ,shungnak,electric,2040,summer,11,ELC,ELECT,2030,ELECD,15009.034
NZ,shungnak,electric,2040,summer,11,HYD,GHYD_01,2030,ELC,10853.623
NZ,shungnak,electric,2040,summer,11,SOL,GSOL_01,2025,ELC,6448.0423
NZ,shungnak,electric,2040,summer,11,SOL,GSOL_01,2030,ELC,8652.7674
NZ,shungnak,electric,2040,summer,11,SOL,GSOL_01,2035,ELC,4070.371
NZ,shungnak,electric,2040,summer,11,WND,GWND_01,2030,ELC,762.84878
NZ,shungnak,electric,2040,summer,11,WND,GWND_01,2035,ELC,762.84878
NZ,shungnak,electric,2040,summer,11,WND,GWND_01,2040,ELC,381.42439
NZ,shungnak,electric,2040,summer,12,ELC,ELECT,2030,ELECD,14624.187
NZ,shungnak,electric,2040,summer,12,HYD,GHYD_01,2030,ELC,10853.623
NZ,shungnak,electric,2040,summer,12,SOL,GSOL_01,2025,ELC,7219.8354
NZ,shungnak,electric,2040,summer,12,SOL,GSOL_01,2030,ELC,9688.4532
NZ,shungnak,electric,2040,summer,12,SOL,GSOL_01,2035,ELC,4557.5706
NZ,shungnak,electric,2040,summer,12,WND,GWND_01,2030,ELC,751.8988
NZ,shungnak,electric,2040,summer,12,WND,GWND_01,2035,ELC,751.8988
NZ,shungnak,electric,2040,summer,12,WND,GWND_01,2040,ELC,375.9494
NZ,shungnak,electric,2040,summer,13,ELC,ELECT,2040,ELECD,14431.763
NZ,shungnak,electric,2040,summer,13,HYD,GHYD_01,2030,ELC,10853.623
NZ,shungnak,electric,2040,summer,13,SOL,GSOL_01,2025,ELC,7593.832
NZ,shungnak,electric,2040,summer,13,SOL,GSOL_01,2030,ELC,10190.327
NZ,shungnak,electric,2040,summer,13,SOL,GSOL_01,2035,ELC,4793.6586
NZ,shungnak,electric,2040,summer,13,WND,GWND_01,2030,ELC,797.52372
NZ,shungnak,electric,2040,summer,13,WND,GWND_01,2035,ELC,797.52372
NZ,shungnak,electric,2040,summer,13,WND,GWND_01,2040,ELC,398.76186
NZ,shungnak,electric,2040,summer,14,ELC,ELECT,2035,ELECD,14239.34
NZ,shungnak,electric,2040,summer,14,HYD,GHYD_01,2030,ELC,10853.623
NZ,shungnak,electric,2040,summer,14,SOL,GSOL_01,2025,ELC,7804.6301
NZ,shungnak,electric,2040,summer,14,SOL,GSOL_01,2030,ELC,10473.202
NZ,shungnak,electric,2040,summer,14,SOL,GSOL_01,2035,ELC,4926.7264
NZ,shungnak,electric,2040,summer,14,WND,GWND_01,2030,ELC,865.04862
NZ,shungnak,electric,2040,summer,14,WND,GWND_01,2035,ELC,865.04862
NZ,shungnak,electric,2040,summer,14,WND,GWND_01,2040,ELC,432.52431
NZ,shungnak,electric,2040,summer,15,ELC,ELECT,2040,ELECD,14816.61
NZ,shungnak,electric,2040,summer,15,HYD,GHYD_01,2030,ELC,10853.623
NZ,shungnak,electric,2040,summer,15,SOL,GSOL_01,2025,ELC,7031.1371
NZ,shungnak,electric,2040,summer,15,SOL,GSOL_01,2030,ELC,9435.2349
NZ,shungnak,electric,2040,summer,15,SOL,GSOL_01,2035,ELC,4438.4535
NZ,shungnak,electric,2040,summer,15,WND,GWND_01,2030,ELC,766.49877
NZ,shungnak,electric,2040,summer,15,WND,GWND_01,2035,ELC,766.49877
NZ,shungnak,electric,2040,summer,15,WND,GWND_01,2040,ELC,383.24939
NZ,shungnak,electric,2040,summer,16,ELC,ELECT,2035,ELECD,16548.422
NZ,shungnak,electric,2040,summer,16,HYD,GHYD_01,2030,ELC,10853.623
NZ,shungnak,electric,2040,summer,16,SOL,GSOL_01,2025,ELC,6480.342
NZ,shungnak,electric,2040,summer,16,SOL,GSOL_01,2030,ELC,8696.1111
NZ,shungnak,electric,2040,summer,16,SOL,GSOL_01,2035,ELC,4090.7604
NZ,shungnak,electric,2040,summer,16,WND,GWND_01,2030,ELC,625.974
NZ,shungnak,electric,2040,summer,16,WND,GWND_01,2035,ELC,625.974
NZ,shungnak,electric,2040,summer,16,WND,GWND_01,2040,ELC,312.987
NZ,shungnak,electric,2040,summer,17,ELC,ELECT,2040,ELECD,16933.269
NZ,shungnak,electric,2040,summer,17,HYD,GHYD_01,2030,ELC,10853.623
NZ,shungnak,electric,2040,summer,17,SOL,GSOL_01,2025,ELC,5375.3519
NZ,shungnak,electric,2040,summer,17,SOL,GSOL_01,2030,ELC,7213.301
NZ,shungnak,electric,2040,summer,17,SOL,GSOL_01,2035,ELC,3393.2278
NZ,shungnak,electric,2040,summer,17,WND,GWND_01,2030,ELC,697.14888
NZ,shungnak,electric,2040,summer,17,WND,GWND_01,2035,ELC,697.14888
NZ,shungnak,electric,2040,summer,17,WND,GWND_01,2040,ELC,348.57444
NZ,shungnak,electric,2040,summer,18,ELC,ELECT,2030,ELECD,15201.457
NZ,shungnak,electric,2040,summer,18,HYD,GHYD_01,2030,ELC,10853.623
NZ,shungnak,electric,2040,summer,18,SOL,GSOL_01,2025,ELC,3833.4657
NZ,shungnak,electric,2040,summer,18,SOL,GSOL_01,2030,ELC,5144.2105
NZ,shungnak,electric,2040,summer,18,SOL,GSOL_01,2035,ELC,2419.9015
NZ,shungnak,electric,2040,summer,18,WND,GWND_01,2030,ELC,925.27352
NZ,shungnak,electric,2040,summer,18,WND,GWND_01,2035,ELC,925.27352
NZ,shungnak,electric,2040,summer,18,WND,GWND_01,2040,ELC,462.63676
NZ,shungnak,electric,2040,summer,19,ELC,ELECT,2035,ELECD,14816.61
NZ,shungnak,electric,2040,summer,19,HYD,GHYD_01,2030,ELC,10853.623
NZ,shungnak,electric,2040,summer,19,SOL,GSOL_01,2025,ELC,2233.78
NZ,shungnak,electric,2040,summer,19,SOL,GSOL_01,2030,ELC,2997.5577
NZ,shungnak,electric,2040,summer,19,SOL,GSOL_01,2035,ELC,1410.089
NZ,shungnak,electric,2040,summer,19,WND,GWND_01,2030,ELC,799.34872
NZ,shungnak,electric,2040,summer,19,WND,GWND_01,2035,ELC,799.34872
NZ,shungnak,electric,2040,summer,19,WND,GWND_01,2040,ELC,399.67436
NZ,shungnak,electric,2040,summer,2,ELC,ELECT,2040,ELECD,11737.834
NZ,shungnak,electric,2040,summer,2,HYD,GHYD_01,2030,ELC,10853.623
NZ,shungnak,electric,2040,summer,2,WND,GWND_01,2030,ELC,934.3985
NZ,shungnak,electric,2040,summer,2,WND,GWND_01,2035,ELC,934.3985
NZ,shungnak,electric,2040,summer,2,WND,GWND_01,2040,ELC,467.19925
NZ,shungnak,electric,2040,summer,20,ELC,ELECT,2030,ELECD,14816.61
NZ,shungnak,electric,2040,summer,20,HYD,GHYD_01,2030,ELC,10853.623
NZ,shungnak,electric,2040,summer,20,SOL,GSOL_01,2025,ELC,1157.6896
NZ,shungnak,electric,2040,summer,20,SOL,GSOL_01,2030,ELC,1553.5288
NZ,shungnak,electric,2040,summer,20,SOL,GSOL_01,2035,ELC,730.79953
NZ,shungnak,electric,2040,summer,20,WND,GWND_01,2030,ELC,985.49842
NZ,shungnak,electric,2040,summer,20,WND,GWND_01,2035,ELC,985.49842
NZ,shungnak,electric,2040,summer,20,WND,GWND_01,2040,ELC,492.74921
NZ,shungnak,electric,2040,summer,21,ELC,ELECT,2040,ELECD,13662.069
NZ,shungnak,electric,2040,summer,21,HYD,GHYD_01,2030,ELC,10853.623
NZ,shungnak,electric,2040,summer,21,SOL,GSOL_01,2025,ELC,526.99528
NZ,shungnak,electric,2040,summer,21,SOL,GSOL_01,2030,ELC,707.18637
NZ,shungnak,electric,2040,summer,21,SOL,GSOL_01,2035,ELC,332.66939
NZ,shungnak,electric,2040,summer,21,WND,GWND_01,2030,ELC,1419.8477
NZ,shungnak,electric,2040,summer,21,WND,GWND_01,2035,ELC,1419.8477
NZ,shungnak,electric,2040,summer,21,WND,GWND_01,2040,ELC,709.92386
NZ,shungnak,electric,2040,summer,22,ELC,ELECT,2030,ELECD,13662.069
NZ,shungnak,electric,2040,summer,22,HYD,GHYD_01,2030,ELC,10853.623
NZ,shungnak,electric,2040,summer,22,SOL,GSOL_01,2025,ELC,317.89715
NZ,shungnak,electric,2040,summer,22,SOL,GSOL_01,2030,ELC,426.59307
NZ,shungnak,electric,2040,summer,22,SOL,GSOL_01,2035,ELC,200.67476
NZ,shungnak,electric,2040,summer,22,WND,GWND_01,2030,ELC,1385.1728
NZ,shungnak,electric,2040,summer,22,WND,GWND_01,2035,ELC,1385.1728
NZ,shungnak,electric,2040,summer,22,WND,GWND_01,2040,ELC,692.58639
NZ,shungnak,electric,2040,summer,23,ELC,ELECT,2035,ELECD,13469.646
NZ,shungnak,electric,2040,summer,23,HYD,GHYD_01,2030,ELC,10853.623
NZ,shungnak,electric,2040,summer,23,SOL,GSOL_01,2025,ELC,93.499163
NZ,shungnak,electric,2040,summer,23,SOL,GSOL_01,2030,ELC,125.46855
NZ,shungnak,electric,2040,summer,23,SOL,GSOL_01,2035,ELC,59.021989
NZ,shungnak,electric,2040,summer,23,WND,GWND_01,2030,ELC,1520.2226
NZ,shungnak,electric,2040,summer,23,WND,GWND_01,2035,ELC,1520.2226
NZ,shungnak,electric,2040,summer,23,WND,GWND_01,2040,ELC,760.11128
NZ,shungnak,electric,2040,summer,3,ELC,ELECT,2040,ELECD,10968.14
NZ,shungnak,electric,2040,summer,3,HYD,GHYD_01,2030,ELC,10853.623
NZ,shungnak,electric,2040,summer,3,SOL,GSOL_01,2025,ELC,20.399817
NZ,shungnak,electric,2040,summer,3,SOL,GSOL_01,2030,ELC,27.374956
NZ,shungnak,electric,2040,summer,3,SOL,GSOL_01,2035,ELC,12.877525
NZ,shungnak,electric,2040,summer,3,WND,GWND_01,2030,ELC,1067.6233
NZ,shungnak,electric,2040,summer,3,WND,GWND_01,2035,ELC,1067.6233
NZ,shungnak,electric,2040,summer,3,WND,GWND_01,2040,ELC,533.81165
NZ,shungnak,electric,2040,summer,4,ELC,ELECT,2040,ELECD,10775.717
NZ,shungnak,electric,2040,summer,4,HYD,GHYD_01,2030,ELC,10853.623
NZ,shungnak,electric,2040,summer,4,SOL,GSOL_01,2025,ELC,130.89883
NZ,shungnak,electric,2040,summer,4,SOL,GSOL_01,2030,ELC,175.65597
NZ,shungnak,electric,2040,summer,4,SOL,GSOL_01,2035,ELC,82.630784
NZ,shungnak,electric,2040,summer,4,WND,GWND_01,2030,ELC,1091.3483
NZ,shungnak,electric,2040,summer,4,WND,GWND_01,2035,ELC,1091.3483
NZ,shungnak,electric,2040,summer,4,WND,GWND_01,2040,ELC,545.67413
NZ,shungnak,electric,2040,summer,5,ELC,ELECT,2035,ELECD,10775.717
NZ,shungnak,electric,2040,summer,5,HYD,GHYD_01,2030,ELC,10853.623
NZ,shungnak,electric,2040,summer,5,SOL,GSOL_01,2025,ELC,253.29773
NZ,shungnak,electric,2040,summer,5,SOL,GSOL_01,2030,ELC,339.90571
NZ,shungnak,electric,2040,summer,5,SOL,GSOL_01,2035,ELC,159.89593
NZ,shungnak,electric,2040,summer,5,WND,GWND_01,2030,ELC,1131.4982
NZ,shungnak,electric,2040,summer,5,WND,GWND_01,2035,ELC,1131.4982
NZ,shungnak,electric,2040,summer,5,WND,GWND_01,2040,ELC,565.74909
NZ,shungnak,electric,2040,summer,6,ELC,ELECT,2030,ELECD,11545.411
NZ,shungnak,electric,2040,summer,6,HYD,GHYD_01,2030,ELC,10853.623
NZ,shungnak,electric,2040,summer,6,SOL,GSOL_01,2025,ELC,642.59425
NZ,shungnak,electric,2040,summer,6,SOL,GSOL_01,2030,ELC,862.31112
NZ,shungnak,electric,2040,summer,6,SOL,GSOL_01,2035,ELC,405.64203
NZ,shungnak,electric,2040,summer,6,WND,GWND_01,2030,ELC,1014.6984
NZ,shungnak,electric,2040,summer,6,WND,GWND_01,2035,ELC,1014.6984
NZ,shungnak,electric,2040,summer,6,WND,GWND_01,2040,ELC,507.34919
NZ,shungnak,electric,2040,summer,7,ELC,ELECT,2030,ELECD,11737.834
NZ,shungnak,electric,2040,summer,7,HYD,GHYD_01,2030,ELC,10853.623
NZ,shungnak,electric,2040,summer,7,SOL,GSOL_01,2025,ELC,1538.4862
NZ,shungnak,electric,2040,summer,7,SOL,GSOL_01,2030,ELC,2064.5279
NZ,shungnak,electric,2040,summer,7,SOL,GSOL_01,2035,ELC,971.17999
NZ,shungnak,electric,2040,summer,7,WND,GWND_01,2030,ELC,843.14865
NZ,shungnak,electric,2040,summer,7,WND,GWND_01,2035,ELC,843.14865
NZ,shungnak,electric,2040,summer,7,WND,GWND_01,2040,ELC,421.57433
NZ,shungnak,electric,2040,summer,8,ELC,ELECT,2030,ELECD,12122.681
NZ,shungnak,electric,2040,summer,8,HYD,GHYD_01,2030,ELC,10853.623
NZ,shungnak,electric,2040,summer,8,SOL,GSOL_01,2025,ELC,3014.073
NZ,shungnak,electric,2040,summer,8,SOL,GSOL_01,2030,ELC,4044.6498
NZ,shungnak,electric,2040,summer,8,SOL,GSOL_01,2035,ELC,1902.6543
NZ,shungnak,electric,2040,summer,8,WND,GWND_01,2030,ELC,866.87361
NZ,shungnak,electric,2040,summer,8,WND,GWND_01,2035,ELC,866.87361
NZ,shungnak,electric,2040,summer,8,WND,GWND_01,2040,ELC,433.43681
NZ,shungnak,electric,2040,summer,9,ELC,ELECT,2030,ELECD,12507.528
NZ,shungnak,electric,2040,summer,9,HYD,GHYD_01,2030,ELC,10853.623
NZ,shungnak,electric,2040,summer,9,SOL,GSOL_01,2025,ELC,4117.3631
NZ,shungnak,electric,2040,summer,9,SOL,GSOL_01,2030,ELC,5525.1787
NZ,shungnak,electric,2040,summer,9,SOL,GSOL_01,2035,ELC,2599.1138
NZ,shungnak,electric,2040,summer,9,WND,GWND_01,2030,ELC,812.1237
NZ,shungnak,electric,2040,summer,9,WND,GWND_01,2035,ELC,812.1237
NZ,shungnak,electric,2040,summer,9,WND,GWND_01,2040,ELC,406.06185
NZ,shungnak,electric,2040,winter,0,ELC,EBATT_01,2040,ELC,7141.2113
NZ,shungnak,electric,2040,winter,0,ELC,ELECT,2030,ELECD,21936.28
NZ,shungnak,electric,2040,winter,0,HYD,GHYD_01,2030,ELC,1011.7784
NZ,shungnak,electric,2040,winter,0,WND,GWND_01,2030,ELC,5513.3162
NZ,shungnak,electric,2040,winter,0,WND,GWND_01,2035,ELC,5513.3162
NZ,shungnak,electric,2040,winter,0,WND,GWND_01,2040,ELC,2756.6581
NZ,shungnak,electric,2040,winter,1,ELC,EBATT_01,2040,ELC,6679.6007
NZ,shungnak,electric,2040,winter,1,ELC,ELECT,2035,ELECD,21743.857
NZ,shungnak,electric,2040,winter,1,HYD,GHYD_01,2030,ELC,1011.7784
NZ,shungnak,electric,2040,winter,1,WND,GWND_01,2030,ELC,5620.991
NZ,shungnak,electric,2040,winter,1,WND,GWND_01,2035,ELC,5620.991
NZ,shungnak,electric,2040,winter,1,WND,GWND_01,2040,ELC,2810.4955
NZ,shungnak,electric,2040,winter,10,ELC,EBATT_01,2035,ELC,12689.831
NZ,shungnak,electric,2040,winter,10,ELC,ELECT,2040,ELECD,27901.409
NZ,shungnak,electric,2040,winter,10,HYD,GHYD_01,2030,ELC,1011.7784
NZ,shungnak,electric,2040,winter,10,SOL,GSOL_01,2025,ELC,193.79826
NZ,shungnak,electric,2040,winter,10,SOL,GSOL_01,2030,ELC,260.06208
NZ,shungnak,electric,2040,winter,10,SOL,GSOL_01,2035,ELC,122.33649
NZ,shungnak,electric,2040,winter,10,WND,GWND_01,2030,ELC,5449.4413
NZ,shungnak,electric,2040,winter,10,WND,GWND_01,2035,ELC,5449.4413
NZ,shungnak,electric,2040,winter,10,WND,GWND_01,2040,ELC,2724.7206
NZ,shungnak,electric,2040,winter,11,ELC,EBATT_01,2030,ELC,12290.358
NZ,shungnak,electric,2040,winter,11,ELC,ELECT,2035,ELECD,28863.526
NZ,shungnak,electric,2040,winter,11,HYD,GHYD_01,2030,ELC,1011.7784
NZ,shungnak,electric,2040,winter,11,SOL,GSOL_01,2025,ELC,657.89411
NZ,shungnak,electric,2040,winter,11,SOL,GSOL_01,2030,ELC,882.84234
NZ,shungnak,electric,2040,winter,11,SOL,GSOL_01,2035,ELC,415.30017
NZ,shungnak,electric,2040,winter,11,WND,GWND_01,2030,ELC,5442.1413
NZ,shungnak,electric,2040,winter,11,WND,GWND_01,2035,ELC,5442.1413
NZ,shungnak,electric,2040,winter,11,WND,GWND_01,2040,ELC,2721.0706
NZ,shungnak,electric,2040,winter,12,ELC,EBATT_01,2035,ELC,9847.2509
NZ,shungnak,electric,2040,winter,12,ELC,ELECT,2030,ELECD,28478.679
NZ,shungnak,electric,2040,winter,12,HYD,GHYD_01,2030,ELC,1011.7784
NZ,shungnak,electric,2040,winter,12,SOL,GSOL_01,2025,ELC,1164.4896
NZ,shungnak,electric,2040,winter,12,SOL,GSOL_01,2030,ELC,1562.6537
NZ,shungnak,electric,2040,winter,12,SOL,GSOL_01,2035,ELC,735.09204
NZ,shungnak,electric,2040,winter,12,WND,GWND_01,2030,ELC,5662.9659
NZ,shungnak,electric,2040,winter,12,WND,GWND_01,2035,ELC,5662.9659
NZ,shungnak,electric,2040,winter,12,WND,GWND_01,2040,ELC,2831.483
NZ,shungnak,electric,2040,winter,13,ELC,EBATT_01,2035,ELC,7489.2161
NZ,shungnak,electric,2040,winter,13,ELC,ELECT,2040,ELECD,27708.985
NZ,shungnak,electric,2040,winter,13,HYD,GHYD_01,2030,ELC,1011.7784
NZ,shungnak,electric,2040,winter,13,SOL,GSOL_01,2025,ELC,1497.6866
NZ,shungnak,electric,2040,winter,13,SOL,GSOL_01,2030,ELC,2009.778
NZ,shungnak,electric,2040,winter,13,SOL,GSOL_01,2035,ELC,945.42494
NZ,shungnak,electric,2040,winter,13,WND,GWND_01,2030,ELC,5902.0406
NZ,shungnak,electric,2040,winter,13,WND,GWND_01,2035,ELC,5902.0406
NZ,shungnak,electric,2040,winter,13,WND,GWND_01,2040,ELC,2951.0203
NZ,shungnak,electric,2040,winter,14,ELC,EBATT_01,2035,ELC,7648.1045
NZ,shungnak,electric,2040,winter,14,ELC,ELECT,2030,ELECD,27516.562
NZ,shungnak,electric,2040,winter,14,HYD,GHYD_01,2030,ELC,1011.7784
NZ,shungnak,electric,2040,winter,14,SOL,GSOL_01,2025,ELC,1497.6866
NZ,shungnak,electric,2040,winter,14,SOL,GSOL_01,2030,ELC,2009.778
NZ,shungnak,electric,2040,winter,14,SOL,GSOL_01,2035,ELC,945.42494
NZ,shungnak,electric,2040,winter,14,WND,GWND_01,2030,ELC,5761.5158
NZ,shungnak,electric,2040,winter,14,WND,GWND_01,2035,ELC,5761.5158
NZ,shungnak,electric,2040,winter,14,WND,GWND_01,2040,ELC,2880.7579
NZ,shungnak,electric,2040,winter,15,ELC,EBATT_01,2040,ELC,7157.9553
NZ,shungnak,electric,2040,winter,15,ELC,ELECT,2035,ELECD,26169.597
NZ,shungnak,electric,2040,winter,15,HYD,GHYD_01,2030,ELC,1011.7784
NZ,shungnak,electric,2040,winter,15,SOL,GSOL_01,2025,ELC,1106.6901
NZ,shungnak,electric,2040,winter,15,SOL,GSOL_01,2030,ELC,1485.0914
NZ,shungnak,electric,2040,winter,15,SOL,GSOL_01,2035,ELC,698.60572
NZ,shungnak,electric,2040,winter,15,WND,GWND_01,2030,ELC,5883.7906
NZ,shungnak,electric,2040,winter,15,WND,GWND_01,2035,ELC,5883.7906
NZ,shungnak,electric,2040,winter,15,WND,GWND_01,2040,ELC,2941.8953
NZ,shungnak,electric,2040,winter,16,ELC,EBATT_01,2035,ELC,10225.556
NZ,shungnak,electric,2040,winter,16,ELC,ELECT,2030,ELECD,27516.562
NZ,shungnak,electric,2040,winter,16,HYD,GHYD_01,2030,ELC,1011.7784
NZ,shungnak,electric,2040,winter,16,SOL,GSOL_01,2025,ELC,600.09463
NZ,shungnak,electric,2040,winter,16,SOL,GSOL_01,2030,ELC,805.27996
NZ,shungnak,electric,2040,winter,16,SOL,GSOL_01,2035,ELC,378.81385
NZ,shungnak,electric,2040,winter,16,WND,GWND_01,2030,ELC,5798.0157
NZ,shungnak,electric,2040,winter,16,WND,GWND_01,2035,ELC,5798.0157
NZ,shungnak,electric,2040,winter,16,WND,GWND_01,2040,ELC,2899.0079
NZ,shungnak,electric,2040,winter,17,ELC,EBATT_01,2030,ELC,13147.086
NZ,shungnak,electric,2040,winter,17,ELC,EBATT_01,2035,ELC,851.94036
NZ,shungnak,electric,2040,winter,17,ELC,ELECT,2035,ELECD,29633.221
NZ,shungnak,electric,2040,winter,17,HYD,GHYD_01,2030,ELC,1011.7784
NZ,shungnak,electric,2040,winter,17,SOL,GSOL_01,2025,ELC,156.3986
NZ,shungnak,electric,2040,winter,17,SOL,GSOL_01,2030,ELC,209.87466
NZ,shungnak,electric,2040,winter,17,SOL,GSOL_01,2035,ELC,98.72769
NZ,shungnak,electric,2040,winter,17,WND,GWND_01,2030,ELC,5662.9659
NZ,shungnak,electric,2040,winter,17,WND,GWND_01,2035,ELC,5662.9659
NZ,shungnak,electric,2040,winter,17,WND,GWND_01,2040,ELC,2831.483
NZ,shungnak,electric,2040,winter,18,ELC,EBATT_01,2040,ELC,14796.904
NZ,shungnak,electric,2040,winter,18,ELC,ELECT,2030,ELECD,29825.644
NZ,shungnak,electric,2040,winter,18,HYD,GHYD_01,2030,ELC,1011.7784
NZ,shungnak,electric,2040,winter,18,SOL,GSOL_01,2025,ELC,3.3999696
NZ,shungnak,electric,2040,winter,18,SOL,GSOL_01,2030,ELC,4.5624927
NZ,shungnak,electric,2040,winter,18,SOL,GSOL_01,2035,ELC,2.1462541
NZ,shungnak,electric,2040,winter,18,WND,GWND_01,2030,ELC,5602.741
NZ,shungnak,electric,2040,winter,18,WND,GWND_01,2035,ELC,5602.741
NZ,shungnak,electric,2040,winter,18,WND,GWND_01,2040,ELC,2801.3705
NZ,shungnak,electric,2040,winter,19,ELC,EBATT_01,2035,ELC,10766.918
NZ,shungnak,electric,2040,winter,19,ELC,ELECT,2030,ELECD,25977.174
NZ,shungnak,electric,2040,winter,19,HYD,GHYD_01,2030,ELC,1011.7784
NZ,shungnak,electric,2040,winter,19,WND,GWND_01,2030,ELC,5679.3909
NZ,shungnak,electric,2040,winter,19,WND,GWND_01,2035,ELC,5679.3909
NZ,shungnak,electric,2040,winter,19,WND,GWND_01,2040,ELC,2839.6955
NZ,shungnak,electric,2040,winter,2,ELC,EBATT_01,2030,ELC,7369.3359
NZ,shungnak,electric,2040,winter,2,ELC,ELECT,2030,ELECD,21936.28
NZ,shungnak,electric,2040,winter,2,HYD,GHYD_01,2030,ELC,1011.7784
NZ,shungnak,electric,2040,winter,2,WND,GWND_01,2030,ELC,5422.0663
NZ,shungnak,electric,2040,winter,2,WND,GWND_01,2035,ELC,5422.0663
NZ,shungnak,electric,2040,winter,2,WND,GWND_01,2040,ELC,2711.0332
NZ,shungnak,electric,2040,winter,20,ELC,EBATT_01,2035,ELC,10808.779
NZ,shungnak,electric,2040,winter,20,ELC,ELECT,2040,ELECD,26169.597
NZ,shungnak,electric,2040,winter,20,HYD,GHYD_01,2030,ELC,1011.7784
NZ,shungnak,electric,2040,winter,20,WND,GWND_01,2030,ELC,5739.6158
NZ,shungnak,electric,2040,winter,20,WND,GWND_01,2035,ELC,5739.6158
NZ,shungnak,electric,2040,winter,20,WND,GWND_01,2040,ELC,2869.8079
NZ,shungnak,electric,2040,winter,21,ELC,EBATT_01,2035,ELC,8772.8785
NZ,shungnak,electric,2040,winter,21,ELC,ELECT,2035,ELECD,24822.633
NZ,shungnak,electric,2040,winter,21,HYD,GHYD_01,2030,ELC,1011.7784
NZ,shungnak,electric,2040,winter,21,WND,GWND_01,2030,ELC,6015.1904
NZ,shungnak,electric,2040,winter,21,WND,GWND_01,2035,ELC,6015.1904
NZ,shungnak,electric,2040,winter,21,WND,GWND_01,2040,ELC,3007.5952
NZ,shungnak,electric,2040,winter,22,ELC,EBATT_01,2030,ELC,7325.6283
NZ,shungnak,electric,2040,winter,22,ELC,EBATT_01,2035,ELC,403.00777
NZ,shungnak,electric,2040,winter,22,ELC,ELECT,2035,ELECD,23860.515
NZ,shungnak,electric,2040,winter,22,HYD,GHYD_01,2030,ELC,1011.7784
NZ,shungnak,electric,2040,winter,22,WND,GWND_01,2030,ELC,6048.0403
NZ,shungnak,electric,2040,winter,22,WND,GWND_01,2035,ELC,6048.0403
NZ,shungnak,electric,2040,winter,22,WND,GWND_01,2040,ELC,3024.0202
NZ,shungnak,electric,2040,winter,23,ELC,EBATT_01,2040,ELC,6240.8026
NZ,shungnak,electric,2040,winter,23,ELC,ELECT,2040,ELECD,21551.433
NZ,shungnak,electric,2040,winter,23,HYD,GHYD_01,2030,ELC,1011.7784
NZ,shungnak,electric,2040,winter,23,WND,GWND_01,2030,ELC,5719.5408
NZ,shungnak,electric,2040,winter,23,WND,GWND_01,2035,ELC,5719.5408
NZ,shungnak,electric,2040,winter,23,WND,GWND_01,2040,ELC,2859.7704
NZ,shungnak,electric,2040,winter,3,ELC,EBATT_01,2040,ELC,6917.4188
NZ,shungnak,electric,2040,winter,3,ELC,ELECT,2040,ELECD,20781.739
NZ,shungnak,electric,2040,winter,3,HYD,GHYD_01,2030,ELC,1011.7784
NZ,shungnak,electric,2040,winter,3,WND,GWND_01,2030,ELC,5141.0168
NZ,shungnak,electric,2040,winter,3,WND,GWND_01,2035,ELC,5141.0168
NZ,shungnak,electric,2040,winter,3,WND,GWND_01,2040,ELC,2570.5084
NZ,shungnak,electric,2040,winter,4,ELC,EBATT_01,2030,ELC,6398.6618
NZ,shungnak,electric,2040,winter,4,ELC,ELECT,2030,ELECD,20012.045
NZ,shungnak,electric,2040,winter,4,HYD,GHYD_01,2030,ELC,1011.7784
NZ,shungnak,electric,2040,winter,4,WND,GWND_01,2030,ELC,5040.6419
NZ,shungnak,electric,2040,winter,4,WND,GWND_01,2035,ELC,5040.6419
NZ,shungnak,electric,2040,winter,4,WND,GWND_01,2040,ELC,2520.321
NZ,shungnak,electric,2040,winter,5,ELC,EBATT_01,2035,ELC,6308.2108
NZ,shungnak,electric,2040,winter,5,ELC,ELECT,2030,ELECD,20204.469
NZ,shungnak,electric,2040,winter,5,HYD,GHYD_01,2030,ELC,1011.7784
NZ,shungnak,electric,2040,winter,5,WND,GWND_01,2030,ELC,5153.7918
NZ,shungnak,electric,2040,winter,5,WND,GWND_01,2035,ELC,5153.7918
NZ,shungnak,electric,2040,winter,5,WND,GWND_01,2040,ELC,2576.8959
NZ,shungnak,electric,2040,winter,6,ELC,EBATT_01,2040,ELC,6592.683
NZ,shungnak,electric,2040,winter,6,ELC,ELECT,2030,ELECD,20589.316
NZ,shungnak,electric,2040,winter,6,HYD,GHYD_01,2030,ELC,1011.7784
NZ,shungnak,electric,2040,winter,6,WND,GWND_01,2030,ELC,5193.9417
NZ,shungnak,electric,2040,winter,6,WND,GWND_01,2035,ELC,5193.9417
NZ,shungnak,electric,2040,winter,6,WND,GWND_01,2040,ELC,2596.9708
NZ,shungnak,electric,2040,winter,7,ELC,EBATT_01,2030,ELC,6057.2737
NZ,shungnak,electric,2040,winter,7,ELC,ELECT,2035,ELECD,20204.469
NZ,shungnak,electric,2040,winter,7,HYD,GHYD_01,2030,ELC,1011.7784
NZ,shungnak,electric,2040,winter,7,WND,GWND_01,2030,ELC,5254.1666
NZ,shungnak,electric,2040,winter,7,WND,GWND_01,2035,ELC,5254.1666
NZ,shungnak,electric,2040,winter,7,WND,GWND_01,2040,ELC,2627.0833
NZ,shungnak,electric,2040,winter,8,ELC,EBATT_01,2040,ELC,7757.9466
NZ,shungnak,electric,2040,winter,8,ELC,ELECT,2040,ELECD,22128.704
NZ,shungnak,electric,2040,winter,8,HYD,GHYD_01,2030,ELC,1011.7784
NZ,shungnak,electric,2040,winter,8,WND,GWND_01,2030,ELC,5343.5915
NZ,shungnak,electric,2040,winter,8,WND,GWND_01,2035,ELC,5343.5915
NZ,shungnak,electric,2040,winter,8,WND,GWND_01,2040,ELC,2671.7957
NZ,shungnak,electric,2040,winter,9,ELC,EBATT_01,2040,ELC,10890.904
NZ,shungnak,electric,2040,winter,9,ELC,ELECT,2030,ELECD,26169.597
NZ,shungnak,electric,2040,winter,9,HYD,GHYD_01,2030,ELC,1011.7784
NZ,shungnak,electric,2040,winter,9,WND,GWND_01,2030,ELC,5706.7659
NZ,shungnak,electric,2040,winter,9,WND,GWND_01,2035,ELC,5706.7659
NZ,shungnak,electric,2040,winter,9,WND,GWND_01,2040,ELC,2853.3829
NZ,shungnak,electric,2045,fall,0,ELC,ELECT,2040,ELECD,16988.08
NZ,shungnak,electric,2045,fall,0,HYD,GHYD_01,2030,ELC,6057.5303
NZ,shungnak,electric,2045,fall,0,WND,GWND_01,2030,ELC,5398.3414
NZ,shungnak,electric,2045,fall,0,WND,GWND_01,2035,ELC,5398.3414
NZ,shungnak,electric,2045,fall,0,WND,GWND_01,2040,ELC,2699.1707
NZ,shungnak,electric,2045,fall,1,ELC,ELECT,2040,ELECD,17392.558
NZ,shungnak,electric,2045,fall,1,HYD,GHYD_01,2030,ELC,6057.5303
NZ,shungnak,electric,2045,fall,1,WND,GWND_01,2030,ELC,5522.4412
NZ,shungnak,electric,2045,fall,1,WND,GWND_01,2035,ELC,5522.4412
NZ,shungnak,electric,2045,fall,1,WND,GWND_01,2040,ELC,2761.2206
NZ,shungnak,electric,2045,fall,10,ELC,EBATT_01,2040,ELC,1631.0122
NZ,shungnak,electric,2045,fall,10,ELC,ELECT,2040,ELECD,25077.641
NZ,shungnak,electric,2045,fall,10,HYD,GHYD_01,2030,ELC,6057.5303
NZ,shungnak,electric,2045,fall,10,SOL,GSOL_01,2025,ELC,1337.888
NZ,shungnak,electric,2045,fall,10,SOL,GSOL_01,2030,ELC,1795.3409
NZ,shungnak,electric,2045,fall,10,SOL,GSOL_01,2035,ELC,844.551
NZ,shungnak,electric,2045,fall,10,SOL,GSOL_01,2045,ELC,312.40235
NZ,shungnak,electric,2045,fall,10,WND,GWND_01,2030,ELC,5239.5666
NZ,shungnak,electric,2045,fall,10,WND,GWND_01,2035,ELC,5239.5666
NZ,shungnak,electric,2045,fall,10,WND,GWND_01,2040,ELC,2619.7833
NZ,shungnak,electric,2045,fall,11,ELC,EBATT_01,2035,ELC,90.962785
NZ,shungnak,electric,2045,fall,11,ELC,ELECT,2045,ELECD,26897.793
NZ,shungnak,electric,2045,fall,11,HYD,GHYD_01,2030,ELC,6057.5303
NZ,shungnak,electric,2045,fall,11,SOL,GSOL_01,2025,ELC,2424.1783
NZ,shungnak,electric,2045,fall,11,SOL,GSOL_01,2030,ELC,3253.0573
NZ,shungnak,electric,2045,fall,11,SOL,GSOL_01,2035,ELC,1530.2792
NZ,shungnak,electric,2045,fall,11,SOL,GSOL_01,2045,ELC,566.0556
NZ,shungnak,electric,2045,fall,11,WND,GWND_01,2030,ELC,5190.2917
NZ,shungnak,electric,2045,fall,11,WND,GWND_01,2035,ELC,5190.2917
NZ,shungnak,electric,2045,fall,11,WND,GWND_01,2040,ELC,2595.1458
NZ,shungnak,electric,2045,fall,12,ELC,ELECT,2030,ELECD,24875.402
NZ,shungnak,electric,2045,fall,12,HYD,GHYD_01,2030,ELC,6057.5303
NZ,shungnak,electric,2045,fall,12,SOL,GSOL_01,2025,ELC,2991.9732
NZ,shungnak,electric,2045,fall,12,SOL,GSOL_01,2030,ELC,4014.9936
NZ,shungnak,electric,2045,fall,12,SOL,GSOL_01,2035,ELC,1888.7036
NZ,shungnak,electric,2045,fall,12,SOL,GSOL_01,2045,ELC,698.63805
NZ,shungnak,electric,2045,fall,12,WND,GWND_01,2030,ELC,5217.6667
NZ,shungnak,electric,2045,fall,12,WND,GWND_01,2035,ELC,5217.6667
NZ,shungnak,electric,2045,fall,12,WND,GWND_01,2040,ELC,2608.8333
NZ,shungnak,electric,2045,fall,13,ELC,ELECT,2045,ELECD,24673.163
NZ,shungnak,electric,2045,fall,13,HYD,GHYD_01,2030,ELC,6057.5303
NZ,shungnak,electric,2045,fall,13,SOL,GSOL_01,2025,ELC,3292.8705
NZ,shungnak,electric,2045,fall,13,SOL,GSOL_01,2030,ELC,4418.7742
NZ,shungnak,electric,2045,fall,13,SOL,GSOL_01,2035,ELC,2078.6471
NZ,shungnak,electric,2045,fall,13,SOL,GSOL_01,2045,ELC,768.89881
NZ,shungnak,electric,2045,fall,13,WND,GWND_01,2030,ELC,5188.4667
NZ,shungnak,electric,2045,fall,13,WND,GWND_01,2035,ELC,5188.4667
NZ,shungnak,electric,2045,fall,13,WND,GWND_01,2040,ELC,2594.2333
NZ,shungnak,electric,2045,fall,14,ELC,ELECT,2035,ELECD,25482.119
NZ,shungnak,electric,2045,fall,14,HYD,GHYD_01,2030,ELC,6057.5303
NZ,shungnak,electric,2045,fall,14,SOL,GSOL_01,2025,ELC,3109.2722
NZ,shungnak,electric,2045,fall,14,SOL,GSOL_01,2030,ELC,4172.3996
NZ,shungnak,electric,2045,fall,14,SOL,GSOL_01,2035,ELC,1962.7494
NZ,shungnak,electric,2045,fall,14,SOL,GSOL_01,2045,ELC,726.02784
NZ,shungnak,electric,2045,fall,14,WND,GWND_01,2030,ELC,5259.6416
NZ,shungnak,electric,2045,fall,14,WND,GWND_01,2035,ELC,5259.6416
NZ,shungnak,electric,2045,fall,14,WND,GWND_01,2040,ELC,2629.8208
NZ,shungnak,electric,2045,fall,15,ELC,ELECT,2040,ELECD,21437.339
NZ,shungnak,electric,2045,fall,15,HYD,GHYD_01,2030,ELC,6057.5303
NZ,shungnak,electric,2045,fall,15,SOL,GSOL_01,2025,ELC,2594.1768
NZ,shungnak,electric,2045,fall,15,SOL,GSOL_01,2030,ELC,3481.1819
NZ,shungnak,electric,2045,fall,15,SOL,GSOL_01,2035,ELC,1637.5919
NZ,shungnak,electric,2045,fall,15,SOL,GSOL_01,2045,ELC,605.75094
NZ,shungnak,electric,2045,fall,15,WND,GWND_01,2030,ELC,5137.3668
NZ,shungnak,electric,2045,fall,15,WND,GWND_01,2035,ELC,5137.3668
NZ,shungnak,electric,2045,fall,15,WND,GWND_01,2040,ELC,2568.6834
NZ,shungnak,electric,2045,fall,16,ELC,ELECT,2040,ELECD,24875.402
NZ,shungnak,electric,2045,fall,16,HYD,GHYD_01,2030,ELC,6057.5303
NZ,shungnak,electric,2045,fall,16,SOL,GSOL_01,2025,ELC,1790.084
NZ,shungnak,electric,2045,fall,16,SOL,GSOL_01,2030,ELC,2402.1524
NZ,shungnak,electric,2045,fall,16,SOL,GSOL_01,2035,ELC,1130.0028
NZ,shungnak,electric,2045,fall,16,SOL,GSOL_01,2045,ELC,417.99197
NZ,shungnak,electric,2045,fall,16,WND,GWND_01,2030,ELC,5423.8913
NZ,shungnak,electric,2045,fall,16,WND,GWND_01,2035,ELC,5423.8913
NZ,shungnak,electric,2045,fall,16,WND,GWND_01,2040,ELC,2711.9457
NZ,shungnak,electric,2045,fall,17,ELC,EBATT_01,2035,ELC,2037.182
NZ,shungnak,electric,2045,fall,17,ELC,ELECT,2045,ELECD,24673.163
NZ,shungnak,electric,2045,fall,17,HYD,GHYD_01,2030,ELC,6057.5303
NZ,shungnak,electric,2045,fall,17,SOL,GSOL_01,2025,ELC,904.3919
NZ,shungnak,electric,2045,fall,17,SOL,GSOL_01,2030,ELC,1213.6231
NZ,shungnak,electric,2045,fall,17,SOL,GSOL_01,2035,ELC,570.9036
NZ,shungnak,electric,2045,fall,17,SOL,GSOL_01,2045,ELC,211.17923
NZ,shungnak,electric,2045,fall,17,WND,GWND_01,2030,ELC,5471.3412
NZ,shungnak,electric,2045,fall,17,WND,GWND_01,2035,ELC,5471.3412
NZ,shungnak,electric,2045,fall,17,WND,GWND_01,2040,ELC,2735.6706
NZ,shungnak,electric,2045,fall,18,ELC,EBATT_01,2040,ELC,3163.7727
NZ,shungnak,electric,2045,fall,18,ELC,ELECT,2030,ELECD,23257.49
NZ,shungnak,electric,2045,fall,18,HYD,GHYD_01,2030,ELC,6057.5303
NZ,shungnak,electric,2045,fall,18,SOL,GSOL_01,2025,ELC,317.89715
NZ,shungnak,electric,2045,fall,18,SOL,GSOL_01,2030,ELC,426.59307
NZ,shungnak,electric,2045,fall,18,SOL,GSOL_01,2035,ELC,200.67476
NZ,shungnak,electric,2045,fall,18,SOL,GSOL_01,2045,ELC,74.230293
NZ,shungnak,electric,2045,fall,18,WND,GWND_01,2030,ELC,5206.7167
NZ,shungnak,electric,2045,fall,18,WND,GWND_01,2035,ELC,5206.7167
NZ,shungnak,electric,2045,fall,18,WND,GWND_01,2040,ELC,2603.3583
NZ,shungnak,electric,2045,fall,19,ELC,ELECT,2030,ELECD,18201.514
NZ,shungnak,electric,2045,fall,19,HYD,GHYD_01,2030,ELC,6057.5303
NZ,shungnak,electric,2045,fall,19,SOL,GSOL_01,2025,ELC,78.1993
NZ,shungnak,electric,2045,fall,19,SOL,GSOL_01,2030,ELC,104.93733
NZ,shungnak,electric,2045,fall,19,SOL,GSOL_01,2035,ELC,49.363845
NZ,shungnak,electric,2045,fall,19,SOL,GSOL_01,2045,ELC,18.259858
NZ,shungnak,electric,2045,fall,19,WND,GWND_01,2030,ELC,5146.4918
NZ,shungnak,electric,2045,fall,19,WND,GWND_01,2035,ELC,5146.4918
NZ,shungnak,electric,2045,fall,19,WND,GWND_01,2040,ELC,2573.2459
NZ,shungnak,electric,2045,fall,2,ELC,ELECT,2030,ELECD,16785.841
NZ,shungnak,electric,2045,fall,2,HYD,GHYD_01,2030,ELC,6057.5303
NZ,shungnak,electric,2045,fall,2,WND,GWND_01,2030,ELC,5560.7661
NZ,shungnak,electric,2045,fall,2,WND,GWND_01,2035,ELC,5560.7661
NZ,shungnak,electric,2045,fall,2,WND,GWND_01,2040,ELC,2780.3831
NZ,shungnak,electric,2045,fall,20,ELC,EBATT_01,2040,ELC,4157.689
NZ,shungnak,electric,2045,fall,20,ELC,ELECT,2040,ELECD,23257.49
NZ,shungnak,electric,2045,fall,20,HYD,GHYD_01,2030,ELC,6057.5303
NZ,shungnak,electric,2045,fall,20,SOL,GSOL_01,2025,ELC,5.0999543
NZ,shungnak,electric,2045,fall,20,SOL,GSOL_01,2030,ELC,6.843739
NZ,shungnak,electric,2045,fall,20,SOL,GSOL_01,2035,ELC,3.2193812
NZ,shungnak,electric,2045,fall,20,SOL,GSOL_01,2045,ELC,1.1908603
NZ,shungnak,electric,2045,fall,20,WND,GWND_01,2030,ELC,5210.3667
NZ,shungnak,electric,2045,fall,20,WND,GWND_01,2035,ELC,5210.3667
NZ,shungnak,electric,2045,fall,20,WND,GWND_01,2040,ELC,2605.1833
NZ,shungnak,electric,2045,fall,21,ELC,EBATT_01,2035,ELC,3733.1594
NZ,shungnak,electric,2045,fall,21,ELC,ELECT,2030,ELECD,22246.295
NZ,shungnak,electric,2045,fall,21,HYD,GHYD_01,2030,ELC,6057.5303
NZ,shungnak,electric,2045,fall,21,WND,GWND_01,2030,ELC,4982.242
NZ,shungnak,electric,2045,fall,21,WND,GWND_01,2035,ELC,4982.242
NZ,shungnak,electric,2045,fall,21,WND,GWND_01,2040,ELC,2491.121
NZ,shungnak,electric,2045,fall,22,ELC,EBATT_01,2045,ELC,1307.6858
NZ,shungnak,electric,2045,fall,22,ELC,ELECT,2040,ELECD,20628.382
NZ,shungnak,electric,2045,fall,22,HYD,GHYD_01,2030,ELC,6057.5303
NZ,shungnak,electric,2045,fall,22,WND,GWND_01,2030,ELC,5305.2665
NZ,shungnak,electric,2045,fall,22,WND,GWND_01,2035,ELC,5305.2665
NZ,shungnak,electric,2045,fall,22,WND,GWND_01,2040,ELC,2652.6333
NZ,shungnak,electric,2045,fall,23,ELC,EBATT_01,2045,ELC,147.51209
NZ,shungnak,electric,2045,fall,23,ELC,ELECT,2035,ELECD,19212.709
NZ,shungnak,electric,2045,fall,23,HYD,GHYD_01,2030,ELC,6057.5303
NZ,shungnak,electric,2045,fall,23,WND,GWND_01,2030,ELC,5203.0667
NZ,shungnak,electric,2045,fall,23,WND,GWND_01,2035,ELC,5203.0667
NZ,shungnak,electric,2045,fall,23,WND,GWND_01,2040,ELC,2601.5333
NZ,shungnak,electric,2045,fall,3,ELC,ELECT,2045,ELECD,16583.602
NZ,shungnak,electric,2045,fall,3,HYD,GHYD_01,2030,ELC,6057.5303
NZ,shungnak,electric,2045,fall,3,WND,GWND_01,2030,ELC,5485.9412
NZ,shungnak,electric,2045,fall,3,WND,GWND_01,2035,ELC,5485.9412
NZ,shungnak,electric,2045,fall,3,WND,GWND_01,2040,ELC,2742.9706
NZ,shungnak,electric,2045,fall,4,ELC,ELECT,2030,ELECD,16179.123
NZ,shungnak,electric,2045,fall,4,HYD,GHYD_01,2030,ELC,6057.5303
NZ,shungnak,electric,2045,fall,4,WND,GWND_01,2030,ELC,5330.8165
NZ,shungnak,electric,2045,fall,4,WND,GWND_01,2035,ELC,5330.8165
NZ,shungnak,electric,2045,fall,4,WND,GWND_01,2040,ELC,2665.4082
NZ,shungnak,electric,2045,fall,5,ELC,ELECT,2035,ELECD,16583.602
NZ,shungnak,electric,2045,fall,5,HYD,GHYD_01,2030,ELC,6057.5303
NZ,shungnak,electric,2045,fall,5,WND,GWND_01,2030,ELC,5516.9662
NZ,shungnak,electric,2045,fall,5,WND,GWND_01,2035,ELC,5516.9662
NZ,shungnak,electric,2045,fall,5,WND,GWND_01,2040,ELC,2758.4831
NZ,shungnak,electric,2045,fall,6,ELC,ELECT,2045,ELECD,17797.036
NZ,shungnak,electric,2045,fall,6,HYD,GHYD_01,2030,ELC,6057.5303
NZ,shungnak,electric,2045,fall,6,WND,GWND_01,2030,ELC,5418.4163
NZ,shungnak,electric,2045,fall,6,WND,GWND_01,2035,ELC,5418.4163
NZ,shungnak,electric,2045,fall,6,WND,GWND_01,2040,ELC,2709.2082
NZ,shungnak,electric,2045,fall,7,ELC,ELECT,2040,ELECD,19414.948
NZ,shungnak,electric,2045,fall,7,HYD,GHYD_01,2030,ELC,6057.5303
NZ,shungnak,electric,2045,fall,7,SOL,GSOL_01,2025,ELC,30.599726
NZ,shungnak,electric,2045,fall,7,SOL,GSOL_01,2030,ELC,41.062434
NZ,shungnak,electric,2045,fall,7,SOL,GSOL_01,2035,ELC,19.316287
NZ,shungnak,electric,2045,fall,7,SOL,GSOL_01,2045,ELC,7.1451619
NZ,shungnak,electric,2045,fall,7,WND,GWND_01,2030,ELC,5401.9914
NZ,shungnak,electric,2045,fall,7,WND,GWND_01,2035,ELC,5401.9914
NZ,shungnak,electric,2045,fall,7,WND,GWND_01,2040,ELC,2700.9957
NZ,shungnak,electric,2045,fall,8,ELC,EBATT_01,2035,ELC,4072.3658
NZ,shungnak,electric,2045,fall,8,ELC,ELECT,2040,ELECD,24875.402
NZ,shungnak,electric,2045,fall,8,HYD,GHYD_01,2030,ELC,6057.5303
NZ,shungnak,electric,2045,fall,8,SOL,GSOL_01,2025,ELC,295.79735
NZ,shungnak,electric,2045,fall,8,SOL,GSOL_01,2030,ELC,396.93686
NZ,shungnak,electric,2045,fall,8,SOL,GSOL_01,2035,ELC,186.72411
NZ,shungnak,electric,2045,fall,8,SOL,GSOL_01,2045,ELC,69.069898
NZ,shungnak,electric,2045,fall,8,WND,GWND_01,2030,ELC,5518.7912
NZ,shungnak,electric,2045,fall,8,WND,GWND_01,2035,ELC,5518.7912
NZ,shungnak,electric,2045,fall,8,WND,GWND_01,2040,ELC,2759.3956
NZ,shungnak,electric,2045,fall,9,ELC,EBATT_01,2035,ELC,377.86236
NZ,shungnak,electric,2045,fall,9,ELC,EBATT_01,2045,ELC,3140.7193
NZ,shungnak,electric,2045,fall,9,ELC,ELECT,2045,ELECD,24875.402
NZ,shungnak,electric,2045,fall,9,HYD,GHYD_01,2030,ELC,6057.5303
NZ,shungnak,electric,2045,fall,9,SOL,GSOL_01,2025,ELC,630.69435
NZ,shungnak,electric,2045,fall,9,SOL,GSOL_01,2030,ELC,846.3424
NZ,shungnak,electric,2045,fall,9,SOL,GSOL_01,2035,ELC,398.13014
NZ,shungnak,electric,2045,fall,9,SOL,GSOL_01,2045,ELC,147.26972
NZ,shungnak,electric,2045,fall,9,WND,GWND_01,2030,ELC,5310.7415
NZ,shungnak,electric,2045,fall,9,WND,GWND_01,2035,ELC,5310.7415
NZ,shungnak,electric,2045,fall,9,WND,GWND_01,2040,ELC,2655.3708
NZ,shungnak,electric,2045,spring,0,ELC,EBATT_01,2040,ELC,1501.5046
NZ,shungnak,electric,2045,spring,0,ELC,EBATT_01,2045,ELC,21.025316
NZ,shungnak,electric,2045,spring,0,ELC,ELECT,2045,ELECD,18403.753
NZ,shungnak,electric,2045,spring,0,HYD,GHYD_01,2030,ELC,4270.4932
NZ,shungnak,electric,2045,spring,0,WND,GWND_01,2030,ELC,5044.2919
NZ,shungnak,electric,2045,spring,0,WND,GWND_01,2035,ELC,5044.2919
NZ,shungnak,electric,2045,spring,0,WND,GWND_01,2040,ELC,2522.146
NZ,shungnak,electric,2045,spring,1,ELC,EBATT_01,2045,ELC,1568.1549
NZ,shungnak,electric,2045,spring,1,ELC,ELECT,2040,ELECD,18403.753
NZ,shungnak,electric,2045,spring,1,HYD,GHYD_01,2030,ELC,4270.4932
NZ,shungnak,electric,2045,spring,1,WND,GWND_01,2030,ELC,5026.042
NZ,shungnak,electric,2045,spring,1,WND,GWND_01,2035,ELC,5026.042
NZ,shungnak,electric,2045,spring,1,WND,GWND_01,2040,ELC,2513.021
NZ,shungnak,electric,2045,spring,10,ELC,ELECT,2035,ELECD,26897.793
NZ,shungnak,electric,2045,spring,10,HYD,GHYD_01,2030,ELC,4270.4932
NZ,shungnak,electric,2045,spring,10,SOL,GSOL_01,2025,ELC,6034.946
NZ,shungnak,electric,2045,spring,10,SOL,GSOL_01,2030,ELC,8098.4245
NZ,shungnak,electric,2045,spring,10,SOL,GSOL_01,2035,ELC,3809.6011
NZ,shungnak,electric,2045,spring,10,SOL,GSOL_01,2045,ELC,1409.1847
NZ,shungnak,electric,2045,spring,10,WND,GWND_01,2030,ELC,5004.142
NZ,shungnak,electric,2045,spring,10,WND,GWND_01,2035,ELC,5004.142
NZ,shungnak,electric,2045,spring,10,WND,GWND_01,2040,ELC,2502.071
NZ,shungnak,electric,2045,spring,11,ELC,ELECT,2045,ELECD,27504.51
NZ,shungnak,electric,2045,spring,11,HYD,GHYD_01,2030,ELC,4270.4932
NZ,shungnak,electric,2045,spring,11,SOL,GSOL_01,2025,ELC,7507.1328
NZ,shungnak,electric,2045,spring,11,SOL,GSOL_01,2030,ELC,10073.984
NZ,shungnak,electric,2045,spring,11,SOL,GSOL_01,2035,ELC,4738.9291
NZ,shungnak,electric,2045,spring,11,SOL,GSOL_01,2045,ELC,1752.9464
NZ,shungnak,electric,2045,spring,11,WND,GWND_01,2030,ELC,4730.3924
NZ,shungnak,electric,2045,spring,11,WND,GWND_01,2035,ELC,4730.3924
NZ,shungnak,electric,2045,spring,11,WND,GWND_01,2040,ELC,2365.1962
NZ,shungnak,electric,2045,spring,12,ELC,ELECT,2035,ELECD,26088.837
NZ,shungnak,electric,2045,spring,12,HYD,GHYD_01,2030,ELC,4270.4932
NZ,shungnak,electric,2045,spring,12,SOL,GSOL_01,2025,ELC,8202.4266
NZ,shungnak,electric,2045,spring,12,SOL,GSOL_01,2030,ELC,11007.014
NZ,shungnak,electric,2045,spring,12,SOL,GSOL_01,2035,ELC,5177.8381
NZ,shungnak,electric,2045,spring,12,SOL,GSOL_01,2045,ELC,1915.3003
NZ,shungnak,electric,2045,spring,12,WND,GWND_01,2030,ELC,4449.3429
NZ,shungnak,electric,2045,spring,12,WND,GWND_01,2035,ELC,4449.3429
NZ,shungnak,electric,2045,spring,12,WND,GWND_01,2040,ELC,2224.6714
NZ,shungnak,electric,2045,spring,13,ELC,ELECT,2045,ELECD,25077.641
NZ,shungnak,electric,2045,spring,13,HYD,GHYD_01,2030,ELC,4270.4932
NZ,shungnak,electric,2045,spring,13,SOL,GSOL_01,2025,ELC,8622.3228
NZ,shungnak,electric,2045,spring,13,SOL,GSOL_01,2030,ELC,11570.481
NZ,shungnak,electric,2045,spring,13,SOL,GSOL_01,2035,ELC,5442.9005
NZ,shungnak,electric,2045,spring,13,SOL,GSOL_01,2045,ELC,2013.3478
NZ,shungnak,electric,2045,spring,13,WND,GWND_01,2030,ELC,3900.0188
NZ,shungnak,electric,2045,spring,13,WND,GWND_01,2035,ELC,3900.0188
NZ,shungnak,electric,2045,spring,13,WND,GWND_01,2040,ELC,1950.0094
NZ,shungnak,electric,2045,spring,14,ELC,ELECT,2035,ELECD,25482.119
NZ,shungnak,electric,2045,spring,14,HYD,GHYD_01,2030,ELC,4270.4932
NZ,shungnak,electric,2045,spring,14,SOL,GSOL_01,2025,ELC,8588.3231
NZ,shungnak,electric,2045,spring,14,SOL,GSOL_01,2030,ELC,11524.857
NZ,shungnak,electric,2045,spring,14,SOL,GSOL_01,2035,ELC,5421.4379
NZ,shungnak,electric,2045,spring,14,SOL,GSOL_01,2045,ELC,2005.4088
NZ,shungnak,electric,2045,spring,14,WND,GWND_01,2030,ELC,3611.6692
NZ,shungnak,electric,2045,spring,14,WND,GWND_01,2035,ELC,3611.6692
NZ,shungnak,electric,2045,spring,14,WND,GWND_01,2040,ELC,1805.8346
NZ,shungnak,electric,2045,spring,15,ELC,ELECT,2035,ELECD,25279.88
NZ,shungnak,electric,2045,spring,15,HYD,GHYD_01,2030,ELC,4270.4932
NZ,shungnak,electric,2045,spring,15,SOL,GSOL_01,2025,ELC,8088.5276
NZ,shungnak,electric,2045,spring,15,SOL,GSOL_01,2030,ELC,10854.17
NZ,shungnak,electric,2045,spring,15,SOL,GSOL_01,2035,ELC,5105.9386
NZ,shungnak,electric,2045,spring,15,SOL,GSOL_01,2045,ELC,1888.7045
NZ,shungnak,electric,2045,spring,15,WND,GWND_01,2030,ELC,3691.9691
NZ,shungnak,electric,2045,spring,15,WND,GWND_01,2035,ELC,3691.9691
NZ,shungnak,electric,2045,spring,15,WND,GWND_01,2040,ELC,1845.9845
NZ,shungnak,electric,2045,spring,16,ELC,ELECT,2035,ELECD,26493.315
NZ,shungnak,electric,2045,spring,16,HYD,GHYD_01,2030,ELC,4270.4932
NZ,shungnak,electric,2045,spring,16,SOL,GSOL_01,2025,ELC,7024.3371
NZ,shungnak,electric,2045,spring,16,SOL,GSOL_01,2030,ELC,9426.1099
NZ,shungnak,electric,2045,spring,16,SOL,GSOL_01,2035,ELC,4434.161
NZ,shungnak,electric,2045,spring,16,SOL,GSOL_01,2045,ELC,1640.2116
NZ,shungnak,electric,2045,spring,16,WND,GWND_01,2030,ELC,3989.4436
NZ,shungnak,electric,2045,spring,16,WND,GWND_01,2035,ELC,3989.4436
NZ,shungnak,electric,2045,spring,16,WND,GWND_01,2040,ELC,1994.7218
NZ,shungnak,electric,2045,spring,17,ELC,ELECT,2045,ELECD,26493.315
NZ,shungnak,electric,2045,spring,17,HYD,GHYD_01,2030,ELC,4270.4932
NZ,shungnak,electric,2045,spring,17,SOL,GSOL_01,2025,ELC,5234.2531
NZ,shungnak,electric,2045,spring,17,SOL,GSOL_01,2030,ELC,7023.9575
NZ,shungnak,electric,2045,spring,17,SOL,GSOL_01,2035,ELC,3304.1582
NZ,shungnak,electric,2045,spring,17,SOL,GSOL_01,2045,ELC,1222.2196
NZ,shungnak,electric,2045,spring,17,WND,GWND_01,2030,ELC,4044.1935
NZ,shungnak,electric,2045,spring,17,WND,GWND_01,2035,ELC,4044.1935
NZ,shungnak,electric,2045,spring,17,WND,GWND_01,2040,ELC,2022.0968
NZ,shungnak,electric,2045,spring,18,ELC,EBATT_01,2045,ELC,214.26733
NZ,shungnak,electric,2045,spring,18,ELC,ELECT,2030,ELECD,25077.641
NZ,shungnak,electric,2045,spring,18,HYD,GHYD_01,2030,ELC,4270.4932
NZ,shungnak,electric,2045,spring,18,SOL,GSOL_01,2025,ELC,3172.1716
NZ,shungnak,electric,2045,spring,18,SOL,GSOL_01,2030,ELC,4256.8057
NZ,shungnak,electric,2045,spring,18,SOL,GSOL_01,2035,ELC,2002.4551
NZ,shungnak,electric,2045,spring,18,SOL,GSOL_01,2045,ELC,740.71511
NZ,shungnak,electric,2045,spring,18,WND,GWND_01,2030,ELC,4168.2933
NZ,shungnak,electric,2045,spring,18,WND,GWND_01,2035,ELC,4168.2933
NZ,shungnak,electric,2045,spring,18,WND,GWND_01,2040,ELC,2084.1467
NZ,shungnak,electric,2045,spring,19,ELC,EBATT_01,2035,ELC,765.51309
NZ,shungnak,electric,2045,spring,19,ELC,EBATT_01,2040,ELC,4075.231
NZ,shungnak,electric,2045,spring,19,ELC,ELECT,2035,ELECD,24268.685
NZ,shungnak,electric,2045,spring,19,HYD,GHYD_01,2030,ELC,4270.4932
NZ,shungnak,electric,2045,spring,19,SOL,GSOL_01,2025,ELC,1380.3876
NZ,shungnak,electric,2045,spring,19,SOL,GSOL_01,2030,ELC,1852.372
NZ,shungnak,electric,2045,spring,19,SOL,GSOL_01,2035,ELC,871.37918
NZ,shungnak,electric,2045,spring,19,SOL,GSOL_01,2045,ELC,322.32619
NZ,shungnak,electric,2045,spring,19,WND,GWND_01,2030,ELC,4292.3931
NZ,shungnak,electric,2045,spring,19,WND,GWND_01,2035,ELC,4292.3931
NZ,shungnak,electric,2045,spring,19,WND,GWND_01,2040,ELC,2146.1966
NZ,shungnak,electric,2045,spring,2,ELC,EBATT_01,2045,ELC,1051.1982
NZ,shungnak,electric,2045,spring,2,ELC,ELECT,2035,ELECD,17594.797
NZ,shungnak,electric,2045,spring,2,HYD,GHYD_01,2030,ELC,4270.4932
NZ,shungnak,electric,2045,spring,2,WND,GWND_01,2030,ELC,4909.2421
NZ,shungnak,electric,2045,spring,2,WND,GWND_01,2035,ELC,4909.2421
NZ,shungnak,electric,2045,spring,2,WND,GWND_01,2040,ELC,2454.6211
NZ,shungnak,electric,2045,spring,20,ELC,EBATT_01,2040,ELC,7823.8281
NZ,shungnak,electric,2045,spring,20,ELC,ELECT,2040,ELECD,25077.641
NZ,shungnak,electric,2045,spring,20,HYD,GHYD_01,2030,ELC,4270.4932
NZ,shungnak,electric,2045,spring,20,SOL,GSOL_01,2025,ELC,503.19549
NZ,shungnak,electric,2045,spring,20,SOL,GSOL_01,2030,ELC,675.24892
NZ,shungnak,electric,2045,spring,20,SOL,GSOL_01,2035,ELC,317.64561
NZ,shungnak,electric,2045,spring,20,SOL,GSOL_01,2045,ELC,117.49822
NZ,shungnak,electric,2045,spring,20,WND,GWND_01,2030,ELC,4547.8927
NZ,shungnak,electric,2045,spring,20,WND,GWND_01,2035,ELC,4547.8927
NZ,shungnak,electric,2045,spring,20,WND,GWND_01,2040,ELC,2273.9464
NZ,shungnak,electric,2045,spring,21,ELC,EBATT_01,2040,ELC,7601.3984
NZ,shungnak,electric,2045,spring,21,ELC,ELECT,2045,ELECD,23661.968
NZ,shungnak,electric,2045,spring,21,HYD,GHYD_01,2030,ELC,4270.4932
NZ,shungnak,electric,2045,spring,21,SOL,GSOL_01,2025,ELC,219.29804
NZ,shungnak,electric,2045,spring,21,SOL,GSOL_01,2030,ELC,294.28078
NZ,shungnak,electric,2045,spring,21,SOL,GSOL_01,2035,ELC,138.43339
NZ,shungnak,electric,2045,spring,21,SOL,GSOL_01,2045,ELC,51.206993
NZ,shungnak,electric,2045,spring,21,WND,GWND_01,2030,ELC,4434.7429
NZ,shungnak,electric,2045,spring,21,WND,GWND_01,2035,ELC,4434.7429
NZ,shungnak,electric,2045,spring,21,WND,GWND_01,2040,ELC,2217.3715
NZ,shungnak,electric,2045,spring,22,ELC,EBATT_01,2035,ELC,6138.712
NZ,shungnak,electric,2045,spring,22,ELC,ELECT,2035,ELECD,23055.251
NZ,shungnak,electric,2045,spring,22,HYD,GHYD_01,2030,ELC,4270.4932
NZ,shungnak,electric,2045,spring,22,SOL,GSOL_01,2025,ELC,84.999239
NZ,shungnak,electric,2045,spring,22,SOL,GSOL_01,2030,ELC,114.06232
NZ,shungnak,electric,2045,spring,22,SOL,GSOL_01,2035,ELC,53.656353
NZ,shungnak,electric,2045,spring,22,SOL,GSOL_01,2045,ELC,19.847672
NZ,shungnak,electric,2045,spring,22,WND,GWND_01,2030,ELC,4949.3921
NZ,shungnak,electric,2045,spring,22,WND,GWND_01,2035,ELC,4949.3921
NZ,shungnak,electric,2045,spring,22,WND,GWND_01,2040,ELC,2474.696
NZ,shungnak,electric,2045,spring,23,ELC,EBATT_01,2045,ELC,4498.8176
NZ,shungnak,electric,2045,spring,23,ELC,ELECT,2040,ELECD,21437.339
NZ,shungnak,electric,2045,spring,23,HYD,GHYD_01,2030,ELC,4270.4932
NZ,shungnak,electric,2045,spring,23,SOL,GSOL_01,2025,ELC,13.599878
NZ,shungnak,electric,2045,spring,23,SOL,GSOL_01,2030,ELC,18.249971
NZ,shungnak,electric,2045,spring,23,SOL,GSOL_01,2035,ELC,8.5850165
NZ,shungnak,electric,2045,spring,23,SOL,GSOL_01,2045,ELC,3.1756275
NZ,shungnak,electric,2045,spring,23,WND,GWND_01,2030,ELC,5049.7669
NZ,shungnak,electric,2045,spring,23,WND,GWND_01,2035,ELC,5049.7669
NZ,shungnak,electric,2045,spring,23,WND,GWND_01,2040,ELC,2524.8835
NZ,shungnak,electric,2045,spring,3,ELC,EBATT_01,2045,ELC,439.82419
NZ,shungnak,electric,2045,spring,3,ELC,ELECT,2045,ELECD,17594.797
NZ,shungnak,electric,2045,spring,3,HYD,GHYD_01,2030,ELC,4270.4932
NZ,shungnak,electric,2045,spring,3,WND,GWND_01,2030,ELC,5153.7918
NZ,shungnak,electric,2045,spring,3,WND,GWND_01,2035,ELC,5153.7918
NZ,shungnak,electric,2045,spring,3,WND,GWND_01,2040,ELC,2576.8959
NZ,shungnak,electric,2045,spring,4,ELC,ELECT,2030,ELECD,17797.036
NZ,shungnak,electric,2045,spring,4,HYD,GHYD_01,2030,ELC,4270.4932
NZ,shungnak,electric,2045,spring,4,SOL,GSOL_01,2025,ELC,20.399817
NZ,shungnak,electric,2045,spring,4,SOL,GSOL_01,2030,ELC,27.374956
NZ,shungnak,electric,2045,spring,4,SOL,GSOL_01,2035,ELC,12.877525
NZ,shungnak,electric,2045,spring,4,SOL,GSOL_01,2045,ELC,4.7634412
NZ,shungnak,electric,2045,spring,4,WND,GWND_01,2030,ELC,5407.4663
NZ,shungnak,electric,2045,spring,4,WND,GWND_01,2035,ELC,5407.4663
NZ,shungnak,electric,2045,spring,4,WND,GWND_01,2040,ELC,2703.7332
NZ,shungnak,electric,2045,spring,5,ELC,ELECT,2040,ELECD,18201.514
NZ,shungnak,electric,2045,spring,5,HYD,GHYD_01,2030,ELC,4270.4932
NZ,shungnak,electric,2045,spring,5,SOL,GSOL_01,2025,ELC,90.099193
NZ,shungnak,electric,2045,spring,5,SOL,GSOL_01,2030,ELC,120.90606
NZ,shungnak,electric,2045,spring,5,SOL,GSOL_01,2035,ELC,56.875734
NZ,shungnak,electric,2045,spring,5,SOL,GSOL_01,2045,ELC,21.038532
NZ,shungnak,electric,2045,spring,5,WND,GWND_01,2030,ELC,5646.541
NZ,shungnak,electric,2045,spring,5,WND,GWND_01,2035,ELC,5646.541
NZ,shungnak,electric,2045,spring,5,WND,GWND_01,2040,ELC,2823.2705
NZ,shungnak,electric,2045,spring,6,ELC,ELECT,2040,ELECD,18605.992
NZ,shungnak,electric,2045,spring,6,HYD,GHYD_01,2030,ELC,4270.4932
NZ,shungnak,electric,2045,spring,6,SOL,GSOL_01,2025,ELC,302.59729
NZ,shungnak,electric,2045,spring,6,SOL,GSOL_01,2030,ELC,406.06185
NZ,shungnak,electric,2045,spring,6,SOL,GSOL_01,2035,ELC,191.01662
NZ,shungnak,electric,2045,spring,6,SOL,GSOL_01,2045,ELC,70.657712
NZ,shungnak,electric,2045,spring,6,WND,GWND_01,2030,ELC,5701.2909
NZ,shungnak,electric,2045,spring,6,WND,GWND_01,2035,ELC,5701.2909
NZ,shungnak,electric,2045,spring,6,WND,GWND_01,2040,ELC,2850.6454
NZ,shungnak,electric,2045,spring,7,ELC,ELECT,2035,ELECD,20426.143
NZ,shungnak,electric,2045,spring,7,HYD,GHYD_01,2030,ELC,4270.4932
NZ,shungnak,electric,2045,spring,7,SOL,GSOL_01,2025,ELC,972.39129
NZ,shungnak,electric,2045,spring,7,SOL,GSOL_01,2030,ELC,1304.8729
NZ,shungnak,electric,2045,spring,7,SOL,GSOL_01,2035,ELC,613.82868
NZ,shungnak,electric,2045,spring,7,SOL,GSOL_01,2045,ELC,227.05737
NZ,shungnak,electric,2045,spring,7,WND,GWND_01,2030,ELC,5469.5162
NZ,shungnak,electric,2045,spring,7,WND,GWND_01,2035,ELC,5469.5162
NZ,shungnak,electric,2045,spring,7,WND,GWND_01,2040,ELC,2734.7581
NZ,shungnak,electric,2045,spring,8,ELC,ELECT,2035,ELECD,24268.685
NZ,shungnak,electric,2045,spring,8,HYD,GHYD_01,2030,ELC,4270.4932
NZ,shungnak,electric,2045,spring,8,SOL,GSOL_01,2025,ELC,2264.3797
NZ,shungnak,electric,2045,spring,8,SOL,GSOL_01,2030,ELC,3038.6201
NZ,shungnak,electric,2045,spring,8,SOL,GSOL_01,2035,ELC,1429.4053
NZ,shungnak,electric,2045,spring,8,SOL,GSOL_01,2045,ELC,528.74198
NZ,shungnak,electric,2045,spring,8,WND,GWND_01,2030,ELC,5695.8159
NZ,shungnak,electric,2045,spring,8,WND,GWND_01,2035,ELC,5695.8159
NZ,shungnak,electric,2045,spring,8,WND,GWND_01,2040,ELC,2847.9079
NZ,shungnak,electric,2045,spring,9,ELC,ELECT,2035,ELECD,24875.402
NZ,shungnak,electric,2045,spring,9,HYD,GHYD_01,2030,ELC,4270.4932
NZ,shungnak,electric,2045,spring,9,SOL,GSOL_01,2025,ELC,4188.7625
NZ,shungnak,electric,2045,spring,9,SOL,GSOL_01,2030,ELC,5620.991
NZ,shungnak,electric,2045,spring,9,SOL,GSOL_01,2035,ELC,2644.1851
NZ,shungnak,electric,2045,spring,9,SOL,GSOL_01,2045,ELC,978.09327
NZ,shungnak,electric,2045,spring,9,WND,GWND_01,2030,ELC,5086.2669
NZ,shungnak,electric,2045,spring,9,WND,GWND_01,2035,ELC,5086.2669
NZ,shungnak,electric,2045,spring,9,WND,GWND_01,2040,ELC,2543.1334
NZ,shungnak,electric,2045,summer,0,ELC,ELECT,2030,ELECD,13752.255
NZ,shungnak,electric,2045,summer,0,HYD,GHYD_01,2030,ELC,10853.623
NZ,shungnak,electric,2045,summer,0,SOL,GSOL_01,2025,ELC,16.999848
NZ,shungnak,electric,2045,summer,0,SOL,GSOL_01,2030,ELC,22.812463
NZ,shungnak,electric,2045,summer,0,SOL,GSOL_01,2035,ELC,10.731271
NZ,shungnak,electric,2045,summer,0,SOL,GSOL_01,2045,ELC,3.9695344
NZ,shungnak,electric,2045,summer,0,WND,GWND_01,2030,ELC,1290.2729
NZ,shungnak,electric,2045,summer,0,WND,GWND_01,2035,ELC,1290.2729
NZ,shungnak,electric,2045,summer,0,WND,GWND_01,2040,ELC,645.13647
NZ,shungnak,electric,2045,summer,1,ELC,ELECT,2040,ELECD,12538.821
NZ,shungnak,electric,2045,summer,1,HYD,GHYD_01,2030,ELC,10853.623
NZ,shungnak,electric,2045,summer,1,WND,GWND_01,2030,ELC,1020.1734
NZ,shungnak,electric,2045,summer,1,WND,GWND_01,2035,ELC,1020.1734
NZ,shungnak,electric,2045,summer,1,WND,GWND_01,2040,ELC,510.08668
NZ,shungnak,electric,2045,summer,10,ELC,ELECT,2040,ELECD,15370.167
NZ,shungnak,electric,2045,summer,10,HYD,GHYD_01,2030,ELC,10853.623
NZ,shungnak,electric,2045,summer,10,SOL,GSOL_01,2025,ELC,5400.8516
NZ,shungnak,electric,2045,summer,10,SOL,GSOL_01,2030,ELC,7247.5197
NZ,shungnak,electric,2045,summer,10,SOL,GSOL_01,2035,ELC,3409.3247
NZ,shungnak,electric,2045,summer,10,SOL,GSOL_01,2045,ELC,1261.1211
NZ,shungnak,electric,2045,summer,10,WND,GWND_01,2030,ELC,875.9986
NZ,shungnak,electric,2045,summer,10,WND,GWND_01,2035,ELC,875.9986
NZ,shungnak,electric,2045,summer,10,WND,GWND_01,2040,ELC,437.9993
NZ,shungnak,electric,2045,summer,11,ELC,ELECT,2040,ELECD,15774.645
NZ,shungnak,electric,2045,summer,11,HYD,GHYD_01,2030,ELC,10853.623
NZ,shungnak,electric,2045,summer,11,SOL,GSOL_01,2025,ELC,6448.0423
NZ,shungnak,electric,2045,summer,11,SOL,GSOL_01,2030,ELC,8652.7674
NZ,shungnak,electric,2045,summer,11,SOL,GSOL_01,2035,ELC,4070.371
NZ,shungnak,electric,2045,summer,11,SOL,GSOL_01,2045,ELC,1505.6444
NZ,shungnak,electric,2045,summer,11,WND,GWND_01,2030,ELC,762.84878
NZ,shungnak,electric,2045,summer,11,WND,GWND_01,2035,ELC,762.84878
NZ,shungnak,electric,2045,summer,11,WND,GWND_01,2040,ELC,381.42439
NZ,shungnak,electric,2045,summer,12,ELC,ELECT,2035,ELECD,15370.167
NZ,shungnak,electric,2045,summer,12,HYD,GHYD_01,2030,ELC,10853.623
NZ,shungnak,electric,2045,summer,12,SOL,GSOL_01,2025,ELC,7219.8354
NZ,shungnak,electric,2045,summer,12,SOL,GSOL_01,2030,ELC,9688.4532
NZ,shungnak,electric,2045,summer,12,SOL,GSOL_01,2035,ELC,4557.5706
NZ,shungnak,electric,2045,summer,12,SOL,GSOL_01,2045,ELC,1685.8612
NZ,shungnak,electric,2045,summer,12,WND,GWND_01,2030,ELC,751.8988
NZ,shungnak,electric,2045,summer,12,WND,GWND_01,2035,ELC,751.8988
NZ,shungnak,electric,2045,summer,12,WND,GWND_01,2040,ELC,375.9494
NZ,shungnak,electric,2045,summer,13,ELC,ELECT,2040,ELECD,15167.928
NZ,shungnak,electric,2045,summer,13,HYD,GHYD_01,2030,ELC,10853.623
NZ,shungnak,electric,2045,summer,13,SOL,GSOL_01,2025,ELC,7593.832
NZ,shungnak,electric,2045,summer,13,SOL,GSOL_01,2030,ELC,10190.327
NZ,shungnak,electric,2045,summer,13,SOL,GSOL_01,2035,ELC,4793.6586
NZ,shungnak,electric,2045,summer,13,SOL,GSOL_01,2045,ELC,1773.191
NZ,shungnak,electric,2045,summer,13,WND,GWND_01,2030,ELC,797.52372
NZ,shungnak,electric,2045,summer,13,WND,GWND_01,2035,ELC,797.52372
NZ,shungnak,electric,2045,summer,13,WND,GWND_01,2040,ELC,398.76186
NZ,shungnak,electric,2045,summer,14,ELC,ELECT,2045,ELECD,14965.689
NZ,shungnak,electric,2045,summer,14,HYD,GHYD_01,2030,ELC,10853.623
NZ,shungnak,electric,2045,summer,14,SOL,GSOL_01,2025,ELC,7804.6301
NZ,shungnak,electric,2045,summer,14,SOL,GSOL_01,2030,ELC,10473.202
NZ,shungnak,electric,2045,summer,14,SOL,GSOL_01,2035,ELC,4926.7264
NZ,shungnak,electric,2045,summer,14,SOL,GSOL_01,2045,ELC,1822.4132
NZ,shungnak,electric,2045,summer,14,WND,GWND_01,2030,ELC,865.04862
NZ,shungnak,electric,2045,summer,14,WND,GWND_01,2035,ELC,865.04862
NZ,shungnak,electric,2045,summer,14,WND,GWND_01,2040,ELC,432.52431
NZ,shungnak,electric,2045,summer,15,ELC,ELECT,2035,ELECD,15572.406
NZ,shungnak,electric,2045,summer,15,HYD,GHYD_01,2030,ELC,10853.623
NZ,shungnak,electric,2045,summer,15,SOL,GSOL_01,2025,ELC,7031.1371
NZ,shungnak,electric,2045,summer,15,SOL,GSOL_01,2030,ELC,9435.2349
NZ,shungnak,electric,2045,summer,15,SOL,GSOL_01,2035,ELC,4438.4535
NZ,shungnak,electric,2045,summer,15,SOL,GSOL_01,2045,ELC,1641.7994
NZ,shungnak,electric,2045,summer,15,WND,GWND_01,2030,ELC,766.49877
NZ,shungnak,electric,2045,summer,15,WND,GWND_01,2035,ELC,766.49877
NZ,shungnak,electric,2045,summer,15,WND,GWND_01,2040,ELC,383.24939
NZ,shungnak,electric,2045,summer,16,ELC,ELECT,2040,ELECD,17392.558
NZ,shungnak,electric,2045,summer,16,HYD,GHYD_01,2030,ELC,10853.623
NZ,shungnak,electric,2045,summer,16,SOL,GSOL_01,2025,ELC,6480.342
NZ,shungnak,electric,2045,summer,16,SOL,GSOL_01,2030,ELC,8696.1111
NZ,shungnak,electric,2045,summer,16,SOL,GSOL_01,2035,ELC,4090.7604
NZ,shungnak,electric,2045,summer,16,SOL,GSOL_01,2045,ELC,1513.1865
NZ,shungnak,electric,2045,summer,16,WND,GWND_01,2030,ELC,625.974
NZ,shungnak,electric,2045,summer,16,WND,GWND_01,2035,ELC,625.974
NZ,shungnak,electric,2045,summer,16,WND,GWND_01,2040,ELC,312.987
NZ,shungnak,electric,2045,summer,17,ELC,ELECT,2040,ELECD,17797.036
NZ,shungnak,electric,2045,summer,17,HYD,GHYD_01,2030,ELC,10853.623
NZ,shungnak,electric,2045,summer,17,SOL,GSOL_01,2025,ELC,5375.3519
NZ,shungnak,electric,2045,summer,17,SOL,GSOL_01,2030,ELC,7213.301
NZ,shungnak,electric,2045,summer,17,SOL,GSOL_01,2035,ELC,3393.2278
NZ,shungnak,electric,2045,summer,17,SOL,GSOL_01,2045,ELC,1255.1668
NZ,shungnak,electric,2045,summer,17,WND,GWND_01,2030,ELC,697.14888
NZ,shungnak,electric,2045,summer,17,WND,GWND_01,2035,ELC,697.14888
NZ,shungnak,electric,2045,summer,17,WND,GWND_01,2040,ELC,348.57444
NZ,shungnak,electric,2045,summer,18,ELC,ELECT,2040,ELECD,15976.884
NZ,shungnak,electric,2045,summer,18,HYD,GHYD_01,2030,ELC,10853.623
NZ,shungnak,electric,2045,summer,18,SOL,GSOL_01,2025,ELC,3833.4657
NZ,shungnak,electric,2045,summer,18,SOL,GSOL_01,2030,ELC,5144.2105
NZ,shungnak,electric,2045,summer,18,SOL,GSOL_01,2035,ELC,2419.9015
NZ,shungnak,electric,2045,summer,18,SOL,GSOL_01,2045,ELC,895.13
NZ,shungnak,electric,2045,summer,18,WND,GWND_01,2030,ELC,925.27352
NZ,shungnak,electric,2045,summer,18,WND,GWND_01,2035,ELC,925.27352
NZ,shungnak,electric,2045,summer,18,WND,GWND_01,2040,ELC,462.63676
NZ,shungnak,electric,2045,summer,19,ELC,ELECT,2040,ELECD,15572.406
NZ,shungnak,electric,2045,summer,19,HYD,GHYD_01,2030,ELC,10853.623
NZ,shungnak,electric,2045,summer,19,SOL,GSOL_01,2025,ELC,2233.78
NZ,shungnak,electric,2045,summer,19,SOL,GSOL_01,2030,ELC,2997.5577
NZ,shungnak,electric,2045,summer,19,SOL,GSOL_01,2035,ELC,1410.089
NZ,shungnak,electric,2045,summer,19,SOL,GSOL_01,2045,ELC,521.59682
NZ,shungnak,electric,2045,summer,19,WND,GWND_01,2030,ELC,799.34872
NZ,shungnak,electric,2045,summer,19,WND,GWND_01,2035,ELC,799.34872
NZ,shungnak,electric,2045,summer,19,WND,GWND_01,2040,ELC,399.67436
NZ,shungnak,electric,2045,summer,2,ELC,ELECT,2035,ELECD,12336.582
NZ,shungnak,electric,2045,summer,2,HYD,GHYD_01,2030,ELC,10853.623
NZ,shungnak,electric,2045,summer,2,WND,GWND_01,2030,ELC,934.3985
NZ,shungnak,electric,2045,summer,2,WND,GWND_01,2035,ELC,934.3985
NZ,shungnak,electric,2045,summer,2,WND,GWND_01,2040,ELC,467.19925
NZ,shungnak,electric,2045,summer,20,ELC,ELECT,2045,ELECD,15572.406
NZ,shungnak,electric,2045,summer,20,HYD,GHYD_01,2030,ELC,10853.623
NZ,shungnak,electric,2045,summer,20,SOL,GSOL_01,2025,ELC,1157.6896
NZ,shungnak,electric,2045,summer,20,SOL,GSOL_01,2030,ELC,1553.5288
NZ,shungnak,electric,2045,summer,20,SOL,GSOL_01,2035,ELC,730.79953
NZ,shungnak,electric,2045,summer,20,SOL,GSOL_01,2045,ELC,270.32529
NZ,shungnak,electric,2045,summer,20,WND,GWND_01,2030,ELC,985.49842
NZ,shungnak,electric,2045,summer,20,WND,GWND_01,2035,ELC,985.49842
NZ,shungnak,electric,2045,summer,20,WND,GWND_01,2040,ELC,492.74921
NZ,shungnak,electric,2045,summer,21,ELC,ELECT,2045,ELECD,14358.972
NZ,shungnak,electric,2045,summer,21,HYD,GHYD_01,2030,ELC,10853.623
NZ,shungnak,electric,2045,summer,21,SOL,GSOL_01,2025,ELC,526.99528
NZ,shungnak,electric,2045,summer,21,SOL,GSOL_01,2030,ELC,707.18637
NZ,shungnak,electric,2045,summer,21,SOL,GSOL_01,2035,ELC,332.66939
NZ,shungnak,electric,2045,summer,21,SOL,GSOL_01,2045,ELC,123.05557
NZ,shungnak,electric,2045,summer,21,WND,GWND_01,2030,ELC,1419.8477
NZ,shungnak,electric,2045,summer,21,WND,GWND_01,2035,ELC,1419.8477
NZ,shungnak,electric,2045,summer,21,WND,GWND_01,2040,ELC,709.92386
NZ,shungnak,electric,2045,summer,22,ELC,ELECT,2045,ELECD,14358.972
NZ,shungnak,electric,2045,summer,22,HYD,GHYD_01,2030,ELC,10853.623
NZ,shungnak,electric,2045,summer,22,SOL,GSOL_01,2025,ELC,317.89715
NZ,shungnak,electric,2045,summer,22,SOL,GSOL_01,2030,ELC,426.59307
NZ,shungnak,electric,2045,summer,22,SOL,GSOL_01,2035,ELC,200.67476
NZ,shungnak,electric,2045,summer,22,SOL,GSOL_01,2045,ELC,74.230293
NZ,shungnak,electric,2045,summer,22,WND,GWND_01,2030,ELC,1385.1728
NZ,shungnak,electric,2045,summer,22,WND,GWND_01,2035,ELC,1385.1728
NZ,shungnak,electric,2045,summer,22,WND,GWND_01,2040,ELC,692.58639
NZ,shungnak,electric,2045,summer,23,ELC,ELECT,2035,ELECD,14156.733
NZ,shungnak,electric,2045,summer,23,HYD,GHYD_01,2030,ELC,10853.623
NZ,shungnak,electric,2045,summer,23,SOL,GSOL_01,2025,ELC,93.499163
NZ,shungnak,electric,2045,summer,23,SOL,GSOL_01,2030,ELC,125.46855
NZ,shungnak,electric,2045,summer,23,SOL,GSOL_01,2035,ELC,59.021989
NZ,shungnak,electric,2045,summer,23,SOL,GSOL_01,2045,ELC,21.832439
NZ,shungnak,electric,2045,summer,23,WND,GWND_01,2030,ELC,1520.2226
NZ,shungnak,electric,2045,summer,23,WND,GWND_01,2035,ELC,1520.2226
NZ,shungnak,electric,2045,summer,23,WND,GWND_01,2040,ELC,760.11128
NZ,shungnak,electric,2045,summer,3,ELC,ELECT,2045,ELECD,11527.625
NZ,shungnak,electric,2045,summer,3,HYD,GHYD_01,2030,ELC,10853.623
NZ,shungnak,electric,2045,summer,3,SOL,GSOL_01,2025,ELC,20.399817
NZ,shungnak,electric,2045,summer,3,SOL,GSOL_01,2030,ELC,27.374956
NZ,shungnak,electric,2045,summer,3,SOL,GSOL_01,2035,ELC,12.877525
NZ,shungnak,electric,2045,summer,3,SOL,GSOL_01,2045,ELC,4.7634412
NZ,shungnak,electric,2045,summer,3,WND,GWND_01,2030,ELC,1067.6233
NZ,shungnak,electric,2045,summer,3,WND,GWND_01,2035,ELC,1067.6233
NZ,shungnak,electric,2045,summer,3,WND,GWND_01,2040,ELC,533.81165
NZ,shungnak,electric,2045,summer,4,ELC,ELECT,2035,ELECD,11325.386
NZ,shungnak,electric,2045,summer,4,HYD,GHYD_01,2030,ELC,10853.623
NZ,shungnak,electric,2045,summer,4,SOL,GSOL_01,2025,ELC,130.89883
NZ,shungnak,electric,2045,summer,4,SOL,GSOL_01,2030,ELC,175.65597
NZ,shungnak,electric,2045,summer,4,SOL,GSOL_01,2035,ELC,82.630784
NZ,shungnak,electric,2045,summer,4,SOL,GSOL_01,2045,ELC,30.565415
NZ,shungnak,electric,2045,summer,4,WND,GWND_01,2030,ELC,1091.3483
NZ,shungnak,electric,2045,summer,4,WND,GWND_01,2035,ELC,1091.3483
NZ,shungnak,electric,2045,summer,4,WND,GWND_01,2040,ELC,545.67413
NZ,shungnak,electric,2045,summer,5,ELC,ELECT,2030,ELECD,11325.386
NZ,shungnak,electric,2045,summer,5,HYD,GHYD_01,2030,ELC,10853.623
NZ,shungnak,electric,2045,summer,5,SOL,GSOL_01,2025,ELC,253.29773
NZ,shungnak,electric,2045,summer,5,SOL,GSOL_01,2030,ELC,339.90571
NZ,shungnak,electric,2045,summer,5,SOL,GSOL_01,2035,ELC,159.89593
NZ,shungnak,electric,2045,summer,5,SOL,GSOL_01,2045,ELC,59.146062
NZ,shungnak,electric,2045,summer,5,WND,GWND_01,2030,ELC,1131.4982
NZ,shungnak,electric,2045,summer,5,WND,GWND_01,2035,ELC,1131.4982
NZ,shungnak,electric,2045,summer,5,WND,GWND_01,2040,ELC,565.74909
NZ,shungnak,electric,2045,summer,6,ELC,ELECT,2035,ELECD,12134.343
NZ,shungnak,electric,2045,summer,6,HYD,GHYD_01,2030,ELC,10853.623
NZ,shungnak,electric,2045,summer,6,SOL,GSOL_01,2025,ELC,642.59425
NZ,shungnak,electric,2045,summer,6,SOL,GSOL_01,2030,ELC,862.31112
NZ,shungnak,electric,2045,summer,6,SOL,GSOL_01,2035,ELC,405.64203
NZ,shungnak,electric,2045,summer,6,SOL,GSOL_01,2045,ELC,150.0484
NZ,shungnak,electric,2045,summer,6,WND,GWND_01,2030,ELC,1014.6984
NZ,shungnak,electric,2045,summer,6,WND,GWND_01,2035,ELC,1014.6984
NZ,shungnak,electric,2045,summer,6,WND,GWND_01,2040,ELC,507.34919
NZ,shungnak,electric,2045,summer,7,ELC,ELECT,2035,ELECD,12336.582
NZ,shungnak,electric,2045,summer,7,HYD,GHYD_01,2030,ELC,10853.623
NZ,shungnak,electric,2045,summer,7,SOL,GSOL_01,2025,ELC,1538.4862
NZ,shungnak,electric,2045,summer,7,SOL,GSOL_01,2030,ELC,2064.5279
NZ,shungnak,electric,2045,summer,7,SOL,GSOL_01,2035,ELC,971.17999
NZ,shungnak,electric,2045,summer,7,SOL,GSOL_01,2045,ELC,359.24286
NZ,shungnak,electric,2045,summer,7,WND,GWND_01,2030,ELC,843.14865
NZ,shungnak,electric,2045,summer,7,WND,GWND_01,2035,ELC,843.14865
NZ,shungnak,electric,2045,summer,7,WND,GWND_01,2040,ELC,421.57433
NZ,shungnak,electric,2045,summer,8,ELC,ELECT,2030,ELECD,12741.06
NZ,shungnak,electric,2045,summer,8,HYD,GHYD_01,2030,ELC,10853.623
NZ,shungnak,electric,2045,summer,8,SOL,GSOL_01,2025,ELC,3014.073
NZ,shungnak,electric,2045,summer,8,SOL,GSOL_01,2030,ELC,4044.6498
NZ,shungnak,electric,2045,summer,8,SOL,GSOL_01,2035,ELC,1902.6543
NZ,shungnak,electric,2045,summer,8,SOL,GSOL_01,2045,ELC,703.79844
NZ,shungnak,electric,2045,summer,8,WND,GWND_01,2030,ELC,866.87361
NZ,shungnak,electric,2045,summer,8,WND,GWND_01,2035,ELC,866.87361
NZ,shungnak,electric,2045,summer,8,WND,GWND_01,2040,ELC,433.43681
NZ,shungnak,electric,2045,summer,9,ELC,ELECT,2045,ELECD,13145.538
NZ,shungnak,electric,2045,summer,9,HYD,GHYD_01,2030,ELC,10853.623
NZ,shungnak,electric,2045,summer,9,SOL,GSOL_01,2025,ELC,4117.3631
NZ,shungnak,electric,2045,summer,9,SOL,GSOL_01,2030,ELC,5525.1787
NZ,shungnak,electric,2045,summer,9,SOL,GSOL_01,2035,ELC,2599.1138
NZ,shungnak,electric,2045,summer,9,SOL,GSOL_01,2045,ELC,961.42122
NZ,shungnak,electric,2045,summer,9,WND,GWND_01,2030,ELC,812.1237
NZ,shungnak,electric,2045,summer,9,WND,GWND_01,2035,ELC,812.1237
NZ,shungnak,electric,2045,summer,9,WND,GWND_01,2040,ELC,406.06185
NZ,shungnak,electric,2045,winter,0,ELC,EBATT_01,2035,ELC,8260.1821
NZ,shungnak,electric,2045,winter,0,ELC,ELECT,2035,ELECD,23055.251
NZ,shungnak,electric,2045,winter,0,HYD,GHYD_01,2030,ELC,1011.7784
NZ,shungnak,electric,2045,winter,0,WND,GWND_01,2030,ELC,5513.3162
NZ,shungnak,electric,2045,winter,0,WND,GWND_01,2035,ELC,5513.3162
NZ,shungnak,electric,2045,winter,0,WND,GWND_01,2040,ELC,2756.6581
NZ,shungnak,electric,2045,winter,1,ELC,EBATT_01,2045,ELC,7788.756
NZ,shungnak,electric,2045,winter,1,ELC,ELECT,2035,ELECD,22853.012
NZ,shungnak,electric,2045,winter,1,HYD,GHYD_01,2030,ELC,1011.7784
NZ,shungnak,electric,2045,winter,1,WND,GWND_01,2030,ELC,5620.991
NZ,shungnak,electric,2045,winter,1,WND,GWND_01,2035,ELC,5620.991
NZ,shungnak,electric,2045,winter,1,WND,GWND_01,2040,ELC,2810.4955
NZ,shungnak,electric,2045,winter,10,ELC,EBATT_01,2040,ELC,14067.83
NZ,shungnak,electric,2045,winter,10,ELC,ELECT,2035,ELECD,29324.661
NZ,shungnak,electric,2045,winter,10,HYD,GHYD_01,2030,ELC,1011.7784
NZ,shungnak,electric,2045,winter,10,SOL,GSOL_01,2025,ELC,193.79826
NZ,shungnak,electric,2045,winter,10,SOL,GSOL_01,2030,ELC,260.06208
NZ,shungnak,electric,2045,winter,10,SOL,GSOL_01,2035,ELC,122.33649
NZ,shungnak,electric,2045,winter,10,SOL,GSOL_01,2045,ELC,45.252692
NZ,shungnak,electric,2045,winter,10,WND,GWND_01,2030,ELC,5449.4413
NZ,shungnak,electric,2045,winter,10,WND,GWND_01,2035,ELC,5449.4413
NZ,shungnak,electric,2045,winter,10,WND,GWND_01,2040,ELC,2724.7206
NZ,shungnak,electric,2045,winter,11,ELC,EBATT_01,2035,ELC,13609.067
NZ,shungnak,electric,2045,winter,11,ELC,ELECT,2030,ELECD,30335.856
NZ,shungnak,electric,2045,winter,11,HYD,GHYD_01,2030,ELC,1011.7784
NZ,shungnak,electric,2045,winter,11,SOL,GSOL_01,2025,ELC,657.89411
NZ,shungnak,electric,2045,winter,11,SOL,GSOL_01,2030,ELC,882.84234
NZ,shungnak,electric,2045,winter,11,SOL,GSOL_01,2035,ELC,415.30017
NZ,shungnak,electric,2045,winter,11,SOL,GSOL_01,2045,ELC,153.62098
NZ,shungnak,electric,2045,winter,11,WND,GWND_01,2030,ELC,5442.1413
NZ,shungnak,electric,2045,winter,11,WND,GWND_01,2035,ELC,5442.1413
NZ,shungnak,electric,2045,winter,11,WND,GWND_01,2040,ELC,2721.0706
NZ,shungnak,electric,2045,winter,12,ELC,EBATT_01,2045,ELC,11028.037
NZ,shungnak,electric,2045,winter,12,ELC,ELECT,2035,ELECD,29931.378
NZ,shungnak,electric,2045,winter,12,HYD,GHYD_01,2030,ELC,1011.7784
NZ,shungnak,electric,2045,winter,12,SOL,GSOL_01,2025,ELC,1164.4896
NZ,shungnak,electric,2045,winter,12,SOL,GSOL_01,2030,ELC,1562.6537
NZ,shungnak,electric,2045,winter,12,SOL,GSOL_01,2035,ELC,735.09204
NZ,shungnak,electric,2045,winter,12,SOL,GSOL_01,2045,ELC,271.9131
NZ,shungnak,electric,2045,winter,12,WND,GWND_01,2030,ELC,5662.9659
NZ,shungnak,electric,2045,winter,12,WND,GWND_01,2035,ELC,5662.9659
NZ,shungnak,electric,2045,winter,12,WND,GWND_01,2040,ELC,2831.483
NZ,shungnak,electric,2045,winter,13,ELC,EBATT_01,2040,ELC,8552.9369
NZ,shungnak,electric,2045,winter,13,ELC,ELECT,2045,ELECD,29122.422
NZ,shungnak,electric,2045,winter,13,HYD,GHYD_01,2030,ELC,1011.7784
NZ,shungnak,electric,2045,winter,13,SOL,GSOL_01,2025,ELC,1497.6866
NZ,shungnak,electric,2045,winter,13,SOL,GSOL_01,2030,ELC,2009.778
NZ,shungnak,electric,2045,winter,13,SOL,GSOL_01,2035,ELC,945.42494
NZ,shungnak,electric,2045,winter,13,SOL,GSOL_01,2045,ELC,349.71598
NZ,shungnak,electric,2045,winter,13,WND,GWND_01,2030,ELC,5902.0406
NZ,shungnak,electric,2045,winter,13,WND,GWND_01,2035,ELC,5902.0406
NZ,shungnak,electric,2045,winter,13,WND,GWND_01,2040,ELC,2951.0203
NZ,shungnak,electric,2045,winter,14,ELC,EBATT_01,2045,ELC,8702.0098
NZ,shungnak,electric,2045,winter,14,ELC,ELECT,2045,ELECD,28920.183
NZ,shungnak,electric,2045,winter,14,HYD,GHYD_01,2030,ELC,1011.7784
NZ,shungnak,electric,2045,winter,14,SOL,GSOL_01,2025,ELC,1497.6866
NZ,shungnak,electric,2045,winter,14,SOL,GSOL_01,2030,ELC,2009.778
NZ,shungnak,electric,2045,winter,14,SOL,GSOL_01,2035,ELC,945.42494
NZ,shungnak,electric,2045,winter,14,SOL,GSOL_01,2045,ELC,349.71598
NZ,shungnak,electric,2045,winter,14,WND,GWND_01,2030,ELC,5761.5158
NZ,shungnak,electric,2045,winter,14,WND,GWND_01,2035,ELC,5761.5158
NZ,shungnak,electric,2045,winter,14,WND,GWND_01,2040,ELC,2880.7579
NZ,shungnak,electric,2045,winter,15,ELC,EBATT_01,2035,ELC,8234.4511
NZ,shungnak,electric,2045,winter,15,ELC,ELECT,2040,ELECD,27504.51
NZ,shungnak,electric,2045,winter,15,HYD,GHYD_01,2030,ELC,1011.7784
NZ,shungnak,electric,2045,winter,15,SOL,GSOL_01,2025,ELC,1106.6901
NZ,shungnak,electric,2045,winter,15,SOL,GSOL_01,2030,ELC,1485.0914
NZ,shungnak,electric,2045,winter,15,SOL,GSOL_01,2035,ELC,698.60572
NZ,shungnak,electric,2045,winter,15,SOL,GSOL_01,2045,ELC,258.41669
NZ,shungnak,electric,2045,winter,15,WND,GWND_01,2030,ELC,5883.7906
NZ,shungnak,electric,2045,winter,15,WND,GWND_01,2035,ELC,5883.7906
NZ,shungnak,electric,2045,winter,15,WND,GWND_01,2040,ELC,2941.8953
NZ,shungnak,electric,2045,winter,16,ELC,EBATT_01,2045,ELC,11489.052
NZ,shungnak,electric,2045,winter,16,ELC,ELECT,2045,ELECD,28920.183
NZ,shungnak,electric,2045,winter,16,HYD,GHYD_01,2030,ELC,1011.7784
NZ,shungnak,electric,2045,winter,16,SOL,GSOL_01,2025,ELC,600.09463
NZ,shungnak,electric,2045,winter,16,SOL,GSOL_01,2030,ELC,805.27996
NZ,shungnak,electric,2045,winter,16,SOL,GSOL_01,2035,ELC,378.81385
NZ,shungnak,electric,2045,winter,16,SOL,GSOL_01,2045,ELC,140.12456
NZ,shungnak,electric,2045,winter,16,WND,GWND_01,2030,ELC,5798.0157
NZ,shungnak,electric,2045,winter,16,WND,GWND_01,2035,ELC,5798.0157
NZ,shungnak,electric,2045,winter,16,WND,GWND_01,2040,ELC,2899.0079
NZ,shungnak,electric,2045,winter,17,ELC,EBATT_01,2040,ELC,15474.099
NZ,shungnak,electric,2045,winter,17,ELC,ELECT,2035,ELECD,31144.813
NZ,shungnak,electric,2045,winter,17,HYD,GHYD_01,2030,ELC,1011.7784
NZ,shungnak,electric,2045,winter,17,SOL,GSOL_01,2025,ELC,156.3986
NZ,shungnak,electric,2045,winter,17,SOL,GSOL_01,2030,ELC,209.87466
NZ,shungnak,electric,2045,winter,17,SOL,GSOL_01,2035,ELC,98.72769
NZ,shungnak,electric,2045,winter,17,SOL,GSOL_01,2045,ELC,36.519716
NZ,shungnak,electric,2045,winter,17,WND,GWND_01,2030,ELC,5662.9659
NZ,shungnak,electric,2045,winter,17,WND,GWND_01,2035,ELC,5662.9659
NZ,shungnak,electric,2045,winter,17,WND,GWND_01,2040,ELC,2831.483
NZ,shungnak,electric,2045,winter,18,ELC,EBATT_01,2045,ELC,16317.518
NZ,shungnak,electric,2045,winter,18,ELC,ELECT,2040,ELECD,31347.052
NZ,shungnak,electric,2045,winter,18,HYD,GHYD_01,2030,ELC,1011.7784
NZ,shungnak,electric,2045,winter,18,SOL,GSOL_01,2025,ELC,3.3999696
NZ,shungnak,electric,2045,winter,18,SOL,GSOL_01,2030,ELC,4.5624927
NZ,shungnak,electric,2045,winter,18,SOL,GSOL_01,2035,ELC,2.1462541
NZ,shungnak,electric,2045,winter,18,SOL,GSOL_01,2045,ELC,0.79390687
NZ,shungnak,electric,2045,winter,18,WND,GWND_01,2030,ELC,5602.741
NZ,shungnak,electric,2045,winter,18,WND,GWND_01,2035,ELC,5602.741
NZ,shungnak,electric,2045,winter,18,WND,GWND_01,2040,ELC,2801.3705
NZ,shungnak,electric,2045,winter,19,ELC,EBATT_01,2045,ELC,12092.015
NZ,shungnak,electric,2045,winter,19,ELC,ELECT,2035,ELECD,27302.271
NZ,shungnak,electric,2045,winter,19,HYD,GHYD_01,2030,ELC,1011.7784
NZ,shungnak,electric,2045,winter,19,WND,GWND_01,2030,ELC,5679.3909
NZ,shungnak,electric,2045,winter,19,WND,GWND_01,2035,ELC,5679.3909
NZ,shungnak,electric,2045,winter,19,WND,GWND_01,2040,ELC,2839.6955
NZ,shungnak,electric,2045,winter,2,ELC,EBATT_01,2035,ELC,8488.3067
NZ,shungnak,electric,2045,winter,2,ELC,ELECT,2035,ELECD,23055.251
NZ,shungnak,electric,2045,winter,2,HYD,GHYD_01,2030,ELC,1011.7784
NZ,shungnak,electric,2045,winter,2,WND,GWND_01,2030,ELC,5422.0663
NZ,shungnak,electric,2045,winter,2,WND,GWND_01,2035,ELC,5422.0663
NZ,shungnak,electric,2045,winter,2,WND,GWND_01,2040,ELC,2711.0332
NZ,shungnak,electric,2045,winter,20,ELC,EBATT_01,2040,ELC,12143.692
NZ,shungnak,electric,2045,winter,20,ELC,ELECT,2035,ELECD,27504.51
NZ,shungnak,electric,2045,winter,20,HYD,GHYD_01,2030,ELC,1011.7784
NZ,shungnak,electric,2045,winter,20,WND,GWND_01,2030,ELC,5739.6158
NZ,shungnak,electric,2045,winter,20,WND,GWND_01,2035,ELC,5739.6158
NZ,shungnak,electric,2045,winter,20,WND,GWND_01,2040,ELC,2869.8079
NZ,shungnak,electric,2045,winter,21,ELC,EBATT_01,2045,ELC,10039.082
NZ,shungnak,electric,2045,winter,21,ELC,ELECT,2045,ELECD,26088.837
NZ,shungnak,electric,2045,winter,21,HYD,GHYD_01,2030,ELC,1011.7784
NZ,shungnak,electric,2045,winter,21,WND,GWND_01,2030,ELC,6015.1904
NZ,shungnak,electric,2045,winter,21,WND,GWND_01,2035,ELC,6015.1904
NZ,shungnak,electric,2045,winter,21,WND,GWND_01,2040,ELC,3007.5952
NZ,shungnak,electric,2045,winter,22,ELC,EBATT_01,2035,ELC,8945.7621
NZ,shungnak,electric,2045,winter,22,ELC,ELECT,2040,ELECD,25077.641
NZ,shungnak,electric,2045,winter,22,HYD,GHYD_01,2030,ELC,1011.7784
NZ,shungnak,electric,2045,winter,22,WND,GWND_01,2030,ELC,6048.0403
NZ,shungnak,electric,2045,winter,22,WND,GWND_01,2035,ELC,6048.0403
NZ,shungnak,electric,2045,winter,22,WND,GWND_01,2040,ELC,3024.0202
NZ,shungnak,electric,2045,winter,23,ELC,EBATT_01,2035,ELC,7340.1423
NZ,shungnak,electric,2045,winter,23,ELC,ELECT,2040,ELECD,22650.773
NZ,shungnak,electric,2045,winter,23,HYD,GHYD_01,2030,ELC,1011.7784
NZ,shungnak,electric,2045,winter,23,WND,GWND_01,2030,ELC,5719.5408
NZ,shungnak,electric,2045,winter,23,WND,GWND_01,2035,ELC,5719.5408
NZ,shungnak,electric,2045,winter,23,WND,GWND_01,2040,ELC,2859.7704
NZ,shungnak,electric,2045,winter,3,ELC,EBATT_01,2035,ELC,7977.4963
NZ,shungnak,electric,2045,winter,3,ELC,ELECT,2035,ELECD,21841.817
NZ,shungnak,electric,2045,winter,3,HYD,GHYD_01,2030,ELC,1011.7784
NZ,shungnak,electric,2045,winter,3,WND,GWND_01,2030,ELC,5141.0168
NZ,shungnak,electric,2045,winter,3,WND,GWND_01,2035,ELC,5141.0168
NZ,shungnak,electric,2045,winter,3,WND,GWND_01,2040,ELC,2570.5084
NZ,shungnak,electric,2045,winter,4,ELC,EBATT_01,2035,ELC,7419.4773
NZ,shungnak,electric,2045,winter,4,ELC,ELECT,2030,ELECD,21032.86
NZ,shungnak,electric,2045,winter,4,HYD,GHYD_01,2030,ELC,1011.7784
NZ,shungnak,electric,2045,winter,4,WND,GWND_01,2030,ELC,5040.6419
NZ,shungnak,electric,2045,winter,4,WND,GWND_01,2035,ELC,5040.6419
NZ,shungnak,electric,2045,winter,4,WND,GWND_01,2040,ELC,2520.321
NZ,shungnak,electric,2045,winter,5,ELC,EBATT_01,2040,ELC,7338.8417
NZ,shungnak,electric,2045,winter,5,ELC,ELECT,2030,ELECD,21235.1
NZ,shungnak,electric,2045,winter,5,HYD,GHYD_01,2030,ELC,1011.7784
NZ,shungnak,electric,2045,winter,5,WND,GWND_01,2030,ELC,5153.7918
NZ,shungnak,electric,2045,winter,5,WND,GWND_01,2035,ELC,5153.7918
NZ,shungnak,electric,2045,winter,5,WND,GWND_01,2040,ELC,2576.8959
NZ,shungnak,electric,2045,winter,6,ELC,EBATT_01,2035,ELC,7642.945
NZ,shungnak,electric,2045,winter,6,ELC,ELECT,2035,ELECD,21639.578
NZ,shungnak,electric,2045,winter,6,HYD,GHYD_01,2030,ELC,1011.7784
NZ,shungnak,electric,2045,winter,6,WND,GWND_01,2030,ELC,5193.9417
NZ,shungnak,electric,2045,winter,6,WND,GWND_01,2035,ELC,5193.9417
NZ,shungnak,electric,2045,winter,6,WND,GWND_01,2040,ELC,2596.9708
NZ,shungnak,electric,2045,winter,7,ELC,EBATT_01,2045,ELC,7087.9047
NZ,shungnak,electric,2045,winter,7,ELC,ELECT,2045,ELECD,21235.1
NZ,shungnak,electric,2045,winter,7,HYD,GHYD_01,2030,ELC,1011.7784
NZ,shungnak,electric,2045,winter,7,WND,GWND_01,2030,ELC,5254.1666
NZ,shungnak,electric,2045,winter,7,WND,GWND_01,2035,ELC,5254.1666
NZ,shungnak,electric,2045,winter,7,WND,GWND_01,2040,ELC,2627.0833
NZ,shungnak,electric,2045,winter,8,ELC,EBATT_01,2040,ELC,6921.8127
NZ,shungnak,electric,2045,winter,8,ELC,EBATT_01,2045,ELC,1964.9203
NZ,shungnak,electric,2045,winter,8,ELC,ELECT,2035,ELECD,23257.49
NZ,shungnak,electric,2045,winter,8,HYD,GHYD_01,2030,ELC,1011.7784
NZ,shungnak,electric,2045,winter,8,WND,GWND_01,2030,ELC,5343.5915
NZ,shungnak,electric,2045,winter,8,WND,GWND_01,2035,ELC,5343.5915
NZ,shungnak,electric,2045,winter,8,WND,GWND_01,2040,ELC,2671.7957
NZ,shungnak,electric,2045,winter,9,ELC,EBATT_01,2035,ELC,7561.6824
NZ,shungnak,electric,2045,winter,9,ELC,EBATT_01,2040,ELC,4664.1344
NZ,shungnak,electric,2045,winter,9,ELC,ELECT,2030,ELECD,27504.51
NZ,shungnak,electric,2045,winter,9,HYD,GHYD_01,2030,ELC,1011.7784
NZ,shungnak,electric,2045,winter,9,WND,GWND_01,2030,ELC,5706.7659
NZ,shungnak,electric,2045,winter,9,WND,GWND_01,2035,ELC,5706.7659
NZ,shungnak,electric,2045,winter,9,WND,GWND_01,2040,ELC,2853.3829
NZ,shungnak,supply,2030,fall,0,ethos,IMP_HYD,2025,HYD,6057.5303
NZ,shungnak,supply,2030,fall,0,ethos,IMP_WND,2025,WND,5398.3414
NZ,shungnak,supply,2030,fall,1,ethos,IMP_HYD,2030,HYD,6057.5303
NZ,shungnak,supply,2030,fall,1,ethos,IMP_WND,2030,WND,5522.4412
NZ,shungnak,supply,2030,fall,10,ethos,IMP_HYD,2030,HYD,6057.5303
NZ,shungnak,supply,2030,fall,10,ethos,IMP_SOL,2025,SOL,3133.2289
NZ,shungnak,supply,2030,fall,10,ethos,IMP_WND,2025,WND,5239.5666
NZ,shungnak,supply,2030,fall,11,ethos,IMP_HYD,2025,HYD,6057.5303
NZ,shungnak,supply,2030,fall,11,ethos,IMP_SOL,2025,SOL,5677.2356
NZ,shungnak,supply,2030,fall,11,ethos,IMP_WND,2030,WND,5190.2917
NZ,shungnak,supply,2030,fall,12,ethos,IMP_HYD,2025,HYD,6057.5303
NZ,shungnak,supply,2030,fall,12,ethos,IMP_SOL,2025,SOL,7006.9668
NZ,shungnak,supply,2030,fall,12,ethos,IMP_WND,2030,WND,5217.6667
NZ,shungnak,supply,2030,fall,13,ethos,IMP_HYD,2030,HYD,6057.5303
NZ,shungnak,supply,2030,fall,13,ethos,IMP_SOL,2030,SOL,7711.6447
NZ,shungnak,supply,2030,fall,13,ethos,IMP_WND,2030,WND,5188.4667
NZ,shungnak,supply,2030,fall,14,ethos,IMP_HYD,2030,HYD,6057.5303
NZ,shungnak,supply,2030,fall,14,ethos,IMP_SOL,2025,SOL,7281.6717
NZ,shungnak,supply,2030,fall,14,ethos,IMP_WND,2025,WND,5259.6416
NZ,shungnak,supply,2030,fall,15,ethos,IMP_HYD,2030,HYD,6057.5303
NZ,shungnak,supply,2030,fall,15,ethos,IMP_SOL,2030,SOL,6075.3587
NZ,shungnak,supply,2030,fall,15,ethos,IMP_WND,2025,WND,5137.3668
NZ,shungnak,supply,2030,fall,16,ethos,IMP_HYD,2025,HYD,6057.5303
NZ,shungnak,supply,2030,fall,16,ethos,IMP_SOL,2030,SOL,4192.2364
NZ,shungnak,supply,2030,fall,16,ethos,IMP_WND,2030,WND,5423.8913
NZ,shungnak,supply,2030,fall,17,ethos,IMP_HYD,2025,HYD,6057.5303
NZ,shungnak,supply,2030,fall,17,ethos,IMP_SOL,2025,SOL,2118.015
NZ,shungnak,supply,2030,fall,17,ethos,IMP_WND,2030,WND,5471.3412
NZ,shungnak,supply,2030,fall,18,ethos,IMP_HYD,2030,HYD,6057.5303
NZ,shungnak,supply,2030,fall,18,ethos,IMP_SOL,2025,SOL,744.49022
NZ,shungnak,supply,2030,fall,18,ethos,IMP_WND,2025,WND,5206.7167
NZ,shungnak,supply,2030,fall,19,ethos,IMP_HYD,2025,HYD,6057.5303
NZ,shungnak,supply,2030,fall,19,ethos,IMP_SOL,2030,SOL,183.13663
NZ,shungnak,supply,2030,fall,19,ethos,IMP_WND,2025,WND,5146.4918
NZ,shungnak,supply,2030,fall,2,ethos,IMP_HYD,2025,HYD,6057.5303
NZ,shungnak,supply,2030,fall,2,ethos,IMP_WND,2030,WND,5560.7661
NZ,shungnak,supply,2030,fall,20,ethos,IMP_HYD,2025,HYD,6057.5303
NZ,shungnak,supply,2030,fall,20,ethos,IMP_SOL,2025,SOL,11.943693
NZ,shungnak,supply,2030,fall,20,ethos,IMP_WND,2025,WND,5210.3667
NZ,shungnak,supply,2030,fall,21,ethos,IMP_HYD,2030,HYD,6057.5303
NZ,shungnak,supply,2030,fall,21,ethos,IMP_WND,2025,WND,4982.242
NZ,shungnak,supply,2030,fall,22,ethos,IMP_HYD,2025,HYD,6057.5303
NZ,shungnak,supply,2030,fall,22,ethos,IMP_WND,2030,WND,5305.2665
NZ,shungnak,supply,2030,fall,23,ethos,IMP_DSL,2030,DSL,3886.99
NZ,shungnak,supply,2030,fall,23,ethos,IMP_HYD,2030,HYD,6057.5303
NZ,shungnak,supply,2030,fall,23,ethos,IMP_WND,2030,WND,5203.0667
NZ,shungnak,supply,2030,fall,3,ethos,IMP_HYD,2030,HYD,6057.5303
NZ,shungnak,supply,2030,fall,3,ethos,IMP_WND,2030,WND,5485.9412
NZ,shungnak,supply,2030,fall,4,ethos,IMP_HYD,2030,HYD,6057.5303
NZ,shungnak,supply,2030,fall,4,ethos,IMP_WND,2025,WND,5330.8165
NZ,shungnak,supply,2030,fall,5,ethos,IMP_HYD,2030,HYD,6057.5303
NZ,shungnak,supply,2030,fall,5,ethos,IMP_WND,2030,WND,5516.9662
NZ,shungnak,supply,2030,fall,6,ethos,IMP_HYD,2030,HYD,6057.5303
NZ,shungnak,supply,2030,fall,6,ethos,IMP_WND,2030,WND,5418.4163
NZ,shungnak,supply,2030,fall,7,ethos,IMP_HYD,2025,HYD,6057.5303
NZ,shungnak,supply,2030,fall,7,ethos,IMP_SOL,2030,SOL,71.66216
NZ,shungnak,supply,2030,fall,7,ethos,IMP_WND,2030,WND,5401.9914
NZ,shungnak,supply,2030,fall,8,ethos,IMP_HYD,2025,HYD,6057.5303
NZ,shungnak,supply,2030,fall,8,ethos,IMP_SOL,2030,SOL,692.73422
NZ,shungnak,supply,2030,fall,8,ethos,IMP_WND,2030,WND,5518.7912
NZ,shungnak,supply,2030,fall,9,ethos,IMP_HYD,2030,HYD,6057.5303
NZ,shungnak,supply,2030,fall,9,ethos,IMP_SOL,2030,SOL,1477.0367
NZ,shungnak,supply,2030,fall,9,ethos,IMP_WND,2030,WND,5310.7415
NZ,shungnak,supply,2030,spring,0,ethos,IMP_DSL,2030,DSL,19227.288
NZ,shungnak,supply,2030,spring,0,ethos,IMP_HYD,2030,HYD,4270.4932
NZ,shungnak,supply,2030,spring,0,ethos,IMP_WND,2030,WND,5044.2919
NZ,shungnak,supply,2030,spring,1,ethos,IMP_DSL,2025,DSL,19280.964
NZ,shungnak,supply,2030,spring,1,ethos,IMP_HYD,2030,HYD,4270.4932
NZ,shungnak,supply,2030,spring,1,ethos,IMP_WND,2025,WND,5026.042
NZ,shungnak,supply,2030,spring,10,ethos,IMP_HYD,2025,HYD,4270.4932
NZ,shungnak,supply,2030,spring,10,ethos,IMP_SOL,2030,SOL,14133.371
NZ,shungnak,supply,2030,spring,10,ethos,IMP_WND,2025,WND,5004.142
NZ,shungnak,supply,2030,spring,11,ethos,IMP_HYD,2030,HYD,4270.4932
NZ,shungnak,supply,2030,spring,11,ethos,IMP_SOL,2030,SOL,17581.117
NZ,shungnak,supply,2030,spring,11,ethos,IMP_WND,2030,WND,4730.3924
NZ,shungnak,supply,2030,spring,12,ethos,IMP_HYD,2030,HYD,4270.4932
NZ,shungnak,supply,2030,spring,12,ethos,IMP_SOL,2030,SOL,19209.44
NZ,shungnak,supply,2030,spring,12,ethos,IMP_WND,2025,WND,4449.3429
NZ,shungnak,supply,2030,spring,13,ethos,IMP_HYD,2030,HYD,4270.4932
NZ,shungnak,supply,2030,spring,13,ethos,IMP_SOL,2030,SOL,20192.804
NZ,shungnak,supply,2030,spring,13,ethos,IMP_WND,2025,WND,3900.0188
NZ,shungnak,supply,2030,spring,14,ethos,IMP_HYD,2030,HYD,4270.4932
NZ,shungnak,supply,2030,spring,14,ethos,IMP_SOL,2025,SOL,20113.18
NZ,shungnak,supply,2030,spring,14,ethos,IMP_WND,2025,WND,3611.6692
NZ,shungnak,supply,2030,spring,15,ethos,IMP_HYD,2030,HYD,4270.4932
NZ,shungnak,supply,2030,spring,15,ethos,IMP_SOL,2025,SOL,18942.698
NZ,shungnak,supply,2030,spring,15,ethos,IMP_WND,2025,WND,3691.9691
NZ,shungnak,supply,2030,spring,16,ethos,IMP_HYD,2030,HYD,4270.4932
NZ,shungnak,supply,2030,spring,16,ethos,IMP_SOL,2025,SOL,16450.447
NZ,shungnak,supply,2030,spring,16,ethos,IMP_WND,2030,WND,3989.4436
NZ,shungnak,supply,2030,spring,17,ethos,IMP_HYD,2030,HYD,4270.4932
NZ,shungnak,supply,2030,spring,17,ethos,IMP_SOL,2030,SOL,12258.211
NZ,shungnak,supply,2030,spring,17,ethos,IMP_WND,2030,WND,4044.1935
NZ,shungnak,supply,2030,spring,18,ethos,IMP_HYD,2025,HYD,4270.4932
NZ,shungnak,supply,2030,spring,18,ethos,IMP_SOL,2025,SOL,7428.9773
NZ,shungnak,supply,2030,spring,18,ethos,IMP_WND,2030,WND,4168.2933
NZ,shungnak,supply,2030,spring,19,ethos,IMP_HYD,2025,HYD,4270.4932
NZ,shungnak,supply,2030,spring,19,ethos,IMP_SOL,2025,SOL,3232.7597
NZ,shungnak,supply,2030,spring,19,ethos,IMP_WND,2025,WND,4292.3931
NZ,shungnak,supply,2030,spring,2,ethos,IMP_DSL,2025,DSL,17575.099
NZ,shungnak,supply,2030,spring,2,ethos,IMP_HYD,2030,HYD,4270.4932
NZ,shungnak,supply,2030,spring,2,ethos,IMP_WND,2030,WND,4909.2421
NZ,shungnak,supply,2030,spring,20,ethos,IMP_DSL,2025,DSL,13342.855
NZ,shungnak,supply,2030,spring,20,ethos,IMP_HYD,2030,HYD,4270.4932
NZ,shungnak,supply,2030,spring,20,ethos,IMP_SOL,2025,SOL,1178.4444
NZ,shungnak,supply,2030,spring,20,ethos,IMP_WND,2030,WND,4547.8927
NZ,shungnak,supply,2030,spring,21,ethos,IMP_DSL,2025,DSL,32830.614
NZ,shungnak,supply,2030,spring,21,ethos,IMP_HYD,2030,HYD,4270.4932
NZ,shungnak,supply,2030,spring,21,ethos,IMP_SOL,2030,SOL,513.57882
NZ,shungnak,supply,2030,spring,21,ethos,IMP_WND,2030,WND,4434.7429
NZ,shungnak,supply,2030,spring,22,ethos,IMP_DSL,2030,DSL,30704.946
NZ,shungnak,supply,2030,spring,22,ethos,IMP_HYD,2030,HYD,4270.4932
NZ,shungnak,supply,2030,spring,22,ethos,IMP_SOL,2030,SOL,199.06156
NZ,shungnak,supply,2030,spring,22,ethos,IMP_WND,2025,WND,4949.3921
NZ,shungnak,supply,2030,spring,23,ethos,IMP_DSL,2025,DSL,26802.737
NZ,shungnak,supply,2030,spring,23,ethos,IMP_HYD,2030,HYD,4270.4932
NZ,shungnak,supply,2030,spring,23,ethos,IMP_SOL,2025,SOL,31.849849
NZ,shungnak,supply,2030,spring,23,ethos,IMP_WND,2025,WND,5049.7669
NZ,shungnak,supply,2030,spring,3,ethos,IMP_DSL,2025,DSL,16855.835
NZ,shungnak,supply,2030,spring,3,ethos,IMP_HYD,2025,HYD,4270.4932
NZ,shungnak,supply,2030,spring,3,ethos,IMP_WND,2025,WND,5153.7918
NZ,shungnak,supply,2030,spring,4,ethos,IMP_DSL,2025,DSL,16481.568
NZ,shungnak,supply,2030,spring,4,ethos,IMP_HYD,2025,HYD,4270.4932
NZ,shungnak,supply,2030,spring,4,ethos,IMP_SOL,2030,SOL,47.774774
NZ,shungnak,supply,2030,spring,4,ethos,IMP_WND,2025,WND,5407.4663
NZ,shungnak,supply,2030,spring,5,ethos,IMP_DSL,2030,DSL,16323.015
NZ,shungnak,supply,2030,spring,5,ethos,IMP_HYD,2025,HYD,4270.4932
NZ,shungnak,supply,2030,spring,5,ethos,IMP_SOL,2025,SOL,211.00525
NZ,shungnak,supply,2030,spring,5,ethos,IMP_WND,2025,WND,5646.541
NZ,shungnak,supply,2030,spring,6,ethos,IMP_DSL,2030,DSL,15722.995
NZ,shungnak,supply,2030,spring,6,ethos,IMP_HYD,2030,HYD,4270.4932
NZ,shungnak,supply,2030,spring,6,ethos,IMP_SOL,2030,SOL,708.65914
NZ,shungnak,supply,2030,spring,6,ethos,IMP_WND,2030,WND,5701.2909
NZ,shungnak,supply,2030,spring,7,ethos,IMP_DSL,2025,DSL,16402.277
NZ,shungnak,supply,2030,spring,7,ethos,IMP_HYD,2025,HYD,4270.4932
NZ,shungnak,supply,2030,spring,7,ethos,IMP_SOL,2030,SOL,2277.2642
NZ,shungnak,supply,2030,spring,7,ethos,IMP_WND,2025,WND,5469.5162
NZ,shungnak,supply,2030,spring,8,ethos,IMP_DSL,2025,DSL,16572.089
NZ,shungnak,supply,2030,spring,8,ethos,IMP_HYD,2025,HYD,4270.4932
NZ,shungnak,supply,2030,spring,8,ethos,IMP_SOL,2025,SOL,5302.9999
NZ,shungnak,supply,2030,spring,8,ethos,IMP_WND,2025,WND,5695.8159
NZ,shungnak,supply,2030,spring,9,ethos,IMP_DSL,2030,DSL,6646.7683
NZ,shungnak,supply,2030,spring,9,ethos,IMP_HYD,2025,HYD,4270.4932
NZ,shungnak,supply,2030,spring,9,ethos,IMP_SOL,2030,SOL,9809.7535
NZ,shungnak,supply,2030,spring,9,ethos,IMP_WND,2025,WND,5086.2669
NZ,shungnak,supply,2030,summer,0,ethos,IMP_HYD,2025,HYD,10853.623
NZ,shungnak,supply,2030,summer,0,ethos,IMP_SOL,2025,SOL,39.812311
NZ,shungnak,supply,2030,summer,0,ethos,IMP_WND,2030,WND,1290.2729
NZ,shungnak,supply,2030,summer,1,ethos,IMP_HYD,2030,HYD,10853.623
NZ,shungnak,supply,2030,summer,1,ethos,IMP_WND,2025,WND,1020.1734
NZ,shungnak,supply,2030,summer,10,ethos,IMP_HYD,2030,HYD,10853.623
NZ,shungnak,supply,2030,summer,10,ethos,IMP_SOL,2025,SOL,12648.371
NZ,shungnak,supply,2030,summer,10,ethos,IMP_WND,2025,WND,875.9986
NZ,shungnak,supply,2030,summer,11,ethos,IMP_HYD,2030,HYD,10853.623
NZ,shungnak,supply,2030,summer,11,ethos,IMP_SOL,2030,SOL,15100.81
NZ,shungnak,supply,2030,summer,11,ethos,IMP_WND,2030,WND,762.84878
NZ,shungnak,supply,2030,summer,12,ethos,IMP_HYD,2025,HYD,10853.623
NZ,shungnak,supply,2030,summer,12,ethos,IMP_SOL,2030,SOL,16908.289
NZ,shungnak,supply,2030,summer,12,ethos,IMP_WND,2025,WND,751.8988
NZ,shungnak,supply,2030,summer,13,ethos,IMP_HYD,2030,HYD,10853.623
NZ,shungnak,supply,2030,summer,13,ethos,IMP_SOL,2025,SOL,17784.159
NZ,shungnak,supply,2030,summer,13,ethos,IMP_WND,2025,WND,797.52372
NZ,shungnak,supply,2030,summer,14,ethos,IMP_HYD,2025,HYD,10853.623
NZ,shungnak,supply,2030,summer,14,ethos,IMP_SOL,2025,SOL,18277.832
NZ,shungnak,supply,2030,summer,14,ethos,IMP_WND,2025,WND,865.04862
NZ,shungnak,supply,2030,summer,15,ethos,IMP_HYD,2025,HYD,10853.623
NZ,shungnak,supply,2030,summer,15,ethos,IMP_SOL,2025,SOL,16466.372
NZ,shungnak,supply,2030,summer,15,ethos,IMP_WND,2025,WND,766.49877
NZ,shungnak,supply,2030,summer,16,ethos,IMP_HYD,2025,HYD,10853.623
NZ,shungnak,supply,2030,summer,16,ethos,IMP_SOL,2030,SOL,15176.453
NZ,shungnak,supply,2030,summer,16,ethos,IMP_WND,2025,WND,625.974
NZ,shungnak,supply,2030,summer,17,ethos,IMP_HYD,2030,HYD,10853.623
NZ,shungnak,supply,2030,summer,17,ethos,IMP_SOL,2030,SOL,12588.653
NZ,shungnak,supply,2030,summer,17,ethos,IMP_WND,2030,WND,697.14888
NZ,shungnak,supply,2030,summer,18,ethos,IMP_HYD,2030,HYD,10853.623
NZ,shungnak,supply,2030,summer,18,ethos,IMP_SOL,2030,SOL,8977.6762
NZ,shungnak,supply,2030,summer,18,ethos,IMP_WND,2030,WND,925.27352
NZ,shungnak,supply,2030,summer,19,ethos,IMP_HYD,2025,HYD,10853.623
NZ,shungnak,supply,2030,summer,19,ethos,IMP_SOL,2025,SOL,5231.3377
NZ,shungnak,supply,2030,summer,19,ethos,IMP_WND,2025,WND,799.34872
NZ,shungnak,supply,2030,summer,2,ethos,IMP_HYD,2025,HYD,10853.623
NZ,shungnak,supply,2030,summer,2,ethos,IMP_WND,2030,WND,934.3985
NZ,shungnak,supply,2030,summer,20,ethos,IMP_HYD,2030,HYD,10853.623
NZ,shungnak,supply,2030,summer,20,ethos,IMP_SOL,2030,SOL,2711.2184
NZ,shungnak,supply,2030,summer,20,ethos,IMP_WND,2025,WND,985.49842
NZ,shungnak,supply,2030,summer,21,ethos,IMP_HYD,2030,HYD,10853.623
NZ,shungnak,supply,2030,summer,21,ethos,IMP_SOL,2025,SOL,1234.1817
NZ,shungnak,supply,2030,summer,21,ethos,IMP_WND,2025,WND,1419.8477
NZ,shungnak,supply,2030,summer,22,ethos,IMP_HYD,2025,HYD,10853.623
NZ,shungnak,supply,2030,summer,22,ethos,IMP_SOL,2030,SOL,744.49022
NZ,shungnak,supply,2030,summer,22,ethos,IMP_WND,2030,WND,1385.1728
NZ,shungnak,supply,2030,summer,23,ethos,IMP_HYD,2025,HYD,10853.623
NZ,shungnak,supply,2030,summer,23,ethos,IMP_SOL,2030,SOL,218.96771
NZ,shungnak,supply,2030,summer,23,ethos,IMP_WND,2030,WND,1520.2226
NZ,shungnak,supply,2030,summer,3,ethos,IMP_HYD,2030,HYD,10853.623
NZ,shungnak,supply,2030,summer,3,ethos,IMP_SOL,2025,SOL,47.774774
NZ,shungnak,supply,2030,summer,3,ethos,IMP_WND,2030,WND,1067.6233
NZ,shungnak,supply,2030,summer,4,ethos,IMP_HYD,2025,HYD,10853.623
NZ,shungnak,supply,2030,summer,4,ethos,IMP_SOL,2030,SOL,306.5548
NZ,shungnak,supply,2030,summer,4,ethos,IMP_WND,2030,WND,1091.3483
NZ,shungnak,supply,2030,summer,5,ethos,IMP_HYD,2030,HYD,10853.623
NZ,shungnak,supply,2030,summer,5,ethos,IMP_SOL,2030,SOL,593.20344
NZ,shungnak,supply,2030,summer,5,ethos,IMP_WND,2030,WND,1131.4982
NZ,shungnak,supply,2030,summer,6,ethos,IMP_HYD,2030,HYD,10853.623
NZ,shungnak,supply,2030,summer,6,ethos,IMP_SOL,2025,SOL,1504.9054
NZ,shungnak,supply,2030,summer,6,ethos,IMP_WND,2025,WND,1014.6984
NZ,shungnak,supply,2030,summer,7,ethos,IMP_HYD,2030,HYD,10853.623
NZ,shungnak,supply,2030,summer,7,ethos,IMP_SOL,2025,SOL,3603.0142
NZ,shungnak,supply,2030,summer,7,ethos,IMP_WND,2025,WND,843.14865
NZ,shungnak,supply,2030,summer,8,ethos,IMP_HYD,2030,HYD,10853.623
NZ,shungnak,supply,2030,summer,8,ethos,IMP_SOL,2030,SOL,7058.7228
NZ,shungnak,supply,2030,summer,8,ethos,IMP_WND,2030,WND,866.87361
NZ,shungnak,supply,2030,summer,9,ethos,IMP_HYD,2025,HYD,10853.623
NZ,shungnak,supply,2030,summer,9,ethos,IMP_SOL,2030,SOL,9642.5418
NZ,shungnak,supply,2030,summer,9,ethos,IMP_WND,2030,WND,812.1237
NZ,shungnak,supply,2030,winter,0,ethos,IMP_DSL,2030,DSL,548.37576
NZ,shungnak,supply,2030,winter,0,ethos,IMP_HYD,2025,HYD,1011.7784
NZ,shungnak,supply,2030,winter,0,ethos,IMP_WND,2030,WND,5513.3162
NZ,shungnak,supply,2030,winter,1,ethos,IMP_DSL,2025,DSL,38387.237
NZ,shungnak,supply,2030,winter,1,ethos,IMP_HYD,2025,HYD,1011.7784
NZ,shungnak,supply,2030,winter,1,ethos,IMP_WND,2030,WND,5620.991
NZ,shungnak,supply,2030,winter,10,ethos,IMP_DSL,2030,DSL,53952.064
NZ,shungnak,supply,2030,winter,10,ethos,IMP_HYD,2025,HYD,1011.7784
NZ,shungnak,supply,2030,winter,10,ethos,IMP_SOL,2030,SOL,453.86035
NZ,shungnak,supply,2030,winter,10,ethos,IMP_WND,2025,WND,5449.4413
NZ,shungnak,supply,2030,winter,11,ethos,IMP_DSL,2025,DSL,53338.582
NZ,shungnak,supply,2030,winter,11,ethos,IMP_HYD,2030,HYD,1011.7784
NZ,shungnak,supply,2030,winter,11,ethos,IMP_SOL,2025,SOL,1540.7364
NZ,shungnak,supply,2030,winter,11,ethos,IMP_WND,2030,WND,5442.1413
NZ,shungnak,supply,2030,winter,12,ethos,IMP_DSL,2025,DSL,48174.969
NZ,shungnak,supply,2030,winter,12,ethos,IMP_HYD,2025,HYD,1011.7784
NZ,shungnak,supply,2030,winter,12,ethos,IMP_SOL,2025,SOL,2727.1433
NZ,shungnak,supply,2030,winter,12,ethos,IMP_WND,2030,WND,5662.9659
NZ,shungnak,supply,2030,winter,13,ethos,IMP_DSL,2030,DSL,43127.352
NZ,shungnak,supply,2030,winter,13,ethos,IMP_HYD,2025,HYD,1011.7784
NZ,shungnak,supply,2030,winter,13,ethos,IMP_SOL,2025,SOL,3507.4646
NZ,shungnak,supply,2030,winter,13,ethos,IMP_WND,2030,WND,5902.0406
NZ,shungnak,supply,2030,winter,14,ethos,IMP_DSL,2025,DSL,43028.311
NZ,shungnak,supply,2030,winter,14,ethos,IMP_HYD,2030,HYD,1011.7784
NZ,shungnak,supply,2030,winter,14,ethos,IMP_SOL,2030,SOL,3507.4646
NZ,shungnak,supply,2030,winter,14,ethos,IMP_WND,2030,WND,5761.5158
NZ,shungnak,supply,2030,winter,15,ethos,IMP_DSL,2025,DSL,41775.426
NZ,shungnak,supply,2030,winter,15,ethos,IMP_HYD,2030,HYD,1011.7784
NZ,shungnak,supply,2030,winter,15,ethos,IMP_SOL,2025,SOL,2591.7815
NZ,shungnak,supply,2030,winter,15,ethos,IMP_WND,2025,WND,5883.7906
NZ,shungnak,supply,2030,winter,16,ethos,IMP_DSL,2030,DSL,49103.576
NZ,shungnak,supply,2030,winter,16,ethos,IMP_HYD,2025,HYD,1011.7784
NZ,shungnak,supply,2030,winter,16,ethos,IMP_SOL,2025,SOL,1405.3746
NZ,shungnak,supply,2030,winter,16,ethos,IMP_WND,2025,WND,5798.0157
NZ,shungnak,supply,2030,winter,17,ethos,IMP_DSL,2025,DSL,58192.796
NZ,shungnak,supply,2030,winter,17,ethos,IMP_HYD,2030,HYD,1011.7784
NZ,shungnak,supply,2030,winter,17,ethos,IMP_SOL,2025,SOL,366.27326
NZ,shungnak,supply,2030,winter,17,ethos,IMP_WND,2025,WND,5662.9659
NZ,shungnak,supply,2030,winter,18,ethos,IMP_DSL,2030,DSL,59936.131
NZ,shungnak,supply,2030,winter,18,ethos,IMP_HYD,2025,HYD,1011.7784
NZ,shungnak,supply,2030,winter,18,ethos,IMP_SOL,2025,SOL,7.9624623
NZ,shungnak,supply,2030,winter,18,ethos,IMP_WND,2025,WND,5602.741
NZ,shungnak,supply,2030,winter,19,ethos,IMP_DSL,2030,DSL,49487.139
NZ,shungnak,supply,2030,winter,19,ethos,IMP_HYD,2030,HYD,1011.7784
NZ,shungnak,supply,2030,winter,19,ethos,IMP_WND,2025,WND,5679.3909
NZ,shungnak,supply,2030,winter,2,ethos,IMP_DSL,2030,DSL,39484.658
NZ,shungnak,supply,2030,winter,2,ethos,IMP_HYD,2030,HYD,1011.7784
NZ,shungnak,supply,2030,winter,2,ethos,IMP_WND,2030,WND,5422.0663
NZ,shungnak,supply,2030,winter,20,ethos,IMP_DSL,2025,DSL,49822.356
NZ,shungnak,supply,2030,winter,20,ethos,IMP_HYD,2030,HYD,1011.7784
NZ,shungnak,supply,2030,winter,20,ethos,IMP_WND,2030,WND,5739.6158
NZ,shungnak,supply,2030,winter,21,ethos,IMP_DSL,2025,DSL,45425.403
NZ,shungnak,supply,2030,winter,21,ethos,IMP_HYD,2030,HYD,1011.7784
NZ,shungnak,supply,2030,winter,21,ethos,IMP_WND,2030,WND,6015.1904
NZ,shungnak,supply,2030,winter,22,ethos,IMP_DSL,2025,DSL,42767.043
NZ,shungnak,supply,2030,winter,22,ethos,IMP_HYD,2025,HYD,1011.7784
NZ,shungnak,supply,2030,winter,22,ethos,IMP_WND,2030,WND,6048.0403
NZ,shungnak,supply,2030,winter,23,ethos,IMP_DSL,2025,DSL,37585.036
NZ,shungnak,supply,2030,winter,23,ethos,IMP_HYD,2025,HYD,1011.7784
NZ,shungnak,supply,2030,winter,23,ethos,IMP_WND,2030,WND,5719.5408
NZ,shungnak,supply,2030,winter,3,ethos,IMP_DSL,2025,DSL,37237.183
NZ,shungnak,supply,2030,winter,3,ethos,IMP_HYD,2025,HYD,1011.7784
NZ,shungnak,supply,2030,winter,3,ethos,IMP_WND,2030,WND,5141.0168
NZ,shungnak,supply,2030,winter,4,ethos,IMP_DSL,2025,DSL,35483.009
NZ,shungnak,supply,2030,winter,4,ethos,IMP_HYD,2025,HYD,1011.7784
NZ,shungnak,supply,2030,winter,4,ethos,IMP_WND,2030,WND,5040.6419
NZ,shungnak,supply,2030,winter,5,ethos,IMP_DSL,2030,DSL,35662.564
NZ,shungnak,supply,2030,winter,5,ethos,IMP_HYD,2025,HYD,1011.7784
NZ,shungnak,supply,2030,winter,5,ethos,IMP_WND,2030,WND,5153.7918
NZ,shungnak,supply,2030,winter,6,ethos,IMP_DSL,2025,DSL,36569.173
NZ,shungnak,supply,2030,winter,6,ethos,IMP_HYD,2030,HYD,1011.7784
NZ,shungnak,supply,2030,winter,6,ethos,IMP_WND,2030,WND,5193.9417
NZ,shungnak,supply,2030,winter,7,ethos,IMP_DSL,2025,DSL,35367.344
NZ,shungnak,supply,2030,winter,7,ethos,IMP_HYD,2025,HYD,1011.7784
NZ,shungnak,supply,2030,winter,7,ethos,IMP_WND,2030,WND,5254.1666
NZ,shungnak,supply,2030,winter,8,ethos,IMP_DSL,2030,DSL,40227.815
NZ,shungnak,supply,2030,winter,8,ethos,IMP_HYD,2025,HYD,1011.7784
NZ,shungnak,supply,2030,winter,8,ethos,IMP_WND,2025,WND,5343.5915
NZ,shungnak,supply,2030,winter,9,ethos,IMP_DSL,2025,DSL,49918.973
NZ,shungnak,supply,2030,winter,9,ethos,IMP_HYD,2030,HYD,1011.7784
NZ,shungnak,supply,2030,winter,9,ethos,IMP_WND,2025,WND,5706.7659
NZ,shungnak,supply,2035,fall,0,ethos,IMP_HYD,2035,HYD,6057.5303
NZ,shungnak,supply,2035,fall,0,ethos,IMP_WND,2030,WND,10796.683
NZ,shungnak,supply,2035,fall,1,ethos,IMP_HYD,2035,HYD,6057.5303
NZ,shungnak,supply,2035,fall,1,ethos,IMP_WND,2030,WND,11044.882
NZ,shungnak,supply,2035,fall,10,ethos,IMP_HYD,2035,HYD,6057.5303
NZ,shungnak,supply,2035,fall,10,ethos,IMP_SOL,2025,SOL,3977.7799
NZ,shungnak,supply,2035,fall,10,ethos,IMP_WND,2030,WND,10479.133
NZ,shungnak,supply,2035,fall,11,ethos,IMP_HYD,2025,HYD,6057.5303
NZ,shungnak,supply,2035,fall,11,ethos,IMP_SOL,2030,SOL,7207.5148
NZ,shungnak,supply,2035,fall,11,ethos,IMP_WND,2030,WND,10380.583
NZ,shungnak,supply,2035,fall,12,ethos,IMP_HYD,2030,HYD,6057.5303
NZ,shungnak,supply,2035,fall,12,ethos,IMP_SOL,2025,SOL,8895.6704
NZ,shungnak,supply,2035,fall,12,ethos,IMP_WND,2035,WND,10435.333
NZ,shungnak,supply,2035,fall,13,ethos,IMP_HYD,2030,HYD,6057.5303
NZ,shungnak,supply,2035,fall,13,ethos,IMP_SOL,2035,SOL,9790.2918
NZ,shungnak,supply,2035,fall,13,ethos,IMP_WND,2035,WND,10376.933
NZ,shungnak,supply,2035,fall,14,ethos,IMP_HYD,2035,HYD,6057.5303
NZ,shungnak,supply,2035,fall,14,ethos,IMP_SOL,2035,SOL,9244.4211
NZ,shungnak,supply,2035,fall,14,ethos,IMP_WND,2035,WND,10519.283
NZ,shungnak,supply,2035,fall,15,ethos,IMP_HYD,2030,HYD,6057.5303
NZ,shungnak,supply,2035,fall,15,ethos,IMP_SOL,2030,SOL,7712.9506
NZ,shungnak,supply,2035,fall,15,ethos,IMP_WND,2030,WND,10274.734
NZ,shungnak,supply,2035,fall,16,ethos,IMP_HYD,2025,HYD,6057.5303
NZ,shungnak,supply,2035,fall,16,ethos,IMP_SOL,2035,SOL,5322.2392
NZ,shungnak,supply,2035,fall,16,ethos,IMP_WND,2035,WND,10847.783
NZ,shungnak,supply,2035,fall,17,ethos,IMP_HYD,2030,HYD,6057.5303
NZ,shungnak,supply,2035,fall,17,ethos,IMP_SOL,2035,SOL,2688.9186
NZ,shungnak,supply,2035,fall,17,ethos,IMP_WND,2030,WND,10942.682
NZ,shungnak,supply,2035,fall,18,ethos,IMP_HYD,2030,HYD,6057.5303
NZ,shungnak,supply,2035,fall,18,ethos,IMP_SOL,2030,SOL,945.16498
NZ,shungnak,supply,2035,fall,18,ethos,IMP_WND,2035,WND,10413.433
NZ,shungnak,supply,2035,fall,19,ethos,IMP_HYD,2030,HYD,6057.5303
NZ,shungnak,supply,2035,fall,19,ethos,IMP_SOL,2025,SOL,232.50048
NZ,shungnak,supply,2035,fall,19,ethos,IMP_WND,2035,WND,10292.984
NZ,shungnak,supply,2035,fall,2,ethos,IMP_HYD,2030,HYD,6057.5303
NZ,shungnak,supply,2035,fall,2,ethos,IMP_WND,2030,WND,11121.532
NZ,shungnak,supply,2035,fall,20,ethos,IMP_HYD,2030,HYD,6057.5303
NZ,shungnak,supply,2035,fall,20,ethos,IMP_SOL,2035,SOL,15.163075
NZ,shungnak,supply,2035,fall,20,ethos,IMP_WND,2030,WND,10420.733
NZ,shungnak,supply,2035,fall,21,ethos,IMP_HYD,2035,HYD,6057.5303
NZ,shungnak,supply,2035,fall,21,ethos,IMP_WND,2035,WND,9964.4841
NZ,shungnak,supply,2035,fall,22,ethos,IMP_HYD,2025,HYD,6057.5303
NZ,shungnak,supply,2035,fall,22,ethos,IMP_WND,2035,WND,10610.533
NZ,shungnak,supply,2035,fall,23,ethos,IMP_HYD,2025,HYD,6057.5303
NZ,shungnak,supply,2035,fall,23,ethos,IMP_WND,2025,WND,10406.133
NZ,shungnak,supply,2035,fall,3,ethos,IMP_HYD,2025,HYD,6057.5303
NZ,shungnak,supply,2035,fall,3,ethos,IMP_WND,2030,WND,10971.882
NZ,shungnak,supply,2035,fall,4,ethos,IMP_HYD,2035,HYD,6057.5303
NZ,shungnak,supply,2035,fall,4,ethos,IMP_WND,2035,WND,10661.633
NZ,shungnak,supply,2035,fall,5,ethos,IMP_HYD,2035,HYD,6057.5303
NZ,shungnak,supply,2035,fall,5,ethos,IMP_WND,2035,WND,11033.932
NZ,shungnak,supply,2035,fall,6,ethos,IMP_HYD,2030,HYD,6057.5303
NZ,shungnak,supply,2035,fall,6,ethos,IMP_WND,2025,WND,10836.833
NZ,shungnak,supply,2035,fall,7,ethos,IMP_HYD,2035,HYD,6057.5303
NZ,shungnak,supply,2035,fall,7,ethos,IMP_SOL,2030,SOL,90.978448
NZ,shungnak,supply,2035,fall,7,ethos,IMP_WND,2035,WND,10803.983
NZ,shungnak,supply,2035,fall,8,ethos,IMP_HYD,2025,HYD,6057.5303
NZ,shungnak,supply,2035,fall,8,ethos,IMP_SOL,2025,SOL,879.45833
NZ,shungnak,supply,2035,fall,8,ethos,IMP_WND,2025,WND,11037.582
NZ,shungnak,supply,2035,fall,9,ethos,IMP_HYD,2035,HYD,6057.5303
NZ,shungnak,supply,2035,fall,9,ethos,IMP_SOL,2035,SOL,1875.1669
NZ,shungnak,supply,2035,fall,9,ethos,IMP_WND,2025,WND,10621.483
NZ,shungnak,supply,2035,spring,0,ethos,IMP_DSL,2025,DSL,6769.4129
NZ,shungnak,supply,2035,spring,0,ethos,IMP_HYD,2025,HYD,4270.4932
NZ,shungnak,supply,2035,spring,0,ethos,IMP_WND,2025,WND,10088.584
NZ,shungnak,supply,2035,spring,1,ethos,IMP_DSL,2035,DSL,6876.7656
NZ,shungnak,supply,2035,spring,1,ethos,IMP_HYD,2035,HYD,4270.4932
NZ,shungnak,supply,2035,spring,1,ethos,IMP_WND,2035,WND,10052.084
NZ,shungnak,supply,2035,spring,10,ethos,IMP_HYD,2025,HYD,4270.4932
NZ,shungnak,supply,2035,spring,10,ethos,IMP_SOL,2025,SOL,17942.972
NZ,shungnak,supply,2035,spring,10,ethos,IMP_WND,2030,WND,10008.284
NZ,shungnak,supply,2035,spring,11,ethos,IMP_HYD,2035,HYD,4270.4932
NZ,shungnak,supply,2035,spring,11,ethos,IMP_SOL,2030,SOL,22320.046
NZ,shungnak,supply,2035,spring,11,ethos,IMP_WND,2035,WND,9460.7849
NZ,shungnak,supply,2035,spring,12,ethos,IMP_HYD,2030,HYD,4270.4932
NZ,shungnak,supply,2035,spring,12,ethos,IMP_SOL,2035,SOL,24387.278
NZ,shungnak,supply,2035,spring,12,ethos,IMP_WND,2030,WND,8898.6858
NZ,shungnak,supply,2035,spring,13,ethos,IMP_HYD,2025,HYD,4270.4932
NZ,shungnak,supply,2035,spring,13,ethos,IMP_SOL,2025,SOL,25635.705
NZ,shungnak,supply,2035,spring,13,ethos,IMP_WND,2030,WND,7800.0375
NZ,shungnak,supply,2035,spring,14,ethos,IMP_HYD,2030,HYD,4270.4932
NZ,shungnak,supply,2035,spring,14,ethos,IMP_SOL,2035,SOL,25534.618
NZ,shungnak,supply,2035,spring,14,ethos,IMP_WND,2030,WND,7223.3384
NZ,shungnak,supply,2035,spring,15,ethos,IMP_HYD,2030,HYD,4270.4932
NZ,shungnak,supply,2035,spring,15,ethos,IMP_SOL,2030,SOL,24048.636
NZ,shungnak,supply,2035,spring,15,ethos,IMP_WND,2025,WND,7383.9382
NZ,shungnak,supply,2035,spring,16,ethos,IMP_HYD,2030,HYD,4270.4932
NZ,shungnak,supply,2035,spring,16,ethos,IMP_SOL,2025,SOL,20884.608
NZ,shungnak,supply,2035,spring,16,ethos,IMP_WND,2035,WND,7978.8872
NZ,shungnak,supply,2035,spring,17,ethos,IMP_HYD,2030,HYD,4270.4932
NZ,shungnak,supply,2035,spring,17,ethos,IMP_SOL,2025,SOL,15562.369
NZ,shungnak,supply,2035,spring,17,ethos,IMP_WND,2035,WND,8088.3871
NZ,shungnak,supply,2035,spring,18,ethos,IMP_HYD,2025,HYD,4270.4932
NZ,shungnak,supply,2035,spring,18,ethos,IMP_SOL,2025,SOL,9431.4324
NZ,shungnak,supply,2035,spring,18,ethos,IMP_WND,2035,WND,8336.5867
NZ,shungnak,supply,2035,spring,19,ethos,IMP_HYD,2035,HYD,4270.4932
NZ,shungnak,supply,2035,spring,19,ethos,IMP_SOL,2030,SOL,4104.1389
NZ,shungnak,supply,2035,spring,19,ethos,IMP_WND,2035,WND,8584.7863
NZ,shungnak,supply,2035,spring,2,ethos,IMP_DSL,2035,DSL,5409.8896
NZ,shungnak,supply,2035,spring,2,ethos,IMP_HYD,2025,HYD,4270.4932
NZ,shungnak,supply,2035,spring,2,ethos,IMP_WND,2025,WND,9818.4843
NZ,shungnak,supply,2035,spring,20,ethos,IMP_HYD,2035,HYD,4270.4932
NZ,shungnak,supply,2035,spring,20,ethos,IMP_SOL,2030,SOL,1496.09
NZ,shungnak,supply,2035,spring,20,ethos,IMP_WND,2030,WND,9095.7854
NZ,shungnak,supply,2035,spring,21,ethos,IMP_HYD,2025,HYD,4270.4932
NZ,shungnak,supply,2035,spring,21,ethos,IMP_SOL,2025,SOL,652.01221
NZ,shungnak,supply,2035,spring,21,ethos,IMP_WND,2030,WND,8869.4858
NZ,shungnak,supply,2035,spring,22,ethos,IMP_HYD,2025,HYD,4270.4932
NZ,shungnak,supply,2035,spring,22,ethos,IMP_SOL,2030,SOL,252.71791
NZ,shungnak,supply,2035,spring,22,ethos,IMP_WND,2030,WND,9898.7842
NZ,shungnak,supply,2035,spring,23,ethos,IMP_HYD,2035,HYD,4270.4932
NZ,shungnak,supply,2035,spring,23,ethos,IMP_SOL,2035,SOL,40.434866
NZ,shungnak,supply,2035,spring,23,ethos,IMP_WND,2030,WND,10099.534
NZ,shungnak,supply,2035,spring,3,ethos,IMP_DSL,2025,DSL,3971.3625
NZ,shungnak,supply,2035,spring,3,ethos,IMP_HYD,2030,HYD,4270.4932
NZ,shungnak,supply,2035,spring,3,ethos,IMP_WND,2035,WND,10307.584
NZ,shungnak,supply,2035,spring,4,ethos,IMP_DSL,2035,DSL,2839.2533
NZ,shungnak,supply,2035,spring,4,ethos,IMP_HYD,2035,HYD,4270.4932
NZ,shungnak,supply,2035,spring,4,ethos,IMP_SOL,2025,SOL,60.652298
NZ,shungnak,supply,2035,spring,4,ethos,IMP_WND,2035,WND,10814.933
NZ,shungnak,supply,2035,spring,5,ethos,IMP_DSL,2025,DSL,1900.4028
NZ,shungnak,supply,2035,spring,5,ethos,IMP_HYD,2025,HYD,4270.4932
NZ,shungnak,supply,2035,spring,5,ethos,IMP_SOL,2025,SOL,267.88098
NZ,shungnak,supply,2035,spring,5,ethos,IMP_WND,2025,WND,11293.082
NZ,shungnak,supply,2035,spring,6,ethos,IMP_DSL,2030,DSL,797.09142
NZ,shungnak,supply,2035,spring,6,ethos,IMP_HYD,2035,HYD,4270.4932
NZ,shungnak,supply,2035,spring,6,ethos,IMP_SOL,2035,SOL,899.67576
NZ,shungnak,supply,2035,spring,6,ethos,IMP_WND,2025,WND,11402.582
NZ,shungnak,supply,2035,spring,7,ethos,IMP_DSL,2035,DSL,1149.7133
NZ,shungnak,supply,2035,spring,7,ethos,IMP_HYD,2030,HYD,4270.4932
NZ,shungnak,supply,2035,spring,7,ethos,IMP_SOL,2030,SOL,2891.0929
NZ,shungnak,supply,2035,spring,7,ethos,IMP_WND,2025,WND,10939.032
NZ,shungnak,supply,2035,spring,8,ethos,IMP_HYD,2025,HYD,4270.4932
NZ,shungnak,supply,2035,spring,8,ethos,IMP_SOL,2035,SOL,6732.4051
NZ,shungnak,supply,2035,spring,8,ethos,IMP_WND,2035,WND,11391.632
NZ,shungnak,supply,2035,spring,9,ethos,IMP_HYD,2025,HYD,4270.4932
NZ,shungnak,supply,2035,spring,9,ethos,IMP_SOL,2025,SOL,12453.939
NZ,shungnak,supply,2035,spring,9,ethos,IMP_WND,2035,WND,10172.534
NZ,shungnak,supply,2035,summer,0,ethos,IMP_HYD,2025,HYD,10853.623
NZ,shungnak,supply,2035,summer,0,ethos,IMP_SOL,2035,SOL,50.543582
NZ,shungnak,supply,2035,summer,0,ethos,IMP_WND,2035,WND,2580.5459
NZ,shungnak,supply,2035,summer,1,ethos,IMP_HYD,2035,HYD,10853.623
NZ,shungnak,supply,2035,summer,1,ethos,IMP_WND,2025,WND,2040.3467
NZ,shungnak,supply,2035,summer,10,ethos,IMP_HYD,2035,HYD,10853.623
NZ,shungnak,supply,2035,summer,10,ethos,IMP_SOL,2035,SOL,16057.696
NZ,shungnak,supply,2035,summer,10,ethos,IMP_WND,2035,WND,1751.9972
NZ,shungnak,supply,2035,summer,11,ethos,IMP_HYD,2030,HYD,10853.623
NZ,shungnak,supply,2035,summer,11,ethos,IMP_SOL,2035,SOL,19171.181
NZ,shungnak,supply,2035,summer,11,ethos,IMP_WND,2025,WND,1525.6976
NZ,shungnak,supply,2035,summer,12,ethos,IMP_HYD,2030,HYD,10853.623
NZ,shungnak,supply,2035,summer,12,ethos,IMP_SOL,2025,SOL,21465.859
NZ,shungnak,supply,2035,summer,12,ethos,IMP_WND,2025,WND,1503.7976
NZ,shungnak,supply,2035,summer,13,ethos,IMP_HYD,2025,HYD,10853.623
NZ,shungnak,supply,2035,summer,13,ethos,IMP_SOL,2030,SOL,22577.818
NZ,shungnak,supply,2035,summer,13,ethos,IMP_WND,2030,WND,1595.0474
NZ,shungnak,supply,2035,summer,14,ethos,IMP_HYD,2025,HYD,10853.623
NZ,shungnak,supply,2035,summer,14,ethos,IMP_SOL,2035,SOL,23204.558
NZ,shungnak,supply,2035,summer,14,ethos,IMP_WND,2025,WND,1730.0972
NZ,shungnak,supply,2035,summer,15,ethos,IMP_HYD,2025,HYD,10853.623
NZ,shungnak,supply,2035,summer,15,ethos,IMP_SOL,2025,SOL,20904.825
NZ,shungnak,supply,2035,summer,15,ethos,IMP_WND,2035,WND,1532.9975
NZ,shungnak,supply,2035,summer,16,ethos,IMP_HYD,2025,HYD,10853.623
NZ,shungnak,supply,2035,summer,16,ethos,IMP_SOL,2025,SOL,19267.213
NZ,shungnak,supply,2035,summer,16,ethos,IMP_WND,2030,WND,1251.948
NZ,shungnak,supply,2035,summer,17,ethos,IMP_HYD,2025,HYD,10853.623
NZ,shungnak,supply,2035,summer,17,ethos,IMP_SOL,2025,SOL,15981.881
NZ,shungnak,supply,2035,summer,17,ethos,IMP_WND,2035,WND,1394.2978
NZ,shungnak,supply,2035,summer,18,ethos,IMP_HYD,2035,HYD,10853.623
NZ,shungnak,supply,2035,summer,18,ethos,IMP_SOL,2025,SOL,11397.578
NZ,shungnak,supply,2035,summer,18,ethos,IMP_WND,2025,WND,1850.547
NZ,shungnak,supply,2035,summer,19,ethos,IMP_HYD,2030,HYD,10853.623
NZ,shungnak,supply,2035,summer,19,ethos,IMP_SOL,2025,SOL,6641.4267
NZ,shungnak,supply,2035,summer,19,ethos,IMP_WND,2030,WND,1598.6974
NZ,shungnak,supply,2035,summer,2,ethos,IMP_HYD,2025,HYD,10853.623
NZ,shungnak,supply,2035,summer,2,ethos,IMP_WND,2025,WND,1868.797
NZ,shungnak,supply,2035,summer,20,ethos,IMP_HYD,2030,HYD,10853.623
NZ,shungnak,supply,2035,summer,20,ethos,IMP_SOL,2025,SOL,3442.0179
NZ,shungnak,supply,2035,summer,20,ethos,IMP_WND,2025,WND,1970.9968
NZ,shungnak,supply,2035,summer,21,ethos,IMP_HYD,2030,HYD,10853.623
NZ,shungnak,supply,2035,summer,21,ethos,IMP_SOL,2035,SOL,1566.851
NZ,shungnak,supply,2035,summer,21,ethos,IMP_WND,2025,WND,2839.6955
NZ,shungnak,supply,2035,summer,22,ethos,IMP_HYD,2035,HYD,10853.623
NZ,shungnak,supply,2035,summer,22,ethos,IMP_SOL,2035,SOL,945.16498
NZ,shungnak,supply,2035,summer,22,ethos,IMP_WND,2035,WND,2770.3456
NZ,shungnak,supply,2035,summer,23,ethos,IMP_HYD,2030,HYD,10853.623
NZ,shungnak,supply,2035,summer,23,ethos,IMP_SOL,2035,SOL,277.9897
NZ,shungnak,supply,2035,summer,23,ethos,IMP_WND,2025,WND,3040.4451
NZ,shungnak,supply,2035,summer,3,ethos,IMP_HYD,2030,HYD,10853.623
NZ,shungnak,supply,2035,summer,3,ethos,IMP_SOL,2030,SOL,60.652298
NZ,shungnak,supply,2035,summer,3,ethos,IMP_WND,2030,WND,2135.2466
NZ,shungnak,supply,2035,summer,4,ethos,IMP_HYD,2035,HYD,10853.623
NZ,shungnak,supply,2035,summer,4,ethos,IMP_SOL,2035,SOL,389.18558
NZ,shungnak,supply,2035,summer,4,ethos,IMP_WND,2035,WND,2182.6965
NZ,shungnak,supply,2035,summer,5,ethos,IMP_HYD,2030,HYD,10853.623
NZ,shungnak,supply,2035,summer,5,ethos,IMP_SOL,2030,SOL,753.09937
NZ,shungnak,supply,2035,summer,5,ethos,IMP_WND,2025,WND,2262.9964
NZ,shungnak,supply,2035,summer,6,ethos,IMP_HYD,2030,HYD,10853.623
NZ,shungnak,supply,2035,summer,6,ethos,IMP_SOL,2025,SOL,1910.5474
NZ,shungnak,supply,2035,summer,6,ethos,IMP_WND,2035,WND,2029.3968
NZ,shungnak,supply,2035,summer,7,ethos,IMP_HYD,2025,HYD,10853.623
NZ,shungnak,supply,2035,summer,7,ethos,IMP_SOL,2030,SOL,4574.1942
NZ,shungnak,supply,2035,summer,7,ethos,IMP_WND,2030,WND,1686.2973
NZ,shungnak,supply,2035,summer,8,ethos,IMP_HYD,2025,HYD,10853.623
NZ,shungnak,supply,2035,summer,8,ethos,IMP_SOL,2035,SOL,8961.3771
NZ,shungnak,supply,2035,summer,8,ethos,IMP_WND,2035,WND,1733.7472
NZ,shungnak,supply,2035,summer,9,ethos,IMP_HYD,2025,HYD,10853.623
NZ,shungnak,supply,2035,summer,9,ethos,IMP_SOL,2025,SOL,12241.656
NZ,shungnak,supply,2035,summer,9,ethos,IMP_WND,2025,WND,1624.2474
NZ,shungnak,supply,2035,winter,0,ethos,IMP_HYD,2025,HYD,1011.7784
NZ,shungnak,supply,2035,winter,0,ethos,IMP_WND,2035,WND,11026.632
NZ,shungnak,supply,2035,winter,1,ethos,IMP_HYD,2025,HYD,1011.7784
NZ,shungnak,supply,2035,winter,1,ethos,IMP_WND,2030,WND,11241.982
NZ,shungnak,supply,2035,winter,10,ethos,IMP_HYD,2030,HYD,1011.7784
NZ,shungnak,supply,2035,winter,10,ethos,IMP_SOL,2030,SOL,576.19683
NZ,shungnak,supply,2035,winter,10,ethos,IMP_WND,2035,WND,10898.883
NZ,shungnak,supply,2035,winter,11,ethos,IMP_HYD,2030,HYD,1011.7784
NZ,shungnak,supply,2035,winter,11,ethos,IMP_SOL,2025,SOL,1956.0366
NZ,shungnak,supply,2035,winter,11,ethos,IMP_WND,2025,WND,10884.283
NZ,shungnak,supply,2035,winter,12,ethos,IMP_HYD,2030,HYD,1011.7784
NZ,shungnak,supply,2035,winter,12,ethos,IMP_SOL,2030,SOL,3462.2354
NZ,shungnak,supply,2035,winter,12,ethos,IMP_WND,2035,WND,11325.932
NZ,shungnak,supply,2035,winter,13,ethos,IMP_HYD,2030,HYD,1011.7784
NZ,shungnak,supply,2035,winter,13,ethos,IMP_SOL,2035,SOL,4452.8896
NZ,shungnak,supply,2035,winter,13,ethos,IMP_WND,2035,WND,11804.081
NZ,shungnak,supply,2035,winter,14,ethos,IMP_HYD,2030,HYD,1011.7784
NZ,shungnak,supply,2035,winter,14,ethos,IMP_SOL,2025,SOL,4452.8896
NZ,shungnak,supply,2035,winter,14,ethos,IMP_WND,2030,WND,11523.032
NZ,shungnak,supply,2035,winter,15,ethos,IMP_HYD,2025,HYD,1011.7784
NZ,shungnak,supply,2035,winter,15,ethos,IMP_SOL,2035,SOL,3290.3872
NZ,shungnak,supply,2035,winter,15,ethos,IMP_WND,2035,WND,11767.581
NZ,shungnak,supply,2035,winter,16,ethos,IMP_HYD,2025,HYD,1011.7784
NZ,shungnak,supply,2035,winter,16,ethos,IMP_SOL,2035,SOL,1784.1884
NZ,shungnak,supply,2035,winter,16,ethos,IMP_WND,2025,WND,11596.031
NZ,shungnak,supply,2035,winter,17,ethos,IMP_HYD,2035,HYD,1011.7784
NZ,shungnak,supply,2035,winter,17,ethos,IMP_SOL,2025,SOL,465.00095
NZ,shungnak,supply,2035,winter,17,ethos,IMP_WND,2030,WND,11325.932
NZ,shungnak,supply,2035,winter,18,ethos,IMP_DSL,2025,DSL,47357.604
NZ,shungnak,supply,2035,winter,18,ethos,IMP_HYD,2035,HYD,1011.7784
NZ,shungnak,supply,2035,winter,18,ethos,IMP_SOL,2035,SOL,10.108716
NZ,shungnak,supply,2035,winter,18,ethos,IMP_WND,2030,WND,11205.482
NZ,shungnak,supply,2035,winter,19,ethos,IMP_HYD,2030,HYD,1011.7784
NZ,shungnak,supply,2035,winter,19,ethos,IMP_WND,2025,WND,11358.782
NZ,shungnak,supply,2035,winter,2,ethos,IMP_HYD,2025,HYD,1011.7784
NZ,shungnak,supply,2035,winter,2,ethos,IMP_WND,2025,WND,10844.133
NZ,shungnak,supply,2035,winter,20,ethos,IMP_HYD,2035,HYD,1011.7784
NZ,shungnak,supply,2035,winter,20,ethos,IMP_WND,2030,WND,11479.232
NZ,shungnak,supply,2035,winter,21,ethos,IMP_HYD,2035,HYD,1011.7784
NZ,shungnak,supply,2035,winter,21,ethos,IMP_WND,2030,WND,12030.381
NZ,shungnak,supply,2035,winter,22,ethos,IMP_DSL,2035,DSL,28219.419
NZ,shungnak,supply,2035,winter,22,ethos,IMP_HYD,2035,HYD,1011.7784
NZ,shungnak,supply,2035,winter,22,ethos,IMP_WND,2035,WND,12096.081
NZ,shungnak,supply,2035,winter,23,ethos,IMP_DSL,2025,DSL,23689.968
NZ,shungnak,supply,2035,winter,23,ethos,IMP_HYD,2035,HYD,1011.7784
NZ,shungnak,supply,2035,winter,23,ethos,IMP_WND,2035,WND,11439.082
NZ,shungnak,supply,2035,winter,3,ethos,IMP_HYD,2030,HYD,1011.7784
NZ,shungnak,supply,2035,winter,3,ethos,IMP_WND,2035,WND,10282.034
NZ,shungnak,supply,2035,winter,4,ethos,IMP_HYD,2030,HYD,1011.7784
NZ,shungnak,supply,2035,winter,4,ethos,IMP_WND,2035,WND,10081.284
NZ,shungnak,supply,2035,winter,5,ethos,IMP_HYD,2025,HYD,1011.7784
NZ,shungnak,supply,2035,winter,5,ethos,IMP_WND,2030,WND,10307.584
NZ,shungnak,supply,2035,winter,6,ethos,IMP_HYD,2025,HYD,1011.7784
NZ,shungnak,supply,2035,winter,6,ethos,IMP_WND,2035,WND,10387.883
NZ,shungnak,supply,2035,winter,7,ethos,IMP_HYD,2030,HYD,1011.7784
NZ,shungnak,supply,2035,winter,7,ethos,IMP_WND,2030,WND,10508.333
NZ,shungnak,supply,2035,winter,8,ethos,IMP_HYD,2025,HYD,1011.7784
NZ,shungnak,supply,2035,winter,8,ethos,IMP_WND,2035,WND,10687.183
NZ,shungnak,supply,2035,winter,9,ethos,IMP_HYD,2030,HYD,1011.7784
NZ,shungnak,supply,2035,winter,9,ethos,IMP_WND,2030,WND,11413.532
NZ,shungnak,supply,2040,fall,0,ethos,IMP_HYD,2025,HYD,6057.5303
NZ,shungnak,supply,2040,fall,0,ethos,IMP_WND,2025,WND,13495.853
NZ,shungnak,supply,2040,fall,1,ethos,IMP_HYD,2030,HYD,6057.5303
NZ,shungnak,supply,2040,fall,1,ethos,IMP_WND,2030,WND,13806.103
NZ,shungnak,supply,2040,fall,10,ethos,IMP_HYD,2040,HYD,6057.5303
NZ,shungnak,supply,2040,fall,10,ethos,IMP_SOL,2030,SOL,3977.7799
NZ,shungnak,supply,2040,fall,10,ethos,IMP_WND,2040,WND,13098.917
NZ,shungnak,supply,2040,fall,11,ethos,IMP_HYD,2025,HYD,6057.5303
NZ,shungnak,supply,2040,fall,11,ethos,IMP_SOL,2030,SOL,7207.5148
NZ,shungnak,supply,2040,fall,11,ethos,IMP_WND,2030,WND,12975.729
NZ,shungnak,supply,2040,fall,12,ethos,IMP_HYD,2035,HYD,6057.5303
NZ,shungnak,supply,2040,fall,12,ethos,IMP_SOL,2025,SOL,8895.6704
NZ,shungnak,supply,2040,fall,12,ethos,IMP_WND,2040,WND,13044.167
NZ,shungnak,supply,2040,fall,13,ethos,IMP_HYD,2035,HYD,6057.5303
NZ,shungnak,supply,2040,fall,13,ethos,IMP_SOL,2040,SOL,9790.2918
NZ,shungnak,supply,2040,fall,13,ethos,IMP_WND,2025,WND,12971.167
NZ,shungnak,supply,2040,fall,14,ethos,IMP_HYD,2025,HYD,6057.5303
NZ,shungnak,supply,2040,fall,14,ethos,IMP_SOL,2030,SOL,9244.4211
NZ,shungnak,supply,2040,fall,14,ethos,IMP_WND,2035,WND,13149.104
NZ,shungnak,supply,2040,fall,15,ethos,IMP_HYD,2030,HYD,6057.5303
NZ,shungnak,supply,2040,fall,15,ethos,IMP_SOL,2035,SOL,7712.9506
NZ,shungnak,supply,2040,fall,15,ethos,IMP_WND,2030,WND,12843.417
NZ,shungnak,supply,2040,fall,16,ethos,IMP_HYD,2025,HYD,6057.5303
NZ,shungnak,supply,2040,fall,16,ethos,IMP_SOL,2030,SOL,5322.2392
NZ,shungnak,supply,2040,fall,16,ethos,IMP_WND,2035,WND,13559.728
NZ,shungnak,supply,2040,fall,17,ethos,IMP_HYD,2035,HYD,6057.5303
NZ,shungnak,supply,2040,fall,17,ethos,IMP_SOL,2030,SOL,2688.9186
NZ,shungnak,supply,2040,fall,17,ethos,IMP_WND,2040,WND,13678.353
NZ,shungnak,supply,2040,fall,18,ethos,IMP_HYD,2040,HYD,6057.5303
NZ,shungnak,supply,2040,fall,18,ethos,IMP_SOL,2040,SOL,945.16498
NZ,shungnak,supply,2040,fall,18,ethos,IMP_WND,2025,WND,13016.792
NZ,shungnak,supply,2040,fall,19,ethos,IMP_HYD,2040,HYD,6057.5303
NZ,shungnak,supply,2040,fall,19,ethos,IMP_SOL,2040,SOL,232.50048
NZ,shungnak,supply,2040,fall,19,ethos,IMP_WND,2030,WND,12866.229
NZ,shungnak,supply,2040,fall,2,ethos,IMP_HYD,2025,HYD,6057.5303
NZ,shungnak,supply,2040,fall,2,ethos,IMP_WND,2035,WND,13901.915
NZ,shungnak,supply,2040,fall,20,ethos,IMP_HYD,2025,HYD,6057.5303
NZ,shungnak,supply,2040,fall,20,ethos,IMP_SOL,2030,SOL,15.163075
NZ,shungnak,supply,2040,fall,20,ethos,IMP_WND,2025,WND,13025.917
NZ,shungnak,supply,2040,fall,21,ethos,IMP_HYD,2040,HYD,6057.5303
NZ,shungnak,supply,2040,fall,21,ethos,IMP_WND,2030,WND,12455.605
NZ,shungnak,supply,2040,fall,22,ethos,IMP_HYD,2030,HYD,6057.5303
NZ,shungnak,supply,2040,fall,22,ethos,IMP_WND,2035,WND,13263.166
NZ,shungnak,supply,2040,fall,23,ethos,IMP_HYD,2035,HYD,6057.5303
NZ,shungnak,supply,2040,fall,23,ethos,IMP_WND,2035,WND,13007.667
NZ,shungnak,supply,2040,fall,3,ethos,IMP_HYD,2040,HYD,6057.5303
NZ,shungnak,supply,2040,fall,3,ethos,IMP_WND,2025,WND,13714.853
NZ,shungnak,supply,2040,fall,4,ethos,IMP_HYD,2030,HYD,6057.5303
NZ,shungnak,supply,2040,fall,4,ethos,IMP_WND,2035,WND,13327.041
NZ,shungnak,supply,2040,fall,5,ethos,IMP_HYD,2030,HYD,6057.5303
NZ,shungnak,supply,2040,fall,5,ethos,IMP_WND,2035,WND,13792.415
NZ,shungnak,supply,2040,fall,6,ethos,IMP_HYD,2035,HYD,6057.5303
NZ,shungnak,supply,2040,fall,6,ethos,IMP_WND,2025,WND,13546.041
NZ,shungnak,supply,2040,fall,7,ethos,IMP_HYD,2040,HYD,6057.5303
NZ,shungnak,supply,2040,fall,7,ethos,IMP_SOL,2025,SOL,90.978448
NZ,shungnak,supply,2040,fall,7,ethos,IMP_WND,2035,WND,13504.978
NZ,shungnak,supply,2040,fall,8,ethos,IMP_HYD,2025,HYD,6057.5303
NZ,shungnak,supply,2040,fall,8,ethos,IMP_SOL,2040,SOL,879.45833
NZ,shungnak,supply,2040,fall,8,ethos,IMP_WND,2030,WND,13796.978
NZ,shungnak,supply,2040,fall,9,ethos,IMP_HYD,2040,HYD,6057.5303
NZ,shungnak,supply,2040,fall,9,ethos,IMP_SOL,2025,SOL,1875.1669
NZ,shungnak,supply,2040,fall,9,ethos,IMP_WND,2030,WND,13276.854
NZ,shungnak,supply,2040,spring,0,ethos,IMP_HYD,2030,HYD,4270.4932
NZ,shungnak,supply,2040,spring,0,ethos,IMP_WND,2035,WND,12610.73
NZ,shungnak,supply,2040,spring,1,ethos,IMP_HYD,2040,HYD,4270.4932
NZ,shungnak,supply,2040,spring,1,ethos,IMP_WND,2040,WND,12565.105
NZ,shungnak,supply,2040,spring,10,ethos,IMP_HYD,2025,HYD,4270.4932
NZ,shungnak,supply,2040,spring,10,ethos,IMP_SOL,2030,SOL,17942.972
NZ,shungnak,supply,2040,spring,10,ethos,IMP_WND,2035,WND,3378.8621
NZ,shungnak,supply,2040,spring,11,ethos,IMP_SOL,2030,SOL,17581.117
NZ,shungnak,supply,2040,spring,11,ethos,IMP_WND,2035,WND,8588.4807
NZ,shungnak,supply,2040,spring,12,ethos,IMP_HYD,2040,HYD,4270.4932
NZ,shungnak,supply,2040,spring,12,ethos,IMP_SOL,2035,SOL,16102.797
NZ,shungnak,supply,2040,spring,12,ethos,IMP_WND,2035,WND,4449.3429
NZ,shungnak,supply,2040,spring,13,ethos,IMP_SOL,2030,SOL,14110.468
NZ,shungnak,supply,2040,spring,13,ethos,IMP_WND,2025,WND,9750.0469
NZ,shungnak,supply,2040,spring,14,ethos,IMP_HYD,2030,HYD,4270.4932
NZ,shungnak,supply,2040,spring,14,ethos,IMP_SOL,2025,SOL,24948.358
NZ,shungnak,supply,2040,spring,14,ethos,IMP_WND,2040,WND,9029.1731
NZ,shungnak,supply,2040,spring,15,ethos,IMP_HYD,2025,HYD,4270.4932
NZ,shungnak,supply,2040,spring,15,ethos,IMP_SOL,2040,SOL,24048.636
NZ,shungnak,supply,2040,spring,15,ethos,IMP_WND,2030,WND,9229.9227
NZ,shungnak,supply,2040,spring,16,ethos,IMP_HYD,2035,HYD,4270.4932
NZ,shungnak,supply,2040,spring,16,ethos,IMP_SOL,2030,SOL,20884.608
NZ,shungnak,supply,2040,spring,16,ethos,IMP_WND,2035,WND,9973.609
NZ,shungnak,supply,2040,spring,17,ethos,IMP_HYD,2035,HYD,4270.4932
NZ,shungnak,supply,2040,spring,17,ethos,IMP_SOL,2035,SOL,15562.369
NZ,shungnak,supply,2040,spring,17,ethos,IMP_WND,2035,WND,10110.484
NZ,shungnak,supply,2040,spring,18,ethos,IMP_HYD,2040,HYD,4270.4932
NZ,shungnak,supply,2040,spring,18,ethos,IMP_SOL,2035,SOL,9431.4324
NZ,shungnak,supply,2040,spring,18,ethos,IMP_WND,2035,WND,10420.733
NZ,shungnak,supply,2040,spring,19,ethos,IMP_HYD,2025,HYD,4270.4932
NZ,shungnak,supply,2040,spring,19,ethos,IMP_SOL,2035,SOL,4104.1389
NZ,shungnak,supply,2040,spring,19,ethos,IMP_WND,2040,WND,10730.983
NZ,shungnak,supply,2040,spring,2,ethos,IMP_HYD,2035,HYD,4270.4932
NZ,shungnak,supply,2040,spring,2,ethos,IMP_WND,2025,WND,12273.105
NZ,shungnak,supply,2040,spring,20,ethos,IMP_HYD,2025,HYD,4270.4932
NZ,shungnak,supply,2040,spring,20,ethos,IMP_SOL,2030,SOL,1496.09
NZ,shungnak,supply,2040,spring,20,ethos,IMP_WND,2040,WND,11369.732
NZ,shungnak,supply,2040,spring,21,ethos,IMP_HYD,2030,HYD,4270.4932
NZ,shungnak,supply,2040,spring,21,ethos,IMP_SOL,2030,SOL,652.01221
NZ,shungnak,supply,2040,spring,21,ethos,IMP_WND,2025,WND,11086.857
NZ,shungnak,supply,2040,spring,22,ethos,IMP_HYD,2030,HYD,4270.4932
NZ,shungnak,supply,2040,spring,22,ethos,IMP_SOL,2035,SOL,252.71791
NZ,shungnak,supply,2040,spring,22,ethos,IMP_WND,2030,WND,12373.48
NZ,shungnak,supply,2040,spring,23,ethos,IMP_HYD,2040,HYD,4270.4932
NZ,shungnak,supply,2040,spring,23,ethos,IMP_SOL,2025,SOL,40.434866
NZ,shungnak,supply,2040,spring,23,ethos,IMP_WND,2025,WND,12624.417
NZ,shungnak,supply,2040,spring,3,ethos,IMP_HYD,2040,HYD,4270.4932
NZ,shungnak,supply,2040,spring,3,ethos,IMP_WND,2030,WND,12470.352
NZ,shungnak,supply,2040,spring,4,ethos,IMP_HYD,2025,HYD,4270.4932
NZ,shungnak,supply,2040,spring,4,ethos,IMP_SOL,2040,SOL,20.399817
NZ,shungnak,supply,2040,spring,4,ethos,IMP_WND,2025,WND,12642.376
NZ,shungnak,supply,2040,spring,5,ethos,IMP_HYD,2025,HYD,4270.4932
NZ,shungnak,supply,2040,spring,5,ethos,IMP_SOL,2035,SOL,90.099193
NZ,shungnak,supply,2040,spring,5,ethos,IMP_WND,2040,WND,12957.524
NZ,shungnak,supply,2040,spring,6,ethos,IMP_HYD,2025,HYD,2741.0766
NZ,shungnak,supply,2040,spring,6,ethos,IMP_SOL,2035,SOL,708.65914
NZ,shungnak,supply,2040,spring,6,ethos,IMP_WND,2035,WND,14253.227
NZ,shungnak,supply,2040,spring,7,ethos,IMP_HYD,2035,HYD,4270.4932
NZ,shungnak,supply,2040,spring,7,ethos,IMP_SOL,2035,SOL,2891.0929
NZ,shungnak,supply,2040,spring,7,ethos,IMP_WND,2030,WND,12273.188
NZ,shungnak,supply,2040,spring,8,ethos,IMP_HYD,2035,HYD,4270.4932
NZ,shungnak,supply,2040,spring,8,ethos,IMP_SOL,2025,SOL,4580.7883
NZ,shungnak,supply,2040,spring,8,ethos,IMP_WND,2035,WND,14239.54
NZ,shungnak,supply,2040,spring,9,ethos,IMP_HYD,2030,HYD,3584.7528
NZ,shungnak,supply,2040,spring,9,ethos,IMP_SOL,2040,SOL,12453.939
NZ,shungnak,supply,2040,spring,9,ethos,IMP_WND,2040,WND,7629.4003
NZ,shungnak,supply,2040,summer,0,ethos,IMP_HYD,2035,HYD,10853.623
NZ,shungnak,supply,2040,summer,0,ethos,IMP_SOL,2040,SOL,50.543582
NZ,shungnak,supply,2040,summer,0,ethos,IMP_WND,2040,WND,3225.6823
NZ,shungnak,supply,2040,summer,1,ethos,IMP_HYD,2030,HYD,10853.623
NZ,shungnak,supply,2040,summer,1,ethos,IMP_WND,2040,WND,2550.4334
NZ,shungnak,supply,2040,summer,10,ethos,IMP_HYD,2030,HYD,10853.623
NZ,shungnak,supply,2040,summer,10,ethos,IMP_SOL,2030,SOL,16057.696
NZ,shungnak,supply,2040,summer,10,ethos,IMP_WND,2030,WND,2189.9965
NZ,shungnak,supply,2040,summer,11,ethos,IMP_HYD,2025,HYD,10853.623
NZ,shungnak,supply,2040,summer,11,ethos,IMP_SOL,2025,SOL,19171.181
NZ,shungnak,supply,2040,summer,11,ethos,IMP_WND,2040,WND,1907.1219
NZ,shungnak,supply,2040,summer,12,ethos,IMP_HYD,2030,HYD,10853.623
NZ,shungnak,supply,2040,summer,12,ethos,IMP_SOL,2035,SOL,21465.859
NZ,shungnak,supply,2040,summer,12,ethos,IMP_WND,2030,WND,1879.747
NZ,shungnak,supply,2040,summer,13,ethos,IMP_HYD,2040,HYD,10853.623
NZ,shungnak,supply,2040,summer,13,ethos,IMP_SOL,2035,SOL,22577.818
NZ,shungnak,supply,2040,summer,13,ethos,IMP_WND,2030,WND,1993.8093
NZ,shungnak,supply,2040,summer,14,ethos,IMP_HYD,2035,HYD,10853.623
NZ,shungnak,supply,2040,summer,14,ethos,IMP_SOL,2030,SOL,23204.558
NZ,shungnak,supply,2040,summer,14,ethos,IMP_WND,2035,WND,2162.6215
NZ,shungnak,supply,2040,summer,15,ethos,IMP_HYD,2030,HYD,10853.623
NZ,shungnak,supply,2040,summer,15,ethos,IMP_SOL,2025,SOL,20904.825
NZ,shungnak,supply,2040,summer,15,ethos,IMP_WND,2035,WND,1916.2469
NZ,shungnak,supply,2040,summer,16,ethos,IMP_HYD,2030,HYD,10853.623
NZ,shungnak,supply,2040,summer,16,ethos,IMP_SOL,2035,SOL,19267.213
NZ,shungnak,supply,2040,summer,16,ethos,IMP_WND,2030,WND,1564.935
NZ,shungnak,supply,2040,summer,17,ethos,IMP_HYD,2025,HYD,10853.623
NZ,shungnak,supply,2040,summer,17,ethos,IMP_SOL,2040,SOL,15981.881
NZ,shungnak,supply,2040,summer,17,ethos,IMP_WND,2025,WND,1742.8722
NZ,shungnak,supply,2040,summer,18,ethos,IMP_HYD,2035,HYD,10853.623
NZ,shungnak,supply,2040,summer,18,ethos,IMP_SOL,2035,SOL,11397.578
NZ,shungnak,supply,2040,summer,18,ethos,IMP_WND,2030,WND,2313.1838
NZ,shungnak,supply,2040,summer,19,ethos,IMP_HYD,2040,HYD,10853.623
NZ,shungnak,supply,2040,summer,19,ethos,IMP_SOL,2035,SOL,6641.4267
NZ,shungnak,supply,2040,summer,19,ethos,IMP_WND,2025,WND,1998.3718
NZ,shungnak,supply,2040,summer,2,ethos,IMP_HYD,2035,HYD,10853.623
NZ,shungnak,supply,2040,summer,2,ethos,IMP_WND,2035,WND,2335.9963
NZ,shungnak,supply,2040,summer,20,ethos,IMP_HYD,2025,HYD,10853.623
NZ,shungnak,supply,2040,summer,20,ethos,IMP_SOL,2030,SOL,3442.0179
NZ,shungnak,supply,2040,summer,20,ethos,IMP_WND,2040,WND,2463.7461
NZ,shungnak,supply,2040,summer,21,ethos,IMP_HYD,2040,HYD,10853.623
NZ,shungnak,supply,2040,summer,21,ethos,IMP_SOL,2030,SOL,1566.851
NZ,shungnak,supply,2040,summer,21,ethos,IMP_WND,2030,WND,3549.6193
NZ,shungnak,supply,2040,summer,22,ethos,IMP_HYD,2035,HYD,10853.623
NZ,shungnak,supply,2040,summer,22,ethos,IMP_SOL,2025,SOL,945.16498
NZ,shungnak,supply,2040,summer,22,ethos,IMP_WND,2035,WND,3462.932
NZ,shungnak,supply,2040,summer,23,ethos,IMP_HYD,2025,HYD,10853.623
NZ,shungnak,supply,2040,summer,23,ethos,IMP_SOL,2040,SOL,277.9897
NZ,shungnak,supply,2040,summer,23,ethos,IMP_WND,2030,WND,3800.5564
NZ,shungnak,supply,2040,summer,3,ethos,IMP_HYD,2030,HYD,10853.623
NZ,shungnak,supply,2040,summer,3,ethos,IMP_SOL,2030,SOL,60.652298
NZ,shungnak,supply,2040,summer,3,ethos,IMP_WND,2035,WND,2669.0582
NZ,shungnak,supply,2040,summer,4,ethos,IMP_HYD,2040,HYD,10853.623
NZ,shungnak,supply,2040,summer,4,ethos,IMP_SOL,2025,SOL,389.18558
NZ,shungnak,supply,2040,summer,4,ethos,IMP_WND,2035,WND,2728.3706
NZ,shungnak,supply,2040,summer,5,ethos,IMP_HYD,2025,HYD,10853.623
NZ,shungnak,supply,2040,summer,5,ethos,IMP_SOL,2030,SOL,753.09937
NZ,shungnak,supply,2040,summer,5,ethos,IMP_WND,2035,WND,2828.7455
NZ,shungnak,supply,2040,summer,6,ethos,IMP_HYD,2040,HYD,10853.623
NZ,shungnak,supply,2040,summer,6,ethos,IMP_SOL,2040,SOL,1910.5474
NZ,shungnak,supply,2040,summer,6,ethos,IMP_WND,2025,WND,2536.7459
NZ,shungnak,supply,2040,summer,7,ethos,IMP_HYD,2035,HYD,10853.623
NZ,shungnak,supply,2040,summer,7,ethos,IMP_SOL,2035,SOL,4574.1942
NZ,shungnak,supply,2040,summer,7,ethos,IMP_WND,2025,WND,2107.8716
NZ,shungnak,supply,2040,summer,8,ethos,IMP_HYD,2025,HYD,10853.623
NZ,shungnak,supply,2040,summer,8,ethos,IMP_SOL,2030,SOL,8961.3771
NZ,shungnak,supply,2040,summer,8,ethos,IMP_WND,2025,WND,2167.184
NZ,shungnak,supply,2040,summer,9,ethos,IMP_HYD,2030,HYD,10853.623
NZ,shungnak,supply,2040,summer,9,ethos,IMP_SOL,2030,SOL,12241.656
NZ,shungnak,supply,2040,summer,9,ethos,IMP_WND,2025,WND,2030.3093
NZ,shungnak,supply,2040,winter,0,ethos,IMP_HYD,2030,HYD,1011.7784
NZ,shungnak,supply,2040,winter,0,ethos,IMP_WND,2030,WND,13783.29
NZ,shungnak,supply,2040,winter,1,ethos,IMP_HYD,2030,HYD,1011.7784
NZ,shungnak,supply,2040,winter,1,ethos,IMP_WND,2040,WND,14052.478
NZ,shungnak,supply,2040,winter,10,ethos,IMP_HYD,2040,HYD,1011.7784
NZ,shungnak,supply,2040,winter,10,ethos,IMP_SOL,2035,SOL,576.19683
NZ,shungnak,supply,2040,winter,10,ethos,IMP_WND,2030,WND,13623.603
NZ,shungnak,supply,2040,winter,11,ethos,IMP_HYD,2025,HYD,1011.7784
NZ,shungnak,supply,2040,winter,11,ethos,IMP_SOL,2035,SOL,1956.0366
NZ,shungnak,supply,2040,winter,11,ethos,IMP_WND,2040,WND,13605.353
NZ,shungnak,supply,2040,winter,12,ethos,IMP_HYD,2030,HYD,1011.7784
NZ,shungnak,supply,2040,winter,12,ethos,IMP_SOL,2035,SOL,3462.2354
NZ,shungnak,supply,2040,winter,12,ethos,IMP_WND,2035,WND,14157.415
NZ,shungnak,supply,2040,winter,13,ethos,IMP_HYD,2025,HYD,1011.7784
NZ,shungnak,supply,2040,winter,13,ethos,IMP_SOL,2040,SOL,4452.8896
NZ,shungnak,supply,2040,winter,13,ethos,IMP_WND,2035,WND,14755.101
NZ,shungnak,supply,2040,winter,14,ethos,IMP_HYD,2030,HYD,1011.7784
NZ,shungnak,supply,2040,winter,14,ethos,IMP_SOL,2025,SOL,4452.8896
NZ,shungnak,supply,2040,winter,14,ethos,IMP_WND,2025,WND,14403.789
NZ,shungnak,supply,2040,winter,15,ethos,IMP_HYD,2035,HYD,1011.7784
NZ,shungnak,supply,2040,winter,15,ethos,IMP_SOL,2030,SOL,3290.3872
NZ,shungnak,supply,2040,winter,15,ethos,IMP_WND,2035,WND,14709.476
NZ,shungnak,supply,2040,winter,16,ethos,IMP_HYD,2030,HYD,1011.7784
NZ,shungnak,supply,2040,winter,16,ethos,IMP_SOL,2030,SOL,1784.1884
NZ,shungnak,supply,2040,winter,16,ethos,IMP_WND,2035,WND,14495.039
NZ,shungnak,supply,2040,winter,17,ethos,IMP_HYD,2035,HYD,1011.7784
NZ,shungnak,supply,2040,winter,17,ethos,IMP_SOL,2035,SOL,465.00095
NZ,shungnak,supply,2040,winter,17,ethos,IMP_WND,2025,WND,14157.415
NZ,shungnak,supply,2040,winter,18,ethos,IMP_HYD,2035,HYD,1011.7784
NZ,shungnak,supply,2040,winter,18,ethos,IMP_SOL,2025,SOL,10.108716
NZ,shungnak,supply,2040,winter,18,ethos,IMP_WND,2040,WND,14006.853
NZ,shungnak,supply,2040,winter,19,ethos,IMP_HYD,2030,HYD,1011.7784
NZ,shungnak,supply,2040,winter,19,ethos,IMP_WND,2030,WND,14198.477
NZ,shungnak,supply,2040,winter,2,ethos,IMP_HYD,2025,HYD,1011.7784
NZ,shungnak,supply,2040,winter,2,ethos,IMP_WND,2040,WND,13555.166
NZ,shungnak,supply,2040,winter,20,ethos,IMP_HYD,2025,HYD,1011.7784
NZ,shungnak,supply,2040,winter,20,ethos,IMP_WND,2035,WND,14349.04
NZ,shungnak,supply,2040,winter,21,ethos,IMP_HYD,2035,HYD,1011.7784
NZ,shungnak,supply,2040,winter,21,ethos,IMP_WND,2040,WND,15037.976
NZ,shungnak,supply,2040,winter,22,ethos,IMP_HYD,2030,HYD,1011.7784
NZ,shungnak,supply,2040,winter,22,ethos,IMP_WND,2025,WND,15120.101
NZ,shungnak,supply,2040,winter,23,ethos,IMP_HYD,2035,HYD,1011.7784
NZ,shungnak,supply,2040,winter,23,ethos,IMP_WND,2025,WND,14298.852
NZ,shungnak,supply,2040,winter,3,ethos,IMP_HYD,2035,HYD,1011.7784
NZ,shungnak,supply,2040,winter,3,ethos,IMP_WND,2035,WND,12852.542
NZ,shungnak,supply,2040,winter,4,ethos,IMP_HYD,2030,HYD,1011.7784
NZ,shungnak,supply,2040,winter,4,ethos,IMP_WND,2035,WND,12601.605
NZ,shungnak,supply,2040,winter,5,ethos,IMP_HYD,2035,HYD,1011.7784
NZ,shungnak,supply,2040,winter,5,ethos,IMP_WND,2030,WND,12884.479
NZ,shungnak,supply,2040,winter,6,ethos,IMP_HYD,2035,HYD,1011.7784
NZ,shungnak,supply,2040,winter,6,ethos,IMP_WND,2035,WND,12984.854
NZ,shungnak,supply,2040,winter,7,ethos,IMP_HYD,2025,HYD,1011.7784
NZ,shungnak,supply,2040,winter,7,ethos,IMP_WND,2040,WND,13135.416
NZ,shungnak,supply,2040,winter,8,ethos,IMP_HYD,2035,HYD,1011.7784
NZ,shungnak,supply,2040,winter,8,ethos,IMP_WND,2025,WND,13358.979
NZ,shungnak,supply,2040,winter,9,ethos,IMP_HYD,2025,HYD,1011.7784
NZ,shungnak,supply,2040,winter,9,ethos,IMP_WND,2030,WND,14266.915
NZ,shungnak,supply,2045,fall,0,ethos,IMP_HYD,2035,HYD,6057.5303
NZ,shungnak,supply,2045,fall,0,ethos,IMP_WND,2030,WND,13495.853
NZ,shungnak,supply,2045,fall,1,ethos,IMP_HYD,2030,HYD,6057.5303
NZ,shungnak,supply,2045,fall,1,ethos,IMP_WND,2040,WND,13806.103
NZ,shungnak,supply,2045,fall,10,ethos,IMP_HYD,2045,HYD,6057.5303
NZ,shungnak,supply,2045,fall,10,ethos,IMP_SOL,2030,SOL,4290.1823
NZ,shungnak,supply,2045,fall,10,ethos,IMP_WND,2025,WND,13098.917
NZ,shungnak,supply,2045,fall,11,ethos,IMP_HYD,2025,HYD,6057.5303
NZ,shungnak,supply,2045,fall,11,ethos,IMP_SOL,2045,SOL,7773.5704
NZ,shungnak,supply,2045,fall,11,ethos,IMP_WND,2025,WND,12975.729
NZ,shungnak,supply,2045,fall,12,ethos,IMP_HYD,2045,HYD,6057.5303
NZ,shungnak,supply,2045,fall,12,ethos,IMP_SOL,2040,SOL,9594.3085
NZ,shungnak,supply,2045,fall,12,ethos,IMP_WND,2045,WND,13044.167
NZ,shungnak,supply,2045,fall,13,ethos,IMP_HYD,2045,HYD,6057.5303
NZ,shungnak,supply,2045,fall,13,ethos,IMP_SOL,2030,SOL,10559.191
NZ,shungnak,supply,2045,fall,13,ethos,IMP_WND,2045,WND,12971.167
NZ,shungnak,supply,2045,fall,14,ethos,IMP_HYD,2030,HYD,6057.5303
NZ,shungnak,supply,2045,fall,14,ethos,IMP_SOL,2035,SOL,9970.449
NZ,shungnak,supply,2045,fall,14,ethos,IMP_WND,2030,WND,13149.104
NZ,shungnak,supply,2045,fall,15,ethos,IMP_HYD,2045,HYD,6057.5303
NZ,shungnak,supply,2045,fall,15,ethos,IMP_SOL,2045,SOL,8318.7016
NZ,shungnak,supply,2045,fall,15,ethos,IMP_WND,2040,WND,12843.417
NZ,shungnak,supply,2045,fall,16,ethos,IMP_HYD,2040,HYD,6057.5303
NZ,shungnak,supply,2045,fall,16,ethos,IMP_SOL,2030,SOL,5740.2311
NZ,shungnak,supply,2045,fall,16,ethos,IMP_WND,2040,WND,13559.728
NZ,shungnak,supply,2045,fall,17,ethos,IMP_HYD,2035,HYD,6057.5303
NZ,shungnak,supply,2045,fall,17,ethos,IMP_SOL,2025,SOL,2900.0978
NZ,shungnak,supply,2045,fall,17,ethos,IMP_WND,2045,WND,13678.353
NZ,shungnak,supply,2045,fall,18,ethos,IMP_HYD,2045,HYD,6057.5303
NZ,shungnak,supply,2045,fall,18,ethos,IMP_SOL,2045,SOL,1019.3953
NZ,shungnak,supply,2045,fall,18,ethos,IMP_WND,2030,WND,13016.792
NZ,shungnak,supply,2045,fall,19,ethos,IMP_HYD,2030,HYD,6057.5303
NZ,shungnak,supply,2045,fall,19,ethos,IMP_SOL,2040,SOL,250.76034
NZ,shungnak,supply,2045,fall,19,ethos,IMP_WND,2030,WND,12866.229
NZ,shungnak,supply,2045,fall,2,ethos,IMP_HYD,2025,HYD,6057.5303
NZ,shungnak,supply,2045,fall,2,ethos,IMP_WND,2040,WND,13901.915
NZ,shungnak,supply,2045,fall,20,ethos,IMP_HYD,2025,HYD,6057.5303
NZ,shungnak,supply,2045,fall,20,ethos,IMP_SOL,2030,SOL,16.353935
NZ,shungnak,supply,2045,fall,20,ethos,IMP_WND,2040,WND,13025.917
NZ,shungnak,supply,2045,fall,21,ethos,IMP_HYD,2045,HYD,6057.5303
NZ,shungnak,supply,2045,fall,21,ethos,IMP_WND,2040,WND,12455.605
NZ,shungnak,supply,2045,fall,22,ethos,IMP_HYD,2025,HYD,6057.5303
NZ,shungnak,supply,2045,fall,22,ethos,IMP_WND,2040,WND,13263.166
NZ,shungnak,supply,2045,fall,23,ethos,IMP_HYD,2040,HYD,6057.5303
NZ,shungnak,supply,2045,fall,23,ethos,IMP_WND,2030,WND,13007.667
NZ,shungnak,supply,2045,fall,3,ethos,IMP_HYD,2040,HYD,6057.5303
NZ,shungnak,supply,2045,fall,3,ethos,IMP_WND,2040,WND,13714.853
NZ,shungnak,supply,2045,fall,4,ethos,IMP_HYD,2025,HYD,6057.5303
NZ,shungnak,supply,2045,fall,4,ethos,IMP_WND,2045,WND,13327.041
NZ,shungnak,supply,2045,fall,5,ethos,IMP_HYD,2035,HYD,6057.5303
NZ,shungnak,supply,2045,fall,5,ethos,IMP_WND,2025,WND,13792.415
NZ,shungnak,supply,2045,fall,6,ethos,IMP_HYD,2035,HYD,6057.5303
NZ,shungnak,supply,2045,fall,6,ethos,IMP_WND,2030,WND,13546.041
NZ,shungnak,supply,2045,fall,7,ethos,IMP_HYD,2025,HYD,6057.5303
NZ,shungnak,supply,2045,fall,7,ethos,IMP_SOL,2045,SOL,98.123609
NZ,shungnak,supply,2045,fall,7,ethos,IMP_WND,2035,WND,13504.978
NZ,shungnak,supply,2045,fall,8,ethos,IMP_HYD,2045,HYD,6057.5303
NZ,shungnak,supply,2045,fall,8,ethos,IMP_SOL,2040,SOL,948.52822
NZ,shungnak,supply,2045,fall,8,ethos,IMP_WND,2040,WND,13796.978
NZ,shungnak,supply,2045,fall,9,ethos,IMP_HYD,2030,HYD,6057.5303
NZ,shungnak,supply,2045,fall,9,ethos,IMP_SOL,2025,SOL,2022.4366
NZ,shungnak,supply,2045,fall,9,ethos,IMP_WND,2040,WND,13276.854
NZ,shungnak,supply,2045,spring,0,ethos,IMP_HYD,2025,HYD,4270.4932
NZ,shungnak,supply,2045,spring,0,ethos,IMP_WND,2040,WND,12610.73
NZ,shungnak,supply,2045,spring,1,ethos,IMP_HYD,2025,HYD,4270.4932
NZ,shungnak,supply,2045,spring,1,ethos,IMP_WND,2030,WND,12565.105
NZ,shungnak,supply,2045,spring,10,ethos,IMP_HYD,2040,HYD,4270.4932
NZ,shungnak,supply,2045,spring,10,ethos,IMP_SOL,2040,SOL,19352.156
NZ,shungnak,supply,2045,spring,10,ethos,IMP_WND,2040,WND,12510.355
NZ,shungnak,supply,2045,spring,11,ethos,IMP_HYD,2035,HYD,4270.4932
NZ,shungnak,supply,2045,spring,11,ethos,IMP_SOL,2045,SOL,24072.992
NZ,shungnak,supply,2045,spring,11,ethos,IMP_WND,2040,WND,11825.981
NZ,shungnak,supply,2045,spring,12,ethos,IMP_HYD,2025,HYD,4270.4932
NZ,shungnak,supply,2045,spring,12,ethos,IMP_SOL,2025,SOL,26302.579
NZ,shungnak,supply,2045,spring,12,ethos,IMP_WND,2025,WND,11123.357
NZ,shungnak,supply,2045,spring,13,ethos,IMP_HYD,2045,HYD,4270.4932
NZ,shungnak,supply,2045,spring,13,ethos,IMP_SOL,2030,SOL,27649.053
NZ,shungnak,supply,2045,spring,13,ethos,IMP_WND,2035,WND,9750.0469
NZ,shungnak,supply,2045,spring,14,ethos,IMP_HYD,2030,HYD,4270.4932
NZ,shungnak,supply,2045,spring,14,ethos,IMP_SOL,2030,SOL,27540.026
NZ,shungnak,supply,2045,spring,14,ethos,IMP_WND,2040,WND,9029.1731
NZ,shungnak,supply,2045,spring,15,ethos,IMP_HYD,2035,HYD,4270.4932
NZ,shungnak,supply,2045,spring,15,ethos,IMP_SOL,2035,SOL,25937.341
NZ,shungnak,supply,2045,spring,15,ethos,IMP_WND,2025,WND,9229.9227
NZ,shungnak,supply,2045,spring,16,ethos,IMP_HYD,2045,HYD,4270.4932
NZ,shungnak,supply,2045,spring,16,ethos,IMP_SOL,2045,SOL,22524.82
NZ,shungnak,supply,2045,spring,16,ethos,IMP_WND,2045,WND,9973.609
NZ,shungnak,supply,2045,spring,17,ethos,IMP_HYD,2035,HYD,4270.4932
NZ,shungnak,supply,2045,spring,17,ethos,IMP_SOL,2025,SOL,16784.589
NZ,shungnak,supply,2045,spring,17,ethos,IMP_WND,2025,WND,10110.484
NZ,shungnak,supply,2045,spring,18,ethos,IMP_HYD,2040,HYD,4270.4932
NZ,shungnak,supply,2045,spring,18,ethos,IMP_SOL,2035,SOL,10172.148
NZ,shungnak,supply,2045,spring,18,ethos,IMP_WND,2030,WND,10420.733
NZ,shungnak,supply,2045,spring,19,ethos,IMP_HYD,2040,HYD,4270.4932
NZ,shungnak,supply,2045,spring,19,ethos,IMP_SOL,2035,SOL,4426.465
NZ,shungnak,supply,2045,spring,19,ethos,IMP_WND,2025,WND,10730.983
NZ,shungnak,supply,2045,spring,2,ethos,IMP_HYD,2045,HYD,4270.4932
NZ,shungnak,supply,2045,spring,2,ethos,IMP_WND,2025,WND,12273.105
NZ,shungnak,supply,2045,spring,20,ethos,IMP_HYD,2035,HYD,4270.4932
NZ,shungnak,supply,2045,spring,20,ethos,IMP_SOL,2030,SOL,1613.5882
NZ,shungnak,supply,2045,spring,20,ethos,IMP_WND,2030,WND,11369.732
NZ,shungnak,supply,2045,spring,21,ethos,IMP_HYD,2045,HYD,4270.4932
NZ,shungnak,supply,2045,spring,21,ethos,IMP_SOL,2040,SOL,703.2192
NZ,shungnak,supply,2045,spring,21,ethos,IMP_WND,2025,WND,11086.857
NZ,shungnak,supply,2045,spring,22,ethos,IMP_HYD,2030,HYD,4270.4932
NZ,shungnak,supply,2045,spring,22,ethos,IMP_SOL,2035,SOL,272.56558
NZ,shungnak,supply,2045,spring,22,ethos,IMP_WND,2030,WND,12373.48
NZ,shungnak,supply,2045,spring,23,ethos,IMP_HYD,2025,HYD,4270.4932
NZ,shungnak,supply,2045,spring,23,ethos,IMP_SOL,2040,SOL,43.610493
NZ,shungnak,supply,2045,spring,23,ethos,IMP_WND,2025,WND,12624.417
NZ,shungnak,supply,2045,spring,3,ethos,IMP_HYD,2040,HYD,4270.4932
NZ,shungnak,supply,2045,spring,3,ethos,IMP_WND,2025,WND,12884.479
NZ,shungnak,supply,2045,spring,4,ethos,IMP_HYD,2025,HYD,4270.4932
NZ,shungnak,supply,2045,spring,4,ethos,IMP_SOL,2025,SOL,65.41574
NZ,shungnak,supply,2045,spring,4,ethos,IMP_WND,2045,WND,13518.666
NZ,shungnak,supply,2045,spring,5,ethos,IMP_HYD,2045,HYD,4270.4932
NZ,shungnak,supply,2045,spring,5,ethos,IMP_SOL,2035,SOL,288.91952
NZ,shungnak,supply,2045,spring,5,ethos,IMP_WND,2030,WND,14116.352
NZ,shungnak,supply,2045,spring,6,ethos,IMP_HYD,2025,HYD,4270.4932
NZ,shungnak,supply,2045,spring,6,ethos,IMP_SOL,2040,SOL,970.33347
NZ,shungnak,supply,2045,spring,6,ethos,IMP_WND,2040,WND,14253.227
NZ,shungnak,supply,2045,spring,7,ethos,IMP_HYD,2045,HYD,4270.4932
NZ,shungnak,supply,2045,spring,7,ethos,IMP_SOL,2030,SOL,3118.1503
NZ,shungnak,supply,2045,spring,7,ethos,IMP_WND,2025,WND,13673.791
NZ,shungnak,supply,2045,spring,8,ethos,IMP_HYD,2030,HYD,4270.4932
NZ,shungnak,supply,2045,spring,8,ethos,IMP_SOL,2025,SOL,7261.1471
NZ,shungnak,supply,2045,spring,8,ethos,IMP_WND,2045,WND,14239.54
NZ,shungnak,supply,2045,spring,9,ethos,IMP_HYD,2025,HYD,4270.4932
NZ,shungnak,supply,2045,spring,9,ethos,IMP_SOL,2040,SOL,13432.032
NZ,shungnak,supply,2045,spring,9,ethos,IMP_WND,2040,WND,12715.667
NZ,shungnak,supply,2045,summer,0,ethos,IMP_HYD,2035,HYD,10853.623
NZ,shungnak,supply,2045,summer,0,ethos,IMP_SOL,2040,SOL,54.513116
NZ,shungnak,supply,2045,summer,0,ethos,IMP_WND,2035,WND,3225.6823
NZ,shungnak,supply,2045,summer,1,ethos,IMP_HYD,2025,HYD,10853.623
NZ,shungnak,supply,2045,summer,1,ethos,IMP_WND,2035,WND,2550.4334
NZ,shungnak,supply,2045,summer,10,ethos,IMP_HYD,2025,HYD,10853.623
NZ,shungnak,supply,2045,summer,10,ethos,IMP_SOL,2030,SOL,17318.817
NZ,shungnak,supply,2045,summer,10,ethos,IMP_WND,2045,WND,2189.9965
NZ,shungnak,supply,2045,summer,11,ethos,IMP_HYD,2035,HYD,10853.623
NZ,shungnak,supply,2045,summer,11,ethos,IMP_SOL,2025,SOL,20676.825
NZ,shungnak,supply,2045,summer,11,ethos,IMP_WND,2035,WND,1907.1219
NZ,shungnak,supply,2045,summer,12,ethos,IMP_HYD,2030,HYD,10853.623
NZ,shungnak,supply,2045,summer,12,ethos,IMP_SOL,2035,SOL,23151.721
NZ,shungnak,supply,2045,summer,12,ethos,IMP_WND,2030,WND,1879.747
NZ,shungnak,supply,2045,summer,13,ethos,IMP_HYD,2035,HYD,10853.623
NZ,shungnak,supply,2045,summer,13,ethos,IMP_SOL,2045,SOL,24351.009
NZ,shungnak,supply,2045,summer,13,ethos,IMP_WND,2040,WND,1993.8093
NZ,shungnak,supply,2045,summer,14,ethos,IMP_HYD,2030,HYD,10853.623
NZ,shungnak,supply,2045,summer,14,ethos,IMP_SOL,2035,SOL,25026.972
NZ,shungnak,supply,2045,summer,14,ethos,IMP_WND,2040,WND,2162.6215
NZ,shungnak,supply,2045,summer,15,ethos,IMP_HYD,2030,HYD,10853.623
NZ,shungnak,supply,2045,summer,15,ethos,IMP_SOL,2035,SOL,22546.625
NZ,shungnak,supply,2045,summer,15,ethos,IMP_WND,2030,WND,1916.2469
NZ,shungnak,supply,2045,summer,16,ethos,IMP_HYD,2040,HYD,10853.623
NZ,shungnak,supply,2045,summer,16,ethos,IMP_SOL,2030,SOL,20780.4
NZ,shungnak,supply,2045,summer,16,ethos,IMP_WND,2045,WND,1564.935
NZ,shungnak,supply,2045,summer,17,ethos,IMP_HYD,2045,HYD,10853.623
NZ,shungnak,supply,2045,summer,17,ethos,IMP_SOL,2030,SOL,17237.047
NZ,shungnak,supply,2045,summer,17,ethos,IMP_WND,2035,WND,1742.8722
NZ,shungnak,supply,2045,summer,18,ethos,IMP_HYD,2035,HYD,10853.623
NZ,shungnak,supply,2045,summer,18,ethos,IMP_SOL,2030,SOL,12292.708
NZ,shungnak,supply,2045,summer,18,ethos,IMP_WND,2030,WND,2313.1838
NZ,shungnak,supply,2045,summer,19,ethos,IMP_HYD,2030,HYD,10853.623
NZ,shungnak,supply,2045,summer,19,ethos,IMP_SOL,2040,SOL,7163.0235
NZ,shungnak,supply,2045,summer,19,ethos,IMP_WND,2030,WND,1998.3718
NZ,shungnak,supply,2045,summer,2,ethos,IMP_HYD,2030,HYD,10853.623
NZ,shungnak,supply,2045,summer,2,ethos,IMP_WND,2045,WND,2335.9963
NZ,shungnak,supply,2045,summer,20,ethos,IMP_HYD,2045,HYD,10853.623
NZ,shungnak,supply,2045,summer,20,ethos,IMP_SOL,2035,SOL,3712.3432
NZ,shungnak,supply,2045,summer,20,ethos,IMP_WND,2045,WND,2463.7461
NZ,shungnak,supply,2045,summer,21,ethos,IMP_HYD,2035,HYD,10853.623
NZ,shungnak,supply,2045,summer,21,ethos,IMP_SOL,2025,SOL,1689.9066
NZ,shungnak,supply,2045,summer,21,ethos,IMP_WND,2035,WND,3549.6193
NZ,shungnak,supply,2045,summer,22,ethos,IMP_HYD,2025,HYD,10853.623
NZ,shungnak,supply,2045,summer,22,ethos,IMP_SOL,2040,SOL,1019.3953
NZ,shungnak,supply,2045,summer,22,ethos,IMP_WND,2030,WND,3462.932
NZ,shungnak,supply,2045,summer,23,ethos,IMP_HYD,2025,HYD,10853.623
NZ,shungnak,supply,2045,summer,23,ethos,IMP_SOL,2045,SOL,299.82214
NZ,shungnak,supply,2045,summer,23,ethos,IMP_WND,2030,WND,3800.5564
NZ,shungnak,supply,2045,summer,3,ethos,IMP_HYD,2030,HYD,10853.623
NZ,shungnak,supply,2045,summer,3,ethos,IMP_SOL,2025,SOL,65.41574
NZ,shungnak,supply,2045,summer,3,ethos,IMP_WND,2030,WND,2669.0582
NZ,shungnak,supply,2045,summer,4,ethos,IMP_HYD,2035,HYD,10853.623
NZ,shungnak,supply,2045,summer,4,ethos,IMP_SOL,2035,SOL,419.751
NZ,shungnak,supply,2045,summer,4,ethos,IMP_WND,2030,WND,2728.3706
NZ,shungnak,supply,2045,summer,5,ethos,IMP_HYD,2030,HYD,10853.623
NZ,shungnak,supply,2045,summer,5,ethos,IMP_SOL,2030,SOL,812.24543
NZ,shungnak,supply,2045,summer,5,ethos,IMP_WND,2035,WND,2828.7455
NZ,shungnak,supply,2045,summer,6,ethos,IMP_HYD,2035,HYD,10853.623
NZ,shungnak,supply,2045,summer,6,ethos,IMP_SOL,2045,SOL,2060.5958
NZ,shungnak,supply,2045,summer,6,ethos,IMP_WND,2035,WND,2536.7459
NZ,shungnak,supply,2045,summer,7,ethos,IMP_HYD,2030,HYD,10853.623
NZ,shungnak,supply,2045,summer,7,ethos,IMP_SOL,2045,SOL,4933.437
NZ,shungnak,supply,2045,summer,7,ethos,IMP_WND,2030,WND,2107.8716
NZ,shungnak,supply,2045,summer,8,ethos,IMP_HYD,2025,HYD,10853.623
NZ,shungnak,supply,2045,summer,8,ethos,IMP_SOL,2040,SOL,9665.1755
NZ,shungnak,supply,2045,summer,8,ethos,IMP_WND,2040,WND,2167.184
NZ,shungnak,supply,2045,summer,9,ethos,IMP_HYD,2040,HYD,10853.623
NZ,shungnak,supply,2045,summer,9,ethos,IMP_SOL,2025,SOL,13203.077
NZ,shungnak,supply,2045,summer,9,ethos,IMP_WND,2045,WND,2030.3093
NZ,shungnak,supply,2045,winter,0,ethos,IMP_HYD,2035,HYD,1011.7784
NZ,shungnak,supply,2045,winter,0,ethos,IMP_WND,2045,WND,13783.29
NZ,shungnak,supply,2045,winter,1,ethos,IMP_HYD,2045,HYD,1011.7784
NZ,shungnak,supply,2045,winter,1,ethos,IMP_WND,2025,WND,14052.478
NZ,shungnak,supply,2045,winter,10,ethos,IMP_HYD,2030,HYD,1011.7784
NZ,shungnak,supply,2045,winter,10,ethos,IMP_SOL,2035,SOL,621.44953
NZ,shungnak,supply,2045,winter,10,ethos,IMP_WND,2025,WND,13623.603
NZ,shungnak,supply,2045,winter,11,ethos,IMP_HYD,2035,HYD,1011.7784
NZ,shungnak,supply,2045,winter,11,ethos,IMP_SOL,2045,SOL,2109.6576
NZ,shungnak,supply,2045,winter,11,ethos,IMP_WND,2040,WND,13605.353
NZ,shungnak,supply,2045,winter,12,ethos,IMP_HYD,2035,HYD,1011.7784
NZ,shungnak,supply,2045,winter,12,ethos,IMP_SOL,2025,SOL,3734.1485
NZ,shungnak,supply,2045,winter,12,ethos,IMP_WND,2025,WND,14157.415
NZ,shungnak,supply,2045,winter,13,ethos,IMP_HYD,2025,HYD,1011.7784
NZ,shungnak,supply,2045,winter,13,ethos,IMP_SOL,2035,SOL,4802.6055
NZ,shungnak,supply,2045,winter,13,ethos,IMP_WND,2040,WND,14755.101
NZ,shungnak,supply,2045,winter,14,ethos,IMP_HYD,2040,HYD,1011.7784
NZ,shungnak,supply,2045,winter,14,ethos,IMP_SOL,2030,SOL,4802.6055
NZ,shungnak,supply,2045,winter,14,ethos,IMP_WND,2045,WND,14403.789
NZ,shungnak,supply,2045,winter,15,ethos,IMP_HYD,2035,HYD,1011.7784
NZ,shungnak,supply,2045,winter,15,ethos,IMP_SOL,2040,SOL,3548.8039
NZ,shungnak,supply,2045,winter,15,ethos,IMP_WND,2040,WND,14709.476
NZ,shungnak,supply,2045,winter,16,ethos,IMP_HYD,2040,HYD,1011.7784
NZ,shungnak,supply,2045,winter,16,ethos,IMP_SOL,2045,SOL,1924.313
NZ,shungnak,supply,2045,winter,16,ethos,IMP_WND,2030,WND,14495.039
NZ,shungnak,supply,2045,winter,17,ethos,IMP_HYD,2025,HYD,1011.7784
NZ,shungnak,supply,2045,winter,17,ethos,IMP_SOL,2035,SOL,501.52067
NZ,shungnak,supply,2045,winter,17,ethos,IMP_WND,2025,WND,14157.415
NZ,shungnak,supply,2045,winter,18,ethos,IMP_HYD,2045,HYD,1011.7784
NZ,shungnak,supply,2045,winter,18,ethos,IMP_SOL,2030,SOL,10.902623
NZ,shungnak,supply,2045,winter,18,ethos,IMP_WND,2030,WND,14006.853
NZ,shungnak,supply,2045,winter,19,ethos,IMP_HYD,2045,HYD,1011.7784
NZ,shungnak,supply,2045,winter,19,ethos,IMP_WND,2025,WND,14198.477
NZ,shungnak,supply,2045,winter,2,ethos,IMP_HYD,2025,HYD,1011.7784
NZ,shungnak,supply,2045,winter,2,ethos,IMP_WND,2035,WND,13555.166
NZ,shungnak,supply,2045,winter,20,ethos,IMP_HYD,2025,HYD,1011.7784
NZ,shungnak,supply,2045,winter,20,ethos,IMP_WND,2025,WND,14349.04
NZ,shungnak,supply,2045,winter,21,ethos,IMP_HYD,2025,HYD,1011.7784
NZ,shungnak,supply,2045,winter,21,ethos,IMP_WND,2025,WND,15037.976
NZ,shungnak,supply,2045,winter,22,ethos,IMP_HYD,2045,HYD,1011.7784
NZ,shungnak,supply,2045,winter,22,ethos,IMP_WND,2030,WND,15120.101
NZ,shungnak,supply,2045,winter,23,ethos,IMP_HYD,2035,HYD,1011.7784
NZ,shungnak,supply,2045,winter,23,ethos,IMP_WND,2025,WND,14298.852
NZ,shungnak,supply,2045,winter,3,ethos,IMP_HYD,2045,HYD,1011.7784
NZ,shungnak,supply,2045,winter,3,ethos,IMP_WND,2035,WND,12852.542
NZ,shungnak,supply,2045,winter,4,ethos,IMP_HYD,2035,HYD,1011.7784
NZ,shungnak,supply,2045,winter,4,ethos,IMP_WND,2045,WND,12601.605
NZ,shungnak,supply,2045,winter,5,ethos,IMP_HYD,2025,HYD,1011.7784
NZ,shungnak,supply,2045,winter,5,ethos,IMP_WND,2030,WND,12884.479
NZ,shungnak,supply,2045,winter,6,ethos,IMP_HYD,2040,HYD,1011.7784
NZ,shungnak,supply,2045,winter,6,ethos,IMP_WND,2045,WND,12984.854
NZ,shungnak,supply,2045,winter,7,ethos,IMP_HYD,2040,HYD,1011.7784
NZ,shungnak,supply,2045,winter,7,ethos,IMP_WND,2040,WND,13135.416
NZ,shungnak,supply,2045,winter,8,ethos,IMP_HYD,2035,HYD,1011.7784
NZ,shungnak,supply,2045,winter,8,ethos,IMP_WND,2045,WND,13358.979
NZ,shungnak,supply,2045,winter,9,ethos,IMP_HYD,2045,HYD,1011.7784
NZ,shungnak,supply,2045,winter,9,ethos,IMP_WND,2040,WND,14266.915
