scenario,region,sector,period,season,tod,input_comm,tech,vintage,output_comm,flow
CP_MID,shungnak,electric,2030,fall,0,ELC,EBATT_01,2025,ELC,3176.8018
CP_MID,shungnak,electric,2030,fall,0,ELC,ELECT,2030,ELECD,14632.673
CP_MID,shungnak,electric,2030,fall,0,HYD,GHYD_01,2030,ELC,6057.5303
CP_MID,shungnak,electric,2030,fall,0,WND,GWND_01,2030,ELC,5398.3414
CP_MID,shungnak,electric,2030,fall,1,ELC,EBATT_01,2025,ELC,3401.099
CP_MID,shungnak,electric,2030,fall,1,ELC,ELECT,2030,ELECD,14981.07
CP_MID,shungnak,electric,2030,fall,1,HYD,GHYD_01,2030,ELC,6057.5303
CP_MID,shungnak,electric,2030,fall,1,WND,GWND_01,2030,ELC,5522.4412
CP_MID,shungnak,electric,2030,fall,10,ELC,EBATT_01,2025,ELC,7170.2874
CP_MID,shungnak,electric,2030,fall,10,ELC,ELECT,2030,ELECD,21600.613
CP_MID,shungnak,electric,2030,fall,10,HYD,GHYD_01,2030,ELC,6057.5303
CP_MID,shungnak,electric,2030,fall,10,SOL,GSOL_01,2025,ELC,1337.888
CP_MID,shungnak,electric,2030,fall,10,SOL,GSOL_01,2030,ELC,1795.3409
CP_MID,shungnak,electric,2030,fall,10,WND,GWND_01,2030,ELC,5239.5666
CP_MID,shungnak,electric,2030,fall,11,ELC,EBATT_01,2025,ELC,6243.3421
CP_MID,shungnak,electric,2030,fall,11,ELC,ELECT,2030,ELECD,23168.4
CP_MID,shungnak,electric,2030,fall,11,HYD,GHYD_01,2030,ELC,6057.5303
CP_MID,shungnak,electric,2030,fall,11,SOL,GSOL_01,2025,ELC,2424.1783
CP_MID,shungnak,electric,2030,fall,11,SOL,GSOL_01,2030,ELC,3253.0573
CP_MID,shungnak,electric,2030,fall,11,WND,GWND_01,2030,ELC,5190.2917
CP_MID,shungnak,electric,2030,fall,12,ELC,EBATT_01,2025,ELC,3144.251
CP_MID,shungnak,electric,2030,fall,12,ELC,ELECT,2030,ELECD,21426.415
CP_MID,shungnak,electric,2030,fall,12,HYD,GHYD_01,2030,ELC,6057.5303
CP_MID,shungnak,electric,2030,fall,12,SOL,GSOL_01,2025,ELC,2991.9732
CP_MID,shungnak,electric,2030,fall,12,SOL,GSOL_01,2030,ELC,4014.9936
CP_MID,shungnak,electric,2030,fall,12,WND,GWND_01,2030,ELC,5217.6667
CP_MID,shungnak,electric,2030,fall,13,ELC,EBATT_01,2025,ELC,2294.5746
CP_MID,shungnak,electric,2030,fall,13,ELC,ELECT,2030,ELECD,21252.216
CP_MID,shungnak,electric,2030,fall,13,HYD,GHYD_01,2030,ELC,6057.5303
CP_MID,shungnak,electric,2030,fall,13,SOL,GSOL_01,2025,ELC,3292.8705
CP_MID,shungnak,electric,2030,fall,13,SOL,GSOL_01,2030,ELC,4418.7742
CP_MID,shungnak,electric,2030,fall,13,WND,GWND_01,2030,ELC,5188.4667
CP_MID,shungnak,electric,2030,fall,14,ELC,EBATT_01,2025,ELC,3350.1666
CP_MID,shungnak,electric,2030,fall,14,ELC,ELECT,2030,ELECD,21949.01
CP_MID,shungnak,electric,2030,fall,14,HYD,GHYD_01,2030,ELC,6057.5303
CP_MID,shungnak,electric,2030,fall,14,SOL,GSOL_01,2025,ELC,3109.2722
CP_MID,shungnak,electric,2030,fall,14,SOL,GSOL_01,2030,ELC,4172.3996
CP_MID,shungnak,electric,2030,fall,14,WND,GWND_01,2030,ELC,5259.6416
CP_MID,shungnak,electric,2030,fall,15,ELC,EBATT_01,2025,ELC,1194.7846
CP_MID,shungnak,electric,2030,fall,15,ELC,ELECT,2030,ELECD,18465.04
CP_MID,shungnak,electric,2030,fall,15,HYD,GHYD_01,2030,ELC,6057.5303
CP_MID,shungnak,electric,2030,fall,15,SOL,GSOL_01,2025,ELC,2594.1768
CP_MID,shungnak,electric,2030,fall,15,SOL,GSOL_01,2030,ELC,3481.1819
CP_MID,shungnak,electric,2030,fall,15,WND,GWND_01,2030,ELC,5137.3668
CP_MID,shungnak,electric,2030,fall,16,ELC,EBATT_01,2025,ELC,5752.7568
CP_MID,shungnak,electric,2030,fall,16,ELC,ELECT,2030,ELECD,21426.415
CP_MID,shungnak,electric,2030,fall,16,HYD,GHYD_01,2030,ELC,6057.5303
CP_MID,shungnak,electric,2030,fall,16,SOL,GSOL_01,2025,ELC,1790.084
CP_MID,shungnak,electric,2030,fall,16,SOL,GSOL_01,2030,ELC,2402.1524
CP_MID,shungnak,electric,2030,fall,16,WND,GWND_01,2030,ELC,5423.8913
CP_MID,shungnak,electric,2030,fall,17,ELC,EBATT_01,2030,ELC,7605.3298
CP_MID,shungnak,electric,2030,fall,17,ELC,ELECT,2030,ELECD,21252.216
CP_MID,shungnak,electric,2030,fall,17,HYD,GHYD_01,2030,ELC,6057.5303
CP_MID,shungnak,electric,2030,fall,17,SOL,GSOL_01,2025,ELC,904.3919
CP_MID,shungnak,electric,2030,fall,17,SOL,GSOL_01,2030,ELC,1213.6231
CP_MID,shungnak,electric,2030,fall,17,WND,GWND_01,2030,ELC,5471.3412
CP_MID,shungnak,electric,2030,fall,18,ELC,EBATT_01,2025,ELC,4855.9442
CP_MID,shungnak,electric,2030,fall,18,ELC,EBATT_01,2030,ELC,3168.1454
CP_MID,shungnak,electric,2030,fall,18,ELC,ELECT,2030,ELECD,20032.827
CP_MID,shungnak,electric,2030,fall,18,HYD,GHYD_01,2030,ELC,6057.5303
CP_MID,shungnak,electric,2030,fall,18,SOL,GSOL_01,2025,ELC,317.89715
CP_MID,shungnak,electric,2030,fall,18,SOL,GSOL_01,2030,ELC,426.59307
CP_MID,shungnak,electric,2030,fall,18,WND,GWND_01,2030,ELC,5206.7167
CP_MID,shungnak,electric,2030,fall,19,ELC,EBATT_01,2025,ELC,4290.7058
CP_MID,shungnak,electric,2030,fall,19,ELC,ELECT,2030,ELECD,15677.864
CP_MID,shungnak,electric,2030,fall,19,HYD,GHYD_01,2030,ELC,6057.5303
CP_MID,shungnak,electric,2030,fall,19,SOL,GSOL_01,2025,ELC,78.1993
CP_MID,shungnak,electric,2030,fall,19,SOL,GSOL_01,2030,ELC,104.93733
CP_MID,shungnak,electric,2030,fall,19,WND,GWND_01,2030,ELC,5146.4918
CP_MID,shungnak,electric,2030,fall,2,ELC,EBATT_01,2025,ELC,2840.1786
CP_MID,shungnak,electric,2030,fall,2,ELC,ELECT,2030,ELECD,14458.475
CP_MID,shungnak,electric,2030,fall,2,HYD,GHYD_01,2030,ELC,6057.5303
CP_MID,shungnak,electric,2030,fall,2,WND,GWND_01,2030,ELC,5560.7661
CP_MID,shungnak,electric,2030,fall,20,ELC,EBATT_01,2025,ELC,8752.9861
CP_MID,shungnak,electric,2030,fall,20,ELC,ELECT,2030,ELECD,20032.827
CP_MID,shungnak,electric,2030,fall,20,HYD,GHYD_01,2030,ELC,6057.5303
CP_MID,shungnak,electric,2030,fall,20,SOL,GSOL_01,2025,ELC,5.0999543
CP_MID,shungnak,electric,2030,fall,20,SOL,GSOL_01,2030,ELC,6.843739
CP_MID,shungnak,electric,2030,fall,20,WND,GWND_01,2030,ELC,5210.3667
CP_MID,shungnak,electric,2030,fall,21,ELC,EBATT_01,2030,ELC,8122.062
CP_MID,shungnak,electric,2030,fall,21,ELC,ELECT,2030,ELECD,19161.834
CP_MID,shungnak,electric,2030,fall,21,HYD,GHYD_01,2030,ELC,6057.5303
CP_MID,shungnak,electric,2030,fall,21,WND,GWND_01,2030,ELC,4982.242
CP_MID,shungnak,electric,2030,fall,22,ELC,EBATT_01,2030,ELC,6405.4496
CP_MID,shungnak,electric,2030,fall,22,ELC,ELECT,2030,ELECD,17768.246
CP_MID,shungnak,electric,2030,fall,22,HYD,GHYD_01,2030,ELC,6057.5303
CP_MID,shungnak,electric,2030,fall,22,WND,GWND_01,2030,ELC,5305.2665
CP_MID,shungnak,electric,2030,fall,23,ELC,EBATT_01,2030,ELC,5288.2599
CP_MID,shungnak,electric,2030,fall,23,ELC,ELECT,2030,ELECD,16548.857
CP_MID,shungnak,electric,2030,fall,23,HYD,GHYD_01,2030,ELC,6057.5303
CP_MID,shungnak,electric,2030,fall,23,WND,GWND_01,2030,ELC,5203.0667
CP_MID,shungnak,electric,2030,fall,3,ELC,EBATT_01,2025,ELC,2740.805
CP_MID,shungnak,electric,2030,fall,3,ELC,ELECT,2030,ELECD,14284.277
CP_MID,shungnak,electric,2030,fall,3,HYD,GHYD_01,2030,ELC,6057.5303
CP_MID,shungnak,electric,2030,fall,3,WND,GWND_01,2030,ELC,5485.9412
CP_MID,shungnak,electric,2030,fall,4,ELC,EBATT_01,2025,ELC,2547.5327
CP_MID,shungnak,electric,2030,fall,4,ELC,ELECT,2030,ELECD,13935.88
CP_MID,shungnak,electric,2030,fall,4,HYD,GHYD_01,2030,ELC,6057.5303
CP_MID,shungnak,electric,2030,fall,4,WND,GWND_01,2030,ELC,5330.8165
CP_MID,shungnak,electric,2030,fall,5,ELC,EBATT_01,2025,ELC,2709.78
CP_MID,shungnak,electric,2030,fall,5,ELC,ELECT,2030,ELECD,14284.277
CP_MID,shungnak,electric,2030,fall,5,HYD,GHYD_01,2030,ELC,6057.5303
CP_MID,shungnak,electric,2030,fall,5,WND,GWND_01,2030,ELC,5516.9662
CP_MID,shungnak,electric,2030,fall,6,ELC,EBATT_01,2025,ELC,3853.5208
CP_MID,shungnak,electric,2030,fall,6,ELC,ELECT,2030,ELECD,15329.467
CP_MID,shungnak,electric,2030,fall,6,HYD,GHYD_01,2030,ELC,6057.5303
CP_MID,shungnak,electric,2030,fall,6,WND,GWND_01,2030,ELC,5418.4163
CP_MID,shungnak,electric,2030,fall,7,ELC,EBATT_01,2025,ELC,5191.8716
CP_MID,shungnak,electric,2030,fall,7,ELC,ELECT,2030,ELECD,16723.055
CP_MID,shungnak,electric,2030,fall,7,HYD,GHYD_01,2030,ELC,6057.5303
CP_MID,shungnak,electric,2030,fall,7,SOL,GSOL_01,2025,ELC,30.599726
CP_MID,shungnak,electric,2030,fall,7,SOL,GSOL_01,2030,ELC,41.062434
CP_MID,shungnak,electric,2030,fall,7,WND,GWND_01,2030,ELC,5401.9914
CP_MID,shungnak,electric,2030,fall,8,ELC,EBATT_01,2025,ELC,9157.3591
CP_MID,shungnak,electric,2030,fall,8,ELC,ELECT,2030,ELECD,21426.415
CP_MID,shungnak,electric,2030,fall,8,HYD,GHYD_01,2030,ELC,6057.5303
CP_MID,shungnak,electric,2030,fall,8,SOL,GSOL_01,2025,ELC,295.79735
CP_MID,shungnak,electric,2030,fall,8,SOL,GSOL_01,2030,ELC,396.93686
CP_MID,shungnak,electric,2030,fall,8,WND,GWND_01,2030,ELC,5518.7912
CP_MID,shungnak,electric,2030,fall,9,ELC,EBATT_01,2025,ELC,8581.1062
CP_MID,shungnak,electric,2030,fall,9,ELC,ELECT,2030,ELECD,21426.415
CP_MID,shungnak,electric,2030,fall,9,HYD,GHYD_01,2030,ELC,6057.5303
CP_MID,shungnak,electric,2030,fall,9,SOL,GSOL_01,2025,ELC,630.69435
CP_MID,shungnak,electric,2030,fall,9,SOL,GSOL_01,2030,ELC,846.3424
CP_MID,shungnak,electric,2030,fall,9,WND,GWND_01,2030,ELC,5310.7415
CP_MID,shungnak,electric,2030,spring,0,DSL,GDSL_03,2025,ELC,6537.2779
CP_MID,shungnak,electric,2030,spring,0,ELC,ELECT,2030,ELECD,15852.063
CP_MID,shungnak,electric,2030,spring,0,HYD,GHYD_01,2030,ELC,4270.4932
CP_MID,shungnak,electric,2030,spring,0,WND,GWND_01,2030,ELC,5044.2919
CP_MID,shungnak,electric,2030,spring,1,DSL,GDSL_01,2025,ELC,6555.5278
CP_MID,shungnak,electric,2030,spring,1,ELC,ELECT,2030,ELECD,15852.063
CP_MID,shungnak,electric,2030,spring,1,HYD,GHYD_01,2030,ELC,4270.4932
CP_MID,shungnak,electric,2030,spring,1,WND,GWND_01,2030,ELC,5026.042
CP_MID,shungnak,electric,2030,spring,10,ELC,ELECT,2030,ELECD,23168.4
CP_MID,shungnak,electric,2030,spring,10,HYD,GHYD_01,2030,ELC,4270.4932
CP_MID,shungnak,electric,2030,spring,10,SOL,GSOL_01,2025,ELC,6034.946
CP_MID,shungnak,electric,2030,spring,10,SOL,GSOL_01,2030,ELC,8098.4245
CP_MID,shungnak,electric,2030,spring,10,WND,GWND_01,2030,ELC,5004.142
CP_MID,shungnak,electric,2030,spring,11,ELC,ELECT,2030,ELECD,23690.995
CP_MID,shungnak,electric,2030,spring,11,HYD,GHYD_01,2030,ELC,4270.4932
CP_MID,shungnak,electric,2030,spring,11,SOL,GSOL_01,2025,ELC,7507.1328
CP_MID,shungnak,electric,2030,spring,11,SOL,GSOL_01,2030,ELC,10073.984
CP_MID,shungnak,electric,2030,spring,11,WND,GWND_01,2030,ELC,4730.3924
CP_MID,shungnak,electric,2030,spring,12,ELC,ELECT,2030,ELECD,22471.606
CP_MID,shungnak,electric,2030,spring,12,HYD,GHYD_01,2030,ELC,4270.4932
CP_MID,shungnak,electric,2030,spring,12,SOL,GSOL_01,2025,ELC,8202.4266
CP_MID,shungnak,electric,2030,spring,12,SOL,GSOL_01,2030,ELC,11007.014
CP_MID,shungnak,electric,2030,spring,12,WND,GWND_01,2030,ELC,4449.3429
CP_MID,shungnak,electric,2030,spring,13,ELC,ELECT,2030,ELECD,21600.613
CP_MID,shungnak,electric,2030,spring,13,HYD,GHYD_01,2030,ELC,4270.4932
CP_MID,shungnak,electric,2030,spring,13,SOL,GSOL_01,2025,ELC,8622.3228
CP_MID,shungnak,electric,2030,spring,13,SOL,GSOL_01,2030,ELC,11570.481
CP_MID,shungnak,electric,2030,spring,13,WND,GWND_01,2030,ELC,3900.0188
CP_MID,shungnak,electric,2030,spring,14,ELC,ELECT,2030,ELECD,21949.01
CP_MID,shungnak,electric,2030,spring,14,HYD,GHYD_01,2030,ELC,4270.4932
CP_MID,shungnak,electric,2030,spring,14,SOL,GSOL_01,2025,ELC,8588.3231
CP_MID,shungnak,electric,2030,spring,14,SOL,GSOL_01,2030,ELC,11524.857
CP_MID,shungnak,electric,2030,spring,14,WND,GWND_01,2030,ELC,3611.6692
CP_MID,shungnak,electric,2030,spring,15,ELC,ELECT,2030,ELECD,21774.812
CP_MID,shungnak,electric,2030,spring,15,HYD,GHYD_01,2030,ELC,4270.4932
CP_MID,shungnak,electric,2030,spring,15,SOL,GSOL_01,2025,ELC,8088.5276
CP_MID,shungnak,electric,2030,spring,15,SOL,GSOL_01,2030,ELC,10854.17
CP_MID,shungnak,electric,2030,spring,15,WND,GWND_01,2030,ELC,3691.9691
CP_MID,shungnak,electric,2030,spring,16,ELC,ELECT,2030,ELECD,22820.003
CP_MID,shungnak,electric,2030,spring,16,HYD,GHYD_01,2030,ELC,4270.4932
CP_MID,shungnak,electric,2030,spring,16,SOL,GSOL_01,2025,ELC,7024.3371
CP_MID,shungnak,electric,2030,spring,16,SOL,GSOL_01,2030,ELC,9426.1099
CP_MID,shungnak,electric,2030,spring,16,WND,GWND_01,2030,ELC,3989.4436
CP_MID,shungnak,electric,2030,spring,17,ELC,EBATT_01,2025,ELC,2247.1054
CP_MID,shungnak,electric,2030,spring,17,ELC,ELECT,2030,ELECD,22820.003
CP_MID,shungnak,electric,2030,spring,17,HYD,GHYD_01,2030,ELC,4270.4932
CP_MID,shungnak,electric,2030,spring,17,SOL,GSOL_01,2025,ELC,5234.2531
CP_MID,shungnak,electric,2030,spring,17,SOL,GSOL_01,2030,ELC,7023.9575
CP_MID,shungnak,electric,2030,spring,17,WND,GWND_01,2030,ELC,4044.1935
CP_MID,shungnak,electric,2030,spring,18,ELC,EBATT_01,2030,ELC,5732.8495
CP_MID,shungnak,electric,2030,spring,18,ELC,ELECT,2030,ELECD,21600.613
CP_MID,shungnak,electric,2030,spring,18,HYD,GHYD_01,2030,ELC,4270.4932
CP_MID,shungnak,electric,2030,spring,18,SOL,GSOL_01,2025,ELC,3172.1716
CP_MID,shungnak,electric,2030,spring,18,SOL,GSOL_01,2030,ELC,4256.8057
CP_MID,shungnak,electric,2030,spring,18,WND,GWND_01,2030,ELC,4168.2933
CP_MID,shungnak,electric,2030,spring,19,ELC,EBATT_01,2030,ELC,9108.1733
CP_MID,shungnak,electric,2030,spring,19,ELC,ELECT,2030,ELECD,20903.819
CP_MID,shungnak,electric,2030,spring,19,HYD,GHYD_01,2030,ELC,4270.4932
CP_MID,shungnak,electric,2030,spring,19,SOL,GSOL_01,2025,ELC,1380.3876
CP_MID,shungnak,electric,2030,spring,19,SOL,GSOL_01,2030,ELC,1852.372
CP_MID,shungnak,electric,2030,spring,19,WND,GWND_01,2030,ELC,4292.3931
CP_MID,shungnak,electric,2030,spring,2,DSL,GDSL_02,2025,ELC,5975.5337
CP_MID,shungnak,electric,2030,spring,2,ELC,ELECT,2030,ELECD,15155.269
CP_MID,shungnak,electric,2030,spring,2,HYD,GHYD_01,2030,ELC,4270.4932
CP_MID,shungnak,electric,2030,spring,2,WND,GWND_01,2030,ELC,4909.2421
CP_MID,shungnak,electric,2030,spring,20,DSL,GDSL_02,2025,ELC,4536.5706
CP_MID,shungnak,electric,2030,spring,20,ELC,EBATT_01,2030,ELC,7067.2124
CP_MID,shungnak,electric,2030,spring,20,ELC,ELECT,2030,ELECD,21600.613
CP_MID,shungnak,electric,2030,spring,20,HYD,GHYD_01,2030,ELC,4270.4932
CP_MID,shungnak,electric,2030,spring,20,SOL,GSOL_01,2025,ELC,503.19549
CP_MID,shungnak,electric,2030,spring,20,SOL,GSOL_01,2030,ELC,675.24892
CP_MID,shungnak,electric,2030,spring,20,WND,GWND_01,2030,ELC,4547.8927
CP_MID,shungnak,electric,2030,spring,21,DSL,GDSL_02,2025,ELC,11162.409
CP_MID,shungnak,electric,2030,spring,21,ELC,ELECT,2030,ELECD,20381.224
CP_MID,shungnak,electric,2030,spring,21,HYD,GHYD_01,2030,ELC,4270.4932
CP_MID,shungnak,electric,2030,spring,21,SOL,GSOL_01,2025,ELC,219.29804
CP_MID,shungnak,electric,2030,spring,21,SOL,GSOL_01,2030,ELC,294.28078
CP_MID,shungnak,electric,2030,spring,21,WND,GWND_01,2030,ELC,4434.7429
CP_MID,shungnak,electric,2030,spring,22,DSL,GDSL_03,2025,ELC,10439.682
CP_MID,shungnak,electric,2030,spring,22,ELC,ELECT,2030,ELECD,19858.628
CP_MID,shungnak,electric,2030,spring,22,HYD,GHYD_01,2030,ELC,4270.4932
CP_MID,shungnak,electric,2030,spring,22,SOL,GSOL_01,2025,ELC,84.999239
CP_MID,shungnak,electric,2030,spring,22,SOL,GSOL_01,2030,ELC,114.06232
CP_MID,shungnak,electric,2030,spring,22,WND,GWND_01,2030,ELC,4949.3921
CP_MID,shungnak,electric,2030,spring,23,DSL,GDSL_01,2025,ELC,9112.9304
CP_MID,shungnak,electric,2030,spring,23,ELC,ELECT,2030,ELECD,18465.04
CP_MID,shungnak,electric,2030,spring,23,HYD,GHYD_01,2030,ELC,4270.4932
CP_MID,shungnak,electric,2030,spring,23,SOL,GSOL_01,2025,ELC,13.599878
CP_MID,shungnak,electric,2030,spring,23,SOL,GSOL_01,2030,ELC,18.249971
CP_MID,shungnak,electric,2030,spring,23,WND,GWND_01,2030,ELC,5049.7669
CP_MID,shungnak,electric,2030,spring,3,DSL,GDSL_03,2025,ELC,5730.9841
CP_MID,shungnak,electric,2030,spring,3,ELC,ELECT,2030,ELECD,15155.269
CP_MID,shungnak,electric,2030,spring,3,HYD,GHYD_01,2030,ELC,4270.4932
CP_MID,shungnak,electric,2030,spring,3,WND,GWND_01,2030,ELC,5153.7918
CP_MID,shungnak,electric,2030,spring,4,DSL,GDSL_01,2025,ELC,5603.7332
CP_MID,shungnak,electric,2030,spring,4,ELC,ELECT,2030,ELECD,15329.467
CP_MID,shungnak,electric,2030,spring,4,HYD,GHYD_01,2030,ELC,4270.4932
CP_MID,shungnak,electric,2030,spring,4,SOL,GSOL_01,2025,ELC,20.399817
CP_MID,shungnak,electric,2030,spring,4,SOL,GSOL_01,2030,ELC,27.374956
CP_MID,shungnak,electric,2030,spring,4,WND,GWND_01,2030,ELC,5407.4663
CP_MID,shungnak,electric,2030,spring,5,DSL,GDSL_03,2025,ELC,5549.8251
CP_MID,shungnak,electric,2030,spring,5,ELC,ELECT,2030,ELECD,15677.864
CP_MID,shungnak,electric,2030,spring,5,HYD,GHYD_01,2030,ELC,4270.4932
CP_MID,shungnak,electric,2030,spring,5,SOL,GSOL_01,2025,ELC,90.099193
CP_MID,shungnak,electric,2030,spring,5,SOL,GSOL_01,2030,ELC,120.90606
CP_MID,shungnak,electric,2030,spring,5,WND,GWND_01,2030,ELC,5646.541
CP_MID,shungnak,electric,2030,spring,6,DSL,GDSL_01,2025,ELC,5345.8183
CP_MID,shungnak,electric,2030,spring,6,ELC,ELECT,2030,ELECD,16026.261
CP_MID,shungnak,electric,2030,spring,6,HYD,GHYD_01,2030,ELC,4270.4932
CP_MID,shungnak,electric,2030,spring,6,SOL,GSOL_01,2025,ELC,302.59729
CP_MID,shungnak,electric,2030,spring,6,SOL,GSOL_01,2030,ELC,406.06185
CP_MID,shungnak,electric,2030,spring,6,WND,GWND_01,2030,ELC,5701.2909
CP_MID,shungnak,electric,2030,spring,7,DSL,GDSL_02,2025,ELC,5576.7743
CP_MID,shungnak,electric,2030,spring,7,ELC,ELECT,2030,ELECD,17594.048
CP_MID,shungnak,electric,2030,spring,7,HYD,GHYD_01,2030,ELC,4270.4932
CP_MID,shungnak,electric,2030,spring,7,SOL,GSOL_01,2025,ELC,972.39129
CP_MID,shungnak,electric,2030,spring,7,SOL,GSOL_01,2030,ELC,1304.8729
CP_MID,shungnak,electric,2030,spring,7,WND,GWND_01,2030,ELC,5469.5162
CP_MID,shungnak,electric,2030,spring,8,DSL,GDSL_02,2025,ELC,5634.5104
CP_MID,shungnak,electric,2030,spring,8,ELC,ELECT,2030,ELECD,20903.819
CP_MID,shungnak,electric,2030,spring,8,HYD,GHYD_01,2030,ELC,4270.4932
CP_MID,shungnak,electric,2030,spring,8,SOL,GSOL_01,2025,ELC,2264.3797
CP_MID,shungnak,electric,2030,spring,8,SOL,GSOL_01,2030,ELC,3038.6201
CP_MID,shungnak,electric,2030,spring,8,WND,GWND_01,2030,ELC,5695.8159
CP_MID,shungnak,electric,2030,spring,9,DSL,GDSL_02,2025,ELC,2259.9012
CP_MID,shungnak,electric,2030,spring,9,ELC,ELECT,2030,ELECD,21426.415
CP_MID,shungnak,electric,2030,spring,9,HYD,GHYD_01,2030,ELC,4270.4932
CP_MID,shungnak,electric,2030,spring,9,SOL,GSOL_01,2025,ELC,4188.7625
CP_MID,shungnak,electric,2030,spring,9,SOL,GSOL_01,2030,ELC,5620.991
CP_MID,shungnak,electric,2030,spring,9,WND,GWND_01,2030,ELC,5086.2669
CP_MID,shungnak,electric,2030,summer,0,ELC,ELECT,2030,ELECD,11845.498
CP_MID,shungnak,electric,2030,summer,0,HYD,GHYD_01,2030,ELC,10853.623
CP_MID,shungnak,electric,2030,summer,0,SOL,GSOL_01,2025,ELC,16.999848
CP_MID,shungnak,electric,2030,summer,0,SOL,GSOL_01,2030,ELC,22.812463
CP_MID,shungnak,electric,2030,summer,0,WND,GWND_01,2030,ELC,1290.2729
CP_MID,shungnak,electric,2030,summer,1,ELC,ELECT,2030,ELECD,10800.307
CP_MID,shungnak,electric,2030,summer,1,HYD,GHYD_01,2030,ELC,10853.623
CP_MID,shungnak,electric,2030,summer,1,WND,GWND_01,2030,ELC,1020.1734
CP_MID,shungnak,electric,2030,summer,10,ELC,ELECT,2030,ELECD,13239.086
CP_MID,shungnak,electric,2030,summer,10,HYD,GHYD_01,2030,ELC,10853.623
CP_MID,shungnak,electric,2030,summer,10,SOL,GSOL_01,2025,ELC,5400.8516
CP_MID,shungnak,electric,2030,summer,10,SOL,GSOL_01,2030,ELC,7247.5197
CP_MID,shungnak,electric,2030,summer,10,WND,GWND_01,2030,ELC,875.9986
CP_MID,shungnak,electric,2030,summer,11,ELC,ELECT,2030,ELECD,13587.483
CP_MID,shungnak,electric,2030,summer,11,HYD,GHYD_01,2030,ELC,10853.623
CP_MID,shungnak,electric,2030,summer,11,SOL,GSOL_01,2025,ELC,6448.0423
CP_MID,shungnak,electric,2030,summer,11,SOL,GSOL_01,2030,ELC,8652.7674
CP_MID,shungnak,electric,2030,summer,11,WND,GWND_01,2030,ELC,762.84878
CP_MID,shungnak,electric,2030,summer,12,ELC,ELECT,2030,ELECD,13239.086
CP_MID,shungnak,electric,2030,summer,12,HYD,GHYD_01,2030,ELC,10853.623
CP_MID,shungnak,electric,2030,summer,12,SOL,GSOL_01,2025,ELC,7219.8354
CP_MID,shungnak,electric,2030,summer,12,SOL,GSOL_01,2030,ELC,9688.4532
CP_MID,shungnak,electric,2030,summer,12,WND,GWND_01,2030,ELC,751.8988
CP_MID,shungnak,electric,2030,summer,13,ELC,ELECT,2030,ELECD,13064.887
CP_MID,shungnak,electric,2030,summer,13,HYD,GHYD_01,2030,ELC,10853.623
CP_MID,shungnak,electric,2030,summer,13,SOL,GSOL_01,2025,ELC,7593.832
CP_MID,shungnak,electric,2030,summer,13,SOL,GSOL_01,2030,ELC,10190.327
CP_MID,shungnak,electric,2030,summer,13,WND,GWND_01,2030,ELC,797.52372
CP_MID,shungnak,electric,2030,summer,14,ELC,ELECT,2030,ELECD,12890.689
CP_MID,shungnak,electric,2030,summer,14,HYD,GHYD_01,2030,ELC,10853.623
CP_MID,shungnak,electric,2030,summer,14,SOL,GSOL_01,2025,ELC,7804.6301
CP_MID,shungnak,electric,2030,summer,14,SOL,GSOL_01,2030,ELC,10473.202
CP_MID,shungnak,electric,2030,summer,14,WND,GWND_01,2030,ELC,865.04862
CP_MID,shungnak,electric,2030,summer,15,ELC,ELECT,2030,ELECD,13413.284
CP_MID,shungnak,electric,2030,summer,15,HYD,GHYD_01,2030,ELC,10853.623
CP_MID,shungnak,electric,2030,summer,15,SOL,GSOL_01,2025,ELC,7031.1371
CP_MID,shungnak,electric,2030,summer,15,SOL,GSOL_01,2030,ELC,9435.2349
CP_MID,shungnak,electric,2030,summer,15,WND,GWND_01,2030,ELC,766.49877
CP_MID,shungnak,electric,2030,summer,16,ELC,ELECT,2030,ELECD,14981.07
CP_MID,shungnak,electric,2030,summer,16,HYD,GHYD_01,2030,ELC,10853.623
CP_MID,shungnak,electric,2030,summer,16,SOL,GSOL_01,2025,ELC,6480.342
CP_MID,shungnak,electric,2030,summer,16,SOL,GSOL_01,2030,ELC,8696.1111
CP_MID,shungnak,electric,2030,summer,16,WND,GWND_01,2030,ELC,625.974
CP_MID,shungnak,electric,2030,summer,17,ELC,ELECT,2030,ELECD,15329.467
CP_MID,shungnak,electric,2030,summer,17,HYD,GHYD_01,2030,ELC,10853.623
CP_MID,shungnak,electric,2030,summer,17,SOL,GSOL_01,2025,ELC,5375.3519
CP_MID,shungnak,electric,2030,summer,17,SOL,GSOL_01,2030,ELC,7213.301
CP_MID,shungnak,electric,2030,summer,17,WND,GWND_01,2030,ELC,697.14888
CP_MID,shungnak,electric,2030,summer,18,ELC,ELECT,2030,ELECD,13761.681
CP_MID,shungnak,electric,2030,summer,18,HYD,GHYD_01,2030,ELC,10853.623
CP_MID,shungnak,electric,2030,summer,18,SOL,GSOL_01,2025,ELC,3833.4657
CP_MID,shungnak,electric,2030,summer,18,SOL,GSOL_01,2030,ELC,5144.2105
CP_MID,shungnak,electric,2030,summer,18,WND,GWND_01,2030,ELC,925.27352
CP_MID,shungnak,electric,2030,summer,19,ELC,ELECT,2030,ELECD,13413.284
CP_MID,shungnak,electric,2030,summer,19,HYD,GHYD_01,2030,ELC,10853.623
CP_MID,shungnak,electric,2030,summer,19,SOL,GSOL_01,2025,ELC,2233.78
CP_MID,shungnak,electric,2030,summer,19,SOL,GSOL_01,2030,ELC,2997.5577
CP_MID,shungnak,electric,2030,summer,19,WND,GWND_01,2030,ELC,799.34872
CP_MID,shungnak,electric,2030,summer,2,ELC,ELECT,2030,ELECD,10626.108
CP_MID,shungnak,electric,2030,summer,2,HYD,GHYD_01,2030,ELC,10853.623
CP_MID,shungnak,electric,2030,summer,2,WND,GWND_01,2030,ELC,934.3985
CP_MID,shungnak,electric,2030,summer,20,ELC,ELECT,2030,ELECD,13413.284
CP_MID,shungnak,electric,2030,summer,20,HYD,GHYD_01,2030,ELC,10853.623
CP_MID,shungnak,electric,2030,summer,20,SOL,GSOL_01,2025,ELC,1157.6896
CP_MID,shungnak,electric,2030,summer,20,SOL,GSOL_01,2030,ELC,1553.5288
CP_MID,shungnak,electric,2030,summer,20,WND,GWND_01,2030,ELC,985.49842
CP_MID,shungnak,electric,2030,summer,21,ELC,ELECT,2030,ELECD,12368.093
CP_MID,shungnak,electric,2030,summer,21,HYD,GHYD_01,2030,ELC,10853.623
CP_MID,shungnak,electric,2030,summer,21,SOL,GSOL_01,2025,ELC,526.99528
CP_MID,shungnak,electric,2030,summer,21,SOL,GSOL_01,2030,ELC,707.18637
CP_MID,shungnak,electric,2030,summer,21,WND,GWND_01,2030,ELC,1419.8477
CP_MID,shungnak,electric,2030,summer,22,ELC,ELECT,2030,ELECD,12368.093
CP_MID,shungnak,electric,2030,summer,22,HYD,GHYD_01,2030,ELC,10853.623
CP_MID,shungnak,electric,2030,summer,22,SOL,GSOL_01,2025,ELC,317.89715
CP_MID,shungnak,electric,2030,summer,22,SOL,GSOL_01,2030,ELC,426.59307
CP_MID,shungnak,electric,2030,summer,22,WND,GWND_01,2030,ELC,1385.1728
CP_MID,shungnak,electric,2030,summer,23,ELC,ELECT,2030,ELECD,12193.895
CP_MID,shungnak,electric,2030,summer,23,HYD,GHYD_01,2030,ELC,10853.623
CP_MID,shungnak,electric,2030,summer,23,SOL,GSOL_01,2025,ELC,93.499163
CP_MID,shungnak,electric,2030,summer,23,SOL,GSOL_01,2030,ELC,125.46855
CP_MID,shungnak,electric,2030,summer,23,WND,GWND_01,2030,ELC,1520.2226
CP_MID,shungnak,electric,2030,summer,3,ELC,ELECT,2030,ELECD,9929.3142
CP_MID,shungnak,electric,2030,summer,3,HYD,GHYD_01,2030,ELC,10853.623
CP_MID,shungnak,electric,2030,summer,3,SOL,GSOL_01,2025,ELC,20.399817
CP_MID,shungnak,electric,2030,summer,3,SOL,GSOL_01,2030,ELC,27.374956
CP_MID,shungnak,electric,2030,summer,3,WND,GWND_01,2030,ELC,1067.6233
CP_MID,shungnak,electric,2030,summer,4,ELC,ELECT,2030,ELECD,9755.1157
CP_MID,shungnak,electric,2030,summer,4,HYD,GHYD_01,2030,ELC,10853.623
CP_MID,shungnak,electric,2030,summer,4,SOL,GSOL_01,2025,ELC,130.89883
CP_MID,shungnak,electric,2030,summer,4,SOL,GSOL_01,2030,ELC,175.65597
CP_MID,shungnak,electric,2030,summer,4,WND,GWND_01,2030,ELC,1091.3483
CP_MID,shungnak,electric,2030,summer,5,ELC,ELECT,2030,ELECD,9755.1157
CP_MID,shungnak,electric,2030,summer,5,HYD,GHYD_01,2030,ELC,10853.623
CP_MID,shungnak,electric,2030,summer,5,SOL,GSOL_01,2025,ELC,253.29773
CP_MID,shungnak,electric,2030,summer,5,SOL,GSOL_01,2030,ELC,339.90571
CP_MID,shungnak,electric,2030,summer,5,WND,GWND_01,2030,ELC,1131.4982
CP_MID,shungnak,electric,2030,summer,6,ELC,ELECT,2030,ELECD,10451.91
CP_MID,shungnak,electric,2030,summer,6,HYD,GHYD_01,2030,ELC,10853.623
CP_MID,shungnak,electric,2030,summer,6,SOL,GSOL_01,2025,ELC,642.59425
CP_MID,shungnak,electric,2030,summer,6,SOL,GSOL_01,2030,ELC,862.31112
CP_MID,shungnak,electric,2030,summer,6,WND,GWND_01,2030,ELC,1014.6984
CP_MID,shungnak,electric,2030,summer,7,ELC,ELECT,2030,ELECD,10626.108
CP_MID,shungnak,electric,2030,summer,7,HYD,GHYD_01,2030,ELC,10853.623
CP_MID,shungnak,electric,2030,summer,7,SOL,GSOL_01,2025,ELC,1538.4862
CP_MID,shungnak,electric,2030,summer,7,SOL,GSOL_01,2030,ELC,2064.5279
CP_MID,shungnak,electric,2030,summer,7,WND,GWND_01,2030,ELC,843.14865
CP_MID,shungnak,electric,2030,summer,8,ELC,ELECT,2030,ELECD,10974.505
CP_MID,shungnak,electric,2030,summer,8,HYD,GHYD_01,2030,ELC,10853.623
CP_MID,shungnak,electric,2030,summer,8,SOL,GSOL_01,2025,ELC,3014.073
CP_MID,shungnak,electric,2030,summer,8,SOL,GSOL_01,2030,ELC,4044.6498
CP_MID,shungnak,electric,2030,summer,8,WND,GWND_01,2030,ELC,866.87361
CP_MID,shungnak,electric,2030,summer,9,ELC,ELECT,2030,ELECD,11322.902
CP_MID,shungnak,electric,2030,summer,9,HYD,GHYD_01,2030,ELC,10853.623
CP_MID,shungnak,electric,2030,summer,9,SOL,GSOL_01,2025,ELC,4117.3631
CP_MID,shungnak,electric,2030,summer,9,SOL,GSOL_01,2030,ELC,5525.1787
CP_MID,shungnak,electric,2030,summer,9,WND,GWND_01,2030,ELC,812.1237
CP_MID,shungnak,electric,2030,winter,0,DSL,GDSL_02,2025,ELC,2729.8447
CP_MID,shungnak,electric,2030,winter,0,ELC,EBATT_01,2030,ELC,10603.689
CP_MID,shungnak,electric,2030,winter,0,ELC,ELECT,2030,ELECD,19858.628
CP_MID,shungnak,electric,2030,winter,0,HYD,GHYD_01,2030,ELC,1011.7784
CP_MID,shungnak,electric,2030,winter,0,WND,GWND_01,2030,ELC,5513.3162
CP_MID,shungnak,electric,2030,winter,1,DSL,GDSL_01,2025,ELC,11829.84
CP_MID,shungnak,electric,2030,winter,1,ELC,EBATT_01,2030,ELC,1221.8204
CP_MID,shungnak,electric,2030,winter,1,ELC,ELECT,2030,ELECD,19684.43
CP_MID,shungnak,electric,2030,winter,1,HYD,GHYD_01,2030,ELC,1011.7784
CP_MID,shungnak,electric,2030,winter,1,WND,GWND_01,2030,ELC,5620.991
CP_MID,shungnak,electric,2030,winter,10,DSL,GDSL_03,2025,ELC,18343.702
CP_MID,shungnak,electric,2030,winter,10,ELC,ELECT,2030,ELECD,25258.782
CP_MID,shungnak,electric,2030,winter,10,HYD,GHYD_01,2030,ELC,1011.7784
CP_MID,shungnak,electric,2030,winter,10,SOL,GSOL_01,2025,ELC,193.79826
CP_MID,shungnak,electric,2030,winter,10,SOL,GSOL_01,2030,ELC,260.06208
CP_MID,shungnak,electric,2030,winter,10,WND,GWND_01,2030,ELC,5449.4413
CP_MID,shungnak,electric,2030,winter,11,DSL,GDSL_02,2025,ELC,18135.118
CP_MID,shungnak,electric,2030,winter,11,ELC,ELECT,2030,ELECD,26129.774
CP_MID,shungnak,electric,2030,winter,11,HYD,GHYD_01,2030,ELC,1011.7784
CP_MID,shungnak,electric,2030,winter,11,SOL,GSOL_01,2025,ELC,657.89411
CP_MID,shungnak,electric,2030,winter,11,SOL,GSOL_01,2030,ELC,882.84234
CP_MID,shungnak,electric,2030,winter,11,WND,GWND_01,2030,ELC,5442.1413
CP_MID,shungnak,electric,2030,winter,12,DSL,GDSL_03,2025,ELC,16379.489
CP_MID,shungnak,electric,2030,winter,12,ELC,ELECT,2030,ELECD,25781.377
CP_MID,shungnak,electric,2030,winter,12,HYD,GHYD_01,2030,ELC,1011.7784
CP_MID,shungnak,electric,2030,winter,12,SOL,GSOL_01,2025,ELC,1164.4896
CP_MID,shungnak,electric,2030,winter,12,SOL,GSOL_01,2030,ELC,1562.6537
CP_MID,shungnak,electric,2030,winter,12,WND,GWND_01,2030,ELC,5662.9659
CP_MID,shungnak,electric,2030,winter,13,DSL,GDSL_03,2025,ELC,14663.3
CP_MID,shungnak,electric,2030,winter,13,ELC,ELECT,2030,ELECD,25084.583
CP_MID,shungnak,electric,2030,winter,13,HYD,GHYD_01,2030,ELC,1011.7784
CP_MID,shungnak,electric,2030,winter,13,SOL,GSOL_01,2025,ELC,1497.6866
CP_MID,shungnak,electric,2030,winter,13,SOL,GSOL_01,2030,ELC,2009.778
CP_MID,shungnak,electric,2030,winter,13,WND,GWND_01,2030,ELC,5902.0406
CP_MID,shungnak,electric,2030,winter,14,DSL,GDSL_03,2025,ELC,14629.626
CP_MID,shungnak,electric,2030,winter,14,ELC,ELECT,2030,ELECD,24910.385
CP_MID,shungnak,electric,2030,winter,14,HYD,GHYD_01,2030,ELC,1011.7784
CP_MID,shungnak,electric,2030,winter,14,SOL,GSOL_01,2025,ELC,1497.6866
CP_MID,shungnak,electric,2030,winter,14,SOL,GSOL_01,2030,ELC,2009.778
CP_MID,shungnak,electric,2030,winter,14,WND,GWND_01,2030,ELC,5761.5158
CP_MID,shungnak,electric,2030,winter,15,DSL,GDSL_02,2025,ELC,14203.645
CP_MID,shungnak,electric,2030,winter,15,ELC,ELECT,2030,ELECD,23690.995
CP_MID,shungnak,electric,2030,winter,15,HYD,GHYD_01,2030,ELC,1011.7784
CP_MID,shungnak,electric,2030,winter,15,SOL,GSOL_01,2025,ELC,1106.6901
CP_MID,shungnak,electric,2030,winter,15,SOL,GSOL_01,2030,ELC,1485.0914
CP_MID,shungnak,electric,2030,winter,15,WND,GWND_01,2030,ELC,5883.7906
CP_MID,shungnak,electric,2030,winter,16,DSL,GDSL_01,2025,ELC,16695.216
CP_MID,shungnak,electric,2030,winter,16,ELC,ELECT,2030,ELECD,24910.385
CP_MID,shungnak,electric,2030,winter,16,HYD,GHYD_01,2030,ELC,1011.7784
CP_MID,shungnak,electric,2030,winter,16,SOL,GSOL_01,2025,ELC,600.09463
CP_MID,shungnak,electric,2030,winter,16,SOL,GSOL_01,2030,ELC,805.27996
CP_MID,shungnak,electric,2030,winter,16,WND,GWND_01,2030,ELC,5798.0157
CP_MID,shungnak,electric,2030,winter,17,DSL,GDSL_03,2025,ELC,19785.55
CP_MID,shungnak,electric,2030,winter,17,ELC,ELECT,2030,ELECD,26826.568
CP_MID,shungnak,electric,2030,winter,17,HYD,GHYD_01,2030,ELC,1011.7784
CP_MID,shungnak,electric,2030,winter,17,SOL,GSOL_01,2025,ELC,156.3986
CP_MID,shungnak,electric,2030,winter,17,SOL,GSOL_01,2030,ELC,209.87466
CP_MID,shungnak,electric,2030,winter,17,WND,GWND_01,2030,ELC,5662.9659
CP_MID,shungnak,electric,2030,winter,18,DSL,GDSL_03,2025,ELC,20378.285
CP_MID,shungnak,electric,2030,winter,18,ELC,ELECT,2030,ELECD,27000.767
CP_MID,shungnak,electric,2030,winter,18,HYD,GHYD_01,2030,ELC,1011.7784
CP_MID,shungnak,electric,2030,winter,18,SOL,GSOL_01,2025,ELC,3.3999696
CP_MID,shungnak,electric,2030,winter,18,SOL,GSOL_01,2030,ELC,4.5624927
CP_MID,shungnak,electric,2030,winter,18,WND,GWND_01,2030,ELC,5602.741
CP_MID,shungnak,electric,2030,winter,19,DSL,GDSL_03,2025,ELC,16825.627
CP_MID,shungnak,electric,2030,winter,19,ELC,ELECT,2030,ELECD,23516.797
CP_MID,shungnak,electric,2030,winter,19,HYD,GHYD_01,2030,ELC,1011.7784
CP_MID,shungnak,electric,2030,winter,19,WND,GWND_01,2030,ELC,5679.3909
CP_MID,shungnak,electric,2030,winter,2,DSL,GDSL_01,2025,ELC,13424.784
CP_MID,shungnak,electric,2030,winter,2,ELC,ELECT,2030,ELECD,19858.628
CP_MID,shungnak,electric,2030,winter,2,HYD,GHYD_01,2030,ELC,1011.7784
CP_MID,shungnak,electric,2030,winter,2,WND,GWND_01,2030,ELC,5422.0663
CP_MID,shungnak,electric,2030,winter,20,DSL,GDSL_03,2025,ELC,16939.601
CP_MID,shungnak,electric,2030,winter,20,ELC,ELECT,2030,ELECD,23690.995
CP_MID,shungnak,electric,2030,winter,20,HYD,GHYD_01,2030,ELC,1011.7784
CP_MID,shungnak,electric,2030,winter,20,WND,GWND_01,2030,ELC,5739.6158
CP_MID,shungnak,electric,2030,winter,21,DSL,GDSL_03,2025,ELC,15444.637
CP_MID,shungnak,electric,2030,winter,21,ELC,ELECT,2030,ELECD,22471.606
CP_MID,shungnak,electric,2030,winter,21,HYD,GHYD_01,2030,ELC,1011.7784
CP_MID,shungnak,electric,2030,winter,21,WND,GWND_01,2030,ELC,6015.1904
CP_MID,shungnak,electric,2030,winter,22,DSL,GDSL_01,2025,ELC,14540.795
CP_MID,shungnak,electric,2030,winter,22,ELC,ELECT,2030,ELECD,21600.613
CP_MID,shungnak,electric,2030,winter,22,HYD,GHYD_01,2030,ELC,1011.7784
CP_MID,shungnak,electric,2030,winter,22,WND,GWND_01,2030,ELC,6048.0403
CP_MID,shungnak,electric,2030,winter,23,DSL,GDSL_03,2025,ELC,12778.912
CP_MID,shungnak,electric,2030,winter,23,ELC,ELECT,2030,ELECD,19510.231
CP_MID,shungnak,electric,2030,winter,23,HYD,GHYD_01,2030,ELC,1011.7784
CP_MID,shungnak,electric,2030,winter,23,WND,GWND_01,2030,ELC,5719.5408
CP_MID,shungnak,electric,2030,winter,3,DSL,GDSL_01,2025,ELC,12660.642
CP_MID,shungnak,electric,2030,winter,3,ELC,ELECT,2030,ELECD,18813.437
CP_MID,shungnak,electric,2030,winter,3,HYD,GHYD_01,2030,ELC,1011.7784
CP_MID,shungnak,electric,2030,winter,3,WND,GWND_01,2030,ELC,5141.0168
CP_MID,shungnak,electric,2030,winter,4,DSL,GDSL_01,2025,ELC,12064.223
CP_MID,shungnak,electric,2030,winter,4,ELC,ELECT,2030,ELECD,18116.643
CP_MID,shungnak,electric,2030,winter,4,HYD,GHYD_01,2030,ELC,1011.7784
CP_MID,shungnak,electric,2030,winter,4,WND,GWND_01,2030,ELC,5040.6419
CP_MID,shungnak,electric,2030,winter,5,DSL,GDSL_03,2025,ELC,12125.272
CP_MID,shungnak,electric,2030,winter,5,ELC,ELECT,2030,ELECD,18290.842
CP_MID,shungnak,electric,2030,winter,5,HYD,GHYD_01,2030,ELC,1011.7784
CP_MID,shungnak,electric,2030,winter,5,WND,GWND_01,2030,ELC,5153.7918
CP_MID,shungnak,electric,2030,winter,6,DSL,GDSL_02,2025,ELC,12433.519
CP_MID,shungnak,electric,2030,winter,6,ELC,ELECT,2030,ELECD,18639.239
CP_MID,shungnak,electric,2030,winter,6,HYD,GHYD_01,2030,ELC,1011.7784
CP_MID,shungnak,electric,2030,winter,6,WND,GWND_01,2030,ELC,5193.9417
CP_MID,shungnak,electric,2030,winter,7,DSL,GDSL_01,2025,ELC,12024.897
CP_MID,shungnak,electric,2030,winter,7,ELC,ELECT,2030,ELECD,18290.842
CP_MID,shungnak,electric,2030,winter,7,HYD,GHYD_01,2030,ELC,1011.7784
CP_MID,shungnak,electric,2030,winter,7,WND,GWND_01,2030,ELC,5254.1666
CP_MID,shungnak,electric,2030,winter,8,DSL,GDSL_03,2025,ELC,13677.457
CP_MID,shungnak,electric,2030,winter,8,ELC,ELECT,2030,ELECD,20032.827
CP_MID,shungnak,electric,2030,winter,8,HYD,GHYD_01,2030,ELC,1011.7784
CP_MID,shungnak,electric,2030,winter,8,WND,GWND_01,2030,ELC,5343.5915
CP_MID,shungnak,electric,2030,winter,9,DSL,GDSL_01,2025,ELC,16972.451
CP_MID,shungnak,electric,2030,winter,9,ELC,ELECT,2030,ELECD,23690.995
CP_MID,shungnak,electric,2030,winter,9,HYD,GHYD_01,2030,ELC,1011.7784
CP_MID,shungnak,electric,2030,winter,9,WND,GWND_01,2030,ELC,5706.7659
CP_MID,shungnak,electric,2035,fall,0,ELC,ELECT,2030,ELECD,15379.087
CP_MID,shungnak,electric,2035,fall,0,HYD,GHYD_01,2030,ELC,6057.5303
CP_MID,shungnak,electric,2035,fall,0,WND,GWND_01,2030,ELC,5398.3414
CP_MID,shungnak,electric,2035,fall,0,WND,GWND_01,2035,ELC,5398.3414
CP_MID,shungnak,electric,2035,fall,1,ELC,ELECT,2030,ELECD,15745.256
CP_MID,shungnak,electric,2035,fall,1,HYD,GHYD_01,2030,ELC,6057.5303
CP_MID,shungnak,electric,2035,fall,1,WND,GWND_01,2030,ELC,5522.4412
CP_MID,shungnak,electric,2035,fall,1,WND,GWND_01,2035,ELC,5522.4412
CP_MID,shungnak,electric,2035,fall,10,ELC,EBATT_01,2025,ELC,2299.7408
CP_MID,shungnak,electric,2035,fall,10,ELC,ELECT,2030,ELECD,22702.462
CP_MID,shungnak,electric,2035,fall,10,HYD,GHYD_01,2030,ELC,6057.5303
CP_MID,shungnak,electric,2035,fall,10,SOL,GSOL_01,2025,ELC,1337.888
CP_MID,shungnak,electric,2035,fall,10,SOL,GSOL_01,2030,ELC,1795.3409
CP_MID,shungnak,electric,2035,fall,10,SOL,GSOL_01,2035,ELC,732.82829
CP_MID,shungnak,electric,2035,fall,10,WND,GWND_01,2030,ELC,5239.5666
CP_MID,shungnak,electric,2035,fall,10,WND,GWND_01,2035,ELC,5239.5666
CP_MID,shungnak,electric,2035,fall,11,ELC,EBATT_01,2025,ELC,907.02763
CP_MID,shungnak,electric,2035,fall,11,ELC,ELECT,2030,ELECD,24350.221
CP_MID,shungnak,electric,2035,fall,11,HYD,GHYD_01,2030,ELC,6057.5303
CP_MID,shungnak,electric,2035,fall,11,SOL,GSOL_01,2025,ELC,2424.1783
CP_MID,shungnak,electric,2035,fall,11,SOL,GSOL_01,2030,ELC,3253.0573
CP_MID,shungnak,electric,2035,fall,11,SOL,GSOL_01,2035,ELC,1327.8439
CP_MID,shungnak,electric,2035,fall,11,WND,GWND_01,2030,ELC,5190.2917
CP_MID,shungnak,electric,2035,fall,11,WND,GWND_01,2035,ELC,5190.2917
CP_MID,shungnak,electric,2035,fall,12,ELC,ELECT,2030,ELECD,22519.377
CP_MID,shungnak,electric,2035,fall,12,HYD,GHYD_01,2030,ELC,6057.5303
CP_MID,shungnak,electric,2035,fall,12,SOL,GSOL_01,2025,ELC,2991.9732
CP_MID,shungnak,electric,2035,fall,12,SOL,GSOL_01,2030,ELC,4014.9936
CP_MID,shungnak,electric,2035,fall,12,SOL,GSOL_01,2035,ELC,1638.8536
CP_MID,shungnak,electric,2035,fall,12,WND,GWND_01,2030,ELC,5217.6667
CP_MID,shungnak,electric,2035,fall,12,WND,GWND_01,2035,ELC,5217.6667
CP_MID,shungnak,electric,2035,fall,13,ELC,ELECT,2030,ELECD,22336.293
CP_MID,shungnak,electric,2035,fall,13,HYD,GHYD_01,2030,ELC,6057.5303
CP_MID,shungnak,electric,2035,fall,13,SOL,GSOL_01,2025,ELC,3292.8705
CP_MID,shungnak,electric,2035,fall,13,SOL,GSOL_01,2030,ELC,4418.7742
CP_MID,shungnak,electric,2035,fall,13,SOL,GSOL_01,2035,ELC,1803.6701
CP_MID,shungnak,electric,2035,fall,13,WND,GWND_01,2030,ELC,5188.4667
CP_MID,shungnak,electric,2035,fall,13,WND,GWND_01,2035,ELC,5188.4667
CP_MID,shungnak,electric,2035,fall,14,ELC,ELECT,2035,ELECD,23068.63
CP_MID,shungnak,electric,2035,fall,14,HYD,GHYD_01,2030,ELC,6057.5303
CP_MID,shungnak,electric,2035,fall,14,SOL,GSOL_01,2025,ELC,3109.2722
CP_MID,shungnak,electric,2035,fall,14,SOL,GSOL_01,2030,ELC,4172.3996
CP_MID,shungnak,electric,2035,fall,14,SOL,GSOL_01,2035,ELC,1703.1041
CP_MID,shungnak,electric,2035,fall,14,WND,GWND_01,2030,ELC,5259.6416
CP_MID,shungnak,electric,2035,fall,14,WND,GWND_01,2035,ELC,5259.6416
CP_MID,shungnak,electric,2035,fall,15,ELC,ELECT,2030,ELECD,19406.943
CP_MID,shungnak,electric,2035,fall,15,HYD,GHYD_01,2030,ELC,6057.5303
CP_MID,shungnak,electric,2035,fall,15,SOL,GSOL_01,2025,ELC,2594.1768
CP_MID,shungnak,electric,2035,fall,15,SOL,GSOL_01,2030,ELC,3481.1819
CP_MID,shungnak,electric,2035,fall,15,SOL,GSOL_01,2035,ELC,1420.9606
CP_MID,shungnak,electric,2035,fall,15,WND,GWND_01,2030,ELC,5137.3668
CP_MID,shungnak,electric,2035,fall,15,WND,GWND_01,2035,ELC,5137.3668
CP_MID,shungnak,electric,2035,fall,16,ELC,EBATT_01,2025,ELC,441.30915
CP_MID,shungnak,electric,2035,fall,16,ELC,ELECT,2030,ELECD,22519.377
CP_MID,shungnak,electric,2035,fall,16,HYD,GHYD_01,2030,ELC,6057.5303
CP_MID,shungnak,electric,2035,fall,16,SOL,GSOL_01,2025,ELC,1790.084
CP_MID,shungnak,electric,2035,fall,16,SOL,GSOL_01,2030,ELC,2402.1524
CP_MID,shungnak,electric,2035,fall,16,SOL,GSOL_01,2035,ELC,980.51866
CP_MID,shungnak,electric,2035,fall,16,WND,GWND_01,2030,ELC,5423.8913
CP_MID,shungnak,electric,2035,fall,16,WND,GWND_01,2035,ELC,5423.8913
CP_MID,shungnak,electric,2035,fall,17,ELC,EBATT_01,2025,ELC,2722.6843
CP_MID,shungnak,electric,2035,fall,17,ELC,ELECT,2035,ELECD,22336.293
CP_MID,shungnak,electric,2035,fall,17,HYD,GHYD_01,2030,ELC,6057.5303
CP_MID,shungnak,electric,2035,fall,17,SOL,GSOL_01,2025,ELC,904.3919
CP_MID,shungnak,electric,2035,fall,17,SOL,GSOL_01,2030,ELC,1213.6231
CP_MID,shungnak,electric,2035,fall,17,SOL,GSOL_01,2035,ELC,495.38075
CP_MID,shungnak,electric,2035,fall,17,WND,GWND_01,2030,ELC,5471.3412
CP_MID,shungnak,electric,2035,fall,17,WND,GWND_01,2035,ELC,5471.3412
CP_MID,shungnak,electric,2035,fall,18,ELC,EBATT_01,2025,ELC,3665.1201
CP_MID,shungnak,electric,2035,fall,18,ELC,ELECT,2030,ELECD,21054.702
CP_MID,shungnak,electric,2035,fall,18,HYD,GHYD_01,2030,ELC,6057.5303
CP_MID,shungnak,electric,2035,fall,18,SOL,GSOL_01,2025,ELC,317.89715
CP_MID,shungnak,electric,2035,fall,18,SOL,GSOL_01,2030,ELC,426.59307
CP_MID,shungnak,electric,2035,fall,18,SOL,GSOL_01,2035,ELC,174.1282
CP_MID,shungnak,electric,2035,fall,18,WND,GWND_01,2030,ELC,5206.7167
CP_MID,shungnak,electric,2035,fall,18,WND,GWND_01,2035,ELC,5206.7167
CP_MID,shungnak,electric,2035,fall,19,ELC,ELECT,2030,ELECD,16477.593
CP_MID,shungnak,electric,2035,fall,19,HYD,GHYD_01,2030,ELC,6057.5303
CP_MID,shungnak,electric,2035,fall,19,SOL,GSOL_01,2025,ELC,78.1993
CP_MID,shungnak,electric,2035,fall,19,SOL,GSOL_01,2030,ELC,104.93733
CP_MID,shungnak,electric,2035,fall,19,SOL,GSOL_01,2035,ELC,42.833674
CP_MID,shungnak,electric,2035,fall,19,WND,GWND_01,2030,ELC,5146.4918
CP_MID,shungnak,electric,2035,fall,19,WND,GWND_01,2035,ELC,5146.4918
CP_MID,shungnak,electric,2035,fall,2,ELC,ELECT,2030,ELECD,15196.002
CP_MID,shungnak,electric,2035,fall,2,HYD,GHYD_01,2030,ELC,6057.5303
CP_MID,shungnak,electric,2035,fall,2,WND,GWND_01,2030,ELC,5560.7661
CP_MID,shungnak,electric,2035,fall,2,WND,GWND_01,2035,ELC,5560.7661
CP_MID,shungnak,electric,2035,fall,20,ELC,EBATT_01,2025,ELC,4561.7014
CP_MID,shungnak,electric,2035,fall,20,ELC,ELECT,2030,ELECD,21054.702
CP_MID,shungnak,electric,2035,fall,20,HYD,GHYD_01,2030,ELC,6057.5303
CP_MID,shungnak,electric,2035,fall,20,SOL,GSOL_01,2025,ELC,5.0999543
CP_MID,shungnak,electric,2035,fall,20,SOL,GSOL_01,2030,ELC,6.843739
CP_MID,shungnak,electric,2035,fall,20,SOL,GSOL_01,2035,ELC,2.7935005
CP_MID,shungnak,electric,2035,fall,20,WND,GWND_01,2030,ELC,5210.3667
CP_MID,shungnak,electric,2035,fall,20,WND,GWND_01,2035,ELC,5210.3667
CP_MID,shungnak,electric,2035,fall,21,ELC,EBATT_01,2025,ELC,4117.266
CP_MID,shungnak,electric,2035,fall,21,ELC,ELECT,2035,ELECD,20139.28
CP_MID,shungnak,electric,2035,fall,21,HYD,GHYD_01,2030,ELC,6057.5303
CP_MID,shungnak,electric,2035,fall,21,WND,GWND_01,2030,ELC,4982.242
CP_MID,shungnak,electric,2035,fall,21,WND,GWND_01,2035,ELC,4982.242
CP_MID,shungnak,electric,2035,fall,22,ELC,EBATT_01,2025,ELC,2006.5421
CP_MID,shungnak,electric,2035,fall,22,ELC,ELECT,2030,ELECD,18674.605
CP_MID,shungnak,electric,2035,fall,22,HYD,GHYD_01,2030,ELC,6057.5303
CP_MID,shungnak,electric,2035,fall,22,WND,GWND_01,2030,ELC,5305.2665
CP_MID,shungnak,electric,2035,fall,22,WND,GWND_01,2035,ELC,5305.2665
CP_MID,shungnak,electric,2035,fall,23,ELC,EBATT_01,2025,ELC,929.35121
CP_MID,shungnak,electric,2035,fall,23,ELC,ELECT,2030,ELECD,17393.015
CP_MID,shungnak,electric,2035,fall,23,HYD,GHYD_01,2030,ELC,6057.5303
CP_MID,shungnak,electric,2035,fall,23,WND,GWND_01,2030,ELC,5203.0667
CP_MID,shungnak,electric,2035,fall,23,WND,GWND_01,2035,ELC,5203.0667
CP_MID,shungnak,electric,2035,fall,3,ELC,ELECT,2030,ELECD,15012.918
CP_MID,shungnak,electric,2035,fall,3,HYD,GHYD_01,2030,ELC,6057.5303
CP_MID,shungnak,electric,2035,fall,3,WND,GWND_01,2030,ELC,5485.9412
CP_MID,shungnak,electric,2035,fall,3,WND,GWND_01,2035,ELC,5485.9412
CP_MID,shungnak,electric,2035,fall,4,ELC,ELECT,2030,ELECD,14646.749
CP_MID,shungnak,electric,2035,fall,4,HYD,GHYD_01,2030,ELC,6057.5303
CP_MID,shungnak,electric,2035,fall,4,WND,GWND_01,2030,ELC,5330.8165
CP_MID,shungnak,electric,2035,fall,4,WND,GWND_01,2035,ELC,5330.8165
CP_MID,shungnak,electric,2035,fall,5,ELC,ELECT,2030,ELECD,15012.918
CP_MID,shungnak,electric,2035,fall,5,HYD,GHYD_01,2030,ELC,6057.5303
CP_MID,shungnak,electric,2035,fall,5,WND,GWND_01,2030,ELC,5516.9662
CP_MID,shungnak,electric,2035,fall,5,WND,GWND_01,2035,ELC,5516.9662
CP_MID,shungnak,electric,2035,fall,6,ELC,ELECT,2030,ELECD,16111.424
CP_MID,shungnak,electric,2035,fall,6,HYD,GHYD_01,2030,ELC,6057.5303
CP_MID,shungnak,electric,2035,fall,6,WND,GWND_01,2030,ELC,5418.4163
CP_MID,shungnak,electric,2035,fall,6,WND,GWND_01,2035,ELC,5418.4163
CP_MID,shungnak,electric,2035,fall,7,ELC,EBATT_01,2025,ELC,626.16305
CP_MID,shungnak,electric,2035,fall,7,ELC,ELECT,2030,ELECD,17576.099
CP_MID,shungnak,electric,2035,fall,7,HYD,GHYD_01,2030,ELC,6057.5303
CP_MID,shungnak,electric,2035,fall,7,SOL,GSOL_01,2025,ELC,30.599726
CP_MID,shungnak,electric,2035,fall,7,SOL,GSOL_01,2030,ELC,41.062434
CP_MID,shungnak,electric,2035,fall,7,SOL,GSOL_01,2035,ELC,16.761003
CP_MID,shungnak,electric,2035,fall,7,WND,GWND_01,2030,ELC,5401.9914
CP_MID,shungnak,electric,2035,fall,7,WND,GWND_01,2035,ELC,5401.9914
CP_MID,shungnak,electric,2035,fall,8,ELC,EBATT_01,2025,ELC,4569.5072
CP_MID,shungnak,electric,2035,fall,8,ELC,ELECT,2030,ELECD,22519.377
CP_MID,shungnak,electric,2035,fall,8,HYD,GHYD_01,2030,ELC,6057.5303
CP_MID,shungnak,electric,2035,fall,8,SOL,GSOL_01,2025,ELC,295.79735
CP_MID,shungnak,electric,2035,fall,8,SOL,GSOL_01,2030,ELC,396.93686
CP_MID,shungnak,electric,2035,fall,8,SOL,GSOL_01,2035,ELC,162.02303
CP_MID,shungnak,electric,2035,fall,8,WND,GWND_01,2030,ELC,5518.7912
CP_MID,shungnak,electric,2035,fall,8,WND,GWND_01,2035,ELC,5518.7912
CP_MID,shungnak,electric,2035,fall,9,ELC,EBATT_01,2025,ELC,4017.8642
CP_MID,shungnak,electric,2035,fall,9,ELC,ELECT,2030,ELECD,22519.377
CP_MID,shungnak,electric,2035,fall,9,HYD,GHYD_01,2030,ELC,6057.5303
CP_MID,shungnak,electric,2035,fall,9,SOL,GSOL_01,2025,ELC,630.69435
CP_MID,shungnak,electric,2035,fall,9,SOL,GSOL_01,2030,ELC,846.3424
CP_MID,shungnak,electric,2035,fall,9,SOL,GSOL_01,2035,ELC,345.46289
CP_MID,shungnak,electric,2035,fall,9,WND,GWND_01,2030,ELC,5310.7415
CP_MID,shungnak,electric,2035,fall,9,WND,GWND_01,2035,ELC,5310.7415
CP_MID,shungnak,electric,2035,spring,0,DSL,GDSL_01,2025,ELC,2301.6004
CP_MID,shungnak,electric,2035,spring,0,ELC,ELECT,2030,ELECD,16660.677
CP_MID,shungnak,electric,2035,spring,0,HYD,GHYD_01,2030,ELC,4270.4932
CP_MID,shungnak,electric,2035,spring,0,WND,GWND_01,2030,ELC,5044.2919
CP_MID,shungnak,electric,2035,spring,0,WND,GWND_01,2035,ELC,5044.2919
CP_MID,shungnak,electric,2035,spring,1,DSL,GDSL_01,2025,ELC,2338.1003
CP_MID,shungnak,electric,2035,spring,1,ELC,ELECT,2030,ELECD,16660.677
CP_MID,shungnak,electric,2035,spring,1,HYD,GHYD_01,2030,ELC,4270.4932
CP_MID,shungnak,electric,2035,spring,1,WND,GWND_01,2030,ELC,5026.042
CP_MID,shungnak,electric,2035,spring,1,WND,GWND_01,2035,ELC,5026.042
CP_MID,shungnak,electric,2035,spring,10,ELC,ELECT,2030,ELECD,24350.221
CP_MID,shungnak,electric,2035,spring,10,HYD,GHYD_01,2030,ELC,4270.4932
CP_MID,shungnak,electric,2035,spring,10,SOL,GSOL_01,2025,ELC,6034.946
CP_MID,shungnak,electric,2035,spring,10,SOL,GSOL_01,2030,ELC,8098.4245
CP_MID,shungnak,electric,2035,spring,10,SOL,GSOL_01,2035,ELC,3305.6422
CP_MID,shungnak,electric,2035,spring,10,WND,GWND_01,2030,ELC,5004.142
CP_MID,shungnak,electric,2035,spring,10,WND,GWND_01,2035,ELC,5004.142
CP_MID,shungnak,electric,2035,spring,11,ELC,ELECT,2035,ELECD,24899.474
CP_MID,shungnak,electric,2035,spring,11,HYD,GHYD_01,2030,ELC,4270.4932
CP_MID,shungnak,electric,2035,spring,11,SOL,GSOL_01,2025,ELC,7507.1328
CP_MID,shungnak,electric,2035,spring,11,SOL,GSOL_01,2030,ELC,10073.984
CP_MID,shungnak,electric,2035,spring,11,SOL,GSOL_01,2035,ELC,4112.0327
CP_MID,shungnak,electric,2035,spring,11,WND,GWND_01,2030,ELC,4730.3924
CP_MID,shungnak,electric,2035,spring,11,WND,GWND_01,2035,ELC,4730.3924
CP_MID,shungnak,electric,2035,spring,12,ELC,ELECT,2030,ELECD,23617.883
CP_MID,shungnak,electric,2035,spring,12,HYD,GHYD_01,2030,ELC,4270.4932
CP_MID,shungnak,electric,2035,spring,12,SOL,GSOL_01,2025,ELC,8202.4266
CP_MID,shungnak,electric,2035,spring,12,SOL,GSOL_01,2030,ELC,11007.014
CP_MID,shungnak,electric,2035,spring,12,SOL,GSOL_01,2035,ELC,4492.8799
CP_MID,shungnak,electric,2035,spring,12,WND,GWND_01,2030,ELC,4449.3429
CP_MID,shungnak,electric,2035,spring,12,WND,GWND_01,2035,ELC,4449.3429
CP_MID,shungnak,electric,2035,spring,13,ELC,ELECT,2030,ELECD,22702.462
CP_MID,shungnak,electric,2035,spring,13,HYD,GHYD_01,2030,ELC,4270.4932
CP_MID,shungnak,electric,2035,spring,13,SOL,GSOL_01,2025,ELC,8622.3228
CP_MID,shungnak,electric,2035,spring,13,SOL,GSOL_01,2030,ELC,11570.481
CP_MID,shungnak,electric,2035,spring,13,SOL,GSOL_01,2035,ELC,4722.8781
CP_MID,shungnak,electric,2035,spring,13,WND,GWND_01,2030,ELC,3900.0188
CP_MID,shungnak,electric,2035,spring,13,WND,GWND_01,2035,ELC,3900.0188
CP_MID,shungnak,electric,2035,spring,14,ELC,ELECT,2035,ELECD,23068.63
CP_MID,shungnak,electric,2035,spring,14,HYD,GHYD_01,2030,ELC,4270.4932
CP_MID,shungnak,electric,2035,spring,14,SOL,GSOL_01,2025,ELC,8588.3231
CP_MID,shungnak,electric,2035,spring,14,SOL,GSOL_01,2030,ELC,11524.857
CP_MID,shungnak,electric,2035,spring,14,SOL,GSOL_01,2035,ELC,4704.2548
CP_MID,shungnak,electric,2035,spring,14,WND,GWND_01,2030,ELC,3611.6692
CP_MID,shungnak,electric,2035,spring,14,WND,GWND_01,2035,ELC,3611.6692
CP_MID,shungnak,electric,2035,spring,15,ELC,ELECT,2030,ELECD,22885.546
CP_MID,shungnak,electric,2035,spring,15,HYD,GHYD_01,2030,ELC,4270.4932
CP_MID,shungnak,electric,2035,spring,15,SOL,GSOL_01,2025,ELC,8088.5276
CP_MID,shungnak,electric,2035,spring,15,SOL,GSOL_01,2030,ELC,10854.17
CP_MID,shungnak,electric,2035,spring,15,SOL,GSOL_01,2035,ELC,4430.4917
CP_MID,shungnak,electric,2035,spring,15,WND,GWND_01,2030,ELC,3691.9691
CP_MID,shungnak,electric,2035,spring,15,WND,GWND_01,2035,ELC,3691.9691
CP_MID,shungnak,electric,2035,spring,16,ELC,ELECT,2030,ELECD,23984.052
CP_MID,shungnak,electric,2035,spring,16,HYD,GHYD_01,2030,ELC,4270.4932
CP_MID,shungnak,electric,2035,spring,16,SOL,GSOL_01,2025,ELC,7024.3371
CP_MID,shungnak,electric,2035,spring,16,SOL,GSOL_01,2030,ELC,9426.1099
CP_MID,shungnak,electric,2035,spring,16,SOL,GSOL_01,2035,ELC,3847.5813
CP_MID,shungnak,electric,2035,spring,16,WND,GWND_01,2030,ELC,3989.4436
CP_MID,shungnak,electric,2035,spring,16,WND,GWND_01,2035,ELC,3989.4436
CP_MID,shungnak,electric,2035,spring,17,ELC,ELECT,2030,ELECD,23984.052
CP_MID,shungnak,electric,2035,spring,17,HYD,GHYD_01,2030,ELC,4270.4932
CP_MID,shungnak,electric,2035,spring,17,SOL,GSOL_01,2025,ELC,5234.2531
CP_MID,shungnak,electric,2035,spring,17,SOL,GSOL_01,2030,ELC,7023.9575
CP_MID,shungnak,electric,2035,spring,17,SOL,GSOL_01,2035,ELC,2867.0626
CP_MID,shungnak,electric,2035,spring,17,WND,GWND_01,2030,ELC,4044.1935
CP_MID,shungnak,electric,2035,spring,17,WND,GWND_01,2035,ELC,4044.1935
CP_MID,shungnak,electric,2035,spring,18,ELC,EBATT_01,2030,ELC,928.8471
CP_MID,shungnak,electric,2035,spring,18,ELC,ELECT,2030,ELECD,22702.462
CP_MID,shungnak,electric,2035,spring,18,HYD,GHYD_01,2030,ELC,4270.4932
CP_MID,shungnak,electric,2035,spring,18,SOL,GSOL_01,2025,ELC,3172.1716
CP_MID,shungnak,electric,2035,spring,18,SOL,GSOL_01,2030,ELC,4256.8057
CP_MID,shungnak,electric,2035,spring,18,SOL,GSOL_01,2035,ELC,1737.5573
CP_MID,shungnak,electric,2035,spring,18,WND,GWND_01,2030,ELC,4168.2933
CP_MID,shungnak,electric,2035,spring,18,WND,GWND_01,2035,ELC,4168.2933
CP_MID,shungnak,electric,2035,spring,19,ELC,EBATT_01,2035,ELC,5125.9775
CP_MID,shungnak,electric,2035,spring,19,ELC,ELECT,2030,ELECD,21970.124
CP_MID,shungnak,electric,2035,spring,19,HYD,GHYD_01,2030,ELC,4270.4932
CP_MID,shungnak,electric,2035,spring,19,SOL,GSOL_01,2025,ELC,1380.3876
CP_MID,shungnak,electric,2035,spring,19,SOL,GSOL_01,2030,ELC,1852.372
CP_MID,shungnak,electric,2035,spring,19,SOL,GSOL_01,2035,ELC,756.10746
CP_MID,shungnak,electric,2035,spring,19,WND,GWND_01,2030,ELC,4292.3931
CP_MID,shungnak,electric,2035,spring,19,WND,GWND_01,2035,ELC,4292.3931
CP_MID,shungnak,electric,2035,spring,2,DSL,GDSL_02,2025,ELC,1839.3625
CP_MID,shungnak,electric,2035,spring,2,ELC,ELECT,2030,ELECD,15928.34
CP_MID,shungnak,electric,2035,spring,2,HYD,GHYD_01,2030,ELC,4270.4932
CP_MID,shungnak,electric,2035,spring,2,WND,GWND_01,2030,ELC,4909.2421
CP_MID,shungnak,electric,2035,spring,2,WND,GWND_01,2035,ELC,4909.2421
CP_MID,shungnak,electric,2035,spring,20,ELC,EBATT_01,2030,ELC,7882.1131
CP_MID,shungnak,electric,2035,spring,20,ELC,ELECT,2030,ELECD,22702.462
CP_MID,shungnak,electric,2035,spring,20,HYD,GHYD_01,2030,ELC,4270.4932
CP_MID,shungnak,electric,2035,spring,20,SOL,GSOL_01,2025,ELC,503.19549
CP_MID,shungnak,electric,2035,spring,20,SOL,GSOL_01,2030,ELC,675.24892
CP_MID,shungnak,electric,2035,spring,20,SOL,GSOL_01,2035,ELC,275.62538
CP_MID,shungnak,electric,2035,spring,20,WND,GWND_01,2030,ELC,4547.8927
CP_MID,shungnak,electric,2035,spring,20,WND,GWND_01,2035,ELC,4547.8927
CP_MID,shungnak,electric,2035,spring,21,ELC,EBATT_01,2035,ELC,7647.1926
CP_MID,shungnak,electric,2035,spring,21,ELC,ELECT,2035,ELECD,21420.871
CP_MID,shungnak,electric,2035,spring,21,HYD,GHYD_01,2030,ELC,4270.4932
CP_MID,shungnak,electric,2035,spring,21,SOL,GSOL_01,2025,ELC,219.29804
CP_MID,shungnak,electric,2035,spring,21,SOL,GSOL_01,2030,ELC,294.28078
CP_MID,shungnak,electric,2035,spring,21,SOL,GSOL_01,2035,ELC,120.12052
CP_MID,shungnak,electric,2035,spring,21,WND,GWND_01,2030,ELC,4434.7429
CP_MID,shungnak,electric,2035,spring,21,WND,GWND_01,2035,ELC,4434.7429
CP_MID,shungnak,electric,2035,spring,22,ELC,EBATT_01,2035,ELC,6456.7206
CP_MID,shungnak,electric,2035,spring,22,ELC,ELECT,2035,ELECD,20871.618
CP_MID,shungnak,electric,2035,spring,22,HYD,GHYD_01,2030,ELC,4270.4932
CP_MID,shungnak,electric,2035,spring,22,SOL,GSOL_01,2025,ELC,84.999239
CP_MID,shungnak,electric,2035,spring,22,SOL,GSOL_01,2030,ELC,114.06232
CP_MID,shungnak,electric,2035,spring,22,SOL,GSOL_01,2035,ELC,46.558341
CP_MID,shungnak,electric,2035,spring,22,WND,GWND_01,2030,ELC,4949.3921
CP_MID,shungnak,electric,2035,spring,22,WND,GWND_01,2035,ELC,4949.3921
CP_MID,shungnak,electric,2035,spring,23,ELC,EBATT_01,2035,ELC,4997.6167
CP_MID,shungnak,electric,2035,spring,23,ELC,ELECT,2030,ELECD,19406.943
CP_MID,shungnak,electric,2035,spring,23,HYD,GHYD_01,2030,ELC,4270.4932
CP_MID,shungnak,electric,2035,spring,23,SOL,GSOL_01,2025,ELC,13.599878
CP_MID,shungnak,electric,2035,spring,23,SOL,GSOL_01,2030,ELC,18.249971
CP_MID,shungnak,electric,2035,spring,23,SOL,GSOL_01,2035,ELC,7.4493346
CP_MID,shungnak,electric,2035,spring,23,WND,GWND_01,2030,ELC,5049.7669
CP_MID,shungnak,electric,2035,spring,23,WND,GWND_01,2035,ELC,5049.7669
CP_MID,shungnak,electric,2035,spring,3,DSL,GDSL_01,2025,ELC,1350.2633
CP_MID,shungnak,electric,2035,spring,3,ELC,ELECT,2035,ELECD,15928.34
CP_MID,shungnak,electric,2035,spring,3,HYD,GHYD_01,2030,ELC,4270.4932
CP_MID,shungnak,electric,2035,spring,3,WND,GWND_01,2030,ELC,5153.7918
CP_MID,shungnak,electric,2035,spring,3,WND,GWND_01,2035,ELC,5153.7918
CP_MID,shungnak,electric,2035,spring,4,DSL,GDSL_03,2025,ELC,967.04966
CP_MID,shungnak,electric,2035,spring,4,ELC,ELECT,2035,ELECD,16111.424
CP_MID,shungnak,electric,2035,spring,4,HYD,GHYD_01,2030,ELC,4270.4932
CP_MID,shungnak,electric,2035,spring,4,SOL,GSOL_01,2025,ELC,20.399817
CP_MID,shungnak,electric,2035,spring,4,SOL,GSOL_01,2030,ELC,27.374956
CP_MID,shungnak,electric,2035,spring,4,SOL,GSOL_01,2035,ELC,11.174002
CP_MID,shungnak,electric,2035,spring,4,WND,GWND_01,2030,ELC,5407.4663
CP_MID,shungnak,electric,2035,spring,4,WND,GWND_01,2035,ELC,5407.4663
CP_MID,shungnak,electric,2035,spring,5,DSL,GDSL_02,2025,ELC,653.66084
CP_MID,shungnak,electric,2035,spring,5,ELC,ELECT,2035,ELECD,16477.593
CP_MID,shungnak,electric,2035,spring,5,HYD,GHYD_01,2030,ELC,4270.4932
CP_MID,shungnak,electric,2035,spring,5,SOL,GSOL_01,2025,ELC,90.099193
CP_MID,shungnak,electric,2035,spring,5,SOL,GSOL_01,2030,ELC,120.90606
CP_MID,shungnak,electric,2035,spring,5,SOL,GSOL_01,2035,ELC,49.351842
CP_MID,shungnak,electric,2035,spring,5,WND,GWND_01,2030,ELC,5646.541
CP_MID,shungnak,electric,2035,spring,5,WND,GWND_01,2035,ELC,5646.541
CP_MID,shungnak,electric,2035,spring,6,DSL,GDSL_01,2025,ELC,296.28001
CP_MID,shungnak,electric,2035,spring,6,ELC,ELECT,2035,ELECD,16843.762
CP_MID,shungnak,electric,2035,spring,6,HYD,GHYD_01,2030,ELC,4270.4932
CP_MID,shungnak,electric,2035,spring,6,SOL,GSOL_01,2025,ELC,302.59729
CP_MID,shungnak,electric,2035,spring,6,SOL,GSOL_01,2030,ELC,406.06185
CP_MID,shungnak,electric,2035,spring,6,SOL,GSOL_01,2035,ELC,165.74769
CP_MID,shungnak,electric,2035,spring,6,WND,GWND_01,2030,ELC,5701.2909
CP_MID,shungnak,electric,2035,spring,6,WND,GWND_01,2035,ELC,5701.2909
CP_MID,shungnak,electric,2035,spring,7,DSL,GDSL_03,2025,ELC,472.10377
CP_MID,shungnak,electric,2035,spring,7,ELC,ELECT,2030,ELECD,18491.521
CP_MID,shungnak,electric,2035,spring,7,HYD,GHYD_01,2030,ELC,4270.4932
CP_MID,shungnak,electric,2035,spring,7,SOL,GSOL_01,2025,ELC,972.39129
CP_MID,shungnak,electric,2035,spring,7,SOL,GSOL_01,2030,ELC,1304.8729
CP_MID,shungnak,electric,2035,spring,7,SOL,GSOL_01,2035,ELC,532.62742
CP_MID,shungnak,electric,2035,spring,7,WND,GWND_01,2030,ELC,5469.5162
CP_MID,shungnak,electric,2035,spring,7,WND,GWND_01,2035,ELC,5469.5162
CP_MID,shungnak,electric,2035,spring,8,ELC,ELECT,2030,ELECD,21970.124
CP_MID,shungnak,electric,2035,spring,8,HYD,GHYD_01,2030,ELC,4270.4932
CP_MID,shungnak,electric,2035,spring,8,SOL,GSOL_01,2025,ELC,2264.3797
CP_MID,shungnak,electric,2035,spring,8,SOL,GSOL_01,2030,ELC,3038.6201
CP_MID,shungnak,electric,2035,spring,8,SOL,GSOL_01,2035,ELC,1240.3142
CP_MID,shungnak,electric,2035,spring,8,WND,GWND_01,2030,ELC,5695.8159
CP_MID,shungnak,electric,2035,spring,8,WND,GWND_01,2035,ELC,5695.8159
CP_MID,shungnak,electric,2035,spring,9,ELC,ELECT,2035,ELECD,22519.377
CP_MID,shungnak,electric,2035,spring,9,HYD,GHYD_01,2030,ELC,4270.4932
CP_MID,shungnak,electric,2035,spring,9,SOL,GSOL_01,2025,ELC,4188.7625
CP_MID,shungnak,electric,2035,spring,9,SOL,GSOL_01,2030,ELC,5620.991
CP_MID,shungnak,electric,2035,spring,9,SOL,GSOL_01,2035,ELC,2294.3951
CP_MID,shungnak,electric,2035,spring,9,WND,GWND_01,2030,ELC,5086.2669
CP_MID,shungnak,electric,2035,spring,9,WND,GWND_01,2035,ELC,5086.2669
CP_MID,shungnak,electric,2035,summer,0,ELC,ELECT,2030,ELECD,12449.737
CP_MID,shungnak,electric,2035,summer,0,HYD,GHYD_01,2030,ELC,10853.623
CP_MID,shungnak,electric,2035,summer,0,SOL,GSOL_01,2025,ELC,16.999848
CP_MID,shungnak,electric,2035,summer,0,SOL,GSOL_01,2030,ELC,22.812463
CP_MID,shungnak,electric,2035,summer,0,SOL,GSOL_01,2035,ELC,9.3116682
CP_MID,shungnak,electric,2035,summer,0,WND,GWND_01,2030,ELC,1290.2729
CP_MID,shungnak,electric,2035,summer,0,WND,GWND_01,2035,ELC,1290.2729
CP_MID,shungnak,electric,2035,summer,1,ELC,ELECT,2030,ELECD,11351.231
CP_MID,shungnak,electric,2035,summer,1,HYD,GHYD_01,2030,ELC,10853.623
CP_MID,shungnak,electric,2035,summer,1,WND,GWND_01,2030,ELC,1020.1734
CP_MID,shungnak,electric,2035,summer,1,WND,GWND_01,2035,ELC,1020.1734
CP_MID,shungnak,electric,2035,summer,10,ELC,ELECT,2030,ELECD,13914.412
CP_MID,shungnak,electric,2035,summer,10,HYD,GHYD_01,2030,ELC,10853.623
CP_MID,shungnak,electric,2035,summer,10,SOL,GSOL_01,2025,ELC,5400.8516
CP_MID,shungnak,electric,2035,summer,10,SOL,GSOL_01,2030,ELC,7247.5197
CP_MID,shungnak,electric,2035,summer,10,SOL,GSOL_01,2035,ELC,2958.317
CP_MID,shungnak,electric,2035,summer,10,WND,GWND_01,2030,ELC,875.9986
CP_MID,shungnak,electric,2035,summer,10,WND,GWND_01,2035,ELC,875.9986
CP_MID,shungnak,electric,2035,summer,11,ELC,ELECT,2030,ELECD,14280.581
CP_MID,shungnak,electric,2035,summer,11,HYD,GHYD_01,2030,ELC,10853.623
CP_MID,shungnak,electric,2035,summer,11,SOL,GSOL_01,2025,ELC,6448.0423
CP_MID,shungnak,electric,2035,summer,11,SOL,GSOL_01,2030,ELC,8652.7674
CP_MID,shungnak,electric,2035,summer,11,SOL,GSOL_01,2035,ELC,3531.9158
CP_MID,shungnak,electric,2035,summer,11,WND,GWND_01,2030,ELC,762.84878
CP_MID,shungnak,electric,2035,summer,11,WND,GWND_01,2035,ELC,762.84878
CP_MID,shungnak,electric,2035,summer,12,ELC,ELECT,2030,ELECD,13914.412
CP_MID,shungnak,electric,2035,summer,12,HYD,GHYD_01,2030,ELC,10853.623
CP_MID,shungnak,electric,2035,summer,12,SOL,GSOL_01,2025,ELC,7219.8354
CP_MID,shungnak,electric,2035,summer,12,SOL,GSOL_01,2030,ELC,9688.4532
CP_MID,shungnak,electric,2035,summer,12,SOL,GSOL_01,2035,ELC,3954.6655
CP_MID,shungnak,electric,2035,summer,12,WND,GWND_01,2030,ELC,751.8988
CP_MID,shungnak,electric,2035,summer,12,WND,GWND_01,2035,ELC,751.8988
CP_MID,shungnak,electric,2035,summer,13,ELC,ELECT,2030,ELECD,13731.328
CP_MID,shungnak,electric,2035,summer,13,HYD,GHYD_01,2030,ELC,10853.623
CP_MID,shungnak,electric,2035,summer,13,SOL,GSOL_01,2025,ELC,7593.832
CP_MID,shungnak,electric,2035,summer,13,SOL,GSOL_01,2030,ELC,10190.327
CP_MID,shungnak,electric,2035,summer,13,SOL,GSOL_01,2035,ELC,4159.5222
CP_MID,shungnak,electric,2035,summer,13,WND,GWND_01,2030,ELC,797.52372
CP_MID,shungnak,electric,2035,summer,13,WND,GWND_01,2035,ELC,797.52372
CP_MID,shungnak,electric,2035,summer,14,ELC,ELECT,2035,ELECD,13548.243
CP_MID,shungnak,electric,2035,summer,14,HYD,GHYD_01,2030,ELC,10853.623
CP_MID,shungnak,electric,2035,summer,14,SOL,GSOL_01,2025,ELC,7804.6301
CP_MID,shungnak,electric,2035,summer,14,SOL,GSOL_01,2030,ELC,10473.202
CP_MID,shungnak,electric,2035,summer,14,SOL,GSOL_01,2035,ELC,4274.9869
CP_MID,shungnak,electric,2035,summer,14,WND,GWND_01,2030,ELC,865.04862
CP_MID,shungnak,electric,2035,summer,14,WND,GWND_01,2035,ELC,865.04862
CP_MID,shungnak,electric,2035,summer,15,ELC,ELECT,2030,ELECD,14097.496
CP_MID,shungnak,electric,2035,summer,15,HYD,GHYD_01,2030,ELC,10853.623
CP_MID,shungnak,electric,2035,summer,15,SOL,GSOL_01,2025,ELC,7031.1371
CP_MID,shungnak,electric,2035,summer,15,SOL,GSOL_01,2030,ELC,9435.2349
CP_MID,shungnak,electric,2035,summer,15,SOL,GSOL_01,2035,ELC,3851.306
CP_MID,shungnak,electric,2035,summer,15,WND,GWND_01,2030,ELC,766.49877
CP_MID,shungnak,electric,2035,summer,15,WND,GWND_01,2035,ELC,766.49877
CP_MID,shungnak,electric,2035,summer,16,ELC,ELECT,2030,ELECD,15745.256
CP_MID,shungnak,electric,2035,summer,16,HYD,GHYD_01,2030,ELC,10853.623
CP_MID,shungnak,electric,2035,summer,16,SOL,GSOL_01,2025,ELC,6480.342
CP_MID,shungnak,electric,2035,summer,16,SOL,GSOL_01,2030,ELC,8696.1111
CP_MID,shungnak,electric,2035,summer,16,SOL,GSOL_01,2035,ELC,3549.6079
CP_MID,shungnak,electric,2035,summer,16,WND,GWND_01,2030,ELC,625.974
CP_MID,shungnak,electric,2035,summer,16,WND,GWND_01,2035,ELC,625.974
CP_MID,shungnak,electric,2035,summer,17,ELC,ELECT,2030,ELECD,16111.424
CP_MID,shungnak,electric,2035,summer,17,HYD,GHYD_01,2030,ELC,10853.623
CP_MID,shungnak,electric,2035,summer,17,SOL,GSOL_01,2025,ELC,5375.3519
CP_MID,shungnak,electric,2035,summer,17,SOL,GSOL_01,2030,ELC,7213.301
CP_MID,shungnak,electric,2035,summer,17,SOL,GSOL_01,2035,ELC,2944.3495
CP_MID,shungnak,electric,2035,summer,17,WND,GWND_01,2030,ELC,697.14888
CP_MID,shungnak,electric,2035,summer,17,WND,GWND_01,2035,ELC,697.14888
CP_MID,shungnak,electric,2035,summer,18,ELC,ELECT,2035,ELECD,14463.665
CP_MID,shungnak,electric,2035,summer,18,HYD,GHYD_01,2030,ELC,10853.623
CP_MID,shungnak,electric,2035,summer,18,SOL,GSOL_01,2025,ELC,3833.4657
CP_MID,shungnak,electric,2035,summer,18,SOL,GSOL_01,2030,ELC,5144.2105
CP_MID,shungnak,electric,2035,summer,18,SOL,GSOL_01,2035,ELC,2099.7812
CP_MID,shungnak,electric,2035,summer,18,WND,GWND_01,2030,ELC,925.27352
CP_MID,shungnak,electric,2035,summer,18,WND,GWND_01,2035,ELC,925.27352
CP_MID,shungnak,electric,2035,summer,19,ELC,ELECT,2030,ELECD,14097.496
CP_MID,shungnak,electric,2035,summer,19,HYD,GHYD_01,2030,ELC,10853.623
CP_MID,shungnak,electric,2035,summer,19,SOL,GSOL_01,2025,ELC,2233.78
CP_MID,shungnak,electric,2035,summer,19,SOL,GSOL_01,2030,ELC,2997.5577
CP_MID,shungnak,electric,2035,summer,19,SOL,GSOL_01,2035,ELC,1223.5532
CP_MID,shungnak,electric,2035,summer,19,WND,GWND_01,2030,ELC,799.34872
CP_MID,shungnak,electric,2035,summer,19,WND,GWND_01,2035,ELC,799.34872
CP_MID,shungnak,electric,2035,summer,2,ELC,ELECT,2030,ELECD,11168.146
CP_MID,shungnak,electric,2035,summer,2,HYD,GHYD_01,2030,ELC,10853.623
CP_MID,shungnak,electric,2035,summer,2,WND,GWND_01,2030,ELC,934.3985
CP_MID,shungnak,electric,2035,summer,2,WND,GWND_01,2035,ELC,934.3985
CP_MID,shungnak,electric,2035,summer,20,ELC,ELECT,2030,ELECD,14097.496
CP_MID,shungnak,electric,2035,summer,20,HYD,GHYD_01,2030,ELC,10853.623
CP_MID,shungnak,electric,2035,summer,20,SOL,GSOL_01,2025,ELC,1157.6896
CP_MID,shungnak,electric,2035,summer,20,SOL,GSOL_01,2030,ELC,1553.5288
CP_MID,shungnak,electric,2035,summer,20,SOL,GSOL_01,2035,ELC,634.12461
CP_MID,shungnak,electric,2035,summer,20,WND,GWND_01,2030,ELC,985.49842
CP_MID,shungnak,electric,2035,summer,20,WND,GWND_01,2035,ELC,985.49842
CP_MID,shungnak,electric,2035,summer,21,ELC,ELECT,2035,ELECD,12998.99
CP_MID,shungnak,electric,2035,summer,21,HYD,GHYD_01,2030,ELC,10853.623
CP_MID,shungnak,electric,2035,summer,21,SOL,GSOL_01,2025,ELC,526.99528
CP_MID,shungnak,electric,2035,summer,21,SOL,GSOL_01,2030,ELC,707.18637
CP_MID,shungnak,electric,2035,summer,21,SOL,GSOL_01,2035,ELC,288.66172
CP_MID,shungnak,electric,2035,summer,21,WND,GWND_01,2030,ELC,1419.8477
CP_MID,shungnak,electric,2035,summer,21,WND,GWND_01,2035,ELC,1419.8477
CP_MID,shungnak,electric,2035,summer,22,ELC,ELECT,2030,ELECD,12998.99
CP_MID,shungnak,electric,2035,summer,22,HYD,GHYD_01,2030,ELC,10853.623
CP_MID,shungnak,electric,2035,summer,22,SOL,GSOL_01,2025,ELC,317.89715
CP_MID,shungnak,electric,2035,summer,22,SOL,GSOL_01,2030,ELC,426.59307
CP_MID,shungnak,electric,2035,summer,22,SOL,GSOL_01,2035,ELC,174.1282
CP_MID,shungnak,electric,2035,summer,22,WND,GWND_01,2030,ELC,1385.1728
CP_MID,shungnak,electric,2035,summer,22,WND,GWND_01,2035,ELC,1385.1728
CP_MID,shungnak,electric,2035,summer,23,ELC,ELECT,2030,ELECD,12815.906
CP_MID,shungnak,electric,2035,summer,23,HYD,GHYD_01,2030,ELC,10853.623
CP_MID,shungnak,electric,2035,summer,23,SOL,GSOL_01,2025,ELC,93.499163
CP_MID,shungnak,electric,2035,summer,23,SOL,GSOL_01,2030,ELC,125.46855
CP_MID,shungnak,electric,2035,summer,23,SOL,GSOL_01,2035,ELC,51.214175
CP_MID,shungnak,electric,2035,summer,23,WND,GWND_01,2030,ELC,1520.2226
CP_MID,shungnak,electric,2035,summer,23,WND,GWND_01,2035,ELC,1520.2226
CP_MID,shungnak,electric,2035,summer,3,ELC,ELECT,2030,ELECD,10435.809
CP_MID,shungnak,electric,2035,summer,3,HYD,GHYD_01,2030,ELC,10853.623
CP_MID,shungnak,electric,2035,summer,3,SOL,GSOL_01,2025,ELC,20.399817
CP_MID,shungnak,electric,2035,summer,3,SOL,GSOL_01,2030,ELC,27.374956
CP_MID,shungnak,electric,2035,summer,3,SOL,GSOL_01,2035,ELC,11.174002
CP_MID,shungnak,electric,2035,summer,3,WND,GWND_01,2030,ELC,1067.6233
CP_MID,shungnak,electric,2035,summer,3,WND,GWND_01,2035,ELC,1067.6233
CP_MID,shungnak,electric,2035,summer,4,ELC,ELECT,2035,ELECD,10252.725
CP_MID,shungnak,electric,2035,summer,4,HYD,GHYD_01,2030,ELC,10853.623
CP_MID,shungnak,electric,2035,summer,4,SOL,GSOL_01,2025,ELC,130.89883
CP_MID,shungnak,electric,2035,summer,4,SOL,GSOL_01,2030,ELC,175.65597
CP_MID,shungnak,electric,2035,summer,4,SOL,GSOL_01,2035,ELC,71.699845
CP_MID,shungnak,electric,2035,summer,4,WND,GWND_01,2030,ELC,1091.3483
CP_MID,shungnak,electric,2035,summer,4,WND,GWND_01,2035,ELC,1091.3483
CP_MID,shungnak,electric,2035,summer,5,ELC,ELECT,2030,ELECD,10252.725
CP_MID,shungnak,electric,2035,summer,5,HYD,GHYD_01,2030,ELC,10853.623
CP_MID,shungnak,electric,2035,summer,5,SOL,GSOL_01,2025,ELC,253.29773
CP_MID,shungnak,electric,2035,summer,5,SOL,GSOL_01,2030,ELC,339.90571
CP_MID,shungnak,electric,2035,summer,5,SOL,GSOL_01,2035,ELC,138.74386
CP_MID,shungnak,electric,2035,summer,5,WND,GWND_01,2030,ELC,1131.4982
CP_MID,shungnak,electric,2035,summer,5,WND,GWND_01,2035,ELC,1131.4982
CP_MID,shungnak,electric,2035,summer,6,ELC,ELECT,2030,ELECD,10985.062
CP_MID,shungnak,electric,2035,summer,6,HYD,GHYD_01,2030,ELC,10853.623
CP_MID,shungnak,electric,2035,summer,6,SOL,GSOL_01,2025,ELC,642.59425
CP_MID,shungnak,electric,2035,summer,6,SOL,GSOL_01,2030,ELC,862.31112
CP_MID,shungnak,electric,2035,summer,6,SOL,GSOL_01,2035,ELC,351.98106
CP_MID,shungnak,electric,2035,summer,6,WND,GWND_01,2030,ELC,1014.6984
CP_MID,shungnak,electric,2035,summer,6,WND,GWND_01,2035,ELC,1014.6984
CP_MID,shungnak,electric,2035,summer,7,ELC,ELECT,2030,ELECD,11168.146
CP_MID,shungnak,electric,2035,summer,7,HYD,GHYD_01,2030,ELC,10853.623
CP_MID,shungnak,electric,2035,summer,7,SOL,GSOL_01,2025,ELC,1538.4862
CP_MID,shungnak,electric,2035,summer,7,SOL,GSOL_01,2030,ELC,2064.5279
CP_MID,shungnak,electric,2035,summer,7,SOL,GSOL_01,2035,ELC,842.70597
CP_MID,shungnak,electric,2035,summer,7,WND,GWND_01,2030,ELC,843.14865
CP_MID,shungnak,electric,2035,summer,7,WND,GWND_01,2035,ELC,843.14865
CP_MID,shungnak,electric,2035,summer,8,ELC,ELECT,2035,ELECD,11534.315
CP_MID,shungnak,electric,2035,summer,8,HYD,GHYD_01,2030,ELC,10853.623
CP_MID,shungnak,electric,2035,summer,8,SOL,GSOL_01,2025,ELC,3014.073
CP_MID,shungnak,electric,2035,summer,8,SOL,GSOL_01,2030,ELC,4044.6498
CP_MID,shungnak,electric,2035,summer,8,SOL,GSOL_01,2035,ELC,1650.9588
CP_MID,shungnak,electric,2035,summer,8,WND,GWND_01,2030,ELC,866.87361
CP_MID,shungnak,electric,2035,summer,8,WND,GWND_01,2035,ELC,866.87361
CP_MID,shungnak,electric,2035,summer,9,ELC,ELECT,2030,ELECD,11900.484
CP_MID,shungnak,electric,2035,summer,9,HYD,GHYD_01,2030,ELC,10853.623
CP_MID,shungnak,electric,2035,summer,9,SOL,GSOL_01,2025,ELC,4117.3631
CP_MID,shungnak,electric,2035,summer,9,SOL,GSOL_01,2030,ELC,5525.1787
CP_MID,shungnak,electric,2035,summer,9,SOL,GSOL_01,2035,ELC,2255.286
CP_MID,shungnak,electric,2035,summer,9,WND,GWND_01,2030,ELC,812.1237
CP_MID,shungnak,electric,2035,summer,9,WND,GWND_01,2035,ELC,812.1237
CP_MID,shungnak,electric,2035,winter,0,ELC,EBATT_01,2025,ELC,8833.2071
CP_MID,shungnak,electric,2035,winter,0,ELC,ELECT,2030,ELECD,20871.618
CP_MID,shungnak,electric,2035,winter,0,HYD,GHYD_01,2030,ELC,1011.7784
CP_MID,shungnak,electric,2035,winter,0,WND,GWND_01,2030,ELC,5513.3162
CP_MID,shungnak,electric,2035,winter,0,WND,GWND_01,2035,ELC,5513.3162
CP_MID,shungnak,electric,2035,winter,1,ELC,EBATT_01,2025,ELC,8434.7731
CP_MID,shungnak,electric,2035,winter,1,ELC,ELECT,2030,ELECD,20688.533
CP_MID,shungnak,electric,2035,winter,1,HYD,GHYD_01,2030,ELC,1011.7784
CP_MID,shungnak,electric,2035,winter,1,WND,GWND_01,2030,ELC,5620.991
CP_MID,shungnak,electric,2035,winter,1,WND,GWND_01,2035,ELC,5620.991
CP_MID,shungnak,electric,2035,winter,10,ELC,EBATT_01,2035,ELC,14076.559
CP_MID,shungnak,electric,2035,winter,10,ELC,ELECT,2030,ELECD,26547.233
CP_MID,shungnak,electric,2035,winter,10,HYD,GHYD_01,2030,ELC,1011.7784
CP_MID,shungnak,electric,2035,winter,10,SOL,GSOL_01,2025,ELC,193.79826
CP_MID,shungnak,electric,2035,winter,10,SOL,GSOL_01,2030,ELC,260.06208
CP_MID,shungnak,electric,2035,winter,10,SOL,GSOL_01,2035,ELC,106.15302
CP_MID,shungnak,electric,2035,winter,10,WND,GWND_01,2030,ELC,5449.4413
CP_MID,shungnak,electric,2035,winter,10,WND,GWND_01,2035,ELC,5449.4413
CP_MID,shungnak,electric,2035,winter,11,ELC,EBATT_01,2035,ELC,13665.496
CP_MID,shungnak,electric,2035,winter,11,ELC,ELECT,2035,ELECD,27462.655
CP_MID,shungnak,electric,2035,winter,11,HYD,GHYD_01,2030,ELC,1011.7784
CP_MID,shungnak,electric,2035,winter,11,SOL,GSOL_01,2025,ELC,657.89411
CP_MID,shungnak,electric,2035,winter,11,SOL,GSOL_01,2030,ELC,882.84234
CP_MID,shungnak,electric,2035,winter,11,SOL,GSOL_01,2035,ELC,360.36156
CP_MID,shungnak,electric,2035,winter,11,WND,GWND_01,2030,ELC,5442.1413
CP_MID,shungnak,electric,2035,winter,11,WND,GWND_01,2035,ELC,5442.1413
CP_MID,shungnak,electric,2035,winter,12,ELC,EBATT_01,2030,ELC,10603.689
CP_MID,shungnak,electric,2035,winter,12,ELC,EBATT_01,2035,ELC,790.09443
CP_MID,shungnak,electric,2035,winter,12,ELC,ELECT,2035,ELECD,27096.486
CP_MID,shungnak,electric,2035,winter,12,HYD,GHYD_01,2030,ELC,1011.7784
CP_MID,shungnak,electric,2035,winter,12,SOL,GSOL_01,2025,ELC,1164.4896
CP_MID,shungnak,electric,2035,winter,12,SOL,GSOL_01,2030,ELC,1562.6537
CP_MID,shungnak,electric,2035,winter,12,SOL,GSOL_01,2035,ELC,637.84927
CP_MID,shungnak,electric,2035,winter,12,WND,GWND_01,2030,ELC,5662.9659
CP_MID,shungnak,electric,2035,winter,12,WND,GWND_01,2035,ELC,5662.9659
CP_MID,shungnak,electric,2035,winter,13,ELC,EBATT_01,2035,ELC,9220.4668
CP_MID,shungnak,electric,2035,winter,13,ELC,ELECT,2030,ELECD,26364.149
CP_MID,shungnak,electric,2035,winter,13,HYD,GHYD_01,2030,ELC,1011.7784
CP_MID,shungnak,electric,2035,winter,13,SOL,GSOL_01,2025,ELC,1497.6866
CP_MID,shungnak,electric,2035,winter,13,SOL,GSOL_01,2030,ELC,2009.778
CP_MID,shungnak,electric,2035,winter,13,SOL,GSOL_01,2035,ELC,820.35797
CP_MID,shungnak,electric,2035,winter,13,WND,GWND_01,2030,ELC,5902.0406
CP_MID,shungnak,electric,2035,winter,13,WND,GWND_01,2035,ELC,5902.0406
CP_MID,shungnak,electric,2035,winter,14,ELC,EBATT_01,2035,ELC,9318.4319
CP_MID,shungnak,electric,2035,winter,14,ELC,ELECT,2030,ELECD,26181.064
CP_MID,shungnak,electric,2035,winter,14,HYD,GHYD_01,2030,ELC,1011.7784
CP_MID,shungnak,electric,2035,winter,14,SOL,GSOL_01,2025,ELC,1497.6866
CP_MID,shungnak,electric,2035,winter,14,SOL,GSOL_01,2030,ELC,2009.778
CP_MID,shungnak,electric,2035,winter,14,SOL,GSOL_01,2035,ELC,820.35797
CP_MID,shungnak,electric,2035,winter,14,WND,GWND_01,2030,ELC,5761.5158
CP_MID,shungnak,electric,2035,winter,14,WND,GWND_01,2035,ELC,5761.5158
CP_MID,shungnak,electric,2035,winter,15,ELC,EBATT_01,2030,ELC,8922.1433
CP_MID,shungnak,electric,2035,winter,15,ELC,ELECT,2030,ELECD,24899.474
CP_MID,shungnak,electric,2035,winter,15,HYD,GHYD_01,2030,ELC,1011.7784
CP_MID,shungnak,electric,2035,winter,15,SOL,GSOL_01,2025,ELC,1106.6901
CP_MID,shungnak,electric,2035,winter,15,SOL,GSOL_01,2030,ELC,1485.0914
CP_MID,shungnak,electric,2035,winter,15,SOL,GSOL_01,2035,ELC,606.1896
CP_MID,shungnak,electric,2035,winter,15,WND,GWND_01,2030,ELC,5883.7906
CP_MID,shungnak,electric,2035,winter,15,WND,GWND_01,2035,ELC,5883.7906
CP_MID,shungnak,electric,2035,winter,16,ELC,EBATT_01,2030,ELC,6194.6288
CP_MID,shungnak,electric,2035,winter,16,ELC,EBATT_01,2035,ELC,5644.5493
CP_MID,shungnak,electric,2035,winter,16,ELC,ELECT,2030,ELECD,26181.064
CP_MID,shungnak,electric,2035,winter,16,HYD,GHYD_01,2030,ELC,1011.7784
CP_MID,shungnak,electric,2035,winter,16,SOL,GSOL_01,2025,ELC,600.09463
CP_MID,shungnak,electric,2035,winter,16,SOL,GSOL_01,2030,ELC,805.27996
CP_MID,shungnak,electric,2035,winter,16,SOL,GSOL_01,2035,ELC,328.70189
CP_MID,shungnak,electric,2035,winter,16,WND,GWND_01,2030,ELC,5798.0157
CP_MID,shungnak,electric,2035,winter,16,WND,GWND_01,2035,ELC,5798.0157
CP_MID,shungnak,electric,2035,winter,17,ELC,EBATT_01,2035,ELC,15405.342
CP_MID,shungnak,electric,2035,winter,17,ELC,ELECT,2035,ELECD,28194.993
CP_MID,shungnak,electric,2035,winter,17,HYD,GHYD_01,2030,ELC,1011.7784
CP_MID,shungnak,electric,2035,winter,17,SOL,GSOL_01,2025,ELC,156.3986
CP_MID,shungnak,electric,2035,winter,17,SOL,GSOL_01,2030,ELC,209.87466
CP_MID,shungnak,electric,2035,winter,17,SOL,GSOL_01,2035,ELC,85.667348
CP_MID,shungnak,electric,2035,winter,17,WND,GWND_01,2030,ELC,5662.9659
CP_MID,shungnak,electric,2035,winter,17,WND,GWND_01,2035,ELC,5662.9659
CP_MID,shungnak,electric,2035,winter,18,DSL,GDSL_02,2025,ELC,5367.9061
CP_MID,shungnak,electric,2035,winter,18,ELC,EBATT_01,2035,ELC,10783.086
CP_MID,shungnak,electric,2035,winter,18,ELC,ELECT,2035,ELECD,28378.077
CP_MID,shungnak,electric,2035,winter,18,HYD,GHYD_01,2030,ELC,1011.7784
CP_MID,shungnak,electric,2035,winter,18,SOL,GSOL_01,2025,ELC,3.3999696
CP_MID,shungnak,electric,2035,winter,18,SOL,GSOL_01,2030,ELC,4.5624927
CP_MID,shungnak,electric,2035,winter,18,SOL,GSOL_01,2035,ELC,1.8623336
CP_MID,shungnak,electric,2035,winter,18,WND,GWND_01,2030,ELC,5602.741
CP_MID,shungnak,electric,2035,winter,18,WND,GWND_01,2035,ELC,5602.741
CP_MID,shungnak,electric,2035,winter,19,ELC,EBATT_01,2035,ELC,12345.829
CP_MID,shungnak,electric,2035,winter,19,ELC,ELECT,2030,ELECD,24716.39
CP_MID,shungnak,electric,2035,winter,19,HYD,GHYD_01,2030,ELC,1011.7784
CP_MID,shungnak,electric,2035,winter,19,WND,GWND_01,2030,ELC,5679.3909
CP_MID,shungnak,electric,2035,winter,19,WND,GWND_01,2035,ELC,5679.3909
CP_MID,shungnak,electric,2035,winter,2,ELC,EBATT_01,2025,ELC,9015.7068
CP_MID,shungnak,electric,2035,winter,2,ELC,ELECT,2030,ELECD,20871.618
CP_MID,shungnak,electric,2035,winter,2,HYD,GHYD_01,2030,ELC,1011.7784
CP_MID,shungnak,electric,2035,winter,2,WND,GWND_01,2030,ELC,5422.0663
CP_MID,shungnak,electric,2035,winter,2,WND,GWND_01,2035,ELC,5422.0663
CP_MID,shungnak,electric,2035,winter,20,DSL,GDSL_02,2025,ELC,12408.464
CP_MID,shungnak,electric,2035,winter,20,ELC,ELECT,2035,ELECD,24899.474
CP_MID,shungnak,electric,2035,winter,20,HYD,GHYD_01,2030,ELC,1011.7784
CP_MID,shungnak,electric,2035,winter,20,WND,GWND_01,2030,ELC,5739.6158
CP_MID,shungnak,electric,2035,winter,20,WND,GWND_01,2035,ELC,5739.6158
CP_MID,shungnak,electric,2035,winter,21,DSL,GDSL_01,2025,ELC,10575.724
CP_MID,shungnak,electric,2035,winter,21,ELC,ELECT,2030,ELECD,23617.883
CP_MID,shungnak,electric,2035,winter,21,HYD,GHYD_01,2030,ELC,1011.7784
CP_MID,shungnak,electric,2035,winter,21,WND,GWND_01,2030,ELC,6015.1904
CP_MID,shungnak,electric,2035,winter,21,WND,GWND_01,2035,ELC,6015.1904
CP_MID,shungnak,electric,2035,winter,22,DSL,GDSL_02,2025,ELC,9594.6025
CP_MID,shungnak,electric,2035,winter,22,ELC,ELECT,2030,ELECD,22702.462
CP_MID,shungnak,electric,2035,winter,22,HYD,GHYD_01,2030,ELC,1011.7784
CP_MID,shungnak,electric,2035,winter,22,WND,GWND_01,2030,ELC,6048.0403
CP_MID,shungnak,electric,2035,winter,22,WND,GWND_01,2035,ELC,6048.0403
CP_MID,shungnak,electric,2035,winter,23,DSL,GDSL_01,2025,ELC,8054.589
CP_MID,shungnak,electric,2035,winter,23,ELC,ELECT,2030,ELECD,20505.449
CP_MID,shungnak,electric,2035,winter,23,HYD,GHYD_01,2030,ELC,1011.7784
CP_MID,shungnak,electric,2035,winter,23,WND,GWND_01,2030,ELC,5719.5408
CP_MID,shungnak,electric,2035,winter,23,WND,GWND_01,2035,ELC,5719.5408
CP_MID,shungnak,electric,2035,winter,3,ELC,EBATT_01,2025,ELC,8479.2997
CP_MID,shungnak,electric,2035,winter,3,ELC,ELECT,2030,ELECD,19773.112
CP_MID,shungnak,electric,2035,winter,3,HYD,GHYD_01,2030,ELC,1011.7784
CP_MID,shungnak,electric,2035,winter,3,WND,GWND_01,2030,ELC,5141.0168
CP_MID,shungnak,electric,2035,winter,3,WND,GWND_01,2035,ELC,5141.0168
CP_MID,shungnak,electric,2035,winter,4,ELC,EBATT_01,2025,ELC,7947.7119
CP_MID,shungnak,electric,2035,winter,4,ELC,ELECT,2035,ELECD,19040.774
CP_MID,shungnak,electric,2035,winter,4,HYD,GHYD_01,2030,ELC,1011.7784
CP_MID,shungnak,electric,2035,winter,4,WND,GWND_01,2030,ELC,5040.6419
CP_MID,shungnak,electric,2035,winter,4,WND,GWND_01,2035,ELC,5040.6419
CP_MID,shungnak,electric,2035,winter,5,ELC,EBATT_01,2025,ELC,7904.4966
CP_MID,shungnak,electric,2035,winter,5,ELC,ELECT,2030,ELECD,19223.859
CP_MID,shungnak,electric,2035,winter,5,HYD,GHYD_01,2030,ELC,1011.7784
CP_MID,shungnak,electric,2035,winter,5,WND,GWND_01,2030,ELC,5153.7918
CP_MID,shungnak,electric,2035,winter,5,WND,GWND_01,2035,ELC,5153.7918
CP_MID,shungnak,electric,2035,winter,6,ELC,EBATT_01,2025,ELC,8190.3655
CP_MID,shungnak,electric,2035,winter,6,ELC,ELECT,2030,ELECD,19590.027
CP_MID,shungnak,electric,2035,winter,6,HYD,GHYD_01,2030,ELC,1011.7784
CP_MID,shungnak,electric,2035,winter,6,WND,GWND_01,2030,ELC,5193.9417
CP_MID,shungnak,electric,2035,winter,6,WND,GWND_01,2035,ELC,5193.9417
CP_MID,shungnak,electric,2035,winter,7,ELC,EBATT_01,2025,ELC,7703.747
CP_MID,shungnak,electric,2035,winter,7,ELC,ELECT,2030,ELECD,19223.859
CP_MID,shungnak,electric,2035,winter,7,HYD,GHYD_01,2030,ELC,1011.7784
CP_MID,shungnak,electric,2035,winter,7,WND,GWND_01,2030,ELC,5254.1666
CP_MID,shungnak,electric,2035,winter,7,WND,GWND_01,2035,ELC,5254.1666
CP_MID,shungnak,electric,2035,winter,8,ELC,EBATT_01,2025,ELC,3265.135
CP_MID,shungnak,electric,2035,winter,8,ELC,EBATT_01,2030,ELC,6090.6059
CP_MID,shungnak,electric,2035,winter,8,ELC,ELECT,2035,ELECD,21054.702
CP_MID,shungnak,electric,2035,winter,8,HYD,GHYD_01,2030,ELC,1011.7784
CP_MID,shungnak,electric,2035,winter,8,WND,GWND_01,2030,ELC,5343.5915
CP_MID,shungnak,electric,2035,winter,8,WND,GWND_01,2035,ELC,5343.5915
CP_MID,shungnak,electric,2035,winter,9,ELC,EBATT_01,2025,ELC,1870.4748
CP_MID,shungnak,electric,2035,winter,9,ELC,EBATT_01,2030,ELC,10603.689
CP_MID,shungnak,electric,2035,winter,9,ELC,ELECT,2030,ELECD,24899.474
CP_MID,shungnak,electric,2035,winter,9,HYD,GHYD_01,2030,ELC,1011.7784
CP_MID,shungnak,electric,2035,winter,9,WND,GWND_01,2030,ELC,5706.7659
CP_MID,shungnak,electric,2035,winter,9,WND,GWND_01,2035,ELC,5706.7659
CP_MID,shungnak,electric,2040,fall,0,ELC,ELECT,2040,ELECD,16163.575
CP_MID,shungnak,electric,2040,fall,0,HYD,GHYD_01,2030,ELC,6057.5303
CP_MID,shungnak,electric,2040,fall,0,WND,GWND_01,2030,ELC,5398.3414
CP_MID,shungnak,electric,2040,fall,0,WND,GWND_01,2035,ELC,5398.3414
CP_MID,shungnak,electric,2040,fall,0,WND,GWND_01,2040,ELC,2699.1707
CP_MID,shungnak,electric,2040,fall,1,ELC,ELECT,2035,ELECD,16548.422
CP_MID,shungnak,electric,2040,fall,1,HYD,GHYD_01,2030,ELC,6057.5303
CP_MID,shungnak,electric,2040,fall,1,WND,GWND_01,2030,ELC,5522.4412
CP_MID,shungnak,electric,2040,fall,1,WND,GWND_01,2035,ELC,5522.4412
CP_MID,shungnak,electric,2040,fall,1,WND,GWND_01,2040,ELC,2761.2206
CP_MID,shungnak,electric,2040,fall,10,ELC,EBATT_01,2035,ELC,838.0112
CP_MID,shungnak,electric,2040,fall,10,ELC,ELECT,2035,ELECD,23860.515
CP_MID,shungnak,electric,2040,fall,10,HYD,GHYD_01,2030,ELC,6057.5303
CP_MID,shungnak,electric,2040,fall,10,SOL,GSOL_01,2025,ELC,1337.888
CP_MID,shungnak,electric,2040,fall,10,SOL,GSOL_01,2030,ELC,1795.3409
CP_MID,shungnak,electric,2040,fall,10,SOL,GSOL_01,2035,ELC,732.82829
CP_MID,shungnak,electric,2040,fall,10,WND,GWND_01,2030,ELC,5239.5666
CP_MID,shungnak,electric,2040,fall,10,WND,GWND_01,2035,ELC,5239.5666
CP_MID,shungnak,electric,2040,fall,10,WND,GWND_01,2040,ELC,2619.7833
CP_MID,shungnak,electric,2040,fall,11,ELC,ELECT,2030,ELECD,25592.327
CP_MID,shungnak,electric,2040,fall,11,HYD,GHYD_01,2030,ELC,6057.5303
CP_MID,shungnak,electric,2040,fall,11,SOL,GSOL_01,2025,ELC,2424.1783
CP_MID,shungnak,electric,2040,fall,11,SOL,GSOL_01,2030,ELC,3253.0573
CP_MID,shungnak,electric,2040,fall,11,SOL,GSOL_01,2035,ELC,1327.8439
CP_MID,shungnak,electric,2040,fall,11,WND,GWND_01,2030,ELC,5190.2917
CP_MID,shungnak,electric,2040,fall,11,WND,GWND_01,2035,ELC,5190.2917
CP_MID,shungnak,electric,2040,fall,11,WND,GWND_01,2040,ELC,2595.1458
CP_MID,shungnak,electric,2040,fall,12,ELC,ELECT,2040,ELECD,23668.092
CP_MID,shungnak,electric,2040,fall,12,HYD,GHYD_01,2030,ELC,6057.5303
CP_MID,shungnak,electric,2040,fall,12,SOL,GSOL_01,2025,ELC,2991.9732
CP_MID,shungnak,electric,2040,fall,12,SOL,GSOL_01,2030,ELC,4014.9936
CP_MID,shungnak,electric,2040,fall,12,SOL,GSOL_01,2035,ELC,1638.8536
CP_MID,shungnak,electric,2040,fall,12,WND,GWND_01,2030,ELC,5217.6667
CP_MID,shungnak,electric,2040,fall,12,WND,GWND_01,2035,ELC,5217.6667
CP_MID,shungnak,electric,2040,fall,12,WND,GWND_01,2040,ELC,2608.8333
CP_MID,shungnak,electric,2040,fall,13,ELC,ELECT,2040,ELECD,23475.668
CP_MID,shungnak,electric,2040,fall,13,HYD,GHYD_01,2030,ELC,6057.5303
CP_MID,shungnak,electric,2040,fall,13,SOL,GSOL_01,2025,ELC,3292.8705
CP_MID,shungnak,electric,2040,fall,13,SOL,GSOL_01,2030,ELC,4418.7742
CP_MID,shungnak,electric,2040,fall,13,SOL,GSOL_01,2035,ELC,1803.6701
CP_MID,shungnak,electric,2040,fall,13,WND,GWND_01,2030,ELC,5188.4667
CP_MID,shungnak,electric,2040,fall,13,WND,GWND_01,2035,ELC,5188.4667
CP_MID,shungnak,electric,2040,fall,13,WND,GWND_01,2040,ELC,2594.2333
CP_MID,shungnak,electric,2040,fall,14,ELC,ELECT,2035,ELECD,24245.362
CP_MID,shungnak,electric,2040,fall,14,HYD,GHYD_01,2030,ELC,6057.5303
CP_MID,shungnak,electric,2040,fall,14,SOL,GSOL_01,2025,ELC,3109.2722
CP_MID,shungnak,electric,2040,fall,14,SOL,GSOL_01,2030,ELC,4172.3996
CP_MID,shungnak,electric,2040,fall,14,SOL,GSOL_01,2035,ELC,1703.1041
CP_MID,shungnak,electric,2040,fall,14,WND,GWND_01,2030,ELC,5259.6416
CP_MID,shungnak,electric,2040,fall,14,WND,GWND_01,2035,ELC,5259.6416
CP_MID,shungnak,electric,2040,fall,14,WND,GWND_01,2040,ELC,2629.8208
CP_MID,shungnak,electric,2040,fall,15,ELC,ELECT,2030,ELECD,20396.892
CP_MID,shungnak,electric,2040,fall,15,HYD,GHYD_01,2030,ELC,6057.5303
CP_MID,shungnak,electric,2040,fall,15,SOL,GSOL_01,2025,ELC,2594.1768
CP_MID,shungnak,electric,2040,fall,15,SOL,GSOL_01,2030,ELC,3481.1819
CP_MID,shungnak,electric,2040,fall,15,SOL,GSOL_01,2035,ELC,1420.9606
CP_MID,shungnak,electric,2040,fall,15,WND,GWND_01,2030,ELC,5137.3668
CP_MID,shungnak,electric,2040,fall,15,WND,GWND_01,2035,ELC,5137.3668
CP_MID,shungnak,electric,2040,fall,15,WND,GWND_01,2040,ELC,2568.6834
CP_MID,shungnak,electric,2040,fall,16,ELC,ELECT,2040,ELECD,23668.092
CP_MID,shungnak,electric,2040,fall,16,HYD,GHYD_01,2030,ELC,6057.5303
CP_MID,shungnak,electric,2040,fall,16,SOL,GSOL_01,2025,ELC,1790.084
CP_MID,shungnak,electric,2040,fall,16,SOL,GSOL_01,2030,ELC,2402.1524
CP_MID,shungnak,electric,2040,fall,16,SOL,GSOL_01,2035,ELC,980.51866
CP_MID,shungnak,electric,2040,fall,16,WND,GWND_01,2030,ELC,5423.8913
CP_MID,shungnak,electric,2040,fall,16,WND,GWND_01,2035,ELC,5423.8913
CP_MID,shungnak,electric,2040,fall,16,WND,GWND_01,2040,ELC,2711.9457
CP_MID,shungnak,electric,2040,fall,17,ELC,EBATT_01,2030,ELC,360.71758
CP_MID,shungnak,electric,2040,fall,17,ELC,EBATT_01,2040,ELC,765.67151
CP_MID,shungnak,electric,2040,fall,17,ELC,ELECT,2040,ELECD,23475.668
CP_MID,shungnak,electric,2040,fall,17,HYD,GHYD_01,2030,ELC,6057.5303
CP_MID,shungnak,electric,2040,fall,17,SOL,GSOL_01,2025,ELC,904.3919
CP_MID,shungnak,electric,2040,fall,17,SOL,GSOL_01,2030,ELC,1213.6231
CP_MID,shungnak,electric,2040,fall,17,SOL,GSOL_01,2035,ELC,495.38075
CP_MID,shungnak,electric,2040,fall,17,WND,GWND_01,2030,ELC,5471.3412
CP_MID,shungnak,electric,2040,fall,17,WND,GWND_01,2035,ELC,5471.3412
CP_MID,shungnak,electric,2040,fall,17,WND,GWND_01,2040,ELC,2735.6706
CP_MID,shungnak,electric,2040,fall,18,ELC,EBATT_01,2035,ELC,2135.7633
CP_MID,shungnak,electric,2040,fall,18,ELC,ELECT,2035,ELECD,22128.704
CP_MID,shungnak,electric,2040,fall,18,HYD,GHYD_01,2030,ELC,6057.5303
CP_MID,shungnak,electric,2040,fall,18,SOL,GSOL_01,2025,ELC,317.89715
CP_MID,shungnak,electric,2040,fall,18,SOL,GSOL_01,2030,ELC,426.59307
CP_MID,shungnak,electric,2040,fall,18,SOL,GSOL_01,2035,ELC,174.1282
CP_MID,shungnak,electric,2040,fall,18,WND,GWND_01,2030,ELC,5206.7167
CP_MID,shungnak,electric,2040,fall,18,WND,GWND_01,2035,ELC,5206.7167
CP_MID,shungnak,electric,2040,fall,18,WND,GWND_01,2040,ELC,2603.3583
CP_MID,shungnak,electric,2040,fall,19,ELC,ELECT,2030,ELECD,17318.116
CP_MID,shungnak,electric,2040,fall,19,HYD,GHYD_01,2030,ELC,6057.5303
CP_MID,shungnak,electric,2040,fall,19,SOL,GSOL_01,2025,ELC,78.1993
CP_MID,shungnak,electric,2040,fall,19,SOL,GSOL_01,2030,ELC,104.93733
CP_MID,shungnak,electric,2040,fall,19,SOL,GSOL_01,2035,ELC,42.833674
CP_MID,shungnak,electric,2040,fall,19,WND,GWND_01,2030,ELC,5146.4918
CP_MID,shungnak,electric,2040,fall,19,WND,GWND_01,2035,ELC,5146.4918
CP_MID,shungnak,electric,2040,fall,19,WND,GWND_01,2040,ELC,2573.2459
CP_MID,shungnak,electric,2040,fall,2,ELC,ELECT,2030,ELECD,15971.151
CP_MID,shungnak,electric,2040,fall,2,HYD,GHYD_01,2030,ELC,6057.5303
CP_MID,shungnak,electric,2040,fall,2,WND,GWND_01,2030,ELC,5560.7661
CP_MID,shungnak,electric,2040,fall,2,WND,GWND_01,2035,ELC,5560.7661
CP_MID,shungnak,electric,2040,fall,2,WND,GWND_01,2040,ELC,2780.3831
CP_MID,shungnak,electric,2040,fall,20,ELC,EBATT_01,2035,ELC,3030.5195
CP_MID,shungnak,electric,2040,fall,20,ELC,ELECT,2030,ELECD,22128.704
CP_MID,shungnak,electric,2040,fall,20,HYD,GHYD_01,2030,ELC,6057.5303
CP_MID,shungnak,electric,2040,fall,20,SOL,GSOL_01,2025,ELC,5.0999543
CP_MID,shungnak,electric,2040,fall,20,SOL,GSOL_01,2030,ELC,6.843739
CP_MID,shungnak,electric,2040,fall,20,SOL,GSOL_01,2035,ELC,2.7935005
CP_MID,shungnak,electric,2040,fall,20,WND,GWND_01,2030,ELC,5210.3667
CP_MID,shungnak,electric,2040,fall,20,WND,GWND_01,2035,ELC,5210.3667
CP_MID,shungnak,electric,2040,fall,20,WND,GWND_01,2040,ELC,2605.1833
CP_MID,shungnak,electric,2040,fall,21,ELC,EBATT_01,2040,ELC,2653.4507
CP_MID,shungnak,electric,2040,fall,21,ELC,ELECT,2040,ELECD,21166.586
CP_MID,shungnak,electric,2040,fall,21,HYD,GHYD_01,2030,ELC,6057.5303
CP_MID,shungnak,electric,2040,fall,21,WND,GWND_01,2030,ELC,4982.242
CP_MID,shungnak,electric,2040,fall,21,WND,GWND_01,2035,ELC,4982.242
CP_MID,shungnak,electric,2040,fall,21,WND,GWND_01,2040,ELC,2491.121
CP_MID,shungnak,electric,2040,fall,22,ELC,EBATT_01,2030,ELC,306.50143
CP_MID,shungnak,electric,2040,fall,22,ELC,ELECT,2030,ELECD,19627.198
CP_MID,shungnak,electric,2040,fall,22,HYD,GHYD_01,2030,ELC,6057.5303
CP_MID,shungnak,electric,2040,fall,22,WND,GWND_01,2030,ELC,5305.2665
CP_MID,shungnak,electric,2040,fall,22,WND,GWND_01,2035,ELC,5305.2665
CP_MID,shungnak,electric,2040,fall,22,WND,GWND_01,2040,ELC,2652.6333
CP_MID,shungnak,electric,2040,fall,23,ELC,ELECT,2030,ELECD,18280.233
CP_MID,shungnak,electric,2040,fall,23,HYD,GHYD_01,2030,ELC,6057.5303
CP_MID,shungnak,electric,2040,fall,23,WND,GWND_01,2030,ELC,5203.0667
CP_MID,shungnak,electric,2040,fall,23,WND,GWND_01,2035,ELC,5203.0667
CP_MID,shungnak,electric,2040,fall,23,WND,GWND_01,2040,ELC,2601.5333
CP_MID,shungnak,electric,2040,fall,3,ELC,ELECT,2040,ELECD,15778.728
CP_MID,shungnak,electric,2040,fall,3,HYD,GHYD_01,2030,ELC,6057.5303
CP_MID,shungnak,electric,2040,fall,3,WND,GWND_01,2030,ELC,5485.9412
CP_MID,shungnak,electric,2040,fall,3,WND,GWND_01,2035,ELC,5485.9412
CP_MID,shungnak,electric,2040,fall,3,WND,GWND_01,2040,ELC,2742.9706
CP_MID,shungnak,electric,2040,fall,4,ELC,ELECT,2035,ELECD,15393.881
CP_MID,shungnak,electric,2040,fall,4,HYD,GHYD_01,2030,ELC,6057.5303
CP_MID,shungnak,electric,2040,fall,4,WND,GWND_01,2030,ELC,5330.8165
CP_MID,shungnak,electric,2040,fall,4,WND,GWND_01,2035,ELC,5330.8165
CP_MID,shungnak,electric,2040,fall,4,WND,GWND_01,2040,ELC,2665.4082
CP_MID,shungnak,electric,2040,fall,5,ELC,ELECT,2040,ELECD,15778.728
CP_MID,shungnak,electric,2040,fall,5,HYD,GHYD_01,2030,ELC,6057.5303
CP_MID,shungnak,electric,2040,fall,5,WND,GWND_01,2030,ELC,5516.9662
CP_MID,shungnak,electric,2040,fall,5,WND,GWND_01,2035,ELC,5516.9662
CP_MID,shungnak,electric,2040,fall,5,WND,GWND_01,2040,ELC,2758.4831
CP_MID,shungnak,electric,2040,fall,6,ELC,ELECT,2030,ELECD,16933.269
CP_MID,shungnak,electric,2040,fall,6,HYD,GHYD_01,2030,ELC,6057.5303
CP_MID,shungnak,electric,2040,fall,6,WND,GWND_01,2030,ELC,5418.4163
CP_MID,shungnak,electric,2040,fall,6,WND,GWND_01,2035,ELC,5418.4163
CP_MID,shungnak,electric,2040,fall,6,WND,GWND_01,2040,ELC,2709.2082
CP_MID,shungnak,electric,2040,fall,7,ELC,ELECT,2035,ELECD,18472.657
CP_MID,shungnak,electric,2040,fall,7,HYD,GHYD_01,2030,ELC,6057.5303
CP_MID,shungnak,electric,2040,fall,7,SOL,GSOL_01,2025,ELC,30.599726
CP_MID,shungnak,electric,2040,fall,7,SOL,GSOL_01,2030,ELC,41.062434
CP_MID,shungnak,electric,2040,fall,7,SOL,GSOL_01,2035,ELC,16.761003
CP_MID,shungnak,electric,2040,fall,7,WND,GWND_01,2030,ELC,5401.9914
CP_MID,shungnak,electric,2040,fall,7,WND,GWND_01,2035,ELC,5401.9914
CP_MID,shungnak,electric,2040,fall,7,WND,GWND_01,2040,ELC,2700.9957
CP_MID,shungnak,electric,2040,fall,8,ELC,EBATT_01,2035,ELC,2958.8263
CP_MID,shungnak,electric,2040,fall,8,ELC,ELECT,2040,ELECD,23668.092
CP_MID,shungnak,electric,2040,fall,8,HYD,GHYD_01,2030,ELC,6057.5303
CP_MID,shungnak,electric,2040,fall,8,SOL,GSOL_01,2025,ELC,295.79735
CP_MID,shungnak,electric,2040,fall,8,SOL,GSOL_01,2030,ELC,396.93686
CP_MID,shungnak,electric,2040,fall,8,SOL,GSOL_01,2035,ELC,162.02303
CP_MID,shungnak,electric,2040,fall,8,WND,GWND_01,2030,ELC,5518.7912
CP_MID,shungnak,electric,2040,fall,8,WND,GWND_01,2035,ELC,5518.7912
CP_MID,shungnak,electric,2040,fall,8,WND,GWND_01,2040,ELC,2759.3956
CP_MID,shungnak,electric,2040,fall,9,ELC,EBATT_01,2035,ELC,2511.208
CP_MID,shungnak,electric,2040,fall,9,ELC,ELECT,2040,ELECD,23668.092
CP_MID,shungnak,electric,2040,fall,9,HYD,GHYD_01,2030,ELC,6057.5303
CP_MID,shungnak,electric,2040,fall,9,SOL,GSOL_01,2025,ELC,630.69435
CP_MID,shungnak,electric,2040,fall,9,SOL,GSOL_01,2030,ELC,846.3424
CP_MID,shungnak,electric,2040,fall,9,SOL,GSOL_01,2035,ELC,345.46289
CP_MID,shungnak,electric,2040,fall,9,WND,GWND_01,2030,ELC,5310.7415
CP_MID,shungnak,electric,2040,fall,9,WND,GWND_01,2035,ELC,5310.7415
CP_MID,shungnak,electric,2040,fall,9,WND,GWND_01,2040,ELC,2655.3708
CP_MID,shungnak,electric,2040,spring,0,ELC,EBATT_01,2040,ELC,629.31642
CP_MID,shungnak,electric,2040,spring,0,ELC,ELECT,2035,ELECD,17510.539
CP_MID,shungnak,electric,2040,spring,0,HYD,GHYD_01,2030,ELC,4270.4932
CP_MID,shungnak,electric,2040,spring,0,WND,GWND_01,2030,ELC,5044.2919
CP_MID,shungnak,electric,2040,spring,0,WND,GWND_01,2035,ELC,5044.2919
CP_MID,shungnak,electric,2040,spring,0,WND,GWND_01,2040,ELC,2522.146
CP_MID,shungnak,electric,2040,spring,1,ELC,EBATT_01,2040,ELC,674.94135
CP_MID,shungnak,electric,2040,spring,1,ELC,ELECT,2040,ELECD,17510.539
CP_MID,shungnak,electric,2040,spring,1,HYD,GHYD_01,2030,ELC,4270.4932
CP_MID,shungnak,electric,2040,spring,1,WND,GWND_01,2030,ELC,5026.042
CP_MID,shungnak,electric,2040,spring,1,WND,GWND_01,2035,ELC,5026.042
CP_MID,shungnak,electric,2040,spring,1,WND,GWND_01,2040,ELC,2513.021
CP_MID,shungnak,electric,2040,spring,10,ELC,ELECT,2030,ELECD,25592.327
CP_MID,shungnak,electric,2040,spring,10,HYD,GHYD_01,2030,ELC,4270.4932
CP_MID,shungnak,electric,2040,spring,10,SOL,GSOL_01,2025,ELC,6034.946
CP_MID,shungnak,electric,2040,spring,10,SOL,GSOL_01,2035,ELC,3305.6422
CP_MID,shungnak,electric,2040,spring,10,WND,GWND_01,2030,ELC,5004.142
CP_MID,shungnak,electric,2040,spring,10,WND,GWND_01,2035,ELC,4475.0325
CP_MID,shungnak,electric,2040,spring,10,WND,GWND_01,2040,ELC,2502.071
CP_MID,shungnak,electric,2040,spring,11,ELC,ELECT,2035,ELECD,26169.597
CP_MID,shungnak,electric,2040,spring,11,HYD,GHYD_01,2030,ELC,4270.4932
CP_MID,shungnak,electric,2040,spring,11,SOL,GSOL_01,2025,ELC,7507.1328
CP_MID,shungnak,electric,2040,spring,11,SOL,GSOL_01,2030,ELC,3184.3501
CP_MID,shungnak,electric,2040,spring,11,SOL,GSOL_01,2035,ELC,4112.0327
CP_MID,shungnak,electric,2040,spring,11,WND,GWND_01,2030,ELC,4730.3924
CP_MID,shungnak,electric,2040,spring,11,WND,GWND_01,2040,ELC,2365.1962
CP_MID,shungnak,electric,2040,spring,12,ELC,ELECT,2030,ELECD,24822.633
CP_MID,shungnak,electric,2040,spring,12,HYD,GHYD_01,2030,ELC,4270.4932
CP_MID,shungnak,electric,2040,spring,12,SOL,GSOL_01,2025,ELC,8202.4266
CP_MID,shungnak,electric,2040,spring,12,SOL,GSOL_01,2030,ELC,9369.5385
CP_MID,shungnak,electric,2040,spring,12,SOL,GSOL_01,2035,ELC,4492.8799
CP_MID,shungnak,electric,2040,spring,12,WND,GWND_01,2040,ELC,2224.6714
CP_MID,shungnak,electric,2040,spring,13,ELC,ELECT,2040,ELECD,23860.515
CP_MID,shungnak,electric,2040,spring,13,SOL,GSOL_01,2025,ELC,8622.3228
CP_MID,shungnak,electric,2040,spring,13,SOL,GSOL_01,2030,ELC,11570.481
CP_MID,shungnak,electric,2040,spring,13,SOL,GSOL_01,2035,ELC,4722.8781
CP_MID,shungnak,electric,2040,spring,13,WND,GWND_01,2030,ELC,3900.0188
CP_MID,shungnak,electric,2040,spring,13,WND,GWND_01,2040,ELC,1950.0094
CP_MID,shungnak,electric,2040,spring,14,ELC,ELECT,2035,ELECD,24245.362
CP_MID,shungnak,electric,2040,spring,14,HYD,GHYD_01,2030,ELC,4270.4932
CP_MID,shungnak,electric,2040,spring,14,SOL,GSOL_01,2025,ELC,8588.3231
CP_MID,shungnak,electric,2040,spring,14,SOL,GSOL_01,2030,ELC,11524.857
CP_MID,shungnak,electric,2040,spring,14,SOL,GSOL_01,2035,ELC,4704.2548
CP_MID,shungnak,electric,2040,spring,14,WND,GWND_01,2030,ELC,3611.6692
CP_MID,shungnak,electric,2040,spring,14,WND,GWND_01,2035,ELC,3611.6692
CP_MID,shungnak,electric,2040,spring,14,WND,GWND_01,2040,ELC,1805.8346
CP_MID,shungnak,electric,2040,spring,15,ELC,ELECT,2040,ELECD,24052.939
CP_MID,shungnak,electric,2040,spring,15,HYD,GHYD_01,2030,ELC,4270.4932
CP_MID,shungnak,electric,2040,spring,15,SOL,GSOL_01,2025,ELC,8088.5276
CP_MID,shungnak,electric,2040,spring,15,SOL,GSOL_01,2030,ELC,10854.17
CP_MID,shungnak,electric,2040,spring,15,SOL,GSOL_01,2035,ELC,4430.4917
CP_MID,shungnak,electric,2040,spring,15,WND,GWND_01,2030,ELC,3691.9691
CP_MID,shungnak,electric,2040,spring,15,WND,GWND_01,2035,ELC,3691.9691
CP_MID,shungnak,electric,2040,spring,15,WND,GWND_01,2040,ELC,1845.9845
CP_MID,shungnak,electric,2040,spring,16,ELC,ELECT,2030,ELECD,25207.48
CP_MID,shungnak,electric,2040,spring,16,HYD,GHYD_01,2030,ELC,4270.4932
CP_MID,shungnak,electric,2040,spring,16,SOL,GSOL_01,2025,ELC,7024.3371
CP_MID,shungnak,electric,2040,spring,16,SOL,GSOL_01,2030,ELC,9426.1099
CP_MID,shungnak,electric,2040,spring,16,SOL,GSOL_01,2035,ELC,3847.5813
CP_MID,shungnak,electric,2040,spring,16,WND,GWND_01,2030,ELC,3989.4436
CP_MID,shungnak,electric,2040,spring,16,WND,GWND_01,2035,ELC,3989.4436
CP_MID,shungnak,electric,2040,spring,16,WND,GWND_01,2040,ELC,1994.7218
CP_MID,shungnak,electric,2040,spring,17,ELC,ELECT,2035,ELECD,25207.48
CP_MID,shungnak,electric,2040,spring,17,HYD,GHYD_01,2030,ELC,4270.4932
CP_MID,shungnak,electric,2040,spring,17,SOL,GSOL_01,2025,ELC,5234.2531
CP_MID,shungnak,electric,2040,spring,17,SOL,GSOL_01,2030,ELC,7023.9575
CP_MID,shungnak,electric,2040,spring,17,SOL,GSOL_01,2035,ELC,2867.0626
CP_MID,shungnak,electric,2040,spring,17,WND,GWND_01,2030,ELC,4044.1935
CP_MID,shungnak,electric,2040,spring,17,WND,GWND_01,2035,ELC,4044.1935
CP_MID,shungnak,electric,2040,spring,17,WND,GWND_01,2040,ELC,2022.0968
CP_MID,shungnak,electric,2040,spring,18,ELC,EBATT_01,2040,ELC,2.7541658
CP_MID,shungnak,electric,2040,spring,18,ELC,ELECT,2035,ELECD,23860.515
CP_MID,shungnak,electric,2040,spring,18,HYD,GHYD_01,2030,ELC,4270.4932
CP_MID,shungnak,electric,2040,spring,18,SOL,GSOL_01,2025,ELC,3172.1716
CP_MID,shungnak,electric,2040,spring,18,SOL,GSOL_01,2030,ELC,4256.8057
CP_MID,shungnak,electric,2040,spring,18,SOL,GSOL_01,2035,ELC,1737.5573
CP_MID,shungnak,electric,2040,spring,18,WND,GWND_01,2030,ELC,4168.2933
CP_MID,shungnak,electric,2040,spring,18,WND,GWND_01,2035,ELC,4168.2933
CP_MID,shungnak,electric,2040,spring,18,WND,GWND_01,2040,ELC,2084.1467
CP_MID,shungnak,electric,2040,spring,19,ELC,EBATT_01,2040,ELC,4100.4781
CP_MID,shungnak,electric,2040,spring,19,ELC,ELECT,2035,ELECD,23090.821
CP_MID,shungnak,electric,2040,spring,19,HYD,GHYD_01,2030,ELC,4270.4932
CP_MID,shungnak,electric,2040,spring,19,SOL,GSOL_01,2025,ELC,1380.3876
CP_MID,shungnak,electric,2040,spring,19,SOL,GSOL_01,2030,ELC,1852.372
CP_MID,shungnak,electric,2040,spring,19,SOL,GSOL_01,2035,ELC,756.10746
CP_MID,shungnak,electric,2040,spring,19,WND,GWND_01,2030,ELC,4292.3931
CP_MID,shungnak,electric,2040,spring,19,WND,GWND_01,2035,ELC,4292.3931
CP_MID,shungnak,electric,2040,spring,19,WND,GWND_01,2040,ELC,2146.1966
CP_MID,shungnak,electric,2040,spring,2,ELC,EBATT_01,2040,ELC,197.24684
CP_MID,shungnak,electric,2040,spring,2,ELC,ELECT,2030,ELECD,16740.845
CP_MID,shungnak,electric,2040,spring,2,HYD,GHYD_01,2030,ELC,4270.4932
CP_MID,shungnak,electric,2040,spring,2,WND,GWND_01,2030,ELC,4909.2421
CP_MID,shungnak,electric,2040,spring,2,WND,GWND_01,2035,ELC,4909.2421
CP_MID,shungnak,electric,2040,spring,2,WND,GWND_01,2040,ELC,2454.6211
CP_MID,shungnak,electric,2040,spring,20,ELC,EBATT_01,2040,ELC,6766.2205
CP_MID,shungnak,electric,2040,spring,20,ELC,ELECT,2040,ELECD,23860.515
CP_MID,shungnak,electric,2040,spring,20,HYD,GHYD_01,2030,ELC,4270.4932
CP_MID,shungnak,electric,2040,spring,20,SOL,GSOL_01,2025,ELC,503.19549
CP_MID,shungnak,electric,2040,spring,20,SOL,GSOL_01,2030,ELC,675.24892
CP_MID,shungnak,electric,2040,spring,20,SOL,GSOL_01,2035,ELC,275.62538
CP_MID,shungnak,electric,2040,spring,20,WND,GWND_01,2030,ELC,4547.8927
CP_MID,shungnak,electric,2040,spring,20,WND,GWND_01,2035,ELC,4547.8927
CP_MID,shungnak,electric,2040,spring,20,WND,GWND_01,2040,ELC,2273.9464
CP_MID,shungnak,electric,2040,spring,21,ELC,EBATT_01,2040,ELC,6522.5009
CP_MID,shungnak,electric,2040,spring,21,ELC,ELECT,2030,ELECD,22513.551
CP_MID,shungnak,electric,2040,spring,21,HYD,GHYD_01,2030,ELC,4270.4932
CP_MID,shungnak,electric,2040,spring,21,SOL,GSOL_01,2025,ELC,219.29804
CP_MID,shungnak,electric,2040,spring,21,SOL,GSOL_01,2030,ELC,294.28078
CP_MID,shungnak,electric,2040,spring,21,SOL,GSOL_01,2035,ELC,120.12052
CP_MID,shungnak,electric,2040,spring,21,WND,GWND_01,2030,ELC,4434.7429
CP_MID,shungnak,electric,2040,spring,21,WND,GWND_01,2035,ELC,4434.7429
CP_MID,shungnak,electric,2040,spring,21,WND,GWND_01,2040,ELC,2217.3715
CP_MID,shungnak,electric,2040,spring,22,ELC,EBATT_01,2030,ELC,5046.6869
CP_MID,shungnak,electric,2040,spring,22,ELC,ELECT,2040,ELECD,21936.28
CP_MID,shungnak,electric,2040,spring,22,HYD,GHYD_01,2030,ELC,4270.4932
CP_MID,shungnak,electric,2040,spring,22,SOL,GSOL_01,2025,ELC,84.999239
CP_MID,shungnak,electric,2040,spring,22,SOL,GSOL_01,2030,ELC,114.06232
CP_MID,shungnak,electric,2040,spring,22,SOL,GSOL_01,2035,ELC,46.558341
CP_MID,shungnak,electric,2040,spring,22,WND,GWND_01,2030,ELC,4949.3921
CP_MID,shungnak,electric,2040,spring,22,WND,GWND_01,2035,ELC,4949.3921
CP_MID,shungnak,electric,2040,spring,22,WND,GWND_01,2040,ELC,2474.696
CP_MID,shungnak,electric,2040,spring,23,ELC,EBATT_01,2040,ELC,3462.6824
CP_MID,shungnak,electric,2040,spring,23,ELC,ELECT,2040,ELECD,20396.892
CP_MID,shungnak,electric,2040,spring,23,HYD,GHYD_01,2030,ELC,4270.4932
CP_MID,shungnak,electric,2040,spring,23,SOL,GSOL_01,2025,ELC,13.599878
CP_MID,shungnak,electric,2040,spring,23,SOL,GSOL_01,2030,ELC,18.249971
CP_MID,shungnak,electric,2040,spring,23,SOL,GSOL_01,2035,ELC,7.4493346
CP_MID,shungnak,electric,2040,spring,23,WND,GWND_01,2030,ELC,5049.7669
CP_MID,shungnak,electric,2040,spring,23,WND,GWND_01,2035,ELC,5049.7669
CP_MID,shungnak,electric,2040,spring,23,WND,GWND_01,2040,ELC,2524.8835
CP_MID,shungnak,electric,2040,spring,3,ELC,ELECT,2040,ELECD,16740.845
CP_MID,shungnak,electric,2040,spring,3,HYD,GHYD_01,2030,ELC,4270.4932
CP_MID,shungnak,electric,2040,spring,3,WND,GWND_01,2030,ELC,5153.7918
CP_MID,shungnak,electric,2040,spring,3,WND,GWND_01,2035,ELC,5153.7918
CP_MID,shungnak,electric,2040,spring,3,WND,GWND_01,2040,ELC,2162.7687
CP_MID,shungnak,electric,2040,spring,4,ELC,ELECT,2040,ELECD,16933.269
CP_MID,shungnak,electric,2040,spring,4,HYD,GHYD_01,2030,ELC,3394.2032
CP_MID,shungnak,electric,2040,spring,4,SOL,GSOL_01,2025,ELC,20.399817
CP_MID,shungnak,electric,2040,spring,4,WND,GWND_01,2030,ELC,5407.4663
CP_MID,shungnak,electric,2040,spring,4,WND,GWND_01,2035,ELC,5407.4663
CP_MID,shungnak,electric,2040,spring,4,WND,GWND_01,2040,ELC,2703.7332
CP_MID,shungnak,electric,2040,spring,5,ELC,ELECT,2030,ELECD,17318.116
CP_MID,shungnak,electric,2040,spring,5,HYD,GHYD_01,2030,ELC,3111.6643
CP_MID,shungnak,electric,2040,spring,5,SOL,GSOL_01,2025,ELC,90.099193
CP_MID,shungnak,electric,2040,spring,5,WND,GWND_01,2030,ELC,5646.541
CP_MID,shungnak,electric,2040,spring,5,WND,GWND_01,2035,ELC,5646.541
CP_MID,shungnak,electric,2040,spring,5,WND,GWND_01,2040,ELC,2823.2705
CP_MID,shungnak,electric,2040,spring,6,ELC,ELECT,2040,ELECD,17702.963
CP_MID,shungnak,electric,2040,spring,6,HYD,GHYD_01,2030,ELC,4270.4932
CP_MID,shungnak,electric,2040,spring,6,SOL,GSOL_01,2025,ELC,302.59729
CP_MID,shungnak,electric,2040,spring,6,SOL,GSOL_01,2030,ELC,406.06185
CP_MID,shungnak,electric,2040,spring,6,SOL,GSOL_01,2035,ELC,165.74769
CP_MID,shungnak,electric,2040,spring,6,WND,GWND_01,2030,ELC,5701.2909
CP_MID,shungnak,electric,2040,spring,6,WND,GWND_01,2035,ELC,5701.2909
CP_MID,shungnak,electric,2040,spring,6,WND,GWND_01,2040,ELC,1155.4812
CP_MID,shungnak,electric,2040,spring,7,ELC,ELECT,2030,ELECD,19434.775
CP_MID,shungnak,electric,2040,spring,7,HYD,GHYD_01,2030,ELC,4270.4932
CP_MID,shungnak,electric,2040,spring,7,SOL,GSOL_01,2025,ELC,972.39129
CP_MID,shungnak,electric,2040,spring,7,SOL,GSOL_01,2030,ELC,518.09943
CP_MID,shungnak,electric,2040,spring,7,WND,GWND_01,2030,ELC,5469.5162
CP_MID,shungnak,electric,2040,spring,7,WND,GWND_01,2035,ELC,5469.5162
CP_MID,shungnak,electric,2040,spring,7,WND,GWND_01,2040,ELC,2734.7581
CP_MID,shungnak,electric,2040,spring,8,ELC,ELECT,2035,ELECD,23090.821
CP_MID,shungnak,electric,2040,spring,8,HYD,GHYD_01,2030,ELC,4270.4932
CP_MID,shungnak,electric,2040,spring,8,SOL,GSOL_01,2025,ELC,2264.3797
CP_MID,shungnak,electric,2040,spring,8,SOL,GSOL_01,2030,ELC,3038.6201
CP_MID,shungnak,electric,2040,spring,8,WND,GWND_01,2030,ELC,5695.8159
CP_MID,shungnak,electric,2040,spring,8,WND,GWND_01,2035,ELC,5695.8159
CP_MID,shungnak,electric,2040,spring,8,WND,GWND_01,2040,ELC,2125.6964
CP_MID,shungnak,electric,2040,spring,9,ELC,ELECT,2035,ELECD,23668.092
CP_MID,shungnak,electric,2040,spring,9,HYD,GHYD_01,2030,ELC,4270.4932
CP_MID,shungnak,electric,2040,spring,9,SOL,GSOL_01,2025,ELC,4188.7625
CP_MID,shungnak,electric,2040,spring,9,SOL,GSOL_01,2030,ELC,198.77386
CP_MID,shungnak,electric,2040,spring,9,SOL,GSOL_01,2035,ELC,2294.3951
CP_MID,shungnak,electric,2040,spring,9,WND,GWND_01,2030,ELC,5086.2669
CP_MID,shungnak,electric,2040,spring,9,WND,GWND_01,2035,ELC,5086.2669
CP_MID,shungnak,electric,2040,spring,9,WND,GWND_01,2040,ELC,2543.1334
CP_MID,shungnak,electric,2040,summer,0,ELC,ELECT,2035,ELECD,13084.799
CP_MID,shungnak,electric,2040,summer,0,HYD,GHYD_01,2030,ELC,10853.623
CP_MID,shungnak,electric,2040,summer,0,SOL,GSOL_01,2025,ELC,16.999848
CP_MID,shungnak,electric,2040,summer,0,SOL,GSOL_01,2030,ELC,22.812463
CP_MID,shungnak,electric,2040,summer,0,SOL,GSOL_01,2035,ELC,9.3116682
CP_MID,shungnak,electric,2040,summer,0,WND,GWND_01,2030,ELC,1290.2729
CP_MID,shungnak,electric,2040,summer,0,WND,GWND_01,2035,ELC,1290.2729
CP_MID,shungnak,electric,2040,summer,0,WND,GWND_01,2040,ELC,645.13647
CP_MID,shungnak,electric,2040,summer,1,ELC,ELECT,2035,ELECD,11930.258
CP_MID,shungnak,electric,2040,summer,1,HYD,GHYD_01,2030,ELC,10853.623
CP_MID,shungnak,electric,2040,summer,1,WND,GWND_01,2030,ELC,1020.1734
CP_MID,shungnak,electric,2040,summer,1,WND,GWND_01,2035,ELC,1020.1734
CP_MID,shungnak,electric,2040,summer,1,WND,GWND_01,2040,ELC,510.08668
CP_MID,shungnak,electric,2040,summer,10,ELC,ELECT,2035,ELECD,14624.187
CP_MID,shungnak,electric,2040,summer,10,HYD,GHYD_01,2030,ELC,10853.623
CP_MID,shungnak,electric,2040,summer,10,SOL,GSOL_01,2025,ELC,5400.8516
CP_MID,shungnak,electric,2040,summer,10,SOL,GSOL_01,2030,ELC,7247.5197
CP_MID,shungnak,electric,2040,summer,10,SOL,GSOL_01,2035,ELC,2958.317
CP_MID,shungnak,electric,2040,summer,10,WND,GWND_01,2030,ELC,875.9986
CP_MID,shungnak,electric,2040,summer,10,WND,GWND_01,2035,ELC,875.9986
CP_MID,shungnak,electric,2040,summer,10,WND,GWND_01,2040,ELC,437.9993
CP_MID,shungnak,electric,2040,summer,11,ELC,ELECT,2040,ELECD,15009.034
CP_MID,shungnak,electric,2040,summer,11,HYD,GHYD_01,2030,ELC,10853.623
CP_MID,shungnak,electric,2040,summer,11,SOL,GSOL_01,2025,ELC,6448.0423
CP_MID,shungnak,electric,2040,summer,11,SOL,GSOL_01,2030,ELC,8652.7674
CP_MID,shungnak,electric,2040,summer,11,SOL,GSOL_01,2035,ELC,3531.9158
CP_MID,shungnak,electric,2040,summer,11,WND,GWND_01,2030,ELC,762.84878
CP_MID,shungnak,electric,2040,summer,11,WND,GWND_01,2035,ELC,762.84878
CP_MID,shungnak,electric,2040,summer,11,WND,GWND_01,2040,ELC,381.42439
CP_MID,shungnak,electric,2040,summer,12,ELC,ELECT,2030,ELECD,14624.187
CP_MID,shungnak,electric,2040,summer,12,HYD,GHYD_01,2030,ELC,10853.623
CP_MID,shungnak,electric,2040,summer,12,SOL,GSOL_01,2025,ELC,7219.8354
CP_MID,shungnak,electric,2040,summer,12,SOL,GSOL_01,2030,ELC,9688.4532
CP_MID,shungnak,electric,2040,summer,12,SOL,GSOL_01,2035,ELC,3954.6655
CP_MID,shungnak,electric,2040,summer,12,WND,GWND_01,2030,ELC,751.8988
CP_MID,shungnak,electric,2040,summer,12,WND,GWND_01,2035,ELC,751.8988
CP_MID,shungnak,electric,2040,summer,12,WND,GWND_01,2040,ELC,375.9494
CP_MID,shungnak,electric,2040,summer,13,ELC,ELECT,2035,ELECD,14431.763
CP_MID,shungnak,electric,2040,summer,13,HYD,GHYD_01,2030,ELC,10853.623
CP_MID,shungnak,electric,2040,summer,13,SOL,GSOL_01,2025,ELC,7593.832
CP_MID,shungnak,electric,2040,summer,13,SOL,GSOL_01,2030,ELC,10190.327
CP_MID,shungnak,electric,2040,summer,13,SOL,GSOL_01,2035,ELC,4159.5222
CP_MID,shungnak,electric,2040,summer,13,WND,GWND_01,2030,ELC,797.52372
CP_MID,shungnak,electric,2040,summer,13,WND,GWND_01,2035,ELC,797.52372
CP_MID,shungnak,electric,2040,summer,13,WND,GWND_01,2040,ELC,398.76186
CP_MID,shungnak,electric,2040,summer,14,ELC,ELECT,2030,ELECD,14239.34
CP_MID,shungnak,electric,2040,summer,14,HYD,GHYD_01,2030,ELC,10853.623
CP_MID,shungnak,electric,2040,summer,14,SOL,GSOL_01,2025,ELC,7804.6301
CP_MID,shungnak,electric,2040,summer,14,SOL,GSOL_01,2030,ELC,10473.202
CP_MID,shungnak,electric,2040,summer,14,SOL,GSOL_01,2035,ELC,4274.9869
CP_MID,shungnak,electric,2040,summer,14,WND,GWND_01,2030,ELC,865.04862
CP_MID,shungnak,electric,2040,summer,14,WND,GWND_01,2035,ELC,865.04862
CP_MID,shungnak,electric,2040,summer,14,WND,GWND_01,2040,ELC,432.52431
CP_MID,shungnak,electric,2040,summer,15,ELC,ELECT,2030,ELECD,14816.61
CP_MID,shungnak,electric,2040,summer,15,HYD,GHYD_01,2030,ELC,10853.623
CP_MID,shungnak,electric,2040,summer,15,SOL,GSOL_01,2025,ELC,7031.1371
CP_MID,shungnak,electric,2040,summer,15,SOL,GSOL_01,2030,ELC,9435.2349
CP_MID,shungnak,electric,2040,summer,15,SOL,GSOL_01,2035,ELC,3851.306
CP_MID,shungnak,electric,2040,summer,15,WND,GWND_01,2030,ELC,766.49877
CP_MID,shungnak,electric,2040,summer,15,WND,GWND_01,2035,ELC,766.49877
CP_MID,shungnak,electric,2040,summer,15,WND,GWND_01,2040,ELC,383.24939
CP_MID,shungnak,electric,2040,summer,16,ELC,ELECT,2030,ELECD,16548.422
CP_MID,shungnak,electric,2040,summer,16,HYD,GHYD_01,2030,ELC,10853.623
CP_MID,shungnak,electric,2040,summer,16,SOL,GSOL_01,2025,ELC,6480.342
CP_MID,shungnak,electric,2040,summer,16,SOL,GSOL_01,2030,ELC,8696.1111
CP_MID,shungnak,electric,2040,summer,16,SOL,GSOL_01,2035,ELC,3549.6079
CP_MID,shungnak,electric,2040,summer,16,WND,GWND_01,2030,ELC,625.974
CP_MID,shungnak,electric,2040,summer,16,WND,GWND_01,2035,ELC,625.974
CP_MID,shungnak,electric,2040,summer,16,WND,GWND_01,2040,ELC,312.987
CP_MID,shungnak,electric,2040,summer,17,ELC,ELECT,2030,ELECD,16933.269
CP_MID,shungnak,electric,2040,summer,17,HYD,GHYD_01,2030,ELC,10853.623
CP_MID,shungnak,electric,2040,summer,17,SOL,GSOL_01,2025,ELC,5375.3519
CP_MID,shungnak,electric,2040,summer,17,SOL,GSOL_01,2030,ELC,7213.301
CP_MID,shungnak,electric,2040,summer,17,SOL,GSOL_01,2035,ELC,2944.3495
CP_MID,shungnak,electric,2040,summer,17,WND,GWND_01,2030,ELC,697.14888
CP_MID,shungnak,electric,2040,summer,17,WND,GWND_01,2035,ELC,697.14888
CP_MID,shungnak,electric,2040,summer,17,WND,GWND_01,2040,ELC,348.57444
CP_MID,shungnak,electric,2040,summer,18,ELC,ELECT,2035,ELECD,15201.457
CP_MID,shungnak,electric,2040,summer,18,HYD,GHYD_01,2030,ELC,10853.623
CP_MID,shungnak,electric,2040,summer,18,SOL,GSOL_01,2025,ELC,3833.4657
CP_MID,shungnak,electric,2040,summer,18,SOL,GSOL_01,2030,ELC,5144.2105
CP_MID,shungnak,electric,2040,summer,18,SOL,GSOL_01,2035,ELC,2099.7812
CP_MID,shungnak,electric,2040,summer,18,WND,GWND_01,2030,ELC,925.27352
CP_MID,shungnak,electric,2040,summer,18,WND,GWND_01,2035,ELC,925.27352
CP_MID,shungnak,electric,2040,summer,18,WND,GWND_01,2040,ELC,462.63676
CP_MID,shungnak,electric,2040,summer,19,ELC,ELECT,2030,ELECD,14816.61
CP_MID,shungnak,electric,2040,summer,19,HYD,GHYD_01,2030,ELC,10853.623
CP_MID,shungnak,electric,2040,summer,19,SOL,GSOL_01,2025,ELC,2233.78
CP_MID,shungnak,electric,2040,summer,19,SOL,GSOL_01,2030,ELC,2997.5577
CP_MID,shungnak,electric,2040,summer,19,SOL,GSOL_01,2035,ELC,1223.5532
CP_MID,shungnak,electric,2040,summer,19,WND,GWND_01,2030,ELC,799.34872
CP_MID,shungnak,electric,2040,summer,19,WND,GWND_01,2035,ELC,799.34872
CP_MID,shungnak,electric,2040,summer,19,WND,GWND_01,2040,ELC,399.67436
CP_MID,shungnak,electric,2040,summer,2,ELC,ELECT,2035,ELECD,11737.834
CP_MID,shungnak,electric,2040,summer,2,HYD,GHYD_01,2030,ELC,10853.623
CP_MID,shungnak,electric,2040,summer,2,WND,GWND_01,2030,ELC,934.3985
CP_MID,shungnak,electric,2040,summer,2,WND,GWND_01,2035,ELC,934.3985
CP_MID,shungnak,electric,2040,summer,2,WND,GWND_01,2040,ELC,467.19925
CP_MID,shungnak,electric,2040,summer,20,ELC,ELECT,2035,ELECD,14816.61
CP_MID,shungnak,electric,2040,summer,20,HYD,GHYD_01,2030,ELC,10853.623
CP_MID,shungnak,electric,2040,summer,20,SOL,GSOL_01,2025,ELC,1157.6896
CP_MID,shungnak,electric,2040,summer,20,SOL,GSOL_01,2030,ELC,1553.5288
CP_MID,shungnak,electric,2040,summer,20,SOL,GSOL_01,2035,ELC,634.12461
CP_MID,shungnak,electric,2040,summer,20,WND,GWND_01,2030,ELC,985.49842
CP_MID,shungnak,electric,2040,summer,20,WND,GWND_01,2035,ELC,985.49842
CP_MID,shungnak,electric,2040,summer,20,WND,GWND_01,2040,ELC,492.74921
CP_MID,shungnak,electric,2040,summer,21,ELC,ELECT,2030,ELECD,13662.069
CP_MID,shungnak,electric,2040,summer,21,HYD,GHYD_01,2030,ELC,10853.623
CP_MID,shungnak,electric,2040,summer,21,SOL,GSOL_01,2025,ELC,526.99528
CP_MID,shungnak,electric,2040,summer,21,SOL,GSOL_01,2030,ELC,707.18637
CP_MID,shungnak,electric,2040,summer,21,SOL,GSOL_01,2035,ELC,288.66172
CP_MID,shungnak,electric,2040,summer,21,WND,GWND_01,2030,ELC,1419.8477
CP_MID,shungnak,electric,2040,summer,21,WND,GWND_01,2035,ELC,1419.8477
CP_MID,shungnak,electric,2040,summer,21,WND,GWND_01,2040,ELC,709.92386
CP_MID,shungnak,electric,2040,summer,22,ELC,ELECT,2030,ELECD,13662.069
CP_MID,shungnak,electric,2040,summer,22,HYD,GHYD_01,2030,ELC,10853.623
CP_MID,shungnak,electric,2040,summer,22,SOL,GSOL_01,2025,ELC,317.89715
CP_MID,shungnak,electric,2040,summer,22,SOL,GSOL_01,2030,ELC,426.59307
CP_MID,shungnak,electric,2040,summer,22,SOL,GSOL_01,2035,ELC,174.1282
CP_MID,shungnak,electric,2040,summer,22,WND,GWND_01,2030,ELC,1385.1728
CP_MID,shungnak,electric,2040,summer,22,WND,GWND_01,2035,ELC,1385.1728
CP_MID,shungnak,electric,2040,summer,22,WND,GWND_01,2040,ELC,692.58639
CP_MID,shungnak,electric,2040,summer,23,ELC,ELECT,2030,ELECD,13469.646
CP_MID,shungnak,electric,2040,summer,23,HYD,GHYD_01,2030,ELC,10853.623
CP_MID,shungnak,electric,2040,summer,23,SOL,GSOL_01,2025,ELC,93.499163
CP_MID,shungnak,electric,2040,summer,23,SOL,GSOL_01,2030,ELC,125.46855
CP_MID,shungnak,electric,2040,summer,23,SOL,GSOL_01,2035,ELC,51.214175
CP_MID,shungnak,electric,2040,summer,23,WND,GWND_01,2030,ELC,1520.2226
CP_MID,shungnak,electric,2040,summer,23,WND,GWND_01,2035,ELC,1520.2226
CP_MID,shungnak,electric,2040,summer,23,WND,GWND_01,2040,ELC,760.11128
CP_MID,shungnak,electric,2040,summer,3,ELC,ELECT,2030,ELECD,10968.14
CP_MID,shungnak,electric,2040,summer,3,HYD,GHYD_01,2030,ELC,10853.623
CP_MID,shungnak,electric,2040,summer,3,SOL,GSOL_01,2025,ELC,20.399817
CP_MID,shungnak,electric,2040,summer,3,SOL,GSOL_01,2030,ELC,27.374956
CP_MID,shungnak,electric,2040,summer,3,SOL,GSOL_01,2035,ELC,11.174002
CP_MID,shungnak,electric,2040,summer,3,WND,GWND_01,2030,ELC,1067.6233
CP_MID,shungnak,electric,2040,summer,3,WND,GWND_01,2035,ELC,1067.6233
CP_MID,shungnak,electric,2040,summer,3,WND,GWND_01,2040,ELC,533.81165
CP_MID,shungnak,electric,2040,summer,4,ELC,ELECT,2035,ELECD,10775.717
CP_MID,shungnak,electric,2040,summer,4,HYD,GHYD_01,2030,ELC,10853.623
CP_MID,shungnak,electric,2040,summer,4,SOL,GSOL_01,2025,ELC,130.89883
CP_MID,shungnak,electric,2040,summer,4,SOL,GSOL_01,2030,ELC,175.65597
CP_MID,shungnak,electric,2040,summer,4,SOL,GSOL_01,2035,ELC,71.699845
CP_MID,shungnak,electric,2040,summer,4,WND,GWND_01,2030,ELC,1091.3483
CP_MID,shungnak,electric,2040,summer,4,WND,GWND_01,2035,ELC,1091.3483
CP_MID,shungnak,electric,2040,summer,4,WND,GWND_01,2040,ELC,545.67413
CP_MID,shungnak,electric,2040,summer,5,ELC,ELECT,2040,ELECD,10775.717
CP_MID,shungnak,electric,2040,summer,5,HYD,GHYD_01,2030,ELC,10853.623
CP_MID,shungnak,electric,2040,summer,5,SOL,GSOL_01,2025,ELC,253.29773
CP_MID,shungnak,electric,2040,summer,5,SOL,GSOL_01,2030,ELC,339.90571
CP_MID,shungnak,electric,2040,summer,5,SOL,GSOL_01,2035,ELC,138.74386
CP_MID,shungnak,electric,2040,summer,5,WND,GWND_01,2030,ELC,1131.4982
CP_MID,shungnak,electric,2040,summer,5,WND,GWND_01,2035,ELC,1131.4982
CP_MID,shungnak,electric,2040,summer,5,WND,GWND_01,2040,ELC,565.74909
CP_MID,shungnak,electric,2040,summer,6,ELC,ELECT,2035,ELECD,11545.411
CP_MID,shungnak,electric,2040,summer,6,HYD,GHYD_01,2030,ELC,10853.623
CP_MID,shungnak,electric,2040,summer,6,SOL,GSOL_01,2025,ELC,642.59425
CP_MID,shungnak,electric,2040,summer,6,SOL,GSOL_01,2030,ELC,862.31112
CP_MID,shungnak,electric,2040,summer,6,SOL,GSOL_01,2035,ELC,351.98106
CP_MID,shungnak,electric,2040,summer,6,WND,GWND_01,2030,ELC,1014.6984
CP_MID,shungnak,electric,2040,summer,6,WND,GWND_01,2035,ELC,1014.6984
CP_MID,shungnak,electric,2040,summer,6,WND,GWND_01,2040,ELC,507.34919
CP_MID,shungnak,electric,2040,summer,7,ELC,ELECT,2040,ELECD,11737.834
CP_MID,shungnak,electric,2040,summer,7,HYD,GHYD_01,2030,ELC,10853.623
CP_MID,shungnak,electric,2040,summer,7,SOL,GSOL_01,2025,ELC,1538.4862
CP_MID,shungnak,electric,2040,summer,7,SOL,GSOL_01,2030,ELC,2064.5279
CP_MID,shungnak,electric,2040,summer,7,SOL,GSOL_01,2035,ELC,842.70597
CP_MID,shungnak,electric,2040,summer,7,WND,GWND_01,2030,ELC,843.14865
CP_MID,shungnak,electric,2040,summer,7,WND,GWND_01,2035,ELC,843.14865
CP_MID,shungnak,electric,2040,summer,7,WND,GWND_01,2040,ELC,421.57433
CP_MID,shungnak,electric,2040,summer,8,ELC,ELECT,2030,ELECD,12122.681
CP_MID,shungnak,electric,2040,summer,8,HYD,GHYD_01,2030,ELC,10853.623
CP_MID,shungnak,electric,2040,summer,8,SOL,GSOL_01,2025,ELC,3014.073
CP_MID,shungnak,electric,2040,summer,8,SOL,GSOL_01,2030,ELC,4044.6498
CP_MID,shungnak,electric,2040,summer,8,SOL,GSOL_01,2035,ELC,1650.9588
CP_MID,shungnak,electric,2040,summer,8,WND,GWND_01,2030,ELC,866.87361
CP_MID,shungnak,electric,2040,summer,8,WND,GWND_01,2035,ELC,866.87361
CP_MID,shungnak,electric,2040,summer,8,WND,GWND_01,2040,ELC,433.43681
CP_MID,shungnak,electric,2040,summer,9,ELC,ELECT,2030,ELECD,12507.528
CP_MID,shungnak,electric,2040,summer,9,HYD,GHYD_01,2030,ELC,10853.623
CP_MID,shungnak,electric,2040,summer,9,SOL,GSOL_01,2025,ELC,4117.3631
CP_MID,shungnak,electric,2040,summer,9,SOL,GSOL_01,2030,ELC,5525.1787
CP_MID,shungnak,electric,2040,summer,9,SOL,GSOL_01,2035,ELC,2255.286
CP_MID,shungnak,electric,2040,summer,9,WND,GWND_01,2030,ELC,812.1237
CP_MID,shungnak,electric,2040,summer,9,WND,GWND_01,2035,ELC,812.1237
CP_MID,shungnak,electric,2040,summer,9,WND,GWND_01,2040,ELC,406.06185
CP_MID,shungnak,electric,2040,winter,0,ELC,EBATT_01,2040,ELC,7141.2113
CP_MID,shungnak,electric,2040,winter,0,ELC,ELECT,2040,ELECD,21936.28
CP_MID,shungnak,electric,2040,winter,0,HYD,GHYD_01,2030,ELC,1011.7784
CP_MID,shungnak,electric,2040,winter,0,WND,GWND_01,2030,ELC,5513.3162
CP_MID,shungnak,electric,2040,winter,0,WND,GWND_01,2035,ELC,5513.3162
CP_MID,shungnak,electric,2040,winter,0,WND,GWND_01,2040,ELC,2756.6581
CP_MID,shungnak,electric,2040,winter,1,ELC,EBATT_01,2040,ELC,6679.6007
CP_MID,shungnak,electric,2040,winter,1,ELC,ELECT,2030,ELECD,21743.857
CP_MID,shungnak,electric,2040,winter,1,HYD,GHYD_01,2030,ELC,1011.7784
CP_MID,shungnak,electric,2040,winter,1,WND,GWND_01,2030,ELC,5620.991
CP_MID,shungnak,electric,2040,winter,1,WND,GWND_01,2035,ELC,5620.991
CP_MID,shungnak,electric,2040,winter,1,WND,GWND_01,2040,ELC,2810.4955
CP_MID,shungnak,electric,2040,winter,10,ELC,EBATT_01,2035,ELC,12706.014
CP_MID,shungnak,electric,2040,winter,10,ELC,ELECT,2040,ELECD,27901.409
CP_MID,shungnak,electric,2040,winter,10,HYD,GHYD_01,2030,ELC,1011.7784
CP_MID,shungnak,electric,2040,winter,10,SOL,GSOL_01,2025,ELC,193.79826
CP_MID,shungnak,electric,2040,winter,10,SOL,GSOL_01,2030,ELC,260.06208
CP_MID,shungnak,electric,2040,winter,10,SOL,GSOL_01,2035,ELC,106.15302
CP_MID,shungnak,electric,2040,winter,10,WND,GWND_01,2030,ELC,5449.4413
CP_MID,shungnak,electric,2040,winter,10,WND,GWND_01,2035,ELC,5449.4413
CP_MID,shungnak,electric,2040,winter,10,WND,GWND_01,2040,ELC,2724.7206
CP_MID,shungnak,electric,2040,winter,11,ELC,EBATT_01,2040,ELC,12345.297
CP_MID,shungnak,electric,2040,winter,11,ELC,ELECT,2030,ELECD,28863.526
CP_MID,shungnak,electric,2040,winter,11,HYD,GHYD_01,2030,ELC,1011.7784
CP_MID,shungnak,electric,2040,winter,11,SOL,GSOL_01,2025,ELC,657.89411
CP_MID,shungnak,electric,2040,winter,11,SOL,GSOL_01,2030,ELC,882.84234
CP_MID,shungnak,electric,2040,winter,11,SOL,GSOL_01,2035,ELC,360.36156
CP_MID,shungnak,electric,2040,winter,11,WND,GWND_01,2030,ELC,5442.1413
CP_MID,shungnak,electric,2040,winter,11,WND,GWND_01,2035,ELC,5442.1413
CP_MID,shungnak,electric,2040,winter,11,WND,GWND_01,2040,ELC,2721.0706
CP_MID,shungnak,electric,2040,winter,12,ELC,EBATT_01,2030,ELC,9944.4937
CP_MID,shungnak,electric,2040,winter,12,ELC,ELECT,2040,ELECD,28478.679
CP_MID,shungnak,electric,2040,winter,12,HYD,GHYD_01,2030,ELC,1011.7784
CP_MID,shungnak,electric,2040,winter,12,SOL,GSOL_01,2025,ELC,1164.4896
CP_MID,shungnak,electric,2040,winter,12,SOL,GSOL_01,2030,ELC,1562.6537
CP_MID,shungnak,electric,2040,winter,12,SOL,GSOL_01,2035,ELC,637.84927
CP_MID,shungnak,electric,2040,winter,12,WND,GWND_01,2030,ELC,5662.9659
CP_MID,shungnak,electric,2040,winter,12,WND,GWND_01,2035,ELC,5662.9659
CP_MID,shungnak,electric,2040,winter,12,WND,GWND_01,2040,ELC,2831.483
CP_MID,shungnak,electric,2040,winter,13,ELC,EBATT_01,2030,ELC,7614.2831
CP_MID,shungnak,electric,2040,winter,13,ELC,ELECT,2035,ELECD,27708.985
CP_MID,shungnak,electric,2040,winter,13,HYD,GHYD_01,2030,ELC,1011.7784
CP_MID,shungnak,electric,2040,winter,13,SOL,GSOL_01,2025,ELC,1497.6866
CP_MID,shungnak,electric,2040,winter,13,SOL,GSOL_01,2030,ELC,2009.778
CP_MID,shungnak,electric,2040,winter,13,SOL,GSOL_01,2035,ELC,820.35797
CP_MID,shungnak,electric,2040,winter,13,WND,GWND_01,2030,ELC,5902.0406
CP_MID,shungnak,electric,2040,winter,13,WND,GWND_01,2035,ELC,5902.0406
CP_MID,shungnak,electric,2040,winter,13,WND,GWND_01,2040,ELC,2951.0203
CP_MID,shungnak,electric,2040,winter,14,ELC,EBATT_01,2035,ELC,7773.1715
CP_MID,shungnak,electric,2040,winter,14,ELC,ELECT,2035,ELECD,27516.562
CP_MID,shungnak,electric,2040,winter,14,HYD,GHYD_01,2030,ELC,1011.7784
CP_MID,shungnak,electric,2040,winter,14,SOL,GSOL_01,2025,ELC,1497.6866
CP_MID,shungnak,electric,2040,winter,14,SOL,GSOL_01,2030,ELC,2009.778
CP_MID,shungnak,electric,2040,winter,14,SOL,GSOL_01,2035,ELC,820.35797
CP_MID,shungnak,electric,2040,winter,14,WND,GWND_01,2030,ELC,5761.5158
CP_MID,shungnak,electric,2040,winter,14,WND,GWND_01,2035,ELC,5761.5158
CP_MID,shungnak,electric,2040,winter,14,WND,GWND_01,2040,ELC,2880.7579
CP_MID,shungnak,electric,2040,winter,15,ELC,EBATT_01,2035,ELC,7250.3714
CP_MID,shungnak,electric,2040,winter,15,ELC,ELECT,2035,ELECD,26169.597
CP_MID,shungnak,electric,2040,winter,15,HYD,GHYD_01,2030,ELC,1011.7784
CP_MID,shungnak,electric,2040,winter,15,SOL,GSOL_01,2025,ELC,1106.6901
CP_MID,shungnak,electric,2040,winter,15,SOL,GSOL_01,2030,ELC,1485.0914
CP_MID,shungnak,electric,2040,winter,15,SOL,GSOL_01,2035,ELC,606.1896
CP_MID,shungnak,electric,2040,winter,15,WND,GWND_01,2030,ELC,5883.7906
CP_MID,shungnak,electric,2040,winter,15,WND,GWND_01,2035,ELC,5883.7906
CP_MID,shungnak,electric,2040,winter,15,WND,GWND_01,2040,ELC,2941.8953
CP_MID,shungnak,electric,2040,winter,16,ELC,EBATT_01,2040,ELC,10275.668
CP_MID,shungnak,electric,2040,winter,16,ELC,ELECT,2035,ELECD,27516.562
CP_MID,shungnak,electric,2040,winter,16,HYD,GHYD_01,2030,ELC,1011.7784
CP_MID,shungnak,electric,2040,winter,16,SOL,GSOL_01,2025,ELC,600.09463
CP_MID,shungnak,electric,2040,winter,16,SOL,GSOL_01,2030,ELC,805.27996
CP_MID,shungnak,electric,2040,winter,16,SOL,GSOL_01,2035,ELC,328.70189
CP_MID,shungnak,electric,2040,winter,16,WND,GWND_01,2030,ELC,5798.0157
CP_MID,shungnak,electric,2040,winter,16,WND,GWND_01,2035,ELC,5798.0157
CP_MID,shungnak,electric,2040,winter,16,WND,GWND_01,2040,ELC,2899.0079
CP_MID,shungnak,electric,2040,winter,17,ELC,EBATT_01,2040,ELC,14012.087
CP_MID,shungnak,electric,2040,winter,17,ELC,ELECT,2035,ELECD,29633.221
CP_MID,shungnak,electric,2040,winter,17,HYD,GHYD_01,2030,ELC,1011.7784
CP_MID,shungnak,electric,2040,winter,17,SOL,GSOL_01,2025,ELC,156.3986
CP_MID,shungnak,electric,2040,winter,17,SOL,GSOL_01,2030,ELC,209.87466
CP_MID,shungnak,electric,2040,winter,17,SOL,GSOL_01,2035,ELC,85.667348
CP_MID,shungnak,electric,2040,winter,17,WND,GWND_01,2030,ELC,5662.9659
CP_MID,shungnak,electric,2040,winter,17,WND,GWND_01,2035,ELC,5662.9659
CP_MID,shungnak,electric,2040,winter,17,WND,GWND_01,2040,ELC,2831.483
CP_MID,shungnak,electric,2040,winter,18,ELC,EBATT_01,2040,ELC,14797.188
CP_MID,shungnak,electric,2040,winter,18,ELC,ELECT,2040,ELECD,29825.644
CP_MID,shungnak,electric,2040,winter,18,HYD,GHYD_01,2030,ELC,1011.7784
CP_MID,shungnak,electric,2040,winter,18,SOL,GSOL_01,2025,ELC,3.3999696
CP_MID,shungnak,electric,2040,winter,18,SOL,GSOL_01,2030,ELC,4.5624927
CP_MID,shungnak,electric,2040,winter,18,SOL,GSOL_01,2035,ELC,1.8623336
CP_MID,shungnak,electric,2040,winter,18,WND,GWND_01,2030,ELC,5602.741
CP_MID,shungnak,electric,2040,winter,18,WND,GWND_01,2035,ELC,5602.741
CP_MID,shungnak,electric,2040,winter,18,WND,GWND_01,2040,ELC,2801.3705
CP_MID,shungnak,electric,2040,winter,19,ELC,EBATT_01,2035,ELC,10766.918
CP_MID,shungnak,electric,2040,winter,19,ELC,ELECT,2035,ELECD,25977.174
CP_MID,shungnak,electric,2040,winter,19,HYD,GHYD_01,2030,ELC,1011.7784
CP_MID,shungnak,electric,2040,winter,19,WND,GWND_01,2030,ELC,5679.3909
CP_MID,shungnak,electric,2040,winter,19,WND,GWND_01,2035,ELC,5679.3909
CP_MID,shungnak,electric,2040,winter,19,WND,GWND_01,2040,ELC,2839.6955
CP_MID,shungnak,electric,2040,winter,2,ELC,EBATT_01,2035,ELC,7369.3359
CP_MID,shungnak,electric,2040,winter,2,ELC,ELECT,2030,ELECD,21936.28
CP_MID,shungnak,electric,2040,winter,2,HYD,GHYD_01,2030,ELC,1011.7784
CP_MID,shungnak,electric,2040,winter,2,WND,GWND_01,2030,ELC,5422.0663
CP_MID,shungnak,electric,2040,winter,2,WND,GWND_01,2035,ELC,5422.0663
CP_MID,shungnak,electric,2040,winter,2,WND,GWND_01,2040,ELC,2711.0332
CP_MID,shungnak,electric,2040,winter,20,ELC,EBATT_01,2030,ELC,10603.689
CP_MID,shungnak,electric,2040,winter,20,ELC,EBATT_01,2040,ELC,205.09041
CP_MID,shungnak,electric,2040,winter,20,ELC,ELECT,2030,ELECD,26169.597
CP_MID,shungnak,electric,2040,winter,20,HYD,GHYD_01,2030,ELC,1011.7784
CP_MID,shungnak,electric,2040,winter,20,WND,GWND_01,2030,ELC,5739.6158
CP_MID,shungnak,electric,2040,winter,20,WND,GWND_01,2035,ELC,5739.6158
CP_MID,shungnak,electric,2040,winter,20,WND,GWND_01,2040,ELC,2869.8079
CP_MID,shungnak,electric,2040,winter,21,ELC,EBATT_01,2035,ELC,8772.8785
CP_MID,shungnak,electric,2040,winter,21,ELC,ELECT,2035,ELECD,24822.633
CP_MID,shungnak,electric,2040,winter,21,HYD,GHYD_01,2030,ELC,1011.7784
CP_MID,shungnak,electric,2040,winter,21,WND,GWND_01,2030,ELC,6015.1904
CP_MID,shungnak,electric,2040,winter,21,WND,GWND_01,2035,ELC,6015.1904
CP_MID,shungnak,electric,2040,winter,21,WND,GWND_01,2040,ELC,3007.5952
CP_MID,shungnak,electric,2040,winter,22,ELC,EBATT_01,2040,ELC,7728.6361
CP_MID,shungnak,electric,2040,winter,22,ELC,ELECT,2030,ELECD,23860.515
CP_MID,shungnak,electric,2040,winter,22,HYD,GHYD_01,2030,ELC,1011.7784
CP_MID,shungnak,electric,2040,winter,22,WND,GWND_01,2030,ELC,6048.0403
CP_MID,shungnak,electric,2040,winter,22,WND,GWND_01,2035,ELC,6048.0403
CP_MID,shungnak,electric,2040,winter,22,WND,GWND_01,2040,ELC,3024.0202
CP_MID,shungnak,electric,2040,winter,23,ELC,EBATT_01,2030,ELC,6240.8026
CP_MID,shungnak,electric,2040,winter,23,ELC,ELECT,2035,ELECD,21551.433
CP_MID,shungnak,electric,2040,winter,23,HYD,GHYD_01,2030,ELC,1011.7784
CP_MID,shungnak,electric,2040,winter,23,WND,GWND_01,2030,ELC,5719.5408
CP_MID,shungnak,electric,2040,winter,23,WND,GWND_01,2035,ELC,5719.5408
CP_MID,shungnak,electric,2040,winter,23,WND,GWND_01,2040,ELC,2859.7704
CP_MID,shungnak,electric,2040,winter,3,ELC,EBATT_01,2035,ELC,6917.4188
CP_MID,shungnak,electric,2040,winter,3,ELC,ELECT,2040,ELECD,20781.739
CP_MID,shungnak,electric,2040,winter,3,HYD,GHYD_01,2030,ELC,1011.7784
CP_MID,shungnak,electric,2040,winter,3,WND,GWND_01,2030,ELC,5141.0168
CP_MID,shungnak,electric,2040,winter,3,WND,GWND_01,2035,ELC,5141.0168
CP_MID,shungnak,electric,2040,winter,3,WND,GWND_01,2040,ELC,2570.5084
CP_MID,shungnak,electric,2040,winter,4,ELC,EBATT_01,2030,ELC,253.54109
CP_MID,shungnak,electric,2040,winter,4,ELC,EBATT_01,2040,ELC,6145.1207
CP_MID,shungnak,electric,2040,winter,4,ELC,ELECT,2035,ELECD,20012.045
CP_MID,shungnak,electric,2040,winter,4,HYD,GHYD_01,2030,ELC,1011.7784
CP_MID,shungnak,electric,2040,winter,4,WND,GWND_01,2030,ELC,5040.6419
CP_MID,shungnak,electric,2040,winter,4,WND,GWND_01,2035,ELC,5040.6419
CP_MID,shungnak,electric,2040,winter,4,WND,GWND_01,2040,ELC,2520.321
CP_MID,shungnak,electric,2040,winter,5,ELC,EBATT_01,2035,ELC,6308.2108
CP_MID,shungnak,electric,2040,winter,5,ELC,ELECT,2035,ELECD,20204.469
CP_MID,shungnak,electric,2040,winter,5,HYD,GHYD_01,2030,ELC,1011.7784
CP_MID,shungnak,electric,2040,winter,5,WND,GWND_01,2030,ELC,5153.7918
CP_MID,shungnak,electric,2040,winter,5,WND,GWND_01,2035,ELC,5153.7918
CP_MID,shungnak,electric,2040,winter,5,WND,GWND_01,2040,ELC,2576.8959
CP_MID,shungnak,electric,2040,winter,6,ELC,EBATT_01,2035,ELC,6592.683
CP_MID,shungnak,electric,2040,winter,6,ELC,ELECT,2035,ELECD,20589.316
CP_MID,shungnak,electric,2040,winter,6,HYD,GHYD_01,2030,ELC,1011.7784
CP_MID,shungnak,electric,2040,winter,6,WND,GWND_01,2030,ELC,5193.9417
CP_MID,shungnak,electric,2040,winter,6,WND,GWND_01,2035,ELC,5193.9417
CP_MID,shungnak,electric,2040,winter,6,WND,GWND_01,2040,ELC,2596.9708
CP_MID,shungnak,electric,2040,winter,7,ELC,EBATT_01,2035,ELC,6057.2737
CP_MID,shungnak,electric,2040,winter,7,ELC,ELECT,2040,ELECD,20204.469
CP_MID,shungnak,electric,2040,winter,7,HYD,GHYD_01,2030,ELC,1011.7784
CP_MID,shungnak,electric,2040,winter,7,WND,GWND_01,2030,ELC,5254.1666
CP_MID,shungnak,electric,2040,winter,7,WND,GWND_01,2035,ELC,5254.1666
CP_MID,shungnak,electric,2040,winter,7,WND,GWND_01,2040,ELC,2627.0833
CP_MID,shungnak,electric,2040,winter,8,ELC,EBATT_01,2030,ELC,7757.9466
CP_MID,shungnak,electric,2040,winter,8,ELC,ELECT,2040,ELECD,22128.704
CP_MID,shungnak,electric,2040,winter,8,HYD,GHYD_01,2030,ELC,1011.7784
CP_MID,shungnak,electric,2040,winter,8,WND,GWND_01,2030,ELC,5343.5915
CP_MID,shungnak,electric,2040,winter,8,WND,GWND_01,2035,ELC,5343.5915
CP_MID,shungnak,electric,2040,winter,8,WND,GWND_01,2040,ELC,2671.7957
CP_MID,shungnak,electric,2040,winter,9,ELC,EBATT_01,2035,ELC,7126.1675
CP_MID,shungnak,electric,2040,winter,9,ELC,EBATT_01,2040,ELC,3764.7368
CP_MID,shungnak,electric,2040,winter,9,ELC,ELECT,2035,ELECD,26169.597
CP_MID,shungnak,electric,2040,winter,9,HYD,GHYD_01,2030,ELC,1011.7784
CP_MID,shungnak,electric,2040,winter,9,WND,GWND_01,2030,ELC,5706.7659
CP_MID,shungnak,electric,2040,winter,9,WND,GWND_01,2035,ELC,5706.7659
CP_MID,shungnak,electric,2040,winter,9,WND,GWND_01,2040,ELC,2853.3829
CP_MID,shungnak,electric,2045,fall,0,ELC,ELECT,2030,ELECD,16988.08
CP_MID,shungnak,electric,2045,fall,0,HYD,GHYD_01,2030,ELC,6057.5303
CP_MID,shungnak,electric,2045,fall,0,WND,GWND_01,2030,ELC,5398.3414
CP_MID,shungnak,electric,2045,fall,0,WND,GWND_01,2035,ELC,5398.3414
CP_MID,shungnak,electric,2045,fall,0,WND,GWND_01,2040,ELC,2699.1707
CP_MID,shungnak,electric,2045,fall,1,ELC,ELECT,2045,ELECD,17392.558
CP_MID,shungnak,electric,2045,fall,1,HYD,GHYD_01,2030,ELC,6057.5303
CP_MID,shungnak,electric,2045,fall,1,WND,GWND_01,2030,ELC,5522.4412
CP_MID,shungnak,electric,2045,fall,1,WND,GWND_01,2035,ELC,5522.4412
CP_MID,shungnak,electric,2045,fall,1,WND,GWND_01,2040,ELC,2761.2206
CP_MID,shungnak,electric,2045,fall,10,ELC,EBATT_01,2045,ELC,1631.0122
CP_MID,shungnak,electric,2045,fall,10,ELC,ELECT,2045,ELECD,25077.641
CP_MID,shungnak,electric,2045,fall,10,HYD,GHYD_01,2030,ELC,6057.5303
CP_MID,shungnak,electric,2045,fall,10,SOL,GSOL_01,2025,ELC,1337.888
CP_MID,shungnak,electric,2045,fall,10,SOL,GSOL_01,2030,ELC,1795.3409
CP_MID,shungnak,electric,2045,fall,10,SOL,GSOL_01,2035,ELC,732.82829
CP_MID,shungnak,electric,2045,fall,10,SOL,GSOL_01,2045,ELC,424.12507
CP_MID,shungnak,electric,2045,fall,10,WND,GWND_01,2030,ELC,5239.5666
CP_MID,shungnak,electric,2045,fall,10,WND,GWND_01,2035,ELC,5239.5666
CP_MID,shungnak,electric,2045,fall,10,WND,GWND_01,2040,ELC,2619.7833
CP_MID,shungnak,electric,2045,fall,11,ELC,EBATT_01,2035,ELC,90.962785
CP_MID,shungnak,electric,2045,fall,11,ELC,ELECT,2035,ELECD,26897.793
CP_MID,shungnak,electric,2045,fall,11,HYD,GHYD_01,2030,ELC,6057.5303
CP_MID,shungnak,electric,2045,fall,11,SOL,GSOL_01,2025,ELC,2424.1783
CP_MID,shungnak,electric,2045,fall,11,SOL,GSOL_01,2030,ELC,3253.0573
CP_MID,shungnak,electric,2045,fall,11,SOL,GSOL_01,2035,ELC,1327.8439
CP_MID,shungnak,electric,2045,fall,11,SOL,GSOL_01,2045,ELC,768.49091
CP_MID,shungnak,electric,2045,fall,11,WND,GWND_01,2030,ELC,5190.2917
CP_MID,shungnak,electric,2045,fall,11,WND,GWND_01,2035,ELC,5190.2917
CP_MID,shungnak,electric,2045,fall,11,WND,GWND_01,2040,ELC,2595.1458
CP_MID,shungnak,electric,2045,fall,12,ELC,ELECT,2035,ELECD,24875.402
CP_MID,shungnak,electric,2045,fall,12,HYD,GHYD_01,2030,ELC,6057.5303
CP_MID,shungnak,electric,2045,fall,12,SOL,GSOL_01,2025,ELC,2991.9732
CP_MID,shungnak,electric,2045,fall,12,SOL,GSOL_01,2030,ELC,4014.9936
CP_MID,shungnak,electric,2045,fall,12,SOL,GSOL_01,2035,ELC,1638.8536
CP_MID,shungnak,electric,2045,fall,12,SOL,GSOL_01,2045,ELC,948.48808
CP_MID,shungnak,electric,2045,fall,12,WND,GWND_01,2030,ELC,5217.6667
CP_MID,shungnak,electric,2045,fall,12,WND,GWND_01,2035,ELC,5217.6667
CP_MID,shungnak,electric,2045,fall,12,WND,GWND_01,2040,ELC,2608.8333
CP_MID,shungnak,electric,2045,fall,13,ELC,ELECT,2030,ELECD,24673.163
CP_MID,shungnak,electric,2045,fall,13,HYD,GHYD_01,2030,ELC,6057.5303
CP_MID,shungnak,electric,2045,fall,13,SOL,GSOL_01,2025,ELC,3292.8705
CP_MID,shungnak,electric,2045,fall,13,SOL,GSOL_01,2030,ELC,4418.7742
CP_MID,shungnak,electric,2045,fall,13,SOL,GSOL_01,2035,ELC,1803.6701
CP_MID,shungnak,electric,2045,fall,13,SOL,GSOL_01,2045,ELC,1043.8758
CP_MID,shungnak,electric,2045,fall,13,WND,GWND_01,2030,ELC,5188.4667
CP_MID,shungnak,electric,2045,fall,13,WND,GWND_01,2035,ELC,5188.4667
CP_MID,shungnak,electric,2045,fall,13,WND,GWND_01,2040,ELC,2594.2333
CP_MID,shungnak,electric,2045,fall,14,ELC,ELECT,2035,ELECD,25482.119
CP_MID,shungnak,electric,2045,fall,14,HYD,GHYD_01,2030,ELC,6057.5303
CP_MID,shungnak,electric,2045,fall,14,SOL,GSOL_01,2025,ELC,3109.2722
CP_MID,shungnak,electric,2045,fall,14,SOL,GSOL_01,2030,ELC,4172.3996
CP_MID,shungnak,electric,2045,fall,14,SOL,GSOL_01,2035,ELC,1703.1041
CP_MID,shungnak,electric,2045,fall,14,SOL,GSOL_01,2045,ELC,985.67312
CP_MID,shungnak,electric,2045,fall,14,WND,GWND_01,2030,ELC,5259.6416
CP_MID,shungnak,electric,2045,fall,14,WND,GWND_01,2035,ELC,5259.6416
CP_MID,shungnak,electric,2045,fall,14,WND,GWND_01,2040,ELC,2629.8208
CP_MID,shungnak,electric,2045,fall,15,ELC,ELECT,2030,ELECD,21437.339
CP_MID,shungnak,electric,2045,fall,15,HYD,GHYD_01,2030,ELC,6057.5303
CP_MID,shungnak,electric,2045,fall,15,SOL,GSOL_01,2025,ELC,2594.1768
CP_MID,shungnak,electric,2045,fall,15,SOL,GSOL_01,2030,ELC,3481.1819
CP_MID,shungnak,electric,2045,fall,15,SOL,GSOL_01,2035,ELC,1420.9606
CP_MID,shungnak,electric,2045,fall,15,SOL,GSOL_01,2045,ELC,822.38227
CP_MID,shungnak,electric,2045,fall,15,WND,GWND_01,2030,ELC,5137.3668
CP_MID,shungnak,electric,2045,fall,15,WND,GWND_01,2035,ELC,5137.3668
CP_MID,shungnak,electric,2045,fall,15,WND,GWND_01,2040,ELC,2568.6834
CP_MID,shungnak,electric,2045,fall,16,ELC,ELECT,2040,ELECD,24875.402
CP_MID,shungnak,electric,2045,fall,16,HYD,GHYD_01,2030,ELC,6057.5303
CP_MID,shungnak,electric,2045,fall,16,SOL,GSOL_01,2025,ELC,1790.084
CP_MID,shungnak,electric,2045,fall,16,SOL,GSOL_01,2030,ELC,2402.1524
CP_MID,shungnak,electric,2045,fall,16,SOL,GSOL_01,2035,ELC,980.51866
CP_MID,shungnak,electric,2045,fall,16,SOL,GSOL_01,2045,ELC,567.4761
CP_MID,shungnak,electric,2045,fall,16,WND,GWND_01,2030,ELC,5423.8913
CP_MID,shungnak,electric,2045,fall,16,WND,GWND_01,2035,ELC,5423.8913
CP_MID,shungnak,electric,2045,fall,16,WND,GWND_01,2040,ELC,2711.9457
CP_MID,shungnak,electric,2045,fall,17,ELC,EBATT_01,2045,ELC,2037.182
CP_MID,shungnak,electric,2045,fall,17,ELC,ELECT,2040,ELECD,24673.163
CP_MID,shungnak,electric,2045,fall,17,HYD,GHYD_01,2030,ELC,6057.5303
CP_MID,shungnak,electric,2045,fall,17,SOL,GSOL_01,2025,ELC,904.3919
CP_MID,shungnak,electric,2045,fall,17,SOL,GSOL_01,2030,ELC,1213.6231
CP_MID,shungnak,electric,2045,fall,17,SOL,GSOL_01,2035,ELC,495.38075
CP_MID,shungnak,electric,2045,fall,17,SOL,GSOL_01,2045,ELC,286.70208
CP_MID,shungnak,electric,2045,fall,17,WND,GWND_01,2030,ELC,5471.3412
CP_MID,shungnak,electric,2045,fall,17,WND,GWND_01,2035,ELC,5471.3412
CP_MID,shungnak,electric,2045,fall,17,WND,GWND_01,2040,ELC,2735.6706
CP_MID,shungnak,electric,2045,fall,18,ELC,EBATT_01,2045,ELC,3163.7727
CP_MID,shungnak,electric,2045,fall,18,ELC,ELECT,2030,ELECD,23257.49
CP_MID,shungnak,electric,2045,fall,18,HYD,GHYD_01,2030,ELC,6057.5303
CP_MID,shungnak,electric,2045,fall,18,SOL,GSOL_01,2025,ELC,317.89715
CP_MID,shungnak,electric,2045,fall,18,SOL,GSOL_01,2030,ELC,426.59307
CP_MID,shungnak,electric,2045,fall,18,SOL,GSOL_01,2035,ELC,174.1282
CP_MID,shungnak,electric,2045,fall,18,SOL,GSOL_01,2045,ELC,100.77686
CP_MID,shungnak,electric,2045,fall,18,WND,GWND_01,2030,ELC,5206.7167
CP_MID,shungnak,electric,2045,fall,18,WND,GWND_01,2035,ELC,5206.7167
CP_MID,shungnak,electric,2045,fall,18,WND,GWND_01,2040,ELC,2603.3583
CP_MID,shungnak,electric,2045,fall,19,ELC,ELECT,2040,ELECD,18201.514
CP_MID,shungnak,electric,2045,fall,19,HYD,GHYD_01,2030,ELC,6057.5303
CP_MID,shungnak,electric,2045,fall,19,SOL,GSOL_01,2025,ELC,78.1993
CP_MID,shungnak,electric,2045,fall,19,SOL,GSOL_01,2030,ELC,104.93733
CP_MID,shungnak,electric,2045,fall,19,SOL,GSOL_01,2035,ELC,42.833674
CP_MID,shungnak,electric,2045,fall,19,SOL,GSOL_01,2045,ELC,24.790029
CP_MID,shungnak,electric,2045,fall,19,WND,GWND_01,2030,ELC,5146.4918
CP_MID,shungnak,electric,2045,fall,19,WND,GWND_01,2035,ELC,5146.4918
CP_MID,shungnak,electric,2045,fall,19,WND,GWND_01,2040,ELC,2573.2459
CP_MID,shungnak,electric,2045,fall,2,ELC,ELECT,2035,ELECD,16785.841
CP_MID,shungnak,electric,2045,fall,2,HYD,GHYD_01,2030,ELC,6057.5303
CP_MID,shungnak,electric,2045,fall,2,WND,GWND_01,2030,ELC,5560.7661
CP_MID,shungnak,electric,2045,fall,2,WND,GWND_01,2035,ELC,5560.7661
CP_MID,shungnak,electric,2045,fall,2,WND,GWND_01,2040,ELC,2780.3831
CP_MID,shungnak,electric,2045,fall,20,ELC,EBATT_01,2045,ELC,4157.689
CP_MID,shungnak,electric,2045,fall,20,ELC,ELECT,2030,ELECD,23257.49
CP_MID,shungnak,electric,2045,fall,20,HYD,GHYD_01,2030,ELC,6057.5303
CP_MID,shungnak,electric,2045,fall,20,SOL,GSOL_01,2025,ELC,5.0999543
CP_MID,shungnak,electric,2045,fall,20,SOL,GSOL_01,2030,ELC,6.843739
CP_MID,shungnak,electric,2045,fall,20,SOL,GSOL_01,2035,ELC,2.7935005
CP_MID,shungnak,electric,2045,fall,20,SOL,GSOL_01,2045,ELC,1.616741
CP_MID,shungnak,electric,2045,fall,20,WND,GWND_01,2030,ELC,5210.3667
CP_MID,shungnak,electric,2045,fall,20,WND,GWND_01,2035,ELC,5210.3667
CP_MID,shungnak,electric,2045,fall,20,WND,GWND_01,2040,ELC,2605.1833
CP_MID,shungnak,electric,2045,fall,21,ELC,EBATT_01,2045,ELC,3733.1594
CP_MID,shungnak,electric,2045,fall,21,ELC,ELECT,2045,ELECD,22246.295
CP_MID,shungnak,electric,2045,fall,21,HYD,GHYD_01,2030,ELC,6057.5303
CP_MID,shungnak,electric,2045,fall,21,WND,GWND_01,2030,ELC,4982.242
CP_MID,shungnak,electric,2045,fall,21,WND,GWND_01,2035,ELC,4982.242
CP_MID,shungnak,electric,2045,fall,21,WND,GWND_01,2040,ELC,2491.121
CP_MID,shungnak,electric,2045,fall,22,ELC,EBATT_01,2045,ELC,1307.6858
CP_MID,shungnak,electric,2045,fall,22,ELC,ELECT,2040,ELECD,20628.382
CP_MID,shungnak,electric,2045,fall,22,HYD,GHYD_01,2030,ELC,6057.5303
CP_MID,shungnak,electric,2045,fall,22,WND,GWND_01,2030,ELC,5305.2665
CP_MID,shungnak,electric,2045,fall,22,WND,GWND_01,2035,ELC,5305.2665
CP_MID,shungnak,electric,2045,fall,22,WND,GWND_01,2040,ELC,2652.6333
CP_MID,shungnak,electric,2045,fall,23,ELC,EBATT_01,2045,ELC,147.51209
CP_MID,shungnak,electric,2045,fall,23,ELC,ELECT,2030,ELECD,19212.709
CP_MID,shungnak,electric,2045,fall,23,HYD,GHYD_01,2030,ELC,6057.5303
CP_MID,shungnak,electric,2045,fall,23,WND,GWND_01,2030,ELC,5203.0667
CP_MID,shungnak,electric,2045,fall,23,WND,GWND_01,2035,ELC,5203.0667
CP_MID,shungnak,electric,2045,fall,23,WND,GWND_01,2040,ELC,2601.5333
CP_MID,shungnak,electric,2045,fall,3,ELC,ELECT,2035,ELECD,16583.602
CP_MID,shungnak,electric,2045,fall,3,HYD,GHYD_01,2030,ELC,6057.5303
CP_MID,shungnak,electric,2045,fall,3,WND,GWND_01,2030,ELC,5485.9412
CP_MID,shungnak,electric,2045,fall,3,WND,GWND_01,2035,ELC,5485.9412
CP_MID,shungnak,electric,2045,fall,3,WND,GWND_01,2040,ELC,2742.9706
CP_MID,shungnak,electric,2045,fall,4,ELC,ELECT,2035,ELECD,16179.123
CP_MID,shungnak,electric,2045,fall,4,HYD,GHYD_01,2030,ELC,6057.5303
CP_MID,shungnak,electric,2045,fall,4,WND,GWND_01,2030,ELC,5330.8165
CP_MID,shungnak,electric,2045,fall,4,WND,GWND_01,2035,ELC,5330.8165
CP_MID,shungnak,electric,2045,fall,4,WND,GWND_01,2040,ELC,2665.4082
CP_MID,shungnak,electric,2045,fall,5,ELC,ELECT,2030,ELECD,16583.602
CP_MID,shungnak,electric,2045,fall,5,HYD,GHYD_01,2030,ELC,6057.5303
CP_MID,shungnak,electric,2045,fall,5,WND,GWND_01,2030,ELC,5516.9662
CP_MID,shungnak,electric,2045,fall,5,WND,GWND_01,2035,ELC,5516.9662
CP_MID,shungnak,electric,2045,fall,5,WND,GWND_01,2040,ELC,2758.4831
CP_MID,shungnak,electric,2045,fall,6,ELC,ELECT,2035,ELECD,17797.036
CP_MID,shungnak,electric,2045,fall,6,HYD,GHYD_01,2030,ELC,6057.5303
CP_MID,shungnak,electric,2045,fall,6,WND,GWND_01,2030,ELC,5418.4163
CP_MID,shungnak,electric,2045,fall,6,WND,GWND_01,2035,ELC,5418.4163
CP_MID,shungnak,electric,2045,fall,6,WND,GWND_01,2040,ELC,2709.2082
CP_MID,shungnak,electric,2045,fall,7,ELC,ELECT,2035,ELECD,19414.948
CP_MID,shungnak,electric,2045,fall,7,HYD,GHYD_01,2030,ELC,6057.5303
CP_MID,shungnak,electric,2045,fall,7,SOL,GSOL_01,2025,ELC,30.599726
CP_MID,shungnak,electric,2045,fall,7,SOL,GSOL_01,2030,ELC,41.062434
CP_MID,shungnak,electric,2045,fall,7,SOL,GSOL_01,2035,ELC,16.761003
CP_MID,shungnak,electric,2045,fall,7,SOL,GSOL_01,2045,ELC,9.7004462
CP_MID,shungnak,electric,2045,fall,7,WND,GWND_01,2030,ELC,5401.9914
CP_MID,shungnak,electric,2045,fall,7,WND,GWND_01,2035,ELC,5401.9914
CP_MID,shungnak,electric,2045,fall,7,WND,GWND_01,2040,ELC,2700.9957
CP_MID,shungnak,electric,2045,fall,8,ELC,EBATT_01,2040,ELC,4072.3658
CP_MID,shungnak,electric,2045,fall,8,ELC,ELECT,2045,ELECD,24875.402
CP_MID,shungnak,electric,2045,fall,8,HYD,GHYD_01,2030,ELC,6057.5303
CP_MID,shungnak,electric,2045,fall,8,SOL,GSOL_01,2025,ELC,295.79735
CP_MID,shungnak,electric,2045,fall,8,SOL,GSOL_01,2030,ELC,396.93686
CP_MID,shungnak,electric,2045,fall,8,SOL,GSOL_01,2035,ELC,162.02303
CP_MID,shungnak,electric,2045,fall,8,SOL,GSOL_01,2045,ELC,93.77098
CP_MID,shungnak,electric,2045,fall,8,WND,GWND_01,2030,ELC,5518.7912
CP_MID,shungnak,electric,2045,fall,8,WND,GWND_01,2035,ELC,5518.7912
CP_MID,shungnak,electric,2045,fall,8,WND,GWND_01,2040,ELC,2759.3956
CP_MID,shungnak,electric,2045,fall,9,ELC,EBATT_01,2045,ELC,3518.5816
CP_MID,shungnak,electric,2045,fall,9,ELC,ELECT,2035,ELECD,24875.402
CP_MID,shungnak,electric,2045,fall,9,HYD,GHYD_01,2030,ELC,6057.5303
CP_MID,shungnak,electric,2045,fall,9,SOL,GSOL_01,2025,ELC,630.69435
CP_MID,shungnak,electric,2045,fall,9,SOL,GSOL_01,2030,ELC,846.3424
CP_MID,shungnak,electric,2045,fall,9,SOL,GSOL_01,2035,ELC,345.46289
CP_MID,shungnak,electric,2045,fall,9,SOL,GSOL_01,2045,ELC,199.93698
CP_MID,shungnak,electric,2045,fall,9,WND,GWND_01,2030,ELC,5310.7415
CP_MID,shungnak,electric,2045,fall,9,WND,GWND_01,2035,ELC,5310.7415
CP_MID,shungnak,electric,2045,fall,9,WND,GWND_01,2040,ELC,2655.3708
CP_MID,shungnak,electric,2045,spring,0,ELC,EBATT_01,2045,ELC,1522.5299
CP_MID,shungnak,electric,2045,spring,0,ELC,ELECT,2030,ELECD,18403.753
CP_MID,shungnak,electric,2045,spring,0,HYD,GHYD_01,2030,ELC,4270.4932
CP_MID,shungnak,electric,2045,spring,0,WND,GWND_01,2030,ELC,5044.2919
CP_MID,shungnak,electric,2045,spring,0,WND,GWND_01,2035,ELC,5044.2919
CP_MID,shungnak,electric,2045,spring,0,WND,GWND_01,2040,ELC,2522.146
CP_MID,shungnak,electric,2045,spring,1,ELC,EBATT_01,2040,ELC,1501.5046
CP_MID,shungnak,electric,2045,spring,1,ELC,EBATT_01,2045,ELC,66.650243
CP_MID,shungnak,electric,2045,spring,1,ELC,ELECT,2045,ELECD,18403.753
CP_MID,shungnak,electric,2045,spring,1,HYD,GHYD_01,2030,ELC,4270.4932
CP_MID,shungnak,electric,2045,spring,1,WND,GWND_01,2030,ELC,5026.042
CP_MID,shungnak,electric,2045,spring,1,WND,GWND_01,2035,ELC,5026.042
CP_MID,shungnak,electric,2045,spring,1,WND,GWND_01,2040,ELC,2513.021
CP_MID,shungnak,electric,2045,spring,10,ELC,ELECT,2040,ELECD,26897.793
CP_MID,shungnak,electric,2045,spring,10,HYD,GHYD_01,2030,ELC,4270.4932
CP_MID,shungnak,electric,2045,spring,10,SOL,GSOL_01,2025,ELC,6034.946
CP_MID,shungnak,electric,2045,spring,10,SOL,GSOL_01,2030,ELC,8098.4245
CP_MID,shungnak,electric,2045,spring,10,SOL,GSOL_01,2035,ELC,3305.6422
CP_MID,shungnak,electric,2045,spring,10,SOL,GSOL_01,2045,ELC,1913.1436
CP_MID,shungnak,electric,2045,spring,10,WND,GWND_01,2030,ELC,5004.142
CP_MID,shungnak,electric,2045,spring,10,WND,GWND_01,2035,ELC,5004.142
CP_MID,shungnak,electric,2045,spring,10,WND,GWND_01,2040,ELC,2502.071
CP_MID,shungnak,electric,2045,spring,11,ELC,ELECT,2045,ELECD,27504.51
CP_MID,shungnak,electric,2045,spring,11,HYD,GHYD_01,2030,ELC,4270.4932
CP_MID,shungnak,electric,2045,spring,11,SOL,GSOL_01,2025,ELC,7507.1328
CP_MID,shungnak,electric,2045,spring,11,SOL,GSOL_01,2030,ELC,10073.984
CP_MID,shungnak,electric,2045,spring,11,SOL,GSOL_01,2035,ELC,4112.0327
CP_MID,shungnak,electric,2045,spring,11,SOL,GSOL_01,2045,ELC,2379.8428
CP_MID,shungnak,electric,2045,spring,11,WND,GWND_01,2030,ELC,4730.3924
CP_MID,shungnak,electric,2045,spring,11,WND,GWND_01,2035,ELC,4730.3924
CP_MID,shungnak,electric,2045,spring,11,WND,GWND_01,2040,ELC,2365.1962
CP_MID,shungnak,electric,2045,spring,12,ELC,ELECT,2035,ELECD,26088.837
CP_MID,shungnak,electric,2045,spring,12,HYD,GHYD_01,2030,ELC,4270.4932
CP_MID,shungnak,electric,2045,spring,12,SOL,GSOL_01,2025,ELC,8202.4266
CP_MID,shungnak,electric,2045,spring,12,SOL,GSOL_01,2030,ELC,11007.014
CP_MID,shungnak,electric,2045,spring,12,SOL,GSOL_01,2035,ELC,4492.8799
CP_MID,shungnak,electric,2045,spring,12,SOL,GSOL_01,2045,ELC,2600.2585
CP_MID,shungnak,electric,2045,spring,12,WND,GWND_01,2030,ELC,4449.3429
CP_MID,shungnak,electric,2045,spring,12,WND,GWND_01,2035,ELC,4449.3429
CP_MID,shungnak,electric,2045,spring,12,WND,GWND_01,2040,ELC,2224.6714
CP_MID,shungnak,electric,2045,spring,13,ELC,ELECT,2030,ELECD,25077.641
CP_MID,shungnak,electric,2045,spring,13,HYD,GHYD_01,2030,ELC,4270.4932
CP_MID,shungnak,electric,2045,spring,13,SOL,GSOL_01,2025,ELC,8622.3228
CP_MID,shungnak,electric,2045,spring,13,SOL,GSOL_01,2030,ELC,11570.481
CP_MID,shungnak,electric,2045,spring,13,SOL,GSOL_01,2035,ELC,4722.8781
CP_MID,shungnak,electric,2045,spring,13,SOL,GSOL_01,2045,ELC,2733.3702
CP_MID,shungnak,electric,2045,spring,13,WND,GWND_01,2030,ELC,3900.0188
CP_MID,shungnak,electric,2045,spring,13,WND,GWND_01,2035,ELC,3900.0188
CP_MID,shungnak,electric,2045,spring,13,WND,GWND_01,2040,ELC,1950.0094
CP_MID,shungnak,electric,2045,spring,14,ELC,ELECT,2030,ELECD,25482.119
CP_MID,shungnak,electric,2045,spring,14,HYD,GHYD_01,2030,ELC,4270.4932
CP_MID,shungnak,electric,2045,spring,14,SOL,GSOL_01,2025,ELC,8588.3231
CP_MID,shungnak,electric,2045,spring,14,SOL,GSOL_01,2030,ELC,11524.857
CP_MID,shungnak,electric,2045,spring,14,SOL,GSOL_01,2035,ELC,4704.2548
CP_MID,shungnak,electric,2045,spring,14,SOL,GSOL_01,2045,ELC,2722.5919
CP_MID,shungnak,electric,2045,spring,14,WND,GWND_01,2030,ELC,3611.6692
CP_MID,shungnak,electric,2045,spring,14,WND,GWND_01,2035,ELC,3611.6692
CP_MID,shungnak,electric,2045,spring,14,WND,GWND_01,2040,ELC,1805.8346
CP_MID,shungnak,electric,2045,spring,15,ELC,ELECT,2030,ELECD,25279.88
CP_MID,shungnak,electric,2045,spring,15,HYD,GHYD_01,2030,ELC,4270.4932
CP_MID,shungnak,electric,2045,spring,15,SOL,GSOL_01,2025,ELC,8088.5276
CP_MID,shungnak,electric,2045,spring,15,SOL,GSOL_01,2030,ELC,10854.17
CP_MID,shungnak,electric,2045,spring,15,SOL,GSOL_01,2035,ELC,4430.4917
CP_MID,shungnak,electric,2045,spring,15,SOL,GSOL_01,2045,ELC,2564.1513
CP_MID,shungnak,electric,2045,spring,15,WND,GWND_01,2030,ELC,3691.9691
CP_MID,shungnak,electric,2045,spring,15,WND,GWND_01,2035,ELC,3691.9691
CP_MID,shungnak,electric,2045,spring,15,WND,GWND_01,2040,ELC,1845.9845
CP_MID,shungnak,electric,2045,spring,16,ELC,ELECT,2030,ELECD,26493.315
CP_MID,shungnak,electric,2045,spring,16,HYD,GHYD_01,2030,ELC,4270.4932
CP_MID,shungnak,electric,2045,spring,16,SOL,GSOL_01,2025,ELC,7024.3371
CP_MID,shungnak,electric,2045,spring,16,SOL,GSOL_01,2030,ELC,9426.1099
CP_MID,shungnak,electric,2045,spring,16,SOL,GSOL_01,2035,ELC,3847.5813
CP_MID,shungnak,electric,2045,spring,16,SOL,GSOL_01,2045,ELC,2226.7913
CP_MID,shungnak,electric,2045,spring,16,WND,GWND_01,2030,ELC,3989.4436
CP_MID,shungnak,electric,2045,spring,16,WND,GWND_01,2035,ELC,3989.4436
CP_MID,shungnak,electric,2045,spring,16,WND,GWND_01,2040,ELC,1994.7218
CP_MID,shungnak,electric,2045,spring,17,ELC,ELECT,2040,ELECD,26493.315
CP_MID,shungnak,electric,2045,spring,17,HYD,GHYD_01,2030,ELC,4270.4932
CP_MID,shungnak,electric,2045,spring,17,SOL,GSOL_01,2025,ELC,5234.2531
CP_MID,shungnak,electric,2045,spring,17,SOL,GSOL_01,2030,ELC,7023.9575
CP_MID,shungnak,electric,2045,spring,17,SOL,GSOL_01,2035,ELC,2867.0626
CP_MID,shungnak,electric,2045,spring,17,SOL,GSOL_01,2045,ELC,1659.3152
CP_MID,shungnak,electric,2045,spring,17,WND,GWND_01,2030,ELC,4044.1935
CP_MID,shungnak,electric,2045,spring,17,WND,GWND_01,2035,ELC,4044.1935
CP_MID,shungnak,electric,2045,spring,17,WND,GWND_01,2040,ELC,2022.0968
CP_MID,shungnak,electric,2045,spring,18,ELC,EBATT_01,2040,ELC,214.26733
CP_MID,shungnak,electric,2045,spring,18,ELC,ELECT,2045,ELECD,25077.641
CP_MID,shungnak,electric,2045,spring,18,HYD,GHYD_01,2030,ELC,4270.4932
CP_MID,shungnak,electric,2045,spring,18,SOL,GSOL_01,2025,ELC,3172.1716
CP_MID,shungnak,electric,2045,spring,18,SOL,GSOL_01,2030,ELC,4256.8057
CP_MID,shungnak,electric,2045,spring,18,SOL,GSOL_01,2035,ELC,1737.5573
CP_MID,shungnak,electric,2045,spring,18,SOL,GSOL_01,2045,ELC,1005.6129
CP_MID,shungnak,electric,2045,spring,18,WND,GWND_01,2030,ELC,4168.2933
CP_MID,shungnak,electric,2045,spring,18,WND,GWND_01,2035,ELC,4168.2933
CP_MID,shungnak,electric,2045,spring,18,WND,GWND_01,2040,ELC,2084.1467
CP_MID,shungnak,electric,2045,spring,19,ELC,EBATT_01,2035,ELC,4840.7441
CP_MID,shungnak,electric,2045,spring,19,ELC,ELECT,2040,ELECD,24268.685
CP_MID,shungnak,electric,2045,spring,19,HYD,GHYD_01,2030,ELC,4270.4932
CP_MID,shungnak,electric,2045,spring,19,SOL,GSOL_01,2025,ELC,1380.3876
CP_MID,shungnak,electric,2045,spring,19,SOL,GSOL_01,2030,ELC,1852.372
CP_MID,shungnak,electric,2045,spring,19,SOL,GSOL_01,2035,ELC,756.10746
CP_MID,shungnak,electric,2045,spring,19,SOL,GSOL_01,2045,ELC,437.59791
CP_MID,shungnak,electric,2045,spring,19,WND,GWND_01,2030,ELC,4292.3931
CP_MID,shungnak,electric,2045,spring,19,WND,GWND_01,2035,ELC,4292.3931
CP_MID,shungnak,electric,2045,spring,19,WND,GWND_01,2040,ELC,2146.1966
CP_MID,shungnak,electric,2045,spring,2,ELC,EBATT_01,2045,ELC,1051.1982
CP_MID,shungnak,electric,2045,spring,2,ELC,ELECT,2040,ELECD,17594.797
CP_MID,shungnak,electric,2045,spring,2,HYD,GHYD_01,2030,ELC,4270.4932
CP_MID,shungnak,electric,2045,spring,2,WND,GWND_01,2030,ELC,4909.2421
CP_MID,shungnak,electric,2045,spring,2,WND,GWND_01,2035,ELC,4909.2421
CP_MID,shungnak,electric,2045,spring,2,WND,GWND_01,2040,ELC,2454.6211
CP_MID,shungnak,electric,2045,spring,20,ELC,EBATT_01,2035,ELC,7823.8281
CP_MID,shungnak,electric,2045,spring,20,ELC,ELECT,2030,ELECD,25077.641
CP_MID,shungnak,electric,2045,spring,20,HYD,GHYD_01,2030,ELC,4270.4932
CP_MID,shungnak,electric,2045,spring,20,SOL,GSOL_01,2025,ELC,503.19549
CP_MID,shungnak,electric,2045,spring,20,SOL,GSOL_01,2030,ELC,675.24892
CP_MID,shungnak,electric,2045,spring,20,SOL,GSOL_01,2035,ELC,275.62538
CP_MID,shungnak,electric,2045,spring,20,SOL,GSOL_01,2045,ELC,159.51845
CP_MID,shungnak,electric,2045,spring,20,WND,GWND_01,2030,ELC,4547.8927
CP_MID,shungnak,electric,2045,spring,20,WND,GWND_01,2035,ELC,4547.8927
CP_MID,shungnak,electric,2045,spring,20,WND,GWND_01,2040,ELC,2273.9464
CP_MID,shungnak,electric,2045,spring,21,ELC,EBATT_01,2035,ELC,7601.3984
CP_MID,shungnak,electric,2045,spring,21,ELC,ELECT,2035,ELECD,23661.968
CP_MID,shungnak,electric,2045,spring,21,HYD,GHYD_01,2030,ELC,4270.4932
CP_MID,shungnak,electric,2045,spring,21,SOL,GSOL_01,2025,ELC,219.29804
CP_MID,shungnak,electric,2045,spring,21,SOL,GSOL_01,2030,ELC,294.28078
CP_MID,shungnak,electric,2045,spring,21,SOL,GSOL_01,2035,ELC,120.12052
CP_MID,shungnak,electric,2045,spring,21,SOL,GSOL_01,2045,ELC,69.519865
CP_MID,shungnak,electric,2045,spring,21,WND,GWND_01,2030,ELC,4434.7429
CP_MID,shungnak,electric,2045,spring,21,WND,GWND_01,2035,ELC,4434.7429
CP_MID,shungnak,electric,2045,spring,21,WND,GWND_01,2040,ELC,2217.3715
CP_MID,shungnak,electric,2045,spring,22,ELC,EBATT_01,2035,ELC,6138.712
CP_MID,shungnak,electric,2045,spring,22,ELC,ELECT,2035,ELECD,23055.251
CP_MID,shungnak,electric,2045,spring,22,HYD,GHYD_01,2030,ELC,4270.4932
CP_MID,shungnak,electric,2045,spring,22,SOL,GSOL_01,2025,ELC,84.999239
CP_MID,shungnak,electric,2045,spring,22,SOL,GSOL_01,2030,ELC,114.06232
CP_MID,shungnak,electric,2045,spring,22,SOL,GSOL_01,2035,ELC,46.558341
CP_MID,shungnak,electric,2045,spring,22,SOL,GSOL_01,2045,ELC,26.945684
CP_MID,shungnak,electric,2045,spring,22,WND,GWND_01,2030,ELC,4949.3921
CP_MID,shungnak,electric,2045,spring,22,WND,GWND_01,2035,ELC,4949.3921
CP_MID,shungnak,electric,2045,spring,22,WND,GWND_01,2040,ELC,2474.696
CP_MID,shungnak,electric,2045,spring,23,ELC,EBATT_01,2035,ELC,4498.8176
CP_MID,shungnak,electric,2045,spring,23,ELC,ELECT,2035,ELECD,21437.339
CP_MID,shungnak,electric,2045,spring,23,HYD,GHYD_01,2030,ELC,4270.4932
CP_MID,shungnak,electric,2045,spring,23,SOL,GSOL_01,2025,ELC,13.599878
CP_MID,shungnak,electric,2045,spring,23,SOL,GSOL_01,2030,ELC,18.249971
CP_MID,shungnak,electric,2045,spring,23,SOL,GSOL_01,2035,ELC,7.4493346
CP_MID,shungnak,electric,2045,spring,23,SOL,GSOL_01,2045,ELC,4.3113094
CP_MID,shungnak,electric,2045,spring,23,WND,GWND_01,2030,ELC,5049.7669
CP_MID,shungnak,electric,2045,spring,23,WND,GWND_01,2035,ELC,5049.7669
CP_MID,shungnak,electric,2045,spring,23,WND,GWND_01,2040,ELC,2524.8835
CP_MID,shungnak,electric,2045,spring,3,ELC,EBATT_01,2045,ELC,439.82419
CP_MID,shungnak,electric,2045,spring,3,ELC,ELECT,2030,ELECD,17594.797
CP_MID,shungnak,electric,2045,spring,3,HYD,GHYD_01,2030,ELC,4270.4932
CP_MID,shungnak,electric,2045,spring,3,WND,GWND_01,2030,ELC,5153.7918
CP_MID,shungnak,electric,2045,spring,3,WND,GWND_01,2035,ELC,5153.7918
CP_MID,shungnak,electric,2045,spring,3,WND,GWND_01,2040,ELC,2576.8959
CP_MID,shungnak,electric,2045,spring,4,ELC,ELECT,2040,ELECD,17797.036
CP_MID,shungnak,electric,2045,spring,4,HYD,GHYD_01,2030,ELC,4270.4932
CP_MID,shungnak,electric,2045,spring,4,SOL,GSOL_01,2025,ELC,20.399817
CP_MID,shungnak,electric,2045,spring,4,SOL,GSOL_01,2030,ELC,27.374956
CP_MID,shungnak,electric,2045,spring,4,SOL,GSOL_01,2035,ELC,11.174002
CP_MID,shungnak,electric,2045,spring,4,SOL,GSOL_01,2045,ELC,6.4669642
CP_MID,shungnak,electric,2045,spring,4,WND,GWND_01,2030,ELC,5407.4663
CP_MID,shungnak,electric,2045,spring,4,WND,GWND_01,2035,ELC,5407.4663
CP_MID,shungnak,electric,2045,spring,4,WND,GWND_01,2040,ELC,2703.7332
CP_MID,shungnak,electric,2045,spring,5,ELC,ELECT,2040,ELECD,18201.514
CP_MID,shungnak,electric,2045,spring,5,HYD,GHYD_01,2030,ELC,4270.4932
CP_MID,shungnak,electric,2045,spring,5,SOL,GSOL_01,2025,ELC,90.099193
CP_MID,shungnak,electric,2045,spring,5,SOL,GSOL_01,2030,ELC,120.90606
CP_MID,shungnak,electric,2045,spring,5,SOL,GSOL_01,2035,ELC,49.351842
CP_MID,shungnak,electric,2045,spring,5,SOL,GSOL_01,2045,ELC,28.562425
CP_MID,shungnak,electric,2045,spring,5,WND,GWND_01,2030,ELC,5646.541
CP_MID,shungnak,electric,2045,spring,5,WND,GWND_01,2035,ELC,5646.541
CP_MID,shungnak,electric,2045,spring,5,WND,GWND_01,2040,ELC,2823.2705
CP_MID,shungnak,electric,2045,spring,6,ELC,ELECT,2045,ELECD,18605.992
CP_MID,shungnak,electric,2045,spring,6,HYD,GHYD_01,2030,ELC,4270.4932
CP_MID,shungnak,electric,2045,spring,6,SOL,GSOL_01,2025,ELC,302.59729
CP_MID,shungnak,electric,2045,spring,6,SOL,GSOL_01,2030,ELC,406.06185
CP_MID,shungnak,electric,2045,spring,6,SOL,GSOL_01,2035,ELC,165.74769
CP_MID,shungnak,electric,2045,spring,6,SOL,GSOL_01,2045,ELC,95.926635
CP_MID,shungnak,electric,2045,spring,6,WND,GWND_01,2030,ELC,5701.2909
CP_MID,shungnak,electric,2045,spring,6,WND,GWND_01,2035,ELC,5701.2909
CP_MID,shungnak,electric,2045,spring,6,WND,GWND_01,2040,ELC,2850.6454
CP_MID,shungnak,electric,2045,spring,7,ELC,ELECT,2045,ELECD,20426.143
CP_MID,shungnak,electric,2045,spring,7,HYD,GHYD_01,2030,ELC,4270.4932
CP_MID,shungnak,electric,2045,spring,7,SOL,GSOL_01,2025,ELC,972.39129
CP_MID,shungnak,electric,2045,spring,7,SOL,GSOL_01,2030,ELC,1304.8729
CP_MID,shungnak,electric,2045,spring,7,SOL,GSOL_01,2035,ELC,532.62742
CP_MID,shungnak,electric,2045,spring,7,SOL,GSOL_01,2045,ELC,308.25862
CP_MID,shungnak,electric,2045,spring,7,WND,GWND_01,2030,ELC,5469.5162
CP_MID,shungnak,electric,2045,spring,7,WND,GWND_01,2035,ELC,5469.5162
CP_MID,shungnak,electric,2045,spring,7,WND,GWND_01,2040,ELC,2734.7581
CP_MID,shungnak,electric,2045,spring,8,ELC,ELECT,2045,ELECD,24268.685
CP_MID,shungnak,electric,2045,spring,8,HYD,GHYD_01,2030,ELC,4270.4932
CP_MID,shungnak,electric,2045,spring,8,SOL,GSOL_01,2025,ELC,2264.3797
CP_MID,shungnak,electric,2045,spring,8,SOL,GSOL_01,2030,ELC,3038.6201
CP_MID,shungnak,electric,2045,spring,8,SOL,GSOL_01,2035,ELC,1240.3142
CP_MID,shungnak,electric,2045,spring,8,SOL,GSOL_01,2045,ELC,717.83302
CP_MID,shungnak,electric,2045,spring,8,WND,GWND_01,2030,ELC,5695.8159
CP_MID,shungnak,electric,2045,spring,8,WND,GWND_01,2035,ELC,5695.8159
CP_MID,shungnak,electric,2045,spring,8,WND,GWND_01,2040,ELC,2847.9079
CP_MID,shungnak,electric,2045,spring,9,ELC,ELECT,2045,ELECD,24875.402
CP_MID,shungnak,electric,2045,spring,9,HYD,GHYD_01,2030,ELC,4270.4932
CP_MID,shungnak,electric,2045,spring,9,SOL,GSOL_01,2025,ELC,4188.7625
CP_MID,shungnak,electric,2045,spring,9,SOL,GSOL_01,2030,ELC,5620.991
CP_MID,shungnak,electric,2045,spring,9,SOL,GSOL_01,2035,ELC,2294.3951
CP_MID,shungnak,electric,2045,spring,9,SOL,GSOL_01,2045,ELC,1327.8833
CP_MID,shungnak,electric,2045,spring,9,WND,GWND_01,2030,ELC,5086.2669
CP_MID,shungnak,electric,2045,spring,9,WND,GWND_01,2035,ELC,5086.2669
CP_MID,shungnak,electric,2045,spring,9,WND,GWND_01,2040,ELC,2543.1334
CP_MID,shungnak,electric,2045,summer,0,ELC,ELECT,2040,ELECD,13752.255
CP_MID,shungnak,electric,2045,summer,0,HYD,GHYD_01,2030,ELC,10853.623
CP_MID,shungnak,electric,2045,summer,0,SOL,GSOL_01,2025,ELC,16.999848
CP_MID,shungnak,electric,2045,summer,0,SOL,GSOL_01,2030,ELC,22.812463
CP_MID,shungnak,electric,2045,summer,0,SOL,GSOL_01,2035,ELC,9.3116682
CP_MID,shungnak,electric,2045,summer,0,SOL,GSOL_01,2045,ELC,5.3891368
CP_MID,shungnak,electric,2045,summer,0,WND,GWND_01,2030,ELC,1290.2729
CP_MID,shungnak,electric,2045,summer,0,WND,GWND_01,2035,ELC,1290.2729
CP_MID,shungnak,electric,2045,summer,0,WND,GWND_01,2040,ELC,645.13647
CP_MID,shungnak,electric,2045,summer,1,ELC,ELECT,2045,ELECD,12538.821
CP_MID,shungnak,electric,2045,summer,1,HYD,GHYD_01,2030,ELC,10853.623
CP_MID,shungnak,electric,2045,summer,1,WND,GWND_01,2030,ELC,1020.1734
CP_MID,shungnak,electric,2045,summer,1,WND,GWND_01,2035,ELC,1020.1734
CP_MID,shungnak,electric,2045,summer,1,WND,GWND_01,2040,ELC,510.08668
CP_MID,shungnak,electric,2045,summer,10,ELC,ELECT,2040,ELECD,15370.167
CP_MID,shungnak,electric,2045,summer,10,HYD,GHYD_01,2030,ELC,10853.623
CP_MID,shungnak,electric,2045,summer,10,SOL,GSOL_01,2025,ELC,5400.8516
CP_MID,shungnak,electric,2045,summer,10,SOL,GSOL_01,2030,ELC,7247.5197
CP_MID,shungnak,electric,2045,summer,10,SOL,GSOL_01,2035,ELC,2958.317
CP_MID,shungnak,electric,2045,summer,10,SOL,GSOL_01,2045,ELC,1712.1288
CP_MID,shungnak,electric,2045,summer,10,WND,GWND_01,2030,ELC,875.9986
CP_MID,shungnak,electric,2045,summer,10,WND,GWND_01,2035,ELC,875.9986
CP_MID,shungnak,electric,2045,summer,10,WND,GWND_01,2040,ELC,437.9993
CP_MID,shungnak,electric,2045,summer,11,ELC,ELECT,2040,ELECD,15774.645
CP_MID,shungnak,electric,2045,summer,11,HYD,GHYD_01,2030,ELC,10853.623
CP_MID,shungnak,electric,2045,summer,11,SOL,GSOL_01,2025,ELC,6448.0423
CP_MID,shungnak,electric,2045,summer,11,SOL,GSOL_01,2030,ELC,8652.7674
CP_MID,shungnak,electric,2045,summer,11,SOL,GSOL_01,2035,ELC,3531.9158
CP_MID,shungnak,electric,2045,summer,11,SOL,GSOL_01,2045,ELC,2044.0996
CP_MID,shungnak,electric,2045,summer,11,WND,GWND_01,2030,ELC,762.84878
CP_MID,shungnak,electric,2045,summer,11,WND,GWND_01,2035,ELC,762.84878
CP_MID,shungnak,electric,2045,summer,11,WND,GWND_01,2040,ELC,381.42439
CP_MID,shungnak,electric,2045,summer,12,ELC,ELECT,2035,ELECD,15370.167
CP_MID,shungnak,electric,2045,summer,12,HYD,GHYD_01,2030,ELC,10853.623
CP_MID,shungnak,electric,2045,summer,12,SOL,GSOL_01,2025,ELC,7219.8354
CP_MID,shungnak,electric,2045,summer,12,SOL,GSOL_01,2030,ELC,9688.4532
CP_MID,shungnak,electric,2045,summer,12,SOL,GSOL_01,2035,ELC,3954.6655
CP_MID,shungnak,electric,2045,summer,12,SOL,GSOL_01,2045,ELC,2288.7664
CP_MID,shungnak,electric,2045,summer,12,WND,GWND_01,2030,ELC,751.8988
CP_MID,shungnak,electric,2045,summer,12,WND,GWND_01,2035,ELC,751.8988
CP_MID,shungnak,electric,2045,summer,12,WND,GWND_01,2040,ELC,375.9494
CP_MID,shungnak,electric,2045,summer,13,ELC,ELECT,2045,ELECD,15167.928
CP_MID,shungnak,electric,2045,summer,13,HYD,GHYD_01,2030,ELC,10853.623
CP_MID,shungnak,electric,2045,summer,13,SOL,GSOL_01,2025,ELC,7593.832
CP_MID,shungnak,electric,2045,summer,13,SOL,GSOL_01,2030,ELC,10190.327
CP_MID,shungnak,electric,2045,summer,13,SOL,GSOL_01,2035,ELC,4159.5222
CP_MID,shungnak,electric,2045,summer,13,SOL,GSOL_01,2045,ELC,2407.3274
CP_MID,shungnak,electric,2045,summer,13,WND,GWND_01,2030,ELC,797.52372
CP_MID,shungnak,electric,2045,summer,13,WND,GWND_01,2035,ELC,797.52372
CP_MID,shungnak,electric,2045,summer,13,WND,GWND_01,2040,ELC,398.76186
CP_MID,shungnak,electric,2045,summer,14,ELC,ELECT,2040,ELECD,14965.689
CP_MID,shungnak,electric,2045,summer,14,HYD,GHYD_01,2030,ELC,10853.623
CP_MID,shungnak,electric,2045,summer,14,SOL,GSOL_01,2025,ELC,7804.6301
CP_MID,shungnak,electric,2045,summer,14,SOL,GSOL_01,2030,ELC,10473.202
CP_MID,shungnak,electric,2045,summer,14,SOL,GSOL_01,2035,ELC,4274.9869
CP_MID,shungnak,electric,2045,summer,14,SOL,GSOL_01,2045,ELC,2474.1527
CP_MID,shungnak,electric,2045,summer,14,WND,GWND_01,2030,ELC,865.04862
CP_MID,shungnak,electric,2045,summer,14,WND,GWND_01,2035,ELC,865.04862
CP_MID,shungnak,electric,2045,summer,14,WND,GWND_01,2040,ELC,432.52431
CP_MID,shungnak,electric,2045,summer,15,ELC,ELECT,2040,ELECD,15572.406
CP_MID,shungnak,electric,2045,summer,15,HYD,GHYD_01,2030,ELC,10853.623
CP_MID,shungnak,electric,2045,summer,15,SOL,GSOL_01,2025,ELC,7031.1371
CP_MID,shungnak,electric,2045,summer,15,SOL,GSOL_01,2030,ELC,9435.2349
CP_MID,shungnak,electric,2045,summer,15,SOL,GSOL_01,2035,ELC,3851.306
CP_MID,shungnak,electric,2045,summer,15,SOL,GSOL_01,2045,ELC,2228.947
CP_MID,shungnak,electric,2045,summer,15,WND,GWND_01,2030,ELC,766.49877
CP_MID,shungnak,electric,2045,summer,15,WND,GWND_01,2035,ELC,766.49877
CP_MID,shungnak,electric,2045,summer,15,WND,GWND_01,2040,ELC,383.24939
CP_MID,shungnak,electric,2045,summer,16,ELC,ELECT,2030,ELECD,17392.558
CP_MID,shungnak,electric,2045,summer,16,HYD,GHYD_01,2030,ELC,10853.623
CP_MID,shungnak,electric,2045,summer,16,SOL,GSOL_01,2025,ELC,6480.342
CP_MID,shungnak,electric,2045,summer,16,SOL,GSOL_01,2030,ELC,8696.1111
CP_MID,shungnak,electric,2045,summer,16,SOL,GSOL_01,2035,ELC,3549.6079
CP_MID,shungnak,electric,2045,summer,16,SOL,GSOL_01,2045,ELC,2054.3389
CP_MID,shungnak,electric,2045,summer,16,WND,GWND_01,2030,ELC,625.974
CP_MID,shungnak,electric,2045,summer,16,WND,GWND_01,2035,ELC,625.974
CP_MID,shungnak,electric,2045,summer,16,WND,GWND_01,2040,ELC,312.987
CP_MID,shungnak,electric,2045,summer,17,ELC,ELECT,2045,ELECD,17797.036
CP_MID,shungnak,electric,2045,summer,17,HYD,GHYD_01,2030,ELC,10853.623
CP_MID,shungnak,electric,2045,summer,17,SOL,GSOL_01,2025,ELC,5375.3519
CP_MID,shungnak,electric,2045,summer,17,SOL,GSOL_01,2030,ELC,7213.301
CP_MID,shungnak,electric,2045,summer,17,SOL,GSOL_01,2035,ELC,2944.3495
CP_MID,shungnak,electric,2045,summer,17,SOL,GSOL_01,2045,ELC,1704.0451
CP_MID,shungnak,electric,2045,summer,17,WND,GWND_01,2030,ELC,697.14888
CP_MID,shungnak,electric,2045,summer,17,WND,GWND_01,2035,ELC,697.14888
CP_MID,shungnak,electric,2045,summer,17,WND,GWND_01,2040,ELC,348.57444
CP_MID,shungnak,electric,2045,summer,18,ELC,ELECT,2030,ELECD,15976.884
CP_MID,shungnak,electric,2045,summer,18,HYD,GHYD_01,2030,ELC,10853.623
CP_MID,shungnak,electric,2045,summer,18,SOL,GSOL_01,2025,ELC,3833.4657
CP_MID,shungnak,electric,2045,summer,18,SOL,GSOL_01,2030,ELC,5144.2105
CP_MID,shungnak,electric,2045,summer,18,SOL,GSOL_01,2035,ELC,2099.7812
CP_MID,shungnak,electric,2045,summer,18,SOL,GSOL_01,2045,ELC,1215.2503
CP_MID,shungnak,electric,2045,summer,18,WND,GWND_01,2030,ELC,925.27352
CP_MID,shungnak,electric,2045,summer,18,WND,GWND_01,2035,ELC,925.27352
CP_MID,shungnak,electric,2045,summer,18,WND,GWND_01,2040,ELC,462.63676
CP_MID,shungnak,electric,2045,summer,19,ELC,ELECT,2030,ELECD,15572.406
CP_MID,shungnak,electric,2045,summer,19,HYD,GHYD_01,2030,ELC,10853.623
CP_MID,shungnak,electric,2045,summer,19,SOL,GSOL_01,2025,ELC,2233.78
CP_MID,shungnak,electric,2045,summer,19,SOL,GSOL_01,2030,ELC,2997.5577
CP_MID,shungnak,electric,2045,summer,19,SOL,GSOL_01,2035,ELC,1223.5532
CP_MID,shungnak,electric,2045,summer,19,SOL,GSOL_01,2045,ELC,708.13257
CP_MID,shungnak,electric,2045,summer,19,WND,GWND_01,2030,ELC,799.34872
CP_MID,shungnak,electric,2045,summer,19,WND,GWND_01,2035,ELC,799.34872
CP_MID,shungnak,electric,2045,summer,19,WND,GWND_01,2040,ELC,399.67436
CP_MID,shungnak,electric,2045,summer,2,ELC,ELECT,2030,ELECD,12336.582
CP_MID,shungnak,electric,2045,summer,2,HYD,GHYD_01,2030,ELC,10853.623
CP_MID,shungnak,electric,2045,summer,2,WND,GWND_01,2030,ELC,934.3985
CP_MID,shungnak,electric,2045,summer,2,WND,GWND_01,2035,ELC,934.3985
CP_MID,shungnak,electric,2045,summer,2,WND,GWND_01,2040,ELC,467.19925
CP_MID,shungnak,electric,2045,summer,20,ELC,ELECT,2045,ELECD,15572.406
CP_MID,shungnak,electric,2045,summer,20,HYD,GHYD_01,2030,ELC,10853.623
CP_MID,shungnak,electric,2045,summer,20,SOL,GSOL_01,2025,ELC,1157.6896
CP_MID,shungnak,electric,2045,summer,20,SOL,GSOL_01,2030,ELC,1553.5288
CP_MID,shungnak,electric,2045,summer,20,SOL,GSOL_01,2035,ELC,634.12461
CP_MID,shungnak,electric,2045,summer,20,SOL,GSOL_01,2045,ELC,367.00022
CP_MID,shungnak,electric,2045,summer,20,WND,GWND_01,2030,ELC,985.49842
CP_MID,shungnak,electric,2045,summer,20,WND,GWND_01,2035,ELC,985.49842
CP_MID,shungnak,electric,2045,summer,20,WND,GWND_01,2040,ELC,492.74921
CP_MID,shungnak,electric,2045,summer,21,ELC,ELECT,2030,ELECD,14358.972
CP_MID,shungnak,electric,2045,summer,21,HYD,GHYD_01,2030,ELC,10853.623
CP_MID,shungnak,electric,2045,summer,21,SOL,GSOL_01,2025,ELC,526.99528
CP_MID,shungnak,electric,2045,summer,21,SOL,GSOL_01,2030,ELC,707.18637
CP_MID,shungnak,electric,2045,summer,21,SOL,GSOL_01,2035,ELC,288.66172
CP_MID,shungnak,electric,2045,summer,21,SOL,GSOL_01,2045,ELC,167.06324
CP_MID,shungnak,electric,2045,summer,21,WND,GWND_01,2030,ELC,1419.8477
CP_MID,shungnak,electric,2045,summer,21,WND,GWND_01,2035,ELC,1419.8477
CP_MID,shungnak,electric,2045,summer,21,WND,GWND_01,2040,ELC,709.92386
CP_MID,shungnak,electric,2045,summer,22,ELC,ELECT,2030,ELECD,14358.972
CP_MID,shungnak,electric,2045,summer,22,HYD,GHYD_01,2030,ELC,10853.623
CP_MID,shungnak,electric,2045,summer,22,SOL,GSOL_01,2025,ELC,317.89715
CP_MID,shungnak,electric,2045,summer,22,SOL,GSOL_01,2030,ELC,426.59307
CP_MID,shungnak,electric,2045,summer,22,SOL,GSOL_01,2035,ELC,174.1282
CP_MID,shungnak,electric,2045,summer,22,SOL,GSOL_01,2045,ELC,100.77686
CP_MID,shungnak,electric,2045,summer,22,WND,GWND_01,2030,ELC,1385.1728
CP_MID,shungnak,electric,2045,summer,22,WND,GWND_01,2035,ELC,1385.1728
CP_MID,shungnak,electric,2045,summer,22,WND,GWND_01,2040,ELC,692.58639
CP_MID,shungnak,electric,2045,summer,23,ELC,ELECT,2030,ELECD,14156.733
CP_MID,shungnak,electric,2045,summer,23,HYD,GHYD_01,2030,ELC,10853.623
CP_MID,shungnak,electric,2045,summer,23,SOL,GSOL_01,2025,ELC,93.499163
CP_MID,shungnak,electric,2045,summer,23,SOL,GSOL_01,2030,ELC,125.46855
CP_MID,shungnak,electric,2045,summer,23,SOL,GSOL_01,2035,ELC,51.214175
CP_MID,shungnak,electric,2045,summer,23,SOL,GSOL_01,2045,ELC,29.640252
CP_MID,shungnak,electric,2045,summer,23,WND,GWND_01,2030,ELC,1520.2226
CP_MID,shungnak,electric,2045,summer,23,WND,GWND_01,2035,ELC,1520.2226
CP_MID,shungnak,electric,2045,summer,23,WND,GWND_01,2040,ELC,760.11128
CP_MID,shungnak,electric,2045,summer,3,ELC,ELECT,2045,ELECD,11527.625
CP_MID,shungnak,electric,2045,summer,3,HYD,GHYD_01,2030,ELC,10853.623
CP_MID,shungnak,electric,2045,summer,3,SOL,GSOL_01,2025,ELC,20.399817
CP_MID,shungnak,electric,2045,summer,3,SOL,GSOL_01,2030,ELC,27.374956
CP_MID,shungnak,electric,2045,summer,3,SOL,GSOL_01,2035,ELC,11.174002
CP_MID,shungnak,electric,2045,summer,3,SOL,GSOL_01,2045,ELC,6.4669642
CP_MID,shungnak,electric,2045,summer,3,WND,GWND_01,2030,ELC,1067.6233
CP_MID,shungnak,electric,2045,summer,3,WND,GWND_01,2035,ELC,1067.6233
CP_MID,shungnak,electric,2045,summer,3,WND,GWND_01,2040,ELC,533.81165
CP_MID,shungnak,electric,2045,summer,4,ELC,ELECT,2045,ELECD,11325.386
CP_MID,shungnak,electric,2045,summer,4,HYD,GHYD_01,2030,ELC,10853.623
CP_MID,shungnak,electric,2045,summer,4,SOL,GSOL_01,2025,ELC,130.89883
CP_MID,shungnak,electric,2045,summer,4,SOL,GSOL_01,2030,ELC,175.65597
CP_MID,shungnak,electric,2045,summer,4,SOL,GSOL_01,2035,ELC,71.699845
CP_MID,shungnak,electric,2045,summer,4,SOL,GSOL_01,2045,ELC,41.496353
CP_MID,shungnak,electric,2045,summer,4,WND,GWND_01,2030,ELC,1091.3483
CP_MID,shungnak,electric,2045,summer,4,WND,GWND_01,2035,ELC,1091.3483
CP_MID,shungnak,electric,2045,summer,4,WND,GWND_01,2040,ELC,545.67413
CP_MID,shungnak,electric,2045,summer,5,ELC,ELECT,2040,ELECD,11325.386
CP_MID,shungnak,electric,2045,summer,5,HYD,GHYD_01,2030,ELC,10853.623
CP_MID,shungnak,electric,2045,summer,5,SOL,GSOL_01,2025,ELC,253.29773
CP_MID,shungnak,electric,2045,summer,5,SOL,GSOL_01,2030,ELC,339.90571
CP_MID,shungnak,electric,2045,summer,5,SOL,GSOL_01,2035,ELC,138.74386
CP_MID,shungnak,electric,2045,summer,5,SOL,GSOL_01,2045,ELC,80.298138
CP_MID,shungnak,electric,2045,summer,5,WND,GWND_01,2030,ELC,1131.4982
CP_MID,shungnak,electric,2045,summer,5,WND,GWND_01,2035,ELC,1131.4982
CP_MID,shungnak,electric,2045,summer,5,WND,GWND_01,2040,ELC,565.74909
CP_MID,shungnak,electric,2045,summer,6,ELC,ELECT,2040,ELECD,12134.343
CP_MID,shungnak,electric,2045,summer,6,HYD,GHYD_01,2030,ELC,10853.623
CP_MID,shungnak,electric,2045,summer,6,SOL,GSOL_01,2025,ELC,642.59425
CP_MID,shungnak,electric,2045,summer,6,SOL,GSOL_01,2030,ELC,862.31112
CP_MID,shungnak,electric,2045,summer,6,SOL,GSOL_01,2035,ELC,351.98106
CP_MID,shungnak,electric,2045,summer,6,SOL,GSOL_01,2045,ELC,203.70937
CP_MID,shungnak,electric,2045,summer,6,WND,GWND_01,2030,ELC,1014.6984
CP_MID,shungnak,electric,2045,summer,6,WND,GWND_01,2035,ELC,1014.6984
CP_MID,shungnak,electric,2045,summer,6,WND,GWND_01,2040,ELC,507.34919
CP_MID,shungnak,electric,2045,summer,7,ELC,ELECT,2045,ELECD,12336.582
CP_MID,shungnak,electric,2045,summer,7,HYD,GHYD_01,2030,ELC,10853.623
CP_MID,shungnak,electric,2045,summer,7,SOL,GSOL_01,2025,ELC,1538.4862
CP_MID,shungnak,electric,2045,summer,7,SOL,GSOL_01,2030,ELC,2064.5279
CP_MID,shungnak,electric,2045,summer,7,SOL,GSOL_01,2035,ELC,842.70597
CP_MID,shungnak,electric,2045,summer,7,SOL,GSOL_01,2045,ELC,487.71688
CP_MID,shungnak,electric,2045,summer,7,WND,GWND_01,2030,ELC,843.14865
CP_MID,shungnak,electric,2045,summer,7,WND,GWND_01,2035,ELC,843.14865
CP_MID,shungnak,electric,2045,summer,7,WND,GWND_01,2040,ELC,421.57433
CP_MID,shungnak,electric,2045,summer,8,ELC,ELECT,2035,ELECD,12741.06
CP_MID,shungnak,electric,2045,summer,8,HYD,GHYD_01,2030,ELC,10853.623
CP_MID,shungnak,electric,2045,summer,8,SOL,GSOL_01,2025,ELC,3014.073
CP_MID,shungnak,electric,2045,summer,8,SOL,GSOL_01,2030,ELC,4044.6498
CP_MID,shungnak,electric,2045,summer,8,SOL,GSOL_01,2035,ELC,1650.9588
CP_MID,shungnak,electric,2045,summer,8,SOL,GSOL_01,2045,ELC,955.49395
CP_MID,shungnak,electric,2045,summer,8,WND,GWND_01,2030,ELC,866.87361
CP_MID,shungnak,electric,2045,summer,8,WND,GWND_01,2035,ELC,866.87361
CP_MID,shungnak,electric,2045,summer,8,WND,GWND_01,2040,ELC,433.43681
CP_MID,shungnak,electric,2045,summer,9,ELC,ELECT,2040,ELECD,13145.538
CP_MID,shungnak,electric,2045,summer,9,HYD,GHYD_01,2030,ELC,10853.623
CP_MID,shungnak,electric,2045,summer,9,SOL,GSOL_01,2025,ELC,4117.3631
CP_MID,shungnak,electric,2045,summer,9,SOL,GSOL_01,2030,ELC,5525.1787
CP_MID,shungnak,electric,2045,summer,9,SOL,GSOL_01,2035,ELC,2255.286
CP_MID,shungnak,electric,2045,summer,9,SOL,GSOL_01,2045,ELC,1305.2489
CP_MID,shungnak,electric,2045,summer,9,WND,GWND_01,2030,ELC,812.1237
CP_MID,shungnak,electric,2045,summer,9,WND,GWND_01,2035,ELC,812.1237
CP_MID,shungnak,electric,2045,summer,9,WND,GWND_01,2040,ELC,406.06185
CP_MID,shungnak,electric,2045,winter,0,ELC,EBATT_01,2035,ELC,8260.1821
CP_MID,shungnak,electric,2045,winter,0,ELC,ELECT,2045,ELECD,23055.251
CP_MID,shungnak,electric,2045,winter,0,HYD,GHYD_01,2030,ELC,1011.7784
CP_MID,shungnak,electric,2045,winter,0,WND,GWND_01,2030,ELC,5513.3162
CP_MID,shungnak,electric,2045,winter,0,WND,GWND_01,2035,ELC,5513.3162
CP_MID,shungnak,electric,2045,winter,0,WND,GWND_01,2040,ELC,2756.6581
CP_MID,shungnak,electric,2045,winter,1,ELC,EBATT_01,2045,ELC,7788.756
CP_MID,shungnak,electric,2045,winter,1,ELC,ELECT,2035,ELECD,22853.012
CP_MID,shungnak,electric,2045,winter,1,HYD,GHYD_01,2030,ELC,1011.7784
CP_MID,shungnak,electric,2045,winter,1,WND,GWND_01,2030,ELC,5620.991
CP_MID,shungnak,electric,2045,winter,1,WND,GWND_01,2035,ELC,5620.991
CP_MID,shungnak,electric,2045,winter,1,WND,GWND_01,2040,ELC,2810.4955
CP_MID,shungnak,electric,2045,winter,10,ELC,EBATT_01,2045,ELC,14067.83
CP_MID,shungnak,electric,2045,winter,10,ELC,ELECT,2045,ELECD,29324.661
CP_MID,shungnak,electric,2045,winter,10,HYD,GHYD_01,2030,ELC,1011.7784
CP_MID,shungnak,electric,2045,winter,10,SOL,GSOL_01,2025,ELC,193.79826
CP_MID,shungnak,electric,2045,winter,10,SOL,GSOL_01,2030,ELC,260.06208
CP_MID,shungnak,electric,2045,winter,10,SOL,GSOL_01,2035,ELC,106.15302
CP_MID,shungnak,electric,2045,winter,10,SOL,GSOL_01,2045,ELC,61.436159
CP_MID,shungnak,electric,2045,winter,10,WND,GWND_01,2030,ELC,5449.4413
CP_MID,shungnak,electric,2045,winter,10,WND,GWND_01,2035,ELC,5449.4413
CP_MID,shungnak,electric,2045,winter,10,WND,GWND_01,2040,ELC,2724.7206
CP_MID,shungnak,electric,2045,winter,11,ELC,EBATT_01,2040,ELC,13609.067
CP_MID,shungnak,electric,2045,winter,11,ELC,ELECT,2035,ELECD,30335.856
CP_MID,shungnak,electric,2045,winter,11,HYD,GHYD_01,2030,ELC,1011.7784
CP_MID,shungnak,electric,2045,winter,11,SOL,GSOL_01,2025,ELC,657.89411
CP_MID,shungnak,electric,2045,winter,11,SOL,GSOL_01,2030,ELC,882.84234
CP_MID,shungnak,electric,2045,winter,11,SOL,GSOL_01,2035,ELC,360.36156
CP_MID,shungnak,electric,2045,winter,11,SOL,GSOL_01,2045,ELC,208.55959
CP_MID,shungnak,electric,2045,winter,11,WND,GWND_01,2030,ELC,5442.1413
CP_MID,shungnak,electric,2045,winter,11,WND,GWND_01,2035,ELC,5442.1413
CP_MID,shungnak,electric,2045,winter,11,WND,GWND_01,2040,ELC,2721.0706
CP_MID,shungnak,electric,2045,winter,12,ELC,EBATT_01,2040,ELC,11028.037
CP_MID,shungnak,electric,2045,winter,12,ELC,ELECT,2030,ELECD,29931.378
CP_MID,shungnak,electric,2045,winter,12,HYD,GHYD_01,2030,ELC,1011.7784
CP_MID,shungnak,electric,2045,winter,12,SOL,GSOL_01,2025,ELC,1164.4896
CP_MID,shungnak,electric,2045,winter,12,SOL,GSOL_01,2030,ELC,1562.6537
CP_MID,shungnak,electric,2045,winter,12,SOL,GSOL_01,2035,ELC,637.84927
CP_MID,shungnak,electric,2045,winter,12,SOL,GSOL_01,2045,ELC,369.15587
CP_MID,shungnak,electric,2045,winter,12,WND,GWND_01,2030,ELC,5662.9659
CP_MID,shungnak,electric,2045,winter,12,WND,GWND_01,2035,ELC,5662.9659
CP_MID,shungnak,electric,2045,winter,12,WND,GWND_01,2040,ELC,2831.483
CP_MID,shungnak,electric,2045,winter,13,ELC,EBATT_01,2035,ELC,2068.6898
CP_MID,shungnak,electric,2045,winter,13,ELC,EBATT_01,2040,ELC,6484.2471
CP_MID,shungnak,electric,2045,winter,13,ELC,ELECT,2045,ELECD,29122.422
CP_MID,shungnak,electric,2045,winter,13,HYD,GHYD_01,2030,ELC,1011.7784
CP_MID,shungnak,electric,2045,winter,13,SOL,GSOL_01,2025,ELC,1497.6866
CP_MID,shungnak,electric,2045,winter,13,SOL,GSOL_01,2030,ELC,2009.778
CP_MID,shungnak,electric,2045,winter,13,SOL,GSOL_01,2035,ELC,820.35797
CP_MID,shungnak,electric,2045,winter,13,SOL,GSOL_01,2045,ELC,474.78295
CP_MID,shungnak,electric,2045,winter,13,WND,GWND_01,2030,ELC,5902.0406
CP_MID,shungnak,electric,2045,winter,13,WND,GWND_01,2035,ELC,5902.0406
CP_MID,shungnak,electric,2045,winter,13,WND,GWND_01,2040,ELC,2951.0203
CP_MID,shungnak,electric,2045,winter,14,ELC,EBATT_01,2035,ELC,8702.0098
CP_MID,shungnak,electric,2045,winter,14,ELC,ELECT,2035,ELECD,28920.183
CP_MID,shungnak,electric,2045,winter,14,HYD,GHYD_01,2030,ELC,1011.7784
CP_MID,shungnak,electric,2045,winter,14,SOL,GSOL_01,2025,ELC,1497.6866
CP_MID,shungnak,electric,2045,winter,14,SOL,GSOL_01,2030,ELC,2009.778
CP_MID,shungnak,electric,2045,winter,14,SOL,GSOL_01,2035,ELC,820.35797
CP_MID,shungnak,electric,2045,winter,14,SOL,GSOL_01,2045,ELC,474.78295
CP_MID,shungnak,electric,2045,winter,14,WND,GWND_01,2030,ELC,5761.5158
CP_MID,shungnak,electric,2045,winter,14,WND,GWND_01,2035,ELC,5761.5158
CP_MID,shungnak,electric,2045,winter,14,WND,GWND_01,2040,ELC,2880.7579
CP_MID,shungnak,electric,2045,winter,15,ELC,EBATT_01,2035,ELC,8234.4511
CP_MID,shungnak,electric,2045,winter,15,ELC,ELECT,2030,ELECD,27504.51
CP_MID,shungnak,electric,2045,winter,15,HYD,GHYD_01,2030,ELC,1011.7784
CP_MID,shungnak,electric,2045,winter,15,SOL,GSOL_01,2025,ELC,1106.6901
CP_MID,shungnak,electric,2045,winter,15,SOL,GSOL_01,2030,ELC,1485.0914
CP_MID,shungnak,electric,2045,winter,15,SOL,GSOL_01,2035,ELC,606.1896
CP_MID,shungnak,electric,2045,winter,15,SOL,GSOL_01,2045,ELC,350.83281
CP_MID,shungnak,electric,2045,winter,15,WND,GWND_01,2030,ELC,5883.7906
CP_MID,shungnak,electric,2045,winter,15,WND,GWND_01,2035,ELC,5883.7906
CP_MID,shungnak,electric,2045,winter,15,WND,GWND_01,2040,ELC,2941.8953
CP_MID,shungnak,electric,2045,winter,16,ELC,EBATT_01,2035,ELC,11489.052
CP_MID,shungnak,electric,2045,winter,16,ELC,ELECT,2040,ELECD,28920.183
CP_MID,shungnak,electric,2045,winter,16,HYD,GHYD_01,2030,ELC,1011.7784
CP_MID,shungnak,electric,2045,winter,16,SOL,GSOL_01,2025,ELC,600.09463
CP_MID,shungnak,electric,2045,winter,16,SOL,GSOL_01,2030,ELC,805.27996
CP_MID,shungnak,electric,2045,winter,16,SOL,GSOL_01,2035,ELC,328.70189
CP_MID,shungnak,electric,2045,winter,16,SOL,GSOL_01,2045,ELC,190.23653
CP_MID,shungnak,electric,2045,winter,16,WND,GWND_01,2030,ELC,5798.0157
CP_MID,shungnak,electric,2045,winter,16,WND,GWND_01,2035,ELC,5798.0157
CP_MID,shungnak,electric,2045,winter,16,WND,GWND_01,2040,ELC,2899.0079
CP_MID,shungnak,electric,2045,winter,17,ELC,EBATT_01,2040,ELC,15474.099
CP_MID,shungnak,electric,2045,winter,17,ELC,ELECT,2045,ELECD,31144.813
CP_MID,shungnak,electric,2045,winter,17,HYD,GHYD_01,2030,ELC,1011.7784
CP_MID,shungnak,electric,2045,winter,17,SOL,GSOL_01,2025,ELC,156.3986
CP_MID,shungnak,electric,2045,winter,17,SOL,GSOL_01,2030,ELC,209.87466
CP_MID,shungnak,electric,2045,winter,17,SOL,GSOL_01,2035,ELC,85.667348
CP_MID,shungnak,electric,2045,winter,17,SOL,GSOL_01,2045,ELC,49.580058
CP_MID,shungnak,electric,2045,winter,17,WND,GWND_01,2030,ELC,5662.9659
CP_MID,shungnak,electric,2045,winter,17,WND,GWND_01,2035,ELC,5662.9659
CP_MID,shungnak,electric,2045,winter,17,WND,GWND_01,2040,ELC,2831.483
CP_MID,shungnak,electric,2045,winter,18,ELC,EBATT_01,2035,ELC,16317.518
CP_MID,shungnak,electric,2045,winter,18,ELC,ELECT,2035,ELECD,31347.052
CP_MID,shungnak,electric,2045,winter,18,HYD,GHYD_01,2030,ELC,1011.7784
CP_MID,shungnak,electric,2045,winter,18,SOL,GSOL_01,2025,ELC,3.3999696
CP_MID,shungnak,electric,2045,winter,18,SOL,GSOL_01,2030,ELC,4.5624927
CP_MID,shungnak,electric,2045,winter,18,SOL,GSOL_01,2035,ELC,1.8623336
CP_MID,shungnak,electric,2045,winter,18,SOL,GSOL_01,2045,ELC,1.0778274
CP_MID,shungnak,electric,2045,winter,18,WND,GWND_01,2030,ELC,5602.741
CP_MID,shungnak,electric,2045,winter,18,WND,GWND_01,2035,ELC,5602.741
CP_MID,shungnak,electric,2045,winter,18,WND,GWND_01,2040,ELC,2801.3705
CP_MID,shungnak,electric,2045,winter,19,ELC,EBATT_01,2045,ELC,12092.015
CP_MID,shungnak,electric,2045,winter,19,ELC,ELECT,2030,ELECD,27302.271
CP_MID,shungnak,electric,2045,winter,19,HYD,GHYD_01,2030,ELC,1011.7784
CP_MID,shungnak,electric,2045,winter,19,WND,GWND_01,2030,ELC,5679.3909
CP_MID,shungnak,electric,2045,winter,19,WND,GWND_01,2035,ELC,5679.3909
CP_MID,shungnak,electric,2045,winter,19,WND,GWND_01,2040,ELC,2839.6955
CP_MID,shungnak,electric,2045,winter,2,ELC,EBATT_01,2045,ELC,8488.3067
CP_MID,shungnak,electric,2045,winter,2,ELC,ELECT,2040,ELECD,23055.251
CP_MID,shungnak,electric,2045,winter,2,HYD,GHYD_01,2030,ELC,1011.7784
CP_MID,shungnak,electric,2045,winter,2,WND,GWND_01,2030,ELC,5422.0663
CP_MID,shungnak,electric,2045,winter,2,WND,GWND_01,2035,ELC,5422.0663
CP_MID,shungnak,electric,2045,winter,2,WND,GWND_01,2040,ELC,2711.0332
CP_MID,shungnak,electric,2045,winter,20,ELC,EBATT_01,2040,ELC,12143.692
CP_MID,shungnak,electric,2045,winter,20,ELC,ELECT,2035,ELECD,27504.51
CP_MID,shungnak,electric,2045,winter,20,HYD,GHYD_01,2030,ELC,1011.7784
CP_MID,shungnak,electric,2045,winter,20,WND,GWND_01,2030,ELC,5739.6158
CP_MID,shungnak,electric,2045,winter,20,WND,GWND_01,2035,ELC,5739.6158
CP_MID,shungnak,electric,2045,winter,20,WND,GWND_01,2040,ELC,2869.8079
CP_MID,shungnak,electric,2045,winter,21,ELC,EBATT_01,2040,ELC,3845.7668
CP_MID,shungnak,electric,2045,winter,21,ELC,EBATT_01,2045,ELC,6193.3154
CP_MID,shungnak,electric,2045,winter,21,ELC,ELECT,2045,ELECD,26088.837
CP_MID,shungnak,electric,2045,winter,21,HYD,GHYD_01,2030,ELC,1011.7784
CP_MID,shungnak,electric,2045,winter,21,WND,GWND_01,2030,ELC,6015.1904
CP_MID,shungnak,electric,2045,winter,21,WND,GWND_01,2035,ELC,6015.1904
CP_MID,shungnak,electric,2045,winter,21,WND,GWND_01,2040,ELC,3007.5952
CP_MID,shungnak,electric,2045,winter,22,ELC,EBATT_01,2040,ELC,8945.7621
CP_MID,shungnak,electric,2045,winter,22,ELC,ELECT,2035,ELECD,25077.641
CP_MID,shungnak,electric,2045,winter,22,HYD,GHYD_01,2030,ELC,1011.7784
CP_MID,shungnak,electric,2045,winter,22,WND,GWND_01,2030,ELC,6048.0403
CP_MID,shungnak,electric,2045,winter,22,WND,GWND_01,2035,ELC,6048.0403
CP_MID,shungnak,electric,2045,winter,22,WND,GWND_01,2040,ELC,3024.0202
CP_MID,shungnak,electric,2045,winter,23,ELC,EBATT_01,2040,ELC,7340.1423
CP_MID,shungnak,electric,2045,winter,23,ELC,ELECT,2030,ELECD,22650.773
CP_MID,shungnak,electric,2045,winter,23,HYD,GHYD_01,2030,ELC,1011.7784
CP_MID,shungnak,electric,2045,winter,23,WND,GWND_01,2030,ELC,5719.5408
CP_MID,shungnak,electric,2045,winter,23,WND,GWND_01,2035,ELC,5719.5408
CP_MID,shungnak,electric,2045,winter,23,WND,GWND_01,2040,ELC,2859.7704
CP_MID,shungnak,electric,2045,winter,3,ELC,EBATT_01,2035,ELC,7977.4963
CP_MID,shungnak,electric,2045,winter,3,ELC,ELECT,2045,ELECD,21841.817
CP_MID,shungnak,electric,2045,winter,3,HYD,GHYD_01,2030,ELC,1011.7784
CP_MID,shungnak,electric,2045,winter,3,WND,GWND_01,2030,ELC,5141.0168
CP_MID,shungnak,electric,2045,winter,3,WND,GWND_01,2035,ELC,5141.0168
CP_MID,shungnak,electric,2045,winter,3,WND,GWND_01,2040,ELC,2570.5084
CP_MID,shungnak,electric,2045,winter,4,ELC,EBATT_01,2045,ELC,7419.4773
CP_MID,shungnak,electric,2045,winter,4,ELC,ELECT,2035,ELECD,21032.86
CP_MID,shungnak,electric,2045,winter,4,HYD,GHYD_01,2030,ELC,1011.7784
CP_MID,shungnak,electric,2045,winter,4,WND,GWND_01,2030,ELC,5040.6419
CP_MID,shungnak,electric,2045,winter,4,WND,GWND_01,2035,ELC,5040.6419
CP_MID,shungnak,electric,2045,winter,4,WND,GWND_01,2040,ELC,2520.321
CP_MID,shungnak,electric,2045,winter,5,ELC,EBATT_01,2045,ELC,7338.8417
CP_MID,shungnak,electric,2045,winter,5,ELC,ELECT,2030,ELECD,21235.1
CP_MID,shungnak,electric,2045,winter,5,HYD,GHYD_01,2030,ELC,1011.7784
CP_MID,shungnak,electric,2045,winter,5,WND,GWND_01,2030,ELC,5153.7918
CP_MID,shungnak,electric,2045,winter,5,WND,GWND_01,2035,ELC,5153.7918
CP_MID,shungnak,electric,2045,winter,5,WND,GWND_01,2040,ELC,2576.8959
CP_MID,shungnak,electric,2045,winter,6,ELC,EBATT_01,2040,ELC,7642.945
CP_MID,shungnak,electric,2045,winter,6,ELC,ELECT,2045,ELECD,21639.578
CP_MID,shungnak,electric,2045,winter,6,HYD,GHYD_01,2030,ELC,1011.7784
CP_MID,shungnak,electric,2045,winter,6,WND,GWND_01,2030,ELC,5193.9417
CP_MID,shungnak,electric,2045,winter,6,WND,GWND_01,2035,ELC,5193.9417
CP_MID,shungnak,electric,2045,winter,6,WND,GWND_01,2040,ELC,2596.9708
CP_MID,shungnak,electric,2045,winter,7,ELC,EBATT_01,2035,ELC,7087.9047
CP_MID,shungnak,electric,2045,winter,7,ELC,ELECT,2035,ELECD,21235.1
CP_MID,shungnak,electric,2045,winter,7,HYD,GHYD_01,2030,ELC,1011.7784
CP_MID,shungnak,electric,2045,winter,7,WND,GWND_01,2030,ELC,5254.1666
CP_MID,shungnak,electric,2045,winter,7,WND,GWND_01,2035,ELC,5254.1666
CP_MID,shungnak,electric,2045,winter,7,WND,GWND_01,2040,ELC,2627.0833
CP_MID,shungnak,electric,2045,winter,8,ELC,EBATT_01,2035,ELC,8886.7329
CP_MID,shungnak,electric,2045,winter,8,ELC,ELECT,2030,ELECD,23257.49
CP_MID,shungnak,electric,2045,winter,8,HYD,GHYD_01,2030,ELC,1011.7784
CP_MID,shungnak,electric,2045,winter,8,WND,GWND_01,2030,ELC,5343.5915
CP_MID,shungnak,electric,2045,winter,8,WND,GWND_01,2035,ELC,5343.5915
CP_MID,shungnak,electric,2045,winter,8,WND,GWND_01,2040,ELC,2671.7957
CP_MID,shungnak,electric,2045,winter,9,ELC,EBATT_01,2035,ELC,12225.817
CP_MID,shungnak,electric,2045,winter,9,ELC,ELECT,2040,ELECD,27504.51
CP_MID,shungnak,electric,2045,winter,9,HYD,GHYD_01,2030,ELC,1011.7784
CP_MID,shungnak,electric,2045,winter,9,WND,GWND_01,2030,ELC,5706.7659
CP_MID,shungnak,electric,2045,winter,9,WND,GWND_01,2035,ELC,5706.7659
CP_MID,shungnak,electric,2045,winter,9,WND,GWND_01,2040,ELC,2853.3829
CP_MID,shungnak,supply,2030,fall,0,ethos,IMP_HYD,2030,HYD,6057.5303
CP_MID,shungnak,supply,2030,fall,0,ethos,IMP_WND,2030,WND,5398.3414
CP_MID,shungnak,supply,2030,fall,1,ethos,IMP_HYD,2030,HYD,6057.5303
CP_MID,shungnak,supply,2030,fall,1,ethos,IMP_WND,2030,WND,5522.4412
CP_MID,shungnak,supply,2030,fall,10,ethos,IMP_HYD,2025,HYD,6057.5303
CP_MID,shungnak,supply,2030,fall,10,ethos,IMP_SOL,2030,SOL,3133.2289
CP_MID,shungnak,supply,2030,fall,10,ethos,IMP_WND,2025,WND,5239.5666
CP_MID,shungnak,supply,2030,fall,11,ethos,IMP_HYD,2025,HYD,6057.5303
CP_MID,shungnak,supply,2030,fall,11,ethos,IMP_SOL,2030,SOL,5677.2356
CP_MID,shungnak,supply,2030,fall,11,ethos,IMP_WND,2025,WND,5190.2917
CP_MID,shungnak,supply,2030,fall,12,ethos,IMP_HYD,2025,HYD,6057.5303
CP_MID,shungnak,supply,2030,fall,12,ethos,IMP_SOL,2030,SOL,7006.9668
CP_MID,shungnak,supply,2030,fall,12,ethos,IMP_WND,2030,WND,5217.6667
CP_MID,shungnak,supply,2030,fall,13,ethos,IMP_HYD,2030,HYD,6057.5303
CP_MID,shungnak,supply,2030,fall,13,ethos,IMP_SOL,2025,SOL,7711.6447
CP_MID,shungnak,supply,2030,fall,13,ethos,IMP_WND,2030,WND,5188.4667
CP_MID,shungnak,supply,2030,fall,14,ethos,IMP_HYD,2025,HYD,6057.5303
CP_MID,shungnak,supply,2030,fall,14,ethos,IMP_SOL,2030,SOL,7281.6717
CP_MID,shungnak,supply,2030,fall,14,ethos,IMP_WND,2030,WND,5259.6416
CP_MID,shungnak,supply,2030,fall,15,ethos,IMP_HYD,2025,HYD,6057.5303
CP_MID,shungnak,supply,2030,fall,15,ethos,IMP_SOL,2030,SOL,6075.3587
CP_MID,shungnak,supply,2030,fall,15,ethos,IMP_WND,2025,WND,5137.3668
CP_MID,shungnak,supply,2030,fall,16,ethos,IMP_HYD,2030,HYD,6057.5303
CP_MID,shungnak,supply,2030,fall,16,ethos,IMP_SOL,2025,SOL,4192.2364
CP_MID,shungnak,supply,2030,fall,16,ethos,IMP_WND,2030,WND,5423.8913
CP_MID,shungnak,supply,2030,fall,17,ethos,IMP_HYD,2030,HYD,6057.5303
CP_MID,shungnak,supply,2030,fall,17,ethos,IMP_SOL,2025,SOL,2118.015
CP_MID,shungnak,supply,2030,fall,17,ethos,IMP_WND,2030,WND,5471.3412
CP_MID,shungnak,supply,2030,fall,18,ethos,IMP_HYD,2030,HYD,6057.5303
CP_MID,shungnak,supply,2030,fall,18,ethos,IMP_SOL,2025,SOL,744.49022
CP_MID,shungnak,supply,2030,fall,18,ethos,IMP_WND,2025,WND,5206.7167
CP_MID,shungnak,supply,2030,fall,19,ethos,IMP_HYD,2025,HYD,6057.5303
CP_MID,shungnak,supply,2030,fall,19,ethos,IMP_SOL,2030,SOL,183.13663
CP_MID,shungnak,supply,2030,fall,19,ethos,IMP_WND,2030,WND,5146.4918
CP_MID,shungnak,supply,2030,fall,2,ethos,IMP_HYD,2030,HYD,6057.5303
CP_MID,shungnak,supply,2030,fall,2,ethos,IMP_WND,2025,WND,5560.7661
CP_MID,shungnak,supply,2030,fall,20,ethos,IMP_HYD,2025,HYD,6057.5303
CP_MID,shungnak,supply,2030,fall,20,ethos,IMP_SOL,2025,SOL,11.943693
CP_MID,shungnak,supply,2030,fall,20,ethos,IMP_WND,2030,WND,5210.3667
CP_MID,shungnak,supply,2030,fall,21,ethos,IMP_HYD,2025,HYD,6057.5303
CP_MID,shungnak,supply,2030,fall,21,ethos,IMP_WND,2030,WND,4982.242
CP_MID,shungnak,supply,2030,fall,22,ethos,IMP_HYD,2025,HYD,6057.5303
CP_MID,shungnak,supply,2030,fall,22,ethos,IMP_WND,2025,WND,5305.2665
CP_MID,shungnak,supply,2030,fall,23,ethos,IMP_HYD,2030,HYD,6057.5303
CP_MID,shungnak,supply,2030,fall,23,ethos,IMP_WND,2025,WND,5203.0667
CP_MID,shungnak,supply,2030,fall,3,ethos,IMP_HYD,2030,HYD,6057.5303
CP_MID,shungnak,supply,2030,fall,3,ethos,IMP_WND,2030,WND,5485.9412
CP_MID,shungnak,supply,2030,fall,4,ethos,IMP_HYD,2030,HYD,6057.5303
CP_MID,shungnak,supply,2030,fall,4,ethos,IMP_WND,2025,WND,5330.8165
CP_MID,shungnak,supply,2030,fall,5,ethos,IMP_HYD,2025,HYD,6057.5303
CP_MID,shungnak,supply,2030,fall,5,ethos,IMP_WND,2030,WND,5516.9662
CP_MID,shungnak,supply,2030,fall,6,ethos,IMP_HYD,2025,HYD,6057.5303
CP_MID,shungnak,supply,2030,fall,6,ethos,IMP_WND,2025,WND,5418.4163
CP_MID,shungnak,supply,2030,fall,7,ethos,IMP_HYD,2025,HYD,6057.5303
CP_MID,shungnak,supply,2030,fall,7,ethos,IMP_SOL,2025,SOL,71.66216
CP_MID,shungnak,supply,2030,fall,7,ethos,IMP_WND,2025,WND,5401.9914
CP_MID,shungnak,supply,2030,fall,8,ethos,IMP_HYD,2030,HYD,6057.5303
CP_MID,shungnak,supply,2030,fall,8,ethos,IMP_SOL,2025,SOL,692.73422
CP_MID,shungnak,supply,2030,fall,8,ethos,IMP_WND,2025,WND,5518.7912
CP_MID,shungnak,supply,2030,fall,9,ethos,IMP_HYD,2025,HYD,6057.5303
CP_MID,shungnak,supply,2030,fall,9,ethos,IMP_SOL,2030,SOL,1477.0367
CP_MID,shungnak,supply,2030,fall,9,ethos,IMP_WND,2030,WND,5310.7415
CP_MID,shungnak,supply,2030,spring,0,ethos,IMP_DSL,2030,DSL,19227.288
CP_MID,shungnak,supply,2030,spring,0,ethos,IMP_HYD,2025,HYD,4270.4932
CP_MID,shungnak,supply,2030,spring,0,ethos,IMP_WND,2025,WND,5044.2919
CP_MID,shungnak,supply,2030,spring,1,ethos,IMP_DSL,2025,DSL,19280.964
CP_MID,shungnak,supply,2030,spring,1,ethos,IMP_HYD,2030,HYD,4270.4932
CP_MID,shungnak,supply,2030,spring,1,ethos,IMP_WND,2025,WND,5026.042
CP_MID,shungnak,supply,2030,spring,10,ethos,IMP_HYD,2025,HYD,4270.4932
CP_MID,shungnak,supply,2030,spring,10,ethos,IMP_SOL,2030,SOL,14133.371
CP_MID,shungnak,supply,2030,spring,10,ethos,IMP_WND,2030,WND,5004.142
CP_MID,shungnak,supply,2030,spring,11,ethos,IMP_HYD,2030,HYD,4270.4932
CP_MID,shungnak,supply,2030,spring,11,ethos,IMP_SOL,2025,SOL,17581.117
CP_MID,shungnak,supply,2030,spring,11,ethos,IMP_WND,2030,WND,4730.3924
CP_MID,shungnak,supply,2030,spring,12,ethos,IMP_HYD,2030,HYD,4270.4932
CP_MID,shungnak,supply,2030,spring,12,ethos,IMP_SOL,2030,SOL,19209.44
CP_MID,shungnak,supply,2030,spring,12,ethos,IMP_WND,2030,WND,4449.3429
CP_MID,shungnak,supply,2030,spring,13,ethos,IMP_HYD,2030,HYD,4270.4932
CP_MID,shungnak,supply,2030,spring,13,ethos,IMP_SOL,2025,SOL,20192.804
CP_MID,shungnak,supply,2030,spring,13,ethos,IMP_WND,2025,WND,3900.0188
CP_MID,shungnak,supply,2030,spring,14,ethos,IMP_HYD,2030,HYD,4270.4932
CP_MID,shungnak,supply,2030,spring,14,ethos,IMP_SOL,2025,SOL,20113.18
CP_MID,shungnak,supply,2030,spring,14,ethos,IMP_WND,2030,WND,3611.6692
CP_MID,shungnak,supply,2030,spring,15,ethos,IMP_HYD,2030,HYD,4270.4932
CP_MID,shungnak,supply,2030,spring,15,ethos,IMP_SOL,2025,SOL,18942.698
CP_MID,shungnak,supply,2030,spring,15,ethos,IMP_WND,2025,WND,3691.9691
CP_MID,shungnak,supply,2030,spring,16,ethos,IMP_HYD,2030,HYD,4270.4932
CP_MID,shungnak,supply,2030,spring,16,ethos,IMP_SOL,2025,SOL,16450.447
CP_MID,shungnak,supply,2030,spring,16,ethos,IMP_WND,2030,WND,3989.4436
CP_MID,shungnak,supply,2030,spring,17,ethos,IMP_HYD,2030,HYD,4270.4932
CP_MID,shungnak,supply,2030,spring,17,ethos,IMP_SOL,2025,SOL,12258.211
CP_MID,shungnak,supply,2030,spring,17,ethos,IMP_WND,2025,WND,4044.1935
CP_MID,shungnak,supply,2030,spring,18,ethos,IMP_HYD,2030,HYD,4270.4932
CP_MID,shungnak,supply,2030,spring,18,ethos,IMP_SOL,2030,SOL,7428.9773
CP_MID,shungnak,supply,2030,spring,18,ethos,IMP_WND,2025,WND,4168.2933
CP_MID,shungnak,supply,2030,spring,19,ethos,IMP_HYD,2030,HYD,4270.4932
CP_MID,shungnak,supply,2030,spring,19,ethos,IMP_SOL,2025,SOL,3232.7597
CP_MID,shungnak,supply,2030,spring,19,ethos,IMP_WND,2030,WND,4292.3931
CP_MID,shungnak,supply,2030,spring,2,ethos,IMP_DSL,2030,DSL,17575.099
CP_MID,shungnak,supply,2030,spring,2,ethos,IMP_HYD,2025,HYD,4270.4932
CP_MID,shungnak,supply,2030,spring,2,ethos,IMP_WND,2030,WND,4909.2421
CP_MID,shungnak,supply,2030,spring,20,ethos,IMP_DSL,2030,DSL,13342.855
CP_MID,shungnak,supply,2030,spring,20,ethos,IMP_HYD,2025,HYD,4270.4932
CP_MID,shungnak,supply,2030,spring,20,ethos,IMP_SOL,2030,SOL,1178.4444
CP_MID,shungnak,supply,2030,spring,20,ethos,IMP_WND,2030,WND,4547.8927
CP_MID,shungnak,supply,2030,spring,21,ethos,IMP_DSL,2025,DSL,32830.614
CP_MID,shungnak,supply,2030,spring,21,ethos,IMP_HYD,2025,HYD,4270.4932
CP_MID,shungnak,supply,2030,spring,21,ethos,IMP_SOL,2025,SOL,513.57882
CP_MID,shungnak,supply,2030,spring,21,ethos,IMP_WND,2025,WND,4434.7429
CP_MID,shungnak,supply,2030,spring,22,ethos,IMP_DSL,2030,DSL,30704.946
CP_MID,shungnak,supply,2030,spring,22,ethos,IMP_HYD,2030,HYD,4270.4932
CP_MID,shungnak,supply,2030,spring,22,ethos,IMP_SOL,2030,SOL,199.06156
CP_MID,shungnak,supply,2030,spring,22,ethos,IMP_WND,2030,WND,4949.3921
CP_MID,shungnak,supply,2030,spring,23,ethos,IMP_DSL,2030,DSL,26802.737
CP_MID,shungnak,supply,2030,spring,23,ethos,IMP_HYD,2030,HYD,4270.4932
CP_MID,shungnak,supply,2030,spring,23,ethos,IMP_SOL,2030,SOL,31.849849
CP_MID,shungnak,supply,2030,spring,23,ethos,IMP_WND,2025,WND,5049.7669
CP_MID,shungnak,supply,2030,spring,3,ethos,IMP_DSL,2030,DSL,16855.835
CP_MID,shungnak,supply,2030,spring,3,ethos,IMP_HYD,2030,HYD,4270.4932
CP_MID,shungnak,supply,2030,spring,3,ethos,IMP_WND,2025,WND,5153.7918
CP_MID,shungnak,supply,2030,spring,4,ethos,IMP_DSL,2030,DSL,16481.568
CP_MID,shungnak,supply,2030,spring,4,ethos,IMP_HYD,2025,HYD,4270.4932
CP_MID,shungnak,supply,2030,spring,4,ethos,IMP_SOL,2030,SOL,47.774774
CP_MID,shungnak,supply,2030,spring,4,ethos,IMP_WND,2025,WND,5407.4663
CP_MID,shungnak,supply,2030,spring,5,ethos,IMP_DSL,2030,DSL,16323.015
CP_MID,shungnak,supply,2030,spring,5,ethos,IMP_HYD,2025,HYD,4270.4932
CP_MID,shungnak,supply,2030,spring,5,ethos,IMP_SOL,2025,SOL,211.00525
CP_MID,shungnak,supply,2030,spring,5,ethos,IMP_WND,2025,WND,5646.541
CP_MID,shungnak,supply,2030,spring,6,ethos,IMP_DSL,2030,DSL,15722.995
CP_MID,shungnak,supply,2030,spring,6,ethos,IMP_HYD,2030,HYD,4270.4932
CP_MID,shungnak,supply,2030,spring,6,ethos,IMP_SOL,2025,SOL,708.65914
CP_MID,shungnak,supply,2030,spring,6,ethos,IMP_WND,2030,WND,5701.2909
CP_MID,shungnak,supply,2030,spring,7,ethos,IMP_DSL,2030,DSL,16402.277
CP_MID,shungnak,supply,2030,spring,7,ethos,IMP_HYD,2025,HYD,4270.4932
CP_MID,shungnak,supply,2030,spring,7,ethos,IMP_SOL,2030,SOL,2277.2642
CP_MID,shungnak,supply,2030,spring,7,ethos,IMP_WND,2030,WND,5469.5162
CP_MID,shungnak,supply,2030,spring,8,ethos,IMP_DSL,2025,DSL,16572.089
CP_MID,shungnak,supply,2030,spring,8,ethos,IMP_HYD,2025,HYD,4270.4932
CP_MID,shungnak,supply,2030,spring,8,ethos,IMP_SOL,2025,SOL,5302.9999
CP_MID,shungnak,supply,2030,spring,8,ethos,IMP_WND,2030,WND,5695.8159
CP_MID,shungnak,supply,2030,spring,9,ethos,IMP_DSL,2025,DSL,6646.7683
CP_MID,shungnak,supply,2030,spring,9,ethos,IMP_HYD,2025,HYD,4270.4932
CP_MID,shungnak,supply,2030,spring,9,ethos,IMP_SOL,2030,SOL,9809.7535
CP_MID,shungnak,supply,2030,spring,9,ethos,IMP_WND,2025,WND,5086.2669
CP_MID,shungnak,supply,2030,summer,0,ethos,IMP_HYD,2025,HYD,10853.623
CP_MID,shungnak,supply,2030,summer,0,ethos,IMP_SOL,2030,SOL,39.812311
CP_MID,shungnak,supply,2030,summer,0,ethos,IMP_WND,2025,WND,1290.2729
CP_MID,shungnak,supply,2030,summer,1,ethos,IMP_HYD,2030,HYD,10853.623
CP_MID,shungnak,supply,2030,summer,1,ethos,IMP_WND,2025,WND,1020.1734
CP_MID,shungnak,supply,2030,summer,10,ethos,IMP_HYD,2025,HYD,10853.623
CP_MID,shungnak,supply,2030,summer,10,ethos,IMP_SOL,2030,SOL,12648.371
CP_MID,shungnak,supply,2030,summer,10,ethos,IMP_WND,2030,WND,875.9986
CP_MID,shungnak,supply,2030,summer,11,ethos,IMP_HYD,2025,HYD,10853.623
CP_MID,shungnak,supply,2030,summer,11,ethos,IMP_SOL,2030,SOL,15100.81
CP_MID,shungnak,supply,2030,summer,11,ethos,IMP_WND,2025,WND,762.84878
CP_MID,shungnak,supply,2030,summer,12,ethos,IMP_HYD,2025,HYD,10853.623
CP_MID,shungnak,supply,2030,summer,12,ethos,IMP_SOL,2025,SOL,16908.289
CP_MID,shungnak,supply,2030,summer,12,ethos,IMP_WND,2025,WND,751.8988
CP_MID,shungnak,supply,2030,summer,13,ethos,IMP_HYD,2025,HYD,10853.623
CP_MID,shungnak,supply,2030,summer,13,ethos,IMP_SOL,2030,SOL,17784.159
CP_MID,shungnak,supply,2030,summer,13,ethos,IMP_WND,2030,WND,797.52372
CP_MID,shungnak,supply,2030,summer,14,ethos,IMP_HYD,2025,HYD,10853.623
CP_MID,shungnak,supply,2030,summer,14,ethos,IMP_SOL,2025,SOL,18277.832
CP_MID,shungnak,supply,2030,summer,14,ethos,IMP_WND,2025,WND,865.04862
CP_MID,shungnak,supply,2030,summer,15,ethos,IMP_HYD,2030,HYD,10853.623
CP_MID,shungnak,supply,2030,summer,15,ethos,IMP_SOL,2030,SOL,16466.372
CP_MID,shungnak,supply,2030,summer,15,ethos,IMP_WND,2030,WND,766.49877
CP_MID,shungnak,supply,2030,summer,16,ethos,IMP_HYD,2025,HYD,10853.623
CP_MID,shungnak,supply,2030,summer,16,ethos,IMP_SOL,2025,SOL,15176.453
CP_MID,shungnak,supply,2030,summer,16,ethos,IMP_WND,2025,WND,625.974
CP_MID,shungnak,supply,2030,summer,17,ethos,IMP_HYD,2025,HYD,10853.623
CP_MID,shungnak,supply,2030,summer,17,ethos,IMP_SOL,2025,SOL,12588.653
CP_MID,shungnak,supply,2030,summer,17,ethos,IMP_WND,2030,WND,697.14888
CP_MID,shungnak,supply,2030,summer,18,ethos,IMP_HYD,2025,HYD,10853.623
CP_MID,shungnak,supply,2030,summer,18,ethos,IMP_SOL,2030,SOL,8977.6762
CP_MID,shungnak,supply,2030,summer,18,ethos,IMP_WND,2025,WND,925.27352
CP_MID,shungnak,supply,2030,summer,19,ethos,IMP_HYD,2030,HYD,10853.623
CP_MID,shungnak,supply,2030,summer,19,ethos,IMP_SOL,2025,SOL,5231.3377
CP_MID,shungnak,supply,2030,summer,19,ethos,IMP_WND,2025,WND,799.34872
CP_MID,shungnak,supply,2030,summer,2,ethos,IMP_HYD,2025,HYD,10853.623
CP_MID,shungnak,supply,2030,summer,2,ethos,IMP_WND,2030,WND,934.3985
CP_MID,shungnak,supply,2030,summer,20,ethos,IMP_HYD,2025,HYD,10853.623
CP_MID,shungnak,supply,2030,summer,20,ethos,IMP_SOL,2025,SOL,2711.2184
CP_MID,shungnak,supply,2030,summer,20,ethos,IMP_WND,2025,WND,985.49842
CP_MID,shungnak,supply,2030,summer,21,ethos,IMP_HYD,2025,HYD,10853.623
CP_MID,shungnak,supply,2030,summer,21,ethos,IMP_SOL,2025,SOL,1234.1817
CP_MID,shungnak,supply,2030,summer,21,ethos,IMP_WND,2025,WND,1419.8477
CP_MID,shungnak,supply,2030,summer,22,ethos,IMP_HYD,2030,HYD,10853.623
CP_MID,shungnak,supply,2030,summer,22,ethos,IMP_SOL,2030,SOL,744.49022
CP_MID,shungnak,supply,2030,summer,22,ethos,IMP_WND,2030,WND,1385.1728
CP_MID,shungnak,supply,2030,summer,23,ethos,IMP_HYD,2030,HYD,10853.623
CP_MID,shungnak,supply,2030,summer,23,ethos,IMP_SOL,2025,SOL,218.96771
CP_MID,shungnak,supply,2030,summer,23,ethos,IMP_WND,2030,WND,1520.2226
CP_MID,shungnak,supply,2030,summer,3,ethos,IMP_HYD,2030,HYD,10853.623
CP_MID,shungnak,supply,2030,summer,3,ethos,IMP_SOL,2025,SOL,47.774774
CP_MID,shungnak,supply,2030,summer,3,ethos,IMP_WND,2030,WND,1067.6233
CP_MID,shungnak,supply,2030,summer,4,ethos,IMP_HYD,2030,HYD,10853.623
CP_MID,shungnak,supply,2030,summer,4,ethos,IMP_SOL,2025,SOL,306.5548
CP_MID,shungnak,supply,2030,summer,4,ethos,IMP_WND,2030,WND,1091.3483
CP_MID,shungnak,supply,2030,summer,5,ethos,IMP_HYD,2025,HYD,10853.623
CP_MID,shungnak,supply,2030,summer,5,ethos,IMP_SOL,2025,SOL,593.20344
CP_MID,shungnak,supply,2030,summer,5,ethos,IMP_WND,2030,WND,1131.4982
CP_MID,shungnak,supply,2030,summer,6,ethos,IMP_HYD,2030,HYD,10853.623
CP_MID,shungnak,supply,2030,summer,6,ethos,IMP_SOL,2030,SOL,1504.9054
CP_MID,shungnak,supply,2030,summer,6,ethos,IMP_WND,2030,WND,1014.6984
CP_MID,shungnak,supply,2030,summer,7,ethos,IMP_HYD,2030,HYD,10853.623
CP_MID,shungnak,supply,2030,summer,7,ethos,IMP_SOL,2030,SOL,3603.0142
CP_MID,shungnak,supply,2030,summer,7,ethos,IMP_WND,2025,WND,843.14865
CP_MID,shungnak,supply,2030,summer,8,ethos,IMP_HYD,2030,HYD,10853.623
CP_MID,shungnak,supply,2030,summer,8,ethos,IMP_SOL,2030,SOL,7058.7228
CP_MID,shungnak,supply,2030,summer,8,ethos,IMP_WND,2030,WND,866.87361
CP_MID,shungnak,supply,2030,summer,9,ethos,IMP_HYD,2025,HYD,10853.623
CP_MID,shungnak,supply,2030,summer,9,ethos,IMP_SOL,2030,SOL,9642.5418
CP_MID,shungnak,supply,2030,summer,9,ethos,IMP_WND,2030,WND,812.1237
CP_MID,shungnak,supply,2030,winter,0,ethos,IMP_DSL,2025,DSL,8028.9551
CP_MID,shungnak,supply,2030,winter,0,ethos,IMP_HYD,2025,HYD,1011.7784
CP_MID,shungnak,supply,2030,winter,0,ethos,IMP_WND,2030,WND,5513.3162
CP_MID,shungnak,supply,2030,winter,1,ethos,IMP_DSL,2025,DSL,34793.647
CP_MID,shungnak,supply,2030,winter,1,ethos,IMP_HYD,2025,HYD,1011.7784
CP_MID,shungnak,supply,2030,winter,1,ethos,IMP_WND,2030,WND,5620.991
CP_MID,shungnak,supply,2030,winter,10,ethos,IMP_DSL,2030,DSL,53952.064
CP_MID,shungnak,supply,2030,winter,10,ethos,IMP_HYD,2030,HYD,1011.7784
CP_MID,shungnak,supply,2030,winter,10,ethos,IMP_SOL,2025,SOL,453.86035
CP_MID,shungnak,supply,2030,winter,10,ethos,IMP_WND,2025,WND,5449.4413
CP_MID,shungnak,supply,2030,winter,11,ethos,IMP_DSL,2025,DSL,53338.582
CP_MID,shungnak,supply,2030,winter,11,ethos,IMP_HYD,2025,HYD,1011.7784
CP_MID,shungnak,supply,2030,winter,11,ethos,IMP_SOL,2025,SOL,1540.7364
CP_MID,shungnak,supply,2030,winter,11,ethos,IMP_WND,2030,WND,5442.1413
CP_MID,shungnak,supply,2030,winter,12,ethos,IMP_DSL,2025,DSL,48174.969
CP_MID,shungnak,supply,2030,winter,12,ethos,IMP_HYD,2025,HYD,1011.7784
CP_MID,shungnak,supply,2030,winter,12,ethos,IMP_SOL,2030,SOL,2727.1433
CP_MID,shungnak,supply,2030,winter,12,ethos,IMP_WND,2025,WND,5662.9659
CP_MID,shungnak,supply,2030,winter,13,ethos,IMP_DSL,2030,DSL,43127.352
CP_MID,shungnak,supply,2030,winter,13,ethos,IMP_HYD,2025,HYD,1011.7784
CP_MID,shungnak,supply,2030,winter,13,ethos,IMP_SOL,2030,SOL,3507.4646
CP_MID,shungnak,supply,2030,winter,13,ethos,IMP_WND,2025,WND,5902.0406
CP_MID,shungnak,supply,2030,winter,14,ethos,IMP_DSL,2030,DSL,43028.311
CP_MID,shungnak,supply,2030,winter,14,ethos,IMP_HYD,2030,HYD,1011.7784
CP_MID,shungnak,supply,2030,winter,14,ethos,IMP_SOL,2025,SOL,3507.4646
CP_MID,shungnak,supply,2030,winter,14,ethos,IMP_WND,2030,WND,5761.5158
CP_MID,shungnak,supply,2030,winter,15,ethos,IMP_DSL,2025,DSL,41775.426
CP_MID,shungnak,supply,2030,winter,15,ethos,IMP_HYD,2030,HYD,1011.7784
CP_MID,shungnak,supply,2030,winter,15,ethos,IMP_SOL,2030,SOL,2591.7815
CP_MID,shungnak,supply,2030,winter,15,ethos,IMP_WND,2025,WND,5883.7906
CP_MID,shungnak,supply,2030,winter,16,ethos,IMP_DSL,2025,DSL,49103.576
CP_MID,shungnak,supply,2030,winter,16,ethos,IMP_HYD,2025,HYD,1011.7784
CP_MID,shungnak,supply,2030,winter,16,ethos,IMP_SOL,2030,SOL,1405.3746
CP_MID,shungnak,supply,2030,winter,16,ethos,IMP_WND,2030,WND,5798.0157
CP_MID,shungnak,supply,2030,winter,17,ethos,IMP_DSL,2030,DSL,58192.796
CP_MID,shungnak,supply,2030,winter,17,ethos,IMP_HYD,2030,HYD,1011.7784
CP_MID,shungnak,supply,2030,winter,17,ethos,IMP_SOL,2030,SOL,366.27326
CP_MID,shungnak,supply,2030,winter,17,ethos,IMP_WND,2025,WND,5662.9659
CP_MID,shungnak,supply,2030,winter,18,ethos,IMP_DSL,2030,DSL,59936.131
CP_MID,shungnak,supply,2030,winter,18,ethos,IMP_HYD,2025,HYD,1011.7784
CP_MID,shungnak,supply,2030,winter,18,ethos,IMP_SOL,2030,SOL,7.9624623
CP_MID,shungnak,supply,2030,winter,18,ethos,IMP_WND,2030,WND,5602.741
CP_MID,shungnak,supply,2030,winter,19,ethos,IMP_DSL,2025,DSL,49487.139
CP_MID,shungnak,supply,2030,winter,19,ethos,IMP_HYD,2030,HYD,1011.7784
CP_MID,shungnak,supply,2030,winter,19,ethos,IMP_WND,2025,WND,5679.3909
CP_MID,shungnak,supply,2030,winter,2,ethos,IMP_DSL,2025,DSL,39484.658
CP_MID,shungnak,supply,2030,winter,2,ethos,IMP_HYD,2025,HYD,1011.7784
CP_MID,shungnak,supply,2030,winter,2,ethos,IMP_WND,2030,WND,5422.0663
CP_MID,shungnak,supply,2030,winter,20,ethos,IMP_DSL,2030,DSL,49822.356
CP_MID,shungnak,supply,2030,winter,20,ethos,IMP_HYD,2030,HYD,1011.7784
CP_MID,shungnak,supply,2030,winter,20,ethos,IMP_WND,2025,WND,5739.6158
CP_MID,shungnak,supply,2030,winter,21,ethos,IMP_DSL,2030,DSL,45425.403
CP_MID,shungnak,supply,2030,winter,21,ethos,IMP_HYD,2030,HYD,1011.7784
CP_MID,shungnak,supply,2030,winter,21,ethos,IMP_WND,2030,WND,6015.1904
CP_MID,shungnak,supply,2030,winter,22,ethos,IMP_DSL,2030,DSL,42767.043
CP_MID,shungnak,supply,2030,winter,22,ethos,IMP_HYD,2025,HYD,1011.7784
CP_MID,shungnak,supply,2030,winter,22,ethos,IMP_WND,2030,WND,6048.0403
CP_MID,shungnak,supply,2030,winter,23,ethos,IMP_DSL,2030,DSL,37585.036
CP_MID,shungnak,supply,2030,winter,23,ethos,IMP_HYD,2025,HYD,1011.7784
CP_MID,shungnak,supply,2030,winter,23,ethos,IMP_WND,2030,WND,5719.5408
CP_MID,shungnak,supply,2030,winter,3,ethos,IMP_DSL,2030,DSL,37237.183
CP_MID,shungnak,supply,2030,winter,3,ethos,IMP_HYD,2030,HYD,1011.7784
CP_MID,shungnak,supply,2030,winter,3,ethos,IMP_WND,2025,WND,5141.0168
CP_MID,shungnak,supply,2030,winter,4,ethos,IMP_DSL,2025,DSL,35483.009
CP_MID,shungnak,supply,2030,winter,4,ethos,IMP_HYD,2025,HYD,1011.7784
CP_MID,shungnak,supply,2030,winter,4,ethos,IMP_WND,2030,WND,5040.6419
CP_MID,shungnak,supply,2030,winter,5,ethos,IMP_DSL,2025,DSL,35662.564
CP_MID,shungnak,supply,2030,winter,5,ethos,IMP_HYD,2030,HYD,1011.7784
CP_MID,shungnak,supply,2030,winter,5,ethos,IMP_WND,2030,WND,5153.7918
CP_MID,shungnak,supply,2030,winter,6,ethos,IMP_DSL,2025,DSL,36569.173
CP_MID,shungnak,supply,2030,winter,6,ethos,IMP_HYD,2025,HYD,1011.7784
CP_MID,shungnak,supply,2030,winter,6,ethos,IMP_WND,2025,WND,5193.9417
CP_MID,shungnak,supply,2030,winter,7,ethos,IMP_DSL,2030,DSL,35367.344
CP_MID,shungnak,supply,2030,winter,7,ethos,IMP_HYD,2030,HYD,1011.7784
CP_MID,shungnak,supply,2030,winter,7,ethos,IMP_WND,2030,WND,5254.1666
CP_MID,shungnak,supply,2030,winter,8,ethos,IMP_DSL,2025,DSL,40227.815
CP_MID,shungnak,supply,2030,winter,8,ethos,IMP_HYD,2030,HYD,1011.7784
CP_MID,shungnak,supply,2030,winter,8,ethos,IMP_WND,2030,WND,5343.5915
CP_MID,shungnak,supply,2030,winter,9,ethos,IMP_DSL,2025,DSL,49918.973
CP_MID,shungnak,supply,2030,winter,9,ethos,IMP_HYD,2030,HYD,1011.7784
CP_MID,shungnak,supply,2030,winter,9,ethos,IMP_WND,2025,WND,5706.7659
CP_MID,shungnak,supply,2035,fall,0,ethos,IMP_HYD,2035,HYD,6057.5303
CP_MID,shungnak,supply,2035,fall,0,ethos,IMP_WND,2030,WND,10796.683
CP_MID,shungnak,supply,2035,fall,1,ethos,IMP_HYD,2025,HYD,6057.5303
CP_MID,shungnak,supply,2035,fall,1,ethos,IMP_WND,2035,WND,11044.882
CP_MID,shungnak,supply,2035,fall,10,ethos,IMP_HYD,2025,HYD,6057.5303
CP_MID,shungnak,supply,2035,fall,10,ethos,IMP_SOL,2025,SOL,3866.0572
CP_MID,shungnak,supply,2035,fall,10,ethos,IMP_WND,2025,WND,10479.133
CP_MID,shungnak,supply,2035,fall,11,ethos,IMP_HYD,2030,HYD,6057.5303
CP_MID,shungnak,supply,2035,fall,11,ethos,IMP_SOL,2030,SOL,7005.0795
CP_MID,shungnak,supply,2035,fall,11,ethos,IMP_WND,2030,WND,10380.583
CP_MID,shungnak,supply,2035,fall,12,ethos,IMP_HYD,2025,HYD,6057.5303
CP_MID,shungnak,supply,2035,fall,12,ethos,IMP_SOL,2030,SOL,8645.8204
CP_MID,shungnak,supply,2035,fall,12,ethos,IMP_WND,2025,WND,10435.333
CP_MID,shungnak,supply,2035,fall,13,ethos,IMP_HYD,2030,HYD,6057.5303
CP_MID,shungnak,supply,2035,fall,13,ethos,IMP_SOL,2035,SOL,9515.3148
CP_MID,shungnak,supply,2035,fall,13,ethos,IMP_WND,2025,WND,10376.933
CP_MID,shungnak,supply,2035,fall,14,ethos,IMP_HYD,2035,HYD,6057.5303
CP_MID,shungnak,supply,2035,fall,14,ethos,IMP_SOL,2025,SOL,8984.7759
CP_MID,shungnak,supply,2035,fall,14,ethos,IMP_WND,2030,WND,10519.283
CP_MID,shungnak,supply,2035,fall,15,ethos,IMP_HYD,2030,HYD,6057.5303
CP_MID,shungnak,supply,2035,fall,15,ethos,IMP_SOL,2035,SOL,7496.3193
CP_MID,shungnak,supply,2035,fall,15,ethos,IMP_WND,2035,WND,10274.734
CP_MID,shungnak,supply,2035,fall,16,ethos,IMP_HYD,2030,HYD,6057.5303
CP_MID,shungnak,supply,2035,fall,16,ethos,IMP_SOL,2035,SOL,5172.755
CP_MID,shungnak,supply,2035,fall,16,ethos,IMP_WND,2035,WND,10847.783
CP_MID,shungnak,supply,2035,fall,17,ethos,IMP_HYD,2035,HYD,6057.5303
CP_MID,shungnak,supply,2035,fall,17,ethos,IMP_SOL,2025,SOL,2613.3957
CP_MID,shungnak,supply,2035,fall,17,ethos,IMP_WND,2035,WND,10942.682
CP_MID,shungnak,supply,2035,fall,18,ethos,IMP_HYD,2030,HYD,6057.5303
CP_MID,shungnak,supply,2035,fall,18,ethos,IMP_SOL,2030,SOL,918.61842
CP_MID,shungnak,supply,2035,fall,18,ethos,IMP_WND,2030,WND,10413.433
CP_MID,shungnak,supply,2035,fall,19,ethos,IMP_HYD,2025,HYD,6057.5303
CP_MID,shungnak,supply,2035,fall,19,ethos,IMP_SOL,2030,SOL,225.97031
CP_MID,shungnak,supply,2035,fall,19,ethos,IMP_WND,2025,WND,10292.984
CP_MID,shungnak,supply,2035,fall,2,ethos,IMP_HYD,2035,HYD,6057.5303
CP_MID,shungnak,supply,2035,fall,2,ethos,IMP_WND,2030,WND,11121.532
CP_MID,shungnak,supply,2035,fall,20,ethos,IMP_HYD,2030,HYD,6057.5303
CP_MID,shungnak,supply,2035,fall,20,ethos,IMP_SOL,2025,SOL,14.737194
CP_MID,shungnak,supply,2035,fall,20,ethos,IMP_WND,2035,WND,10420.733
CP_MID,shungnak,supply,2035,fall,21,ethos,IMP_HYD,2025,HYD,6057.5303
CP_MID,shungnak,supply,2035,fall,21,ethos,IMP_WND,2030,WND,9964.4841
CP_MID,shungnak,supply,2035,fall,22,ethos,IMP_HYD,2035,HYD,6057.5303
CP_MID,shungnak,supply,2035,fall,22,ethos,IMP_WND,2025,WND,10610.533
CP_MID,shungnak,supply,2035,fall,23,ethos,IMP_HYD,2035,HYD,6057.5303
CP_MID,shungnak,supply,2035,fall,23,ethos,IMP_WND,2030,WND,10406.133
CP_MID,shungnak,supply,2035,fall,3,ethos,IMP_HYD,2030,HYD,6057.5303
CP_MID,shungnak,supply,2035,fall,3,ethos,IMP_WND,2035,WND,10971.882
CP_MID,shungnak,supply,2035,fall,4,ethos,IMP_HYD,2035,HYD,6057.5303
CP_MID,shungnak,supply,2035,fall,4,ethos,IMP_WND,2035,WND,10661.633
CP_MID,shungnak,supply,2035,fall,5,ethos,IMP_HYD,2025,HYD,6057.5303
CP_MID,shungnak,supply,2035,fall,5,ethos,IMP_WND,2030,WND,11033.932
CP_MID,shungnak,supply,2035,fall,6,ethos,IMP_HYD,2025,HYD,6057.5303
CP_MID,shungnak,supply,2035,fall,6,ethos,IMP_WND,2035,WND,10836.833
CP_MID,shungnak,supply,2035,fall,7,ethos,IMP_HYD,2025,HYD,6057.5303
CP_MID,shungnak,supply,2035,fall,7,ethos,IMP_SOL,2030,SOL,88.423163
CP_MID,shungnak,supply,2035,fall,7,ethos,IMP_WND,2025,WND,10803.983
CP_MID,shungnak,supply,2035,fall,8,ethos,IMP_HYD,2035,HYD,6057.5303
CP_MID,shungnak,supply,2035,fall,8,ethos,IMP_SOL,2035,SOL,854.75724
CP_MID,shungnak,supply,2035,fall,8,ethos,IMP_WND,2025,WND,11037.582
CP_MID,shungnak,supply,2035,fall,9,ethos,IMP_HYD,2035,HYD,6057.5303
CP_MID,shungnak,supply,2035,fall,9,ethos,IMP_SOL,2025,SOL,1822.4996
CP_MID,shungnak,supply,2035,fall,9,ethos,IMP_WND,2035,WND,10621.483
CP_MID,shungnak,supply,2035,spring,0,ethos,IMP_DSL,2030,DSL,6769.4129
CP_MID,shungnak,supply,2035,spring,0,ethos,IMP_HYD,2025,HYD,4270.4932
CP_MID,shungnak,supply,2035,spring,0,ethos,IMP_WND,2030,WND,10088.584
CP_MID,shungnak,supply,2035,spring,1,ethos,IMP_DSL,2025,DSL,6876.7656
CP_MID,shungnak,supply,2035,spring,1,ethos,IMP_HYD,2030,HYD,4270.4932
CP_MID,shungnak,supply,2035,spring,1,ethos,IMP_WND,2030,WND,10052.084
CP_MID,shungnak,supply,2035,spring,10,ethos,IMP_HYD,2030,HYD,4270.4932
CP_MID,shungnak,supply,2035,spring,10,ethos,IMP_SOL,2030,SOL,17439.013
CP_MID,shungnak,supply,2035,spring,10,ethos,IMP_WND,2035,WND,10008.284
CP_MID,shungnak,supply,2035,spring,11,ethos,IMP_HYD,2030,HYD,4270.4932
CP_MID,shungnak,supply,2035,spring,11,ethos,IMP_SOL,2035,SOL,21693.149
CP_MID,shungnak,supply,2035,spring,11,ethos,IMP_WND,2025,WND,9460.7849
CP_MID,shungnak,supply,2035,spring,12,ethos,IMP_HYD,2030,HYD,4270.4932
CP_MID,shungnak,supply,2035,spring,12,ethos,IMP_SOL,2025,SOL,23702.32
CP_MID,shungnak,supply,2035,spring,12,ethos,IMP_WND,2030,WND,8898.6858
CP_MID,shungnak,supply,2035,spring,13,ethos,IMP_HYD,2030,HYD,4270.4932
CP_MID,shungnak,supply,2035,spring,13,ethos,IMP_SOL,2030,SOL,24915.682
CP_MID,shungnak,supply,2035,spring,13,ethos,IMP_WND,2035,WND,7800.0375
CP_MID,shungnak,supply,2035,spring,14,ethos,IMP_HYD,2030,HYD,4270.4932
CP_MID,shungnak,supply,2035,spring,14,ethos,IMP_SOL,2030,SOL,24817.434
CP_MID,shungnak,supply,2035,spring,14,ethos,IMP_WND,2025,WND,7223.3384
CP_MID,shungnak,supply,2035,spring,15,ethos,IMP_HYD,2025,HYD,4270.4932
CP_MID,shungnak,supply,2035,spring,15,ethos,IMP_SOL,2035,SOL,23373.189
CP_MID,shungnak,supply,2035,spring,15,ethos,IMP_WND,2025,WND,7383.9382
CP_MID,shungnak,supply,2035,spring,16,ethos,IMP_HYD,2025,HYD,4270.4932
CP_MID,shungnak,supply,2035,spring,16,ethos,IMP_SOL,2035,SOL,20298.028
CP_MID,shungnak,supply,2035,spring,16,ethos,IMP_WND,2025,WND,7978.8872
CP_MID,shungnak,supply,2035,spring,17,ethos,IMP_HYD,2035,HYD,4270.4932
CP_MID,shungnak,supply,2035,spring,17,ethos,IMP_SOL,2025,SOL,15125.273
CP_MID,shungnak,supply,2035,spring,17,ethos,IMP_WND,2035,WND,8088.3871
CP_MID,shungnak,supply,2035,spring,18,ethos,IMP_HYD,2025,HYD,4270.4932
CP_MID,shungnak,supply,2035,spring,18,ethos,IMP_SOL,2025,SOL,9166.5346
CP_MID,shungnak,supply,2035,spring,18,ethos,IMP_WND,2025,WND,8336.5867
CP_MID,shungnak,supply,2035,spring,19,ethos,IMP_HYD,2030,HYD,4270.4932
CP_MID,shungnak,supply,2035,spring,19,ethos,IMP_SOL,2035,SOL,3988.8671
CP_MID,shungnak,supply,2035,spring,19,ethos,IMP_WND,2025,WND,8584.7863
CP_MID,shungnak,supply,2035,spring,2,ethos,IMP_DSL,2035,DSL,5409.8896
CP_MID,shungnak,supply,2035,spring,2,ethos,IMP_HYD,2030,HYD,4270.4932
CP_MID,shungnak,supply,2035,spring,2,ethos,IMP_WND,2025,WND,9818.4843
CP_MID,shungnak,supply,2035,spring,20,ethos,IMP_HYD,2035,HYD,4270.4932
CP_MID,shungnak,supply,2035,spring,20,ethos,IMP_SOL,2030,SOL,1454.0698
CP_MID,shungnak,supply,2035,spring,20,ethos,IMP_WND,2025,WND,9095.7854
CP_MID,shungnak,supply,2035,spring,21,ethos,IMP_HYD,2035,HYD,4270.4932
CP_MID,shungnak,supply,2035,spring,21,ethos,IMP_SOL,2035,SOL,633.69934
CP_MID,shungnak,supply,2035,spring,21,ethos,IMP_WND,2025,WND,8869.4858
CP_MID,shungnak,supply,2035,spring,22,ethos,IMP_HYD,2035,HYD,4270.4932
CP_MID,shungnak,supply,2035,spring,22,ethos,IMP_SOL,2035,SOL,245.6199
CP_MID,shungnak,supply,2035,spring,22,ethos,IMP_WND,2025,WND,9898.7842
CP_MID,shungnak,supply,2035,spring,23,ethos,IMP_HYD,2025,HYD,4270.4932
CP_MID,shungnak,supply,2035,spring,23,ethos,IMP_SOL,2025,SOL,39.299184
CP_MID,shungnak,supply,2035,spring,23,ethos,IMP_WND,2025,WND,10099.534
CP_MID,shungnak,supply,2035,spring,3,ethos,IMP_DSL,2025,DSL,3971.3625
CP_MID,shungnak,supply,2035,spring,3,ethos,IMP_HYD,2030,HYD,4270.4932
CP_MID,shungnak,supply,2035,spring,3,ethos,IMP_WND,2035,WND,10307.584
CP_MID,shungnak,supply,2035,spring,4,ethos,IMP_DSL,2030,DSL,2844.2637
CP_MID,shungnak,supply,2035,spring,4,ethos,IMP_HYD,2025,HYD,4270.4932
CP_MID,shungnak,supply,2035,spring,4,ethos,IMP_SOL,2025,SOL,58.948775
CP_MID,shungnak,supply,2035,spring,4,ethos,IMP_WND,2030,WND,10814.933
CP_MID,shungnak,supply,2035,spring,5,ethos,IMP_DSL,2030,DSL,1922.5319
CP_MID,shungnak,supply,2035,spring,5,ethos,IMP_HYD,2030,HYD,4270.4932
CP_MID,shungnak,supply,2035,spring,5,ethos,IMP_SOL,2035,SOL,260.35709
CP_MID,shungnak,supply,2035,spring,5,ethos,IMP_WND,2035,WND,11293.082
CP_MID,shungnak,supply,2035,spring,6,ethos,IMP_DSL,2030,DSL,871.41178
CP_MID,shungnak,supply,2035,spring,6,ethos,IMP_HYD,2030,HYD,4270.4932
CP_MID,shungnak,supply,2035,spring,6,ethos,IMP_SOL,2025,SOL,874.40684
CP_MID,shungnak,supply,2035,spring,6,ethos,IMP_WND,2030,WND,11402.582
CP_MID,shungnak,supply,2035,spring,7,ethos,IMP_DSL,2025,DSL,1388.5405
CP_MID,shungnak,supply,2035,spring,7,ethos,IMP_HYD,2035,HYD,4270.4932
CP_MID,shungnak,supply,2035,spring,7,ethos,IMP_SOL,2025,SOL,2809.8916
CP_MID,shungnak,supply,2035,spring,7,ethos,IMP_WND,2025,WND,10939.032
CP_MID,shungnak,supply,2035,spring,8,ethos,IMP_HYD,2035,HYD,4270.4932
CP_MID,shungnak,supply,2035,spring,8,ethos,IMP_SOL,2030,SOL,6543.3141
CP_MID,shungnak,supply,2035,spring,8,ethos,IMP_WND,2025,WND,11391.632
CP_MID,shungnak,supply,2035,spring,9,ethos,IMP_HYD,2030,HYD,4270.4932
CP_MID,shungnak,supply,2035,spring,9,ethos,IMP_SOL,2030,SOL,12104.149
CP_MID,shungnak,supply,2035,spring,9,ethos,IMP_WND,2025,WND,10172.534
CP_MID,shungnak,supply,2035,summer,0,ethos,IMP_HYD,2025,HYD,10853.623
CP_MID,shungnak,supply,2035,summer,0,ethos,IMP_SOL,2025,SOL,49.12398
CP_MID,shungnak,supply,2035,summer,0,ethos,IMP_WND,2035,WND,2580.5459
CP_MID,shungnak,supply,2035,summer,1,ethos,IMP_HYD,2025,HYD,10853.623
CP_MID,shungnak,supply,2035,summer,1,ethos,IMP_WND,2035,WND,2040.3467
CP_MID,shungnak,supply,2035,summer,10,ethos,IMP_HYD,2035,HYD,10853.623
CP_MID,shungnak,supply,2035,summer,10,ethos,IMP_SOL,2025,SOL,15606.688
CP_MID,shungnak,supply,2035,summer,10,ethos,IMP_WND,2030,WND,1751.9972
CP_MID,shungnak,supply,2035,summer,11,ethos,IMP_HYD,2025,HYD,10853.623
CP_MID,shungnak,supply,2035,summer,11,ethos,IMP_SOL,2025,SOL,18632.725
CP_MID,shungnak,supply,2035,summer,11,ethos,IMP_WND,2030,WND,1525.6976
CP_MID,shungnak,supply,2035,summer,12,ethos,IMP_HYD,2035,HYD,10853.623
CP_MID,shungnak,supply,2035,summer,12,ethos,IMP_SOL,2030,SOL,20862.954
CP_MID,shungnak,supply,2035,summer,12,ethos,IMP_WND,2030,WND,1503.7976
CP_MID,shungnak,supply,2035,summer,13,ethos,IMP_HYD,2035,HYD,10853.623
CP_MID,shungnak,supply,2035,summer,13,ethos,IMP_SOL,2030,SOL,21943.682
CP_MID,shungnak,supply,2035,summer,13,ethos,IMP_WND,2035,WND,1595.0474
CP_MID,shungnak,supply,2035,summer,14,ethos,IMP_HYD,2030,HYD,10853.623
CP_MID,shungnak,supply,2035,summer,14,ethos,IMP_SOL,2035,SOL,22552.819
CP_MID,shungnak,supply,2035,summer,14,ethos,IMP_WND,2025,WND,1730.0972
CP_MID,shungnak,supply,2035,summer,15,ethos,IMP_HYD,2030,HYD,10853.623
CP_MID,shungnak,supply,2035,summer,15,ethos,IMP_SOL,2025,SOL,20317.678
CP_MID,shungnak,supply,2035,summer,15,ethos,IMP_WND,2035,WND,1532.9975
CP_MID,shungnak,supply,2035,summer,16,ethos,IMP_HYD,2035,HYD,10853.623
CP_MID,shungnak,supply,2035,summer,16,ethos,IMP_SOL,2030,SOL,18726.061
CP_MID,shungnak,supply,2035,summer,16,ethos,IMP_WND,2035,WND,1251.948
CP_MID,shungnak,supply,2035,summer,17,ethos,IMP_HYD,2030,HYD,10853.623
CP_MID,shungnak,supply,2035,summer,17,ethos,IMP_SOL,2035,SOL,15533.002
CP_MID,shungnak,supply,2035,summer,17,ethos,IMP_WND,2025,WND,1394.2978
CP_MID,shungnak,supply,2035,summer,18,ethos,IMP_HYD,2035,HYD,10853.623
CP_MID,shungnak,supply,2035,summer,18,ethos,IMP_SOL,2030,SOL,11077.457
CP_MID,shungnak,supply,2035,summer,18,ethos,IMP_WND,2030,WND,1850.547
CP_MID,shungnak,supply,2035,summer,19,ethos,IMP_HYD,2030,HYD,10853.623
CP_MID,shungnak,supply,2035,summer,19,ethos,IMP_SOL,2025,SOL,6454.8909
CP_MID,shungnak,supply,2035,summer,19,ethos,IMP_WND,2025,WND,1598.6974
CP_MID,shungnak,supply,2035,summer,2,ethos,IMP_HYD,2025,HYD,10853.623
CP_MID,shungnak,supply,2035,summer,2,ethos,IMP_WND,2025,WND,1868.797
CP_MID,shungnak,supply,2035,summer,20,ethos,IMP_HYD,2030,HYD,10853.623
CP_MID,shungnak,supply,2035,summer,20,ethos,IMP_SOL,2035,SOL,3345.343
CP_MID,shungnak,supply,2035,summer,20,ethos,IMP_WND,2035,WND,1970.9968
CP_MID,shungnak,supply,2035,summer,21,ethos,IMP_HYD,2030,HYD,10853.623
CP_MID,shungnak,supply,2035,summer,21,ethos,IMP_SOL,2035,SOL,1522.8434
CP_MID,shungnak,supply,2035,summer,21,ethos,IMP_WND,2035,WND,2839.6955
CP_MID,shungnak,supply,2035,summer,22,ethos,IMP_HYD,2025,HYD,10853.623
CP_MID,shungnak,supply,2035,summer,22,ethos,IMP_SOL,2025,SOL,918.61842
CP_MID,shungnak,supply,2035,summer,22,ethos,IMP_WND,2035,WND,2770.3456
CP_MID,shungnak,supply,2035,summer,23,ethos,IMP_HYD,2025,HYD,10853.623
CP_MID,shungnak,supply,2035,summer,23,ethos,IMP_SOL,2030,SOL,270.18189
CP_MID,shungnak,supply,2035,summer,23,ethos,IMP_WND,2030,WND,3040.4451
CP_MID,shungnak,supply,2035,summer,3,ethos,IMP_HYD,2030,HYD,10853.623
CP_MID,shungnak,supply,2035,summer,3,ethos,IMP_SOL,2030,SOL,58.948775
CP_MID,shungnak,supply,2035,summer,3,ethos,IMP_WND,2025,WND,2135.2466
CP_MID,shungnak,supply,2035,summer,4,ethos,IMP_HYD,2030,HYD,10853.623
CP_MID,shungnak,supply,2035,summer,4,ethos,IMP_SOL,2030,SOL,378.25464
CP_MID,shungnak,supply,2035,summer,4,ethos,IMP_WND,2025,WND,2182.6965
CP_MID,shungnak,supply,2035,summer,5,ethos,IMP_HYD,2025,HYD,10853.623
CP_MID,shungnak,supply,2035,summer,5,ethos,IMP_SOL,2025,SOL,731.94729
CP_MID,shungnak,supply,2035,summer,5,ethos,IMP_WND,2035,WND,2262.9964
CP_MID,shungnak,supply,2035,summer,6,ethos,IMP_HYD,2035,HYD,10853.623
CP_MID,shungnak,supply,2035,summer,6,ethos,IMP_SOL,2025,SOL,1856.8864
CP_MID,shungnak,supply,2035,summer,6,ethos,IMP_WND,2035,WND,2029.3968
CP_MID,shungnak,supply,2035,summer,7,ethos,IMP_HYD,2035,HYD,10853.623
CP_MID,shungnak,supply,2035,summer,7,ethos,IMP_SOL,2035,SOL,4445.7201
CP_MID,shungnak,supply,2035,summer,7,ethos,IMP_WND,2025,WND,1686.2973
CP_MID,shungnak,supply,2035,summer,8,ethos,IMP_HYD,2025,HYD,10853.623
CP_MID,shungnak,supply,2035,summer,8,ethos,IMP_SOL,2030,SOL,8709.6816
CP_MID,shungnak,supply,2035,summer,8,ethos,IMP_WND,2025,WND,1733.7472
CP_MID,shungnak,supply,2035,summer,9,ethos,IMP_HYD,2030,HYD,10853.623
CP_MID,shungnak,supply,2035,summer,9,ethos,IMP_SOL,2030,SOL,11897.828
CP_MID,shungnak,supply,2035,summer,9,ethos,IMP_WND,2035,WND,1624.2474
CP_MID,shungnak,supply,2035,winter,0,ethos,IMP_HYD,2035,HYD,1011.7784
CP_MID,shungnak,supply,2035,winter,0,ethos,IMP_WND,2030,WND,11026.632
CP_MID,shungnak,supply,2035,winter,1,ethos,IMP_HYD,2035,HYD,1011.7784
CP_MID,shungnak,supply,2035,winter,1,ethos,IMP_WND,2025,WND,11241.982
CP_MID,shungnak,supply,2035,winter,10,ethos,IMP_HYD,2030,HYD,1011.7784
CP_MID,shungnak,supply,2035,winter,10,ethos,IMP_SOL,2030,SOL,560.01337
CP_MID,shungnak,supply,2035,winter,10,ethos,IMP_WND,2030,WND,10898.883
CP_MID,shungnak,supply,2035,winter,11,ethos,IMP_HYD,2035,HYD,1011.7784
CP_MID,shungnak,supply,2035,winter,11,ethos,IMP_SOL,2035,SOL,1901.098
CP_MID,shungnak,supply,2035,winter,11,ethos,IMP_WND,2030,WND,10884.283
CP_MID,shungnak,supply,2035,winter,12,ethos,IMP_HYD,2035,HYD,1011.7784
CP_MID,shungnak,supply,2035,winter,12,ethos,IMP_SOL,2025,SOL,3364.9926
CP_MID,shungnak,supply,2035,winter,12,ethos,IMP_WND,2035,WND,11325.932
CP_MID,shungnak,supply,2035,winter,13,ethos,IMP_HYD,2035,HYD,1011.7784
CP_MID,shungnak,supply,2035,winter,13,ethos,IMP_SOL,2035,SOL,4327.8226
CP_MID,shungnak,supply,2035,winter,13,ethos,IMP_WND,2035,WND,11804.081
CP_MID,shungnak,supply,2035,winter,14,ethos,IMP_HYD,2025,HYD,1011.7784
CP_MID,shungnak,supply,2035,winter,14,ethos,IMP_SOL,2035,SOL,4327.8226
CP_MID,shungnak,supply,2035,winter,14,ethos,IMP_WND,2025,WND,11523.032
CP_MID,shungnak,supply,2035,winter,15,ethos,IMP_HYD,2025,HYD,1011.7784
CP_MID,shungnak,supply,2035,winter,15,ethos,IMP_SOL,2025,SOL,3197.9711
CP_MID,shungnak,supply,2035,winter,15,ethos,IMP_WND,2025,WND,11767.581
CP_MID,shungnak,supply,2035,winter,16,ethos,IMP_HYD,2025,HYD,1011.7784
CP_MID,shungnak,supply,2035,winter,16,ethos,IMP_SOL,2035,SOL,1734.0765
CP_MID,shungnak,supply,2035,winter,16,ethos,IMP_WND,2025,WND,11596.031
CP_MID,shungnak,supply,2035,winter,17,ethos,IMP_HYD,2030,HYD,1011.7784
CP_MID,shungnak,supply,2035,winter,17,ethos,IMP_SOL,2035,SOL,451.94061
CP_MID,shungnak,supply,2035,winter,17,ethos,IMP_WND,2030,WND,11325.932
CP_MID,shungnak,supply,2035,winter,18,ethos,IMP_DSL,2030,DSL,15787.959
CP_MID,shungnak,supply,2035,winter,18,ethos,IMP_HYD,2025,HYD,1011.7784
CP_MID,shungnak,supply,2035,winter,18,ethos,IMP_SOL,2030,SOL,9.8247959
CP_MID,shungnak,supply,2035,winter,18,ethos,IMP_WND,2035,WND,11205.482
CP_MID,shungnak,supply,2035,winter,19,ethos,IMP_HYD,2035,HYD,1011.7784
CP_MID,shungnak,supply,2035,winter,19,ethos,IMP_WND,2035,WND,11358.782
CP_MID,shungnak,supply,2035,winter,2,ethos,IMP_HYD,2030,HYD,1011.7784
CP_MID,shungnak,supply,2035,winter,2,ethos,IMP_WND,2030,WND,10844.133
CP_MID,shungnak,supply,2035,winter,20,ethos,IMP_DSL,2030,DSL,36495.482
CP_MID,shungnak,supply,2035,winter,20,ethos,IMP_HYD,2035,HYD,1011.7784
CP_MID,shungnak,supply,2035,winter,20,ethos,IMP_WND,2030,WND,11479.232
CP_MID,shungnak,supply,2035,winter,21,ethos,IMP_DSL,2035,DSL,31105.071
CP_MID,shungnak,supply,2035,winter,21,ethos,IMP_HYD,2030,HYD,1011.7784
CP_MID,shungnak,supply,2035,winter,21,ethos,IMP_WND,2025,WND,12030.381
CP_MID,shungnak,supply,2035,winter,22,ethos,IMP_DSL,2035,DSL,28219.419
CP_MID,shungnak,supply,2035,winter,22,ethos,IMP_HYD,2030,HYD,1011.7784
CP_MID,shungnak,supply,2035,winter,22,ethos,IMP_WND,2025,WND,12096.081
CP_MID,shungnak,supply,2035,winter,23,ethos,IMP_DSL,2030,DSL,23689.968
CP_MID,shungnak,supply,2035,winter,23,ethos,IMP_HYD,2030,HYD,1011.7784
CP_MID,shungnak,supply,2035,winter,23,ethos,IMP_WND,2025,WND,11439.082
CP_MID,shungnak,supply,2035,winter,3,ethos,IMP_HYD,2025,HYD,1011.7784
CP_MID,shungnak,supply,2035,winter,3,ethos,IMP_WND,2030,WND,10282.034
CP_MID,shungnak,supply,2035,winter,4,ethos,IMP_HYD,2025,HYD,1011.7784
CP_MID,shungnak,supply,2035,winter,4,ethos,IMP_WND,2035,WND,10081.284
CP_MID,shungnak,supply,2035,winter,5,ethos,IMP_HYD,2035,HYD,1011.7784
CP_MID,shungnak,supply,2035,winter,5,ethos,IMP_WND,2035,WND,10307.584
CP_MID,shungnak,supply,2035,winter,6,ethos,IMP_HYD,2030,HYD,1011.7784
CP_MID,shungnak,supply,2035,winter,6,ethos,IMP_WND,2030,WND,10387.883
CP_MID,shungnak,supply,2035,winter,7,ethos,IMP_HYD,2025,HYD,1011.7784
CP_MID,shungnak,supply,2035,winter,7,ethos,IMP_WND,2025,WND,10508.333
CP_MID,shungnak,supply,2035,winter,8,ethos,IMP_HYD,2030,HYD,1011.7784
CP_MID,shungnak,supply,2035,winter,8,ethos,IMP_WND,2030,WND,10687.183
CP_MID,shungnak,supply,2035,winter,9,ethos,IMP_HYD,2035,HYD,1011.7784
CP_MID,shungnak,supply,2035,winter,9,ethos,IMP_WND,2025,WND,11413.532
CP_MID,shungnak,supply,2040,fall,0,ethos,IMP_HYD,2030,HYD,6057.5303
CP_MID,shungnak,supply,2040,fall,0,ethos,IMP_WND,2040,WND,13495.853
CP_MID,shungnak,supply,2040,fall,1,ethos,IMP_HYD,2035,HYD,6057.5303
CP_MID,shungnak,supply,2040,fall,1,ethos,IMP_WND,2040,WND,13806.103
CP_MID,shungnak,supply,2040,fall,10,ethos,IMP_HYD,2030,HYD,6057.5303
CP_MID,shungnak,supply,2040,fall,10,ethos,IMP_SOL,2030,SOL,3866.0572
CP_MID,shungnak,supply,2040,fall,10,ethos,IMP_WND,2035,WND,13098.917
CP_MID,shungnak,supply,2040,fall,11,ethos,IMP_HYD,2025,HYD,6057.5303
CP_MID,shungnak,supply,2040,fall,11,ethos,IMP_SOL,2025,SOL,7005.0795
CP_MID,shungnak,supply,2040,fall,11,ethos,IMP_WND,2025,WND,12975.729
CP_MID,shungnak,supply,2040,fall,12,ethos,IMP_HYD,2025,HYD,6057.5303
CP_MID,shungnak,supply,2040,fall,12,ethos,IMP_SOL,2040,SOL,8645.8204
CP_MID,shungnak,supply,2040,fall,12,ethos,IMP_WND,2035,WND,13044.167
CP_MID,shungnak,supply,2040,fall,13,ethos,IMP_HYD,2035,HYD,6057.5303
CP_MID,shungnak,supply,2040,fall,13,ethos,IMP_SOL,2025,SOL,9515.3148
CP_MID,shungnak,supply,2040,fall,13,ethos,IMP_WND,2030,WND,12971.167
CP_MID,shungnak,supply,2040,fall,14,ethos,IMP_HYD,2030,HYD,6057.5303
CP_MID,shungnak,supply,2040,fall,14,ethos,IMP_SOL,2025,SOL,8984.7759
CP_MID,shungnak,supply,2040,fall,14,ethos,IMP_WND,2030,WND,13149.104
CP_MID,shungnak,supply,2040,fall,15,ethos,IMP_HYD,2040,HYD,6057.5303
CP_MID,shungnak,supply,2040,fall,15,ethos,IMP_SOL,2040,SOL,7496.3193
CP_MID,shungnak,supply,2040,fall,15,ethos,IMP_WND,2030,WND,12843.417
CP_MID,shungnak,supply,2040,fall,16,ethos,IMP_HYD,2040,HYD,6057.5303
CP_MID,shungnak,supply,2040,fall,16,ethos,IMP_SOL,2030,SOL,5172.755
CP_MID,shungnak,supply,2040,fall,16,ethos,IMP_WND,2040,WND,13559.728
CP_MID,shungnak,supply,2040,fall,17,ethos,IMP_HYD,2040,HYD,6057.5303
CP_MID,shungnak,supply,2040,fall,17,ethos,IMP_SOL,2035,SOL,2613.3957
CP_MID,shungnak,supply,2040,fall,17,ethos,IMP_WND,2035,WND,13678.353
CP_MID,shungnak,supply,2040,fall,18,ethos,IMP_HYD,2035,HYD,6057.5303
CP_MID,shungnak,supply,2040,fall,18,ethos,IMP_SOL,2030,SOL,918.61842
CP_MID,shungnak,supply,2040,fall,18,ethos,IMP_WND,2035,WND,13016.792
CP_MID,shungnak,supply,2040,fall,19,ethos,IMP_HYD,2025,HYD,6057.5303
CP_MID,shungnak,supply,2040,fall,19,ethos,IMP_SOL,2030,SOL,225.97031
CP_MID,shungnak,supply,2040,fall,19,ethos,IMP_WND,2030,WND,12866.229
CP_MID,shungnak,supply,2040,fall,2,ethos,IMP_HYD,2035,HYD,6057.5303
CP_MID,shungnak,supply,2040,fall,2,ethos,IMP_WND,2030,WND,13901.915
CP_MID,shungnak,supply,2040,fall,20,ethos,IMP_HYD,2040,HYD,6057.5303
CP_MID,shungnak,supply,2040,fall,20,ethos,IMP_SOL,2025,SOL,14.737194
CP_MID,shungnak,supply,2040,fall,20,ethos,IMP_WND,2025,WND,13025.917
CP_MID,shungnak,supply,2040,fall,21,ethos,IMP_HYD,2040,HYD,6057.5303
CP_MID,shungnak,supply,2040,fall,21,ethos,IMP_WND,2035,WND,12455.605
CP_MID,shungnak,supply,2040,fall,22,ethos,IMP_HYD,2025,HYD,6057.5303
CP_MID,shungnak,supply,2040,fall,22,ethos,IMP_WND,2025,WND,13263.166
CP_MID,shungnak,supply,2040,fall,23,ethos,IMP_HYD,2035,HYD,6057.5303
CP_MID,shungnak,supply,2040,fall,23,ethos,IMP_WND,2035,WND,13007.667
CP_MID,shungnak,supply,2040,fall,3,ethos,IMP_HYD,2035,HYD,6057.5303
CP_MID,shungnak,supply,2040,fall,3,ethos,IMP_WND,2030,WND,13714.853
CP_MID,shungnak,supply,2040,fall,4,ethos,IMP_HYD,2025,HYD,6057.5303
CP_MID,shungnak,supply,2040,fall,4,ethos,IMP_WND,2025,WND,13327.041
CP_MID,shungnak,supply,2040,fall,5,ethos,IMP_HYD,2040,HYD,6057.5303
CP_MID,shungnak,supply,2040,fall,5,ethos,IMP_WND,2030,WND,13792.415
CP_MID,shungnak,supply,2040,fall,6,ethos,IMP_HYD,2030,HYD,6057.5303
CP_MID,shungnak,supply,2040,fall,6,ethos,IMP_WND,2035,WND,13546.041
CP_MID,shungnak,supply,2040,fall,7,ethos,IMP_HYD,2040,HYD,6057.5303
CP_MID,shungnak,supply,2040,fall,7,ethos,IMP_SOL,2035,SOL,88.423163
CP_MID,shungnak,supply,2040,fall,7,ethos,IMP_WND,2025,WND,13504.978
CP_MID,shungnak,supply,2040,fall,8,ethos,IMP_HYD,2035,HYD,6057.5303
CP_MID,shungnak,supply,2040,fall,8,ethos,IMP_SOL,2030,SOL,854.75724
CP_MID,shungnak,supply,2040,fall,8,ethos,IMP_WND,2025,WND,13796.978
CP_MID,shungnak,supply,2040,fall,9,ethos,IMP_HYD,2040,HYD,6057.5303
CP_MID,shungnak,supply,2040,fall,9,ethos,IMP_SOL,2025,SOL,1822.4996
CP_MID,shungnak,supply,2040,fall,9,ethos,IMP_WND,2035,WND,13276.854
CP_MID,shungnak,supply,2040,spring,0,ethos,IMP_HYD,2030,HYD,4270.4932
CP_MID,shungnak,supply,2040,spring,0,ethos,IMP_WND,2040,WND,12610.73
CP_MID,shungnak,supply,2040,spring,1,ethos,IMP_HYD,2040,HYD,4270.4932
CP_MID,shungnak,supply,2040,spring,1,ethos,IMP_WND,2040,WND,12565.105
CP_MID,shungnak,supply,2040,spring,10,ethos,IMP_HYD,2025,HYD,4270.4932
CP_MID,shungnak,supply,2040,spring,10,ethos,IMP_SOL,2035,SOL,9340.5882
CP_MID,shungnak,supply,2040,spring,10,ethos,IMP_WND,2030,WND,11981.245
CP_MID,shungnak,supply,2040,spring,11,ethos,IMP_HYD,2025,HYD,4270.4932
CP_MID,shungnak,supply,2040,spring,11,ethos,IMP_SOL,2030,SOL,14803.516
CP_MID,shungnak,supply,2040,spring,11,ethos,IMP_WND,2040,WND,7095.5886
CP_MID,shungnak,supply,2040,spring,12,ethos,IMP_HYD,2040,HYD,4270.4932
CP_MID,shungnak,supply,2040,spring,12,ethos,IMP_SOL,2040,SOL,22064.845
CP_MID,shungnak,supply,2040,spring,12,ethos,IMP_WND,2025,WND,2224.6714
CP_MID,shungnak,supply,2040,spring,13,ethos,IMP_SOL,2025,SOL,24915.682
CP_MID,shungnak,supply,2040,spring,13,ethos,IMP_WND,2040,WND,5850.0281
CP_MID,shungnak,supply,2040,spring,14,ethos,IMP_HYD,2040,HYD,4270.4932
CP_MID,shungnak,supply,2040,spring,14,ethos,IMP_SOL,2030,SOL,24817.434
CP_MID,shungnak,supply,2040,spring,14,ethos,IMP_WND,2040,WND,9029.1731
CP_MID,shungnak,supply,2040,spring,15,ethos,IMP_HYD,2030,HYD,4270.4932
CP_MID,shungnak,supply,2040,spring,15,ethos,IMP_SOL,2040,SOL,23373.189
CP_MID,shungnak,supply,2040,spring,15,ethos,IMP_WND,2040,WND,9229.9227
CP_MID,shungnak,supply,2040,spring,16,ethos,IMP_HYD,2025,HYD,4270.4932
CP_MID,shungnak,supply,2040,spring,16,ethos,IMP_SOL,2025,SOL,20298.028
CP_MID,shungnak,supply,2040,spring,16,ethos,IMP_WND,2030,WND,9973.609
CP_MID,shungnak,supply,2040,spring,17,ethos,IMP_HYD,2035,HYD,4270.4932
CP_MID,shungnak,supply,2040,spring,17,ethos,IMP_SOL,2035,SOL,15125.273
CP_MID,shungnak,supply,2040,spring,17,ethos,IMP_WND,2035,WND,10110.484
CP_MID,shungnak,supply,2040,spring,18,ethos,IMP_HYD,2030,HYD,4270.4932
CP_MID,shungnak,supply,2040,spring,18,ethos,IMP_SOL,2030,SOL,9166.5346
CP_MID,shungnak,supply,2040,spring,18,ethos,IMP_WND,2035,WND,10420.733
CP_MID,shungnak,supply,2040,spring,19,ethos,IMP_HYD,2040,HYD,4270.4932
CP_MID,shungnak,supply,2040,spring,19,ethos,IMP_SOL,2035,SOL,3988.8671
CP_MID,shungnak,supply,2040,spring,19,ethos,IMP_WND,2030,WND,10730.983
CP_MID,shungnak,supply,2040,spring,2,ethos,IMP_HYD,2040,HYD,4270.4932
CP_MID,shungnak,supply,2040,spring,2,ethos,IMP_WND,2035,WND,12273.105
CP_MID,shungnak,supply,2040,spring,20,ethos,IMP_HYD,2025,HYD,4270.4932
CP_MID,shungnak,supply,2040,spring,20,ethos,IMP_SOL,2025,SOL,1454.0698
CP_MID,shungnak,supply,2040,spring,20,ethos,IMP_WND,2030,WND,11369.732
CP_MID,shungnak,supply,2040,spring,21,ethos,IMP_HYD,2025,HYD,4270.4932
CP_MID,shungnak,supply,2040,spring,21,ethos,IMP_SOL,2040,SOL,633.69934
CP_MID,shungnak,supply,2040,spring,21,ethos,IMP_WND,2025,WND,11086.857
CP_MID,shungnak,supply,2040,spring,22,ethos,IMP_HYD,2030,HYD,4270.4932
CP_MID,shungnak,supply,2040,spring,22,ethos,IMP_SOL,2025,SOL,245.6199
CP_MID,shungnak,supply,2040,spring,22,ethos,IMP_WND,2025,WND,12373.48
CP_MID,shungnak,supply,2040,spring,23,ethos,IMP_HYD,2035,HYD,4270.4932
CP_MID,shungnak,supply,2040,spring,23,ethos,IMP_SOL,2035,SOL,39.299184
CP_MID,shungnak,supply,2040,spring,23,ethos,IMP_WND,2030,WND,12624.417
CP_MID,shungnak,supply,2040,spring,3,ethos,IMP_HYD,2040,HYD,4270.4932
CP_MID,shungnak,supply,2040,spring,3,ethos,IMP_WND,2030,WND,12470.352
CP_MID,shungnak,supply,2040,spring,4,ethos,IMP_HYD,2040,HYD,3394.2032
CP_MID,shungnak,supply,2040,spring,4,ethos,IMP_SOL,2025,SOL,20.399817
CP_MID,shungnak,supply,2040,spring,4,ethos,IMP_WND,2025,WND,13518.666
CP_MID,shungnak,supply,2040,spring,5,ethos,IMP_HYD,2035,HYD,3111.6643
CP_MID,shungnak,supply,2040,spring,5,ethos,IMP_SOL,2030,SOL,90.099193
CP_MID,shungnak,supply,2040,spring,5,ethos,IMP_WND,2025,WND,14116.352
CP_MID,shungnak,supply,2040,spring,6,ethos,IMP_HYD,2030,HYD,4270.4932
CP_MID,shungnak,supply,2040,spring,6,ethos,IMP_SOL,2030,SOL,874.40684
CP_MID,shungnak,supply,2040,spring,6,ethos,IMP_WND,2035,WND,12558.063
CP_MID,shungnak,supply,2040,spring,7,ethos,IMP_HYD,2035,HYD,4270.4932
CP_MID,shungnak,supply,2040,spring,7,ethos,IMP_SOL,2025,SOL,1490.4907
CP_MID,shungnak,supply,2040,spring,7,ethos,IMP_WND,2035,WND,13673.791
CP_MID,shungnak,supply,2040,spring,8,ethos,IMP_HYD,2030,HYD,4270.4932
CP_MID,shungnak,supply,2040,spring,8,ethos,IMP_SOL,2030,SOL,5302.9999
CP_MID,shungnak,supply,2040,spring,8,ethos,IMP_WND,2025,WND,13517.328
CP_MID,shungnak,supply,2040,spring,9,ethos,IMP_HYD,2040,HYD,4270.4932
CP_MID,shungnak,supply,2040,spring,9,ethos,IMP_SOL,2035,SOL,6681.9314
CP_MID,shungnak,supply,2040,spring,9,ethos,IMP_WND,2035,WND,12715.667
CP_MID,shungnak,supply,2040,summer,0,ethos,IMP_HYD,2025,HYD,10853.623
CP_MID,shungnak,supply,2040,summer,0,ethos,IMP_SOL,2040,SOL,49.12398
CP_MID,shungnak,supply,2040,summer,0,ethos,IMP_WND,2025,WND,3225.6823
CP_MID,shungnak,supply,2040,summer,1,ethos,IMP_HYD,2035,HYD,10853.623
CP_MID,shungnak,supply,2040,summer,1,ethos,IMP_WND,2035,WND,2550.4334
CP_MID,shungnak,supply,2040,summer,10,ethos,IMP_HYD,2035,HYD,10853.623
CP_MID,shungnak,supply,2040,summer,10,ethos,IMP_SOL,2030,SOL,15606.688
CP_MID,shungnak,supply,2040,summer,10,ethos,IMP_WND,2040,WND,2189.9965
CP_MID,shungnak,supply,2040,summer,11,ethos,IMP_HYD,2035,HYD,10853.623
CP_MID,shungnak,supply,2040,summer,11,ethos,IMP_SOL,2025,SOL,18632.725
CP_MID,shungnak,supply,2040,summer,11,ethos,IMP_WND,2030,WND,1907.1219
CP_MID,shungnak,supply,2040,summer,12,ethos,IMP_HYD,2035,HYD,10853.623
CP_MID,shungnak,supply,2040,summer,12,ethos,IMP_SOL,2040,SOL,20862.954
CP_MID,shungnak,supply,2040,summer,12,ethos,IMP_WND,2030,WND,1879.747
CP_MID,shungnak,supply,2040,summer,13,ethos,IMP_HYD,2035,HYD,10853.623
CP_MID,shungnak,supply,2040,summer,13,ethos,IMP_SOL,2025,SOL,21943.682
CP_MID,shungnak,supply,2040,summer,13,ethos,IMP_WND,2035,WND,1993.8093
CP_MID,shungnak,supply,2040,summer,14,ethos,IMP_HYD,2030,HYD,10853.623
CP_MID,shungnak,supply,2040,summer,14,ethos,IMP_SOL,2035,SOL,22552.819
CP_MID,shungnak,supply,2040,summer,14,ethos,IMP_WND,2040,WND,2162.6215
CP_MID,shungnak,supply,2040,summer,15,ethos,IMP_HYD,2030,HYD,10853.623
CP_MID,shungnak,supply,2040,summer,15,ethos,IMP_SOL,2025,SOL,20317.678
CP_MID,shungnak,supply,2040,summer,15,ethos,IMP_WND,2030,WND,1916.2469
CP_MID,shungnak,supply,2040,summer,16,ethos,IMP_HYD,2040,HYD,10853.623
CP_MID,shungnak,supply,2040,summer,16,ethos,IMP_SOL,2030,SOL,18726.061
CP_MID,shungnak,supply,2040,summer,16,ethos,IMP_WND,2040,WND,1564.935
CP_MID,shungnak,supply,2040,summer,17,ethos,IMP_HYD,2035,HYD,10853.623
CP_MID,shungnak,supply,2040,summer,17,ethos,IMP_SOL,2035,SOL,15533.002
CP_MID,shungnak,supply,2040,summer,17,ethos,IMP_WND,2040,WND,1742.8722
CP_MID,shungnak,supply,2040,summer,18,ethos,IMP_HYD,2030,HYD,10853.623
CP_MID,shungnak,supply,2040,summer,18,ethos,IMP_SOL,2030,SOL,11077.457
CP_MID,shungnak,supply,2040,summer,18,ethos,IMP_WND,2035,WND,2313.1838
CP_MID,shungnak,supply,2040,summer,19,ethos,IMP_HYD,2035,HYD,10853.623
CP_MID,shungnak,supply,2040,summer,19,ethos,IMP_SOL,2025,SOL,6454.8909
CP_MID,shungnak,supply,2040,summer,19,ethos,IMP_WND,2030,WND,1998.3718
CP_MID,shungnak,supply,2040,summer,2,ethos,IMP_HYD,2025,HYD,10853.623
CP_MID,shungnak,supply,2040,summer,2,ethos,IMP_WND,2025,WND,2335.9963
CP_MID,shungnak,supply,2040,summer,20,ethos,IMP_HYD,2040,HYD,10853.623
CP_MID,shungnak,supply,2040,summer,20,ethos,IMP_SOL,2035,SOL,3345.343
CP_MID,shungnak,supply,2040,summer,20,ethos,IMP_WND,2030,WND,2463.7461
CP_MID,shungnak,supply,2040,summer,21,ethos,IMP_HYD,2025,HYD,10853.623
CP_MID,shungnak,supply,2040,summer,21,ethos,IMP_SOL,2025,SOL,1522.8434
CP_MID,shungnak,supply,2040,summer,21,ethos,IMP_WND,2030,WND,3549.6193
CP_MID,shungnak,supply,2040,summer,22,ethos,IMP_HYD,2025,HYD,10853.623
CP_MID,shungnak,supply,2040,summer,22,ethos,IMP_SOL,2035,SOL,918.61842
CP_MID,shungnak,supply,2040,summer,22,ethos,IMP_WND,2030,WND,3462.932
CP_MID,shungnak,supply,2040,summer,23,ethos,IMP_HYD,2035,HYD,10853.623
CP_MID,shungnak,supply,2040,summer,23,ethos,IMP_SOL,2025,SOL,270.18189
CP_MID,shungnak,supply,2040,summer,23,ethos,IMP_WND,2025,WND,3800.5564
CP_MID,shungnak,supply,2040,summer,3,ethos,IMP_HYD,2040,HYD,10853.623
CP_MID,shungnak,supply,2040,summer,3,ethos,IMP_SOL,2040,SOL,58.948775
CP_MID,shungnak,supply,2040,summer,3,ethos,IMP_WND,2035,WND,2669.0582
CP_MID,shungnak,supply,2040,summer,4,ethos,IMP_HYD,2030,HYD,10853.623
CP_MID,shungnak,supply,2040,summer,4,ethos,IMP_SOL,2040,SOL,378.25464
CP_MID,shungnak,supply,2040,summer,4,ethos,IMP_WND,2040,WND,2728.3706
CP_MID,shungnak,supply,2040,summer,5,ethos,IMP_HYD,2035,HYD,10853.623
CP_MID,shungnak,supply,2040,summer,5,ethos,IMP_SOL,2035,SOL,731.94729
CP_MID,shungnak,supply,2040,summer,5,ethos,IMP_WND,2025,WND,2828.7455
CP_MID,shungnak,supply,2040,summer,6,ethos,IMP_HYD,2040,HYD,10853.623
CP_MID,shungnak,supply,2040,summer,6,ethos,IMP_SOL,2025,SOL,1856.8864
CP_MID,shungnak,supply,2040,summer,6,ethos,IMP_WND,2025,WND,2536.7459
CP_MID,shungnak,supply,2040,summer,7,ethos,IMP_HYD,2030,HYD,10853.623
CP_MID,shungnak,supply,2040,summer,7,ethos,IMP_SOL,2025,SOL,4445.7201
CP_MID,shungnak,supply,2040,summer,7,ethos,IMP_WND,2035,WND,2107.8716
CP_MID,shungnak,supply,2040,summer,8,ethos,IMP_HYD,2030,HYD,10853.623
CP_MID,shungnak,supply,2040,summer,8,ethos,IMP_SOL,2040,SOL,8709.6816
CP_MID,shungnak,supply,2040,summer,8,ethos,IMP_WND,2040,WND,2167.184
CP_MID,shungnak,supply,2040,summer,9,ethos,IMP_HYD,2040,HYD,10853.623
CP_MID,shungnak,supply,2040,summer,9,ethos,IMP_SOL,2025,SOL,11897.828
CP_MID,shungnak,supply,2040,summer,9,ethos,IMP_WND,2030,WND,2030.3093
CP_MID,shungnak,supply,2040,winter,0,ethos,IMP_HYD,2030,HYD,1011.7784
CP_MID,shungnak,supply,2040,winter,0,ethos,IMP_WND,2030,WND,13783.29
CP_MID,shungnak,supply,2040,winter,1,ethos,IMP_HYD,2030,HYD,1011.7784
CP_MID,shungnak,supply,2040,winter,1,ethos,IMP_WND,2030,WND,14052.478
CP_MID,shungnak,supply,2040,winter,10,ethos,IMP_HYD,2040,HYD,1011.7784
CP_MID,shungnak,supply,2040,winter,10,ethos,IMP_SOL,2040,SOL,560.01337
CP_MID,shungnak,supply,2040,winter,10,ethos,IMP_WND,2035,WND,13623.603
CP_MID,shungnak,supply,2040,winter,11,ethos,IMP_HYD,2035,HYD,1011.7784
CP_MID,shungnak,supply,2040,winter,11,ethos,IMP_SOL,2040,SOL,1901.098
CP_MID,shungnak,supply,2040,winter,11,ethos,IMP_WND,2035,WND,13605.353
CP_MID,shungnak,supply,2040,winter,12,ethos,IMP_HYD,2035,HYD,1011.7784
CP_MID,shungnak,supply,2040,winter,12,ethos,IMP_SOL,2035,SOL,3364.9926
CP_MID,shungnak,supply,2040,winter,12,ethos,IMP_WND,2025,WND,14157.415
CP_MID,shungnak,supply,2040,winter,13,ethos,IMP_HYD,2040,HYD,1011.7784
CP_MID,shungnak,supply,2040,winter,13,ethos,IMP_SOL,2035,SOL,4327.8226
CP_MID,shungnak,supply,2040,winter,13,ethos,IMP_WND,2040,WND,14755.101
CP_MID,shungnak,supply,2040,winter,14,ethos,IMP_HYD,2040,HYD,1011.7784
CP_MID,shungnak,supply,2040,winter,14,ethos,IMP_SOL,2035,SOL,4327.8226
CP_MID,shungnak,supply,2040,winter,14,ethos,IMP_WND,2040,WND,14403.789
CP_MID,shungnak,supply,2040,winter,15,ethos,IMP_HYD,2030,HYD,1011.7784
CP_MID,shungnak,supply,2040,winter,15,ethos,IMP_SOL,2025,SOL,3197.9711
CP_MID,shungnak,supply,2040,winter,15,ethos,IMP_WND,2035,WND,14709.476
CP_MID,shungnak,supply,2040,winter,16,ethos,IMP_HYD,2035,HYD,1011.7784
CP_MID,shungnak,supply,2040,winter,16,ethos,IMP_SOL,2035,SOL,1734.0765
CP_MID,shungnak,supply,2040,winter,16,ethos,IMP_WND,2035,WND,14495.039
CP_MID,shungnak,supply,2040,winter,17,ethos,IMP_HYD,2025,HYD,1011.7784
CP_MID,shungnak,supply,2040,winter,17,ethos,IMP_SOL,2040,SOL,451.94061
CP_MID,shungnak,supply,2040,winter,17,ethos,IMP_WND,2025,WND,14157.415
CP_MID,shungnak,supply,2040,winter,18,ethos,IMP_HYD,2040,HYD,1011.7784
CP_MID,shungnak,supply,2040,winter,18,ethos,IMP_SOL,2040,SOL,9.8247959
CP_MID,shungnak,supply,2040,winter,18,ethos,IMP_WND,2030,WND,14006.853
CP_MID,shungnak,supply,2040,winter,19,ethos,IMP_HYD,2025,HYD,1011.7784
CP_MID,shungnak,supply,2040,winter,19,ethos,IMP_WND,2035,WND,14198.477
CP_MID,shungnak,supply,2040,winter,2,ethos,IMP_HYD,2040,HYD,1011.7784
CP_MID,shungnak,supply,2040,winter,2,ethos,IMP_WND,2030,WND,13555.166
CP_MID,shungnak,supply,2040,winter,20,ethos,IMP_HYD,2040,HYD,1011.7784
CP_MID,shungnak,supply,2040,winter,20,ethos,IMP_WND,2040,WND,14349.04
CP_MID,shungnak,supply,2040,winter,21,ethos,IMP_HYD,2025,HYD,1011.7784
CP_MID,shungnak,supply,2040,winter,21,ethos,IMP_WND,2040,WND,15037.976
CP_MID,shungnak,supply,2040,winter,22,ethos,IMP_HYD,2040,HYD,1011.7784
CP_MID,shungnak,supply,2040,winter,22,ethos,IMP_WND,2040,WND,15120.101
CP_MID,shungnak,supply,2040,winter,23,ethos,IMP_HYD,2030,HYD,1011.7784
CP_MID,shungnak,supply,2040,winter,23,ethos,IMP_WND,2025,WND,14298.852
CP_MID,shungnak,supply,2040,winter,3,ethos,IMP_HYD,2035,HYD,1011.7784
CP_MID,shungnak,supply,2040,winter,3,ethos,IMP_WND,2030,WND,12852.542
CP_MID,shungnak,supply,2040,winter,4,ethos,IMP_HYD,2035,HYD,1011.7784
CP_MID,shungnak,supply,2040,winter,4,ethos,IMP_WND,2035,WND,12601.605
CP_MID,shungnak,supply,2040,winter,5,ethos,IMP_HYD,2030,HYD,1011.7784
CP_MID,shungnak,supply,2040,winter,5,ethos,IMP_WND,2025,WND,12884.479
CP_MID,shungnak,supply,2040,winter,6,ethos,IMP_HYD,2035,HYD,1011.7784
CP_MID,shungnak,supply,2040,winter,6,ethos,IMP_WND,2040,WND,12984.854
CP_MID,shungnak,supply,2040,winter,7,ethos,IMP_HYD,2035,HYD,1011.7784
CP_MID,shungnak,supply,2040,winter,7,ethos,IMP_WND,2035,WND,13135.416
CP_MID,shungnak,supply,2040,winter,8,ethos,IMP_HYD,2025,HYD,1011.7784
CP_MID,shungnak,supply,2040,winter,8,ethos,IMP_WND,2035,WND,13358.979
CP_MID,shungnak,supply,2040,winter,9,ethos,IMP_HYD,2040,HYD,1011.7784
CP_MID,shungnak,supply,2040,winter,9,ethos,IMP_WND,2040,WND,14266.915
CP_MID,shungnak,supply,2045,fall,0,ethos,IMP_HYD,2025,HYD,6057.5303
CP_MID,shungnak,supply,2045,fall,0,ethos,IMP_WND,2035,WND,13495.853
CP_MID,shungnak,supply,2045,fall,1,ethos,IMP_HYD,2035,HYD,6057.5303
CP_MID,shungnak,supply,2045,fall,1,ethos,IMP_WND,2045,WND,13806.103
CP_MID,shungnak,supply,2045,fall,10,ethos,IMP_HYD,2035,HYD,6057.5303
CP_MID,shungnak,supply,2045,fall,10,ethos,IMP_SOL,2025,SOL,4290.1823
CP_MID,shungnak,supply,2045,fall,10,ethos,IMP_WND,2035,WND,13098.917
CP_MID,shungnak,supply,2045,fall,11,ethos,IMP_HYD,2045,HYD,6057.5303
CP_MID,shungnak,supply,2045,fall,11,ethos,IMP_SOL,2045,SOL,7773.5704
CP_MID,shungnak,supply,2045,fall,11,ethos,IMP_WND,2035,WND,12975.729
CP_MID,shungnak,supply,2045,fall,12,ethos,IMP_HYD,2025,HYD,6057.5303
CP_MID,shungnak,supply,2045,fall,12,ethos,IMP_SOL,2025,SOL,9594.3085
CP_MID,shungnak,supply,2045,fall,12,ethos,IMP_WND,2030,WND,13044.167
CP_MID,shungnak,supply,2045,fall,13,ethos,IMP_HYD,2035,HYD,6057.5303
CP_MID,shungnak,supply,2045,fall,13,ethos,IMP_SOL,2040,SOL,10559.191
CP_MID,shungnak,supply,2045,fall,13,ethos,IMP_WND,2040,WND,12971.167
CP_MID,shungnak,supply,2045,fall,14,ethos,IMP_HYD,2045,HYD,6057.5303
CP_MID,shungnak,supply,2045,fall,14,ethos,IMP_SOL,2030,SOL,9970.449
CP_MID,shungnak,supply,2045,fall,14,ethos,IMP_WND,2025,WND,13149.104
CP_MID,shungnak,supply,2045,fall,15,ethos,IMP_HYD,2040,HYD,6057.5303
CP_MID,shungnak,supply,2045,fall,15,ethos,IMP_SOL,2030,SOL,8318.7016
CP_MID,shungnak,supply,2045,fall,15,ethos,IMP_WND,2025,WND,12843.417
CP_MID,shungnak,supply,2045,fall,16,ethos,IMP_HYD,2030,HYD,6057.5303
CP_MID,shungnak,supply,2045,fall,16,ethos,IMP_SOL,2025,SOL,5740.2311
CP_MID,shungnak,supply,2045,fall,16,ethos,IMP_WND,2025,WND,13559.728
CP_MID,shungnak,supply,2045,fall,17,ethos,IMP_HYD,2040,HYD,6057.5303
CP_MID,shungnak,supply,2045,fall,17,ethos,IMP_SOL,2035,SOL,2900.0978
CP_MID,shungnak,supply,2045,fall,17,ethos,IMP_WND,2045,WND,13678.353
CP_MID,shungnak,supply,2045,fall,18,ethos,IMP_HYD,2030,HYD,6057.5303
CP_MID,shungnak,supply,2045,fall,18,ethos,IMP_SOL,2045,SOL,1019.3953
CP_MID,shungnak,supply,2045,fall,18,ethos,IMP_WND,2030,WND,13016.792
CP_MID,shungnak,supply,2045,fall,19,ethos,IMP_HYD,2035,HYD,6057.5303
CP_MID,shungnak,supply,2045,fall,19,ethos,IMP_SOL,2035,SOL,250.76034
CP_MID,shungnak,supply,2045,fall,19,ethos,IMP_WND,2025,WND,12866.229
CP_MID,shungnak,supply,2045,fall,2,ethos,IMP_HYD,2040,HYD,6057.5303
CP_MID,shungnak,supply,2045,fall,2,ethos,IMP_WND,2030,WND,13901.915
CP_MID,shungnak,supply,2045,fall,20,ethos,IMP_HYD,2040,HYD,6057.5303
CP_MID,shungnak,supply,2045,fall,20,ethos,IMP_SOL,2025,SOL,16.353935
CP_MID,shungnak,supply,2045,fall,20,ethos,IMP_WND,2025,WND,13025.917
CP_MID,shungnak,supply,2045,fall,21,ethos,IMP_HYD,2035,HYD,6057.5303
CP_MID,shungnak,supply,2045,fall,21,ethos,IMP_WND,2030,WND,12455.605
CP_MID,shungnak,supply,2045,fall,22,ethos,IMP_HYD,2040,HYD,6057.5303
CP_MID,shungnak,supply,2045,fall,22,ethos,IMP_WND,2035,WND,13263.166
CP_MID,shungnak,supply,2045,fall,23,ethos,IMP_HYD,2025,HYD,6057.5303
CP_MID,shungnak,supply,2045,fall,23,ethos,IMP_WND,2035,WND,13007.667
CP_MID,shungnak,supply,2045,fall,3,ethos,IMP_HYD,2035,HYD,6057.5303
CP_MID,shungnak,supply,2045,fall,3,ethos,IMP_WND,2045,WND,13714.853
CP_MID,shungnak,supply,2045,fall,4,ethos,IMP_HYD,2025,HYD,6057.5303
CP_MID,shungnak,supply,2045,fall,4,ethos,IMP_WND,2035,WND,13327.041
CP_MID,shungnak,supply,2045,fall,5,ethos,IMP_HYD,2035,HYD,6057.5303
CP_MID,shungnak,supply,2045,fall,5,ethos,IMP_WND,2025,WND,13792.415
CP_MID,shungnak,supply,2045,fall,6,ethos,IMP_HYD,2035,HYD,6057.5303
CP_MID,shungnak,supply,2045,fall,6,ethos,IMP_WND,2045,WND,13546.041
CP_MID,shungnak,supply,2045,fall,7,ethos,IMP_HYD,2040,HYD,6057.5303
CP_MID,shungnak,supply,2045,fall,7,ethos,IMP_SOL,2030,SOL,98.123609
CP_MID,shungnak,supply,2045,fall,7,ethos,IMP_WND,2035,WND,13504.978
CP_MID,shungnak,supply,2045,fall,8,ethos,IMP_HYD,2045,HYD,6057.5303
CP_MID,shungnak,supply,2045,fall,8,ethos,IMP_SOL,2030,SOL,948.52822
CP_MID,shungnak,supply,2045,fall,8,ethos,IMP_WND,2030,WND,13796.978
CP_MID,shungnak,supply,2045,fall,9,ethos,IMP_HYD,2035,HYD,6057.5303
CP_MID,shungnak,supply,2045,fall,9,ethos,IMP_SOL,2040,SOL,2022.4366
CP_MID,shungnak,supply,2045,fall,9,ethos,IMP_WND,2035,WND,13276.854
CP_MID,shungnak,supply,2045,spring,0,ethos,IMP_HYD,2035,HYD,4270.4932
CP_MID,shungnak,supply,2045,spring,0,ethos,IMP_WND,2040,WND,12610.73
CP_MID,shungnak,supply,2045,spring,1,ethos,IMP_HYD,2045,HYD,4270.4932
CP_MID,shungnak,supply,2045,spring,1,ethos,IMP_WND,2030,WND,12565.105
CP_MID,shungnak,supply,2045,spring,10,ethos,IMP_HYD,2025,HYD,4270.4932
CP_MID,shungnak,supply,2045,spring,10,ethos,IMP_SOL,2045,SOL,19352.156
CP_MID,shungnak,supply,2045,spring,10,ethos,IMP_WND,2040,WND,12510.355
CP_MID,shungnak,supply,2045,spring,11,ethos,IMP_HYD,2030,HYD,4270.4932
CP_MID,shungnak,supply,2045,spring,11,ethos,IMP_SOL,2025,SOL,24072.992
CP_MID,shungnak,supply,2045,spring,11,ethos,IMP_WND,2045,WND,11825.981
CP_MID,shungnak,supply,2045,spring,12,ethos,IMP_HYD,2040,HYD,4270.4932
CP_MID,shungnak,supply,2045,spring,12,ethos,IMP_SOL,2040,SOL,26302.579
CP_MID,shungnak,supply,2045,spring,12,ethos,IMP_WND,2040,WND,11123.357
CP_MID,shungnak,supply,2045,spring,13,ethos,IMP_HYD,2045,HYD,4270.4932
CP_MID,shungnak,supply,2045,spring,13,ethos,IMP_SOL,2035,SOL,27649.053
CP_MID,shungnak,supply,2045,spring,13,ethos,IMP_WND,2045,WND,9750.0469
CP_MID,shungnak,supply,2045,spring,14,ethos,IMP_HYD,2025,HYD,4270.4932
CP_MID,shungnak,supply,2045,spring,14,ethos,IMP_SOL,2030,SOL,27540.026
CP_MID,shungnak,supply,2045,spring,14,ethos,IMP_WND,2045,WND,9029.1731
CP_MID,shungnak,supply,2045,spring,15,ethos,IMP_HYD,2040,HYD,4270.4932
CP_MID,shungnak,supply,2045,spring,15,ethos,IMP_SOL,2025,SOL,25937.341
CP_MID,shungnak,supply,2045,spring,15,ethos,IMP_WND,2025,WND,9229.9227
CP_MID,shungnak,supply,2045,spring,16,ethos,IMP_HYD,2040,HYD,4270.4932
CP_MID,shungnak,supply,2045,spring,16,ethos,IMP_SOL,2040,SOL,22524.82
CP_MID,shungnak,supply,2045,spring,16,ethos,IMP_WND,2025,WND,9973.609
CP_MID,shungnak,supply,2045,spring,17,ethos,IMP_HYD,2040,HYD,4270.4932
CP_MID,shungnak,supply,2045,spring,17,ethos,IMP_SOL,2030,SOL,16784.589
CP_MID,shungnak,supply,2045,spring,17,ethos,IMP_WND,2045,WND,10110.484
CP_MID,shungnak,supply,2045,spring,18,ethos,IMP_HYD,2035,HYD,4270.4932
CP_MID,shungnak,supply,2045,spring,18,ethos,IMP_SOL,2025,SOL,10172.148
CP_MID,shungnak,supply,2045,spring,18,ethos,IMP_WND,2030,WND,10420.733
CP_MID,shungnak,supply,2045,spring,19,ethos,IMP_HYD,2025,HYD,4270.4932
CP_MID,shungnak,supply,2045,spring,19,ethos,IMP_SOL,2040,SOL,4426.465
CP_MID,shungnak,supply,2045,spring,19,ethos,IMP_WND,2030,WND,10730.983
CP_MID,shungnak,supply,2045,spring,2,ethos,IMP_HYD,2045,HYD,4270.4932
CP_MID,shungnak,supply,2045,spring,2,ethos,IMP_WND,2045,WND,12273.105
CP_MID,shungnak,supply,2045,spring,20,ethos,IMP_HYD,2040,HYD,4270.4932
CP_MID,shungnak,supply,2045,spring,20,ethos,IMP_SOL,2045,SOL,1613.5882
CP_MID,shungnak,supply,2045,spring,20,ethos,IMP_WND,2025,WND,11369.732
CP_MID,shungnak,supply,2045,spring,21,ethos,IMP_HYD,2040,HYD,4270.4932
CP_MID,shungnak,supply,2045,spring,21,ethos,IMP_SOL,2025,SOL,703.2192
CP_MID,shungnak,supply,2045,spring,21,ethos,IMP_WND,2035,WND,11086.857
CP_MID,shungnak,supply,2045,spring,22,ethos,IMP_HYD,2045,HYD,4270.4932
CP_MID,shungnak,supply,2045,spring,22,ethos,IMP_SOL,2025,SOL,272.56558
CP_MID,shungnak,supply,2045,spring,22,ethos,IMP_WND,2045,WND,12373.48
CP_MID,shungnak,supply,2045,spring,23,ethos,IMP_HYD,2030,HYD,4270.4932
CP_MID,shungnak,supply,2045,spring,23,ethos,IMP_SOL,2040,SOL,43.610493
CP_MID,shungnak,supply,2045,spring,23,ethos,IMP_WND,2030,WND,12624.417
CP_MID,shungnak,supply,2045,spring,3,ethos,IMP_HYD,2025,HYD,4270.4932
CP_MID,shungnak,supply,2045,spring,3,ethos,IMP_WND,2035,WND,12884.479
CP_MID,shungnak,supply,2045,spring,4,ethos,IMP_HYD,2045,HYD,4270.4932
CP_MID,shungnak,supply,2045,spring,4,ethos,IMP_SOL,2045,SOL,65.41574
CP_MID,shungnak,supply,2045,spring,4,ethos,IMP_WND,2035,WND,13518.666
CP_MID,shungnak,supply,2045,spring,5,ethos,IMP_HYD,2035,HYD,4270.4932
CP_MID,shungnak,supply,2045,spring,5,ethos,IMP_SOL,2045,SOL,288.91952
CP_MID,shungnak,supply,2045,spring,5,ethos,IMP_WND,2035,WND,14116.352
CP_MID,shungnak,supply,2045,spring,6,ethos,IMP_HYD,2035,HYD,4270.4932
CP_MID,shungnak,supply,2045,spring,6,ethos,IMP_SOL,2040,SOL,970.33347
CP_MID,shungnak,supply,2045,spring,6,ethos,IMP_WND,2040,WND,14253.227
CP_MID,shungnak,supply,2045,spring,7,ethos,IMP_HYD,2045,HYD,4270.4932
CP_MID,shungnak,supply,2045,spring,7,ethos,IMP_SOL,2025,SOL,3118.1503
CP_MID,shungnak,supply,2045,spring,7,ethos,IMP_WND,2025,WND,13673.791
CP_MID,shungnak,supply,2045,spring,8,ethos,IMP_HYD,2035,HYD,4270.4932
CP_MID,shungnak,supply,2045,spring,8,ethos,IMP_SOL,2035,SOL,7261.1471
CP_MID,shungnak,supply,2045,spring,8,ethos,IMP_WND,2040,WND,14239.54
CP_MID,shungnak,supply,2045,spring,9,ethos,IMP_HYD,2030,HYD,4270.4932
CP_MID,shungnak,supply,2045,spring,9,ethos,IMP_SOL,2030,SOL,13432.032
CP_MID,shungnak,supply,2045,spring,9,ethos,IMP_WND,2030,WND,12715.667
CP_MID,shungnak,supply,2045,summer,0,ethos,IMP_HYD,2030,HYD,10853.623
CP_MID,shungnak,supply,2045,summer,0,ethos,IMP_SOL,2025,SOL,54.513116
CP_MID,shungnak,supply,2045,summer,0,ethos,IMP_WND,2030,WND,3225.6823
CP_MID,shungnak,supply,2045,summer,1,ethos,IMP_HYD,2030,HYD,10853.623
CP_MID,shungnak,supply,2045,summer,1,ethos,IMP_WND,2035,WND,2550.4334
CP_MID,shungnak,supply,2045,summer,10,ethos,IMP_HYD,2025,HYD,10853.623
CP_MID,shungnak,supply,2045,summer,10,ethos,IMP_SOL,2025,SOL,17318.817
CP_MID,shungnak,supply,2045,summer,10,ethos,IMP_WND,2040,WND,2189.9965
CP_MID,shungnak,supply,2045,summer,11,ethos,IMP_HYD,2045,HYD,10853.623
CP_MID,shungnak,supply,2045,summer,11,ethos,IMP_SOL,2025,SOL,20676.825
CP_MID,shungnak,supply,2045,summer,11,ethos,IMP_WND,2035,WND,1907.1219
CP_MID,shungnak,supply,2045,summer,12,ethos,IMP_HYD,2035,HYD,10853.623
CP_MID,shungnak,supply,2045,summer,12,ethos,IMP_SOL,2030,SOL,23151.721
CP_MID,shungnak,supply,2045,summer,12,ethos,IMP_WND,2030,WND,1879.747
CP_MID,shungnak,supply,2045,summer,13,ethos,IMP_HYD,2035,HYD,10853.623
CP_MID,shungnak,supply,2045,summer,13,ethos,IMP_SOL,2030,SOL,24351.009
CP_MID,shungnak,supply,2045,summer,13,ethos,IMP_WND,2025,WND,1993.8093
CP_MID,shungnak,supply,2045,summer,14,ethos,IMP_HYD,2040,HYD,10853.623
CP_MID,shungnak,supply,2045,summer,14,ethos,IMP_SOL,2040,SOL,25026.972
CP_MID,shungnak,supply,2045,summer,14,ethos,IMP_WND,2040,WND,2162.6215
CP_MID,shungnak,supply,2045,summer,15,ethos,IMP_HYD,2030,HYD,10853.623
CP_MID,shungnak,supply,2045,summer,15,ethos,IMP_SOL,2035,SOL,22546.625
CP_MID,shungnak,supply,2045,summer,15,ethos,IMP_WND,2025,WND,1916.2469
CP_MID,shungnak,supply,2045,summer,16,ethos,IMP_HYD,2035,HYD,10853.623
CP_MID,shungnak,supply,2045,summer,16,ethos,IMP_SOL,2045,SOL,20780.4
CP_MID,shungnak,supply,2045,summer,16,ethos,IMP_WND,2035,WND,1564.935
CP_MID,shungnak,supply,2045,summer,17,ethos,IMP_HYD,2030,HYD,10853.623
CP_MID,shungnak,supply,2045,summer,17,ethos,IMP_SOL,2045,SOL,17237.047
CP_MID,shungnak,supply,2045,summer,17,ethos,IMP_WND,2035,WND,1742.8722
CP_MID,shungnak,supply,2045,summer,18,ethos,IMP_HYD,2035,HYD,10853.623
CP_MID,shungnak,supply,2045,summer,18,ethos,IMP_SOL,2045,SOL,12292.708
CP_MID,shungnak,supply,2045,summer,18,ethos,IMP_WND,2040,WND,2313.1838
CP_MID,shungnak,supply,2045,summer,19,ethos,IMP_HYD,2045,HYD,10853.623
CP_MID,shungnak,supply,2045,summer,19,ethos,IMP_SOL,2035,SOL,7163.0235
CP_MID,shungnak,supply,2045,summer,19,ethos,IMP_WND,2035,WND,1998.3718
CP_MID,shungnak,supply,2045,summer,2,ethos,IMP_HYD,2030,HYD,10853.623
CP_MID,shungnak,supply,2045,summer,2,ethos,IMP_WND,2040,WND,2335.9963
CP_MID,shungnak,supply,2045,summer,20,ethos,IMP_HYD,2030,HYD,10853.623
CP_MID,shungnak,supply,2045,summer,20,ethos,IMP_SOL,2040,SOL,3712.3432
CP_MID,shungnak,supply,2045,summer,20,ethos,IMP_WND,2045,WND,2463.7461
CP_MID,shungnak,supply,2045,summer,21,ethos,IMP_HYD,2035,HYD,10853.623
CP_MID,shungnak,supply,2045,summer,21,ethos,IMP_SOL,2040,SOL,1689.9066
CP_MID,shungnak,supply,2045,summer,21,ethos,IMP_WND,2045,WND,3549.6193
CP_MID,shungnak,supply,2045,summer,22,ethos,IMP_HYD,2040,HYD,10853.623
CP_MID,shungnak,supply,2045,summer,22,ethos,IMP_SOL,2045,SOL,1019.3953
CP_MID,shungnak,supply,2045,summer,22,ethos,IMP_WND,2045,WND,3462.932
CP_MID,shungnak,supply,2045,summer,23,ethos,IMP_HYD,2030,HYD,10853.623
CP_MID,shungnak,supply,2045,summer,23,ethos,IMP_SOL,2040,SOL,299.82214
CP_MID,shungnak,supply,2045,summer,23,ethos,IMP_WND,2025,WND,3800.5564
CP_MID,shungnak,supply,2045,summer,3,ethos,IMP_HYD,2040,HYD,10853.623
CP_MID,shungnak,supply,2045,summer,3,ethos,IMP_SOL,2035,SOL,65.41574
CP_MID,shungnak,supply,2045,summer,3,ethos,IMP_WND,2045,WND,2669.0582
CP_MID,shungnak,supply,2045,summer,4,ethos,IMP_HYD,2045,HYD,10853.623
CP_MID,shungnak,supply,2045,summer,4,ethos,IMP_SOL,2030,SOL,419.751
CP_MID,shungnak,supply,2045,summer,4,ethos,IMP_WND,2045,WND,2728.3706
CP_MID,shungnak,supply,2045,summer,5,ethos,IMP_HYD,2040,HYD,10853.623
CP_MID,shungnak,supply,2045,summer,5,ethos,IMP_SOL,2025,SOL,812.24543
CP_MID,shungnak,supply,2045,summer,5,ethos,IMP_WND,2040,WND,2828.7455
CP_MID,shungnak,supply,2045,summer,6,ethos,IMP_HYD,2045,HYD,10853.623
CP_MID,shungnak,supply,2045,summer,6,ethos,IMP_SOL,2035,SOL,2060.5958
CP_MID,shungnak,supply,2045,summer,6,ethos,IMP_WND,2045,WND,2536.7459
CP_MID,shungnak,supply,2045,summer,7,ethos,IMP_HYD,2030,HYD,10853.623
CP_MID,shungnak,supply,2045,summer,7,ethos,IMP_SOL,2030,SOL,4933.437
CP_MID,shungnak,supply,2045,summer,7,ethos,IMP_WND,2045,WND,2107.8716
CP_MID,shungnak,supply,2045,summer,8,ethos,IMP_HYD,2045,HYD,10853.623
CP_MID,shungnak,supply,2045,summer,8,ethos,IMP_SOL,2035,SOL,9665.1755
CP_MID,shungnak,supply,2045,summer,8,ethos,IMP_WND,2040,WND,2167.184
CP_MID,shungnak,supply,2045,summer,9,ethos,IMP_HYD,2045,HYD,10853.623
CP_MID,shungnak,supply,2045,summer,9,ethos,IMP_SOL,2030,SOL,13203.077
CP_MID,shungnak,supply,2045,summer,9,ethos,IMP_WND,2030,WND,2030.3093
CP_MID,shungnak,supply,2045,winter,0,ethos,IMP_HYD,2025,HYD,1011.7784
CP_MID,shungnak,supply,2045,winter,0,ethos,IMP_WND,2030,WND,13783.29
CP_MID,shungnak,supply,2045,winter,1,ethos,IMP_HYD,2025,HYD,1011.7784
CP_MID,shungnak,supply,2045,winter,1,ethos,IMP_WND,2045,WND,14052.478
CP_MID,shungnak,supply,2045,winter,10,ethos,IMP_HYD,2045,HYD,1011.7784
CP_MID,shungnak,supply,2045,winter,10,ethos,IMP_SOL,2025,SOL,621.44953
CP_MID,shungnak,supply,2045,winter,10,ethos,IMP_WND,2040,WND,13623.603
CP_MID,shungnak,supply,2045,winter,11,ethos,IMP_HYD,2025,HYD,1011.7784
CP_MID,shungnak,supply,2045,winter,11,ethos,IMP_SOL,2035,SOL,2109.6576
CP_MID,shungnak,supply,2045,winter,11,ethos,IMP_WND,2030,WND,13605.353
CP_MID,shungnak,supply,2045,winter,12,ethos,IMP_HYD,2045,HYD,1011.7784
CP_MID,shungnak,supply,2045,winter,12,ethos,IMP_SOL,2045,SOL,3734.1485
CP_MID,shungnak,supply,2045,winter,12,ethos,IMP_WND,2025,WND,14157.415
CP_MID,shungnak,supply,2045,winter,13,ethos,IMP_HYD,2040,HYD,1011.7784
CP_MID,shungnak,supply,2045,winter,13,ethos,IMP_SOL,2045,SOL,4802.6055
CP_MID,shungnak,supply,2045,winter,13,ethos,IMP_WND,2040,WND,14755.101
CP_MID,shungnak,supply,2045,winter,14,ethos,IMP_HYD,2040,HYD,1011.7784
CP_MID,shungnak,supply,2045,winter,14,ethos,IMP_SOL,2025,SOL,4802.6055
CP_MID,shungnak,supply,2045,winter,14,ethos,IMP_WND,2030,WND,14403.789
CP_MID,shungnak,supply,2045,winter,15,ethos,IMP_HYD,2025,HYD,1011.7784
CP_MID,shungnak,supply,2045,winter,15,ethos,IMP_SOL,2030,SOL,3548.8039
CP_MID,shungnak,supply,2045,winter,15,ethos,IMP_WND,2045,WND,14709.476
CP_MID,shungnak,supply,2045,winter,16,ethos,IMP_HYD,2040,HYD,1011.7784
CP_MID,shungnak,supply,2045,winter,16,ethos,IMP_SOL,2040,SOL,1924.313
CP_MID,shungnak,supply,2045,winter,16,ethos,IMP_WND,2040,WND,14495.039
CP_MID,shungnak,supply,2045,winter,17,ethos,IMP_HYD,2030,HYD,1011.7784
CP_MID,shungnak,supply,2045,winter,17,ethos,IMP_SOL,2040,SOL,501.52067
CP_MID,shungnak,supply,2045,winter,17,ethos,IMP_WND,2045,WND,14157.415
CP_MID,shungnak,supply,2045,winter,18,ethos,IMP_HYD,2030,HYD,1011.7784
CP_MID,shungnak,supply,2045,winter,18,ethos,IMP_SOL,2045,SOL,10.902623
CP_MID,shungnak,supply,2045,winter,18,ethos,IMP_WND,2035,WND,14006.853
CP_MID,shungnak,supply,2045,winter,19,ethos,IMP_HYD,2030,HYD,1011.7784
CP_MID,shungnak,supply,2045,winter,19,ethos,IMP_WND,2030,WND,14198.477
CP_MID,shungnak,supply,2045,winter,2,ethos,IMP_HYD,2035,HYD,1011.7784
CP_MID,shungnak,supply,2045,winter,2,ethos,IMP_WND,2035,WND,13555.166
CP_MID,shungnak,supply,2045,winter,20,ethos,IMP_HYD,2045,HYD,1011.7784
CP_MID,shungnak,supply,2045,winter,20,ethos,IMP_WND,2035,WND,14349.04
CP_MID,shungnak,supply,2045,winter,21,ethos,IMP_HYD,2030,HYD,1011.7784
CP_MID,shungnak,supply,2045,winter,21,ethos,IMP_WND,2040,WND,15037.976
CP_MID,shungnak,supply,2045,winter,22,ethos,IMP_HYD,2040,HYD,1011.7784
CP_MID,shungnak,supply,2045,winter,22,ethos,IMP_WND,2025,WND,15120.101
CP_MID,shungnak,supply,2045,winter,23,ethos,IMP_HYD,2035,HYD,1011.7784
CP_MID,shungnak,supply,2045,winter,23,ethos,IMP_WND,2035,WND,14298.852
CP_MID,shungnak,supply,2045,winter,3,ethos,IMP_HYD,2025,HYD,1011.7784
CP_MID,shungnak,supply,2045,winter,3,ethos,IMP_WND,2025,WND,12852.542
CP_MID,shungnak,supply,2045,winter,4,ethos,IMP_HYD,2030,HYD,1011.7784
CP_MID,shungnak,supply,2045,winter,4,ethos,IMP_WND,2045,WND,12601.605
CP_MID,shungnak,supply,2045,winter,5,ethos,IMP_HYD,2040,HYD,1011.7784
CP_MID,shungnak,supply,2045,winter,5,ethos,IMP_WND,2025,WND,12884.479
CP_MID,shungnak,supply,2045,winter,6,ethos,IMP_HYD,2045,HYD,1011.7784
CP_MID,shungnak,supply,2045,winter,6,ethos,IMP_WND,2045,WND,12984.854
CP_MID,shungnak,supply,2045,winter,7,ethos,IMP_HYD,2035,HYD,1011.7784
CP_MID,shungnak,supply,2045,winter,7,ethos,IMP_WND,2035,WND,13135.416
CP_MID,shungnak,supply,2045,winter,8,ethos,IMP_HYD,2030,HYD,1011.7784
CP_MID,shungnak,supply,2045,winter,8,ethos,IMP_WND,2025,WND,13358.979
CP_MID,shungnak,supply,2045,winter,9,ethos,IMP_HYD,2035,HYD,1011.7784
CP_MID,shungnak,supply,2045,winter,9,ethos,IMP_WND,2045,WND,14266.915
