scenario,region,sector,period,season,tod,input_comm,tech,vintage,output_comm,flow
SUBSIDY,shungnak,electric,2030,fall,0,ELC,EBATT_01,2025,ELC,3176.8018
SUBSIDY,shungnak,electric,2030,fall,0,ELC,ELECT,2030,ELECD,14632.673
SUBSIDY,shungnak,electric,2030,fall,0,HYD,GHYD_01,2030,ELC,6057.5303
SUBSIDY,shungnak,electric,2030,fall,0,WND,GWND_01,2030,ELC,5398.3414
SUBSIDY,shungnak,electric,2030,fall,1,ELC,EBATT_01,2025,ELC,3401.099
SUBSIDY,shungnak,electric,2030,fall,1,ELC,ELECT,2030,ELECD,14981.07
SUBSIDY,shungnak,electric,2030,fall,1,HYD,GHYD_01,2030,ELC,6057.5303
SUBSIDY,shungnak,electric,2030,fall,1,WND,GWND_01,2030,ELC,5522.4412
SUBSIDY,shungnak,electric,2030,fall,10,ELC,EBATT_01,2030,ELC,7170.2874
SUBSIDY,shungnak,electric,2030,fall,10,ELC,ELECT,2030,ELECD,21600.613
SUBSIDY,shungnak,electric,2030,fall,10,HYD,GHYD_01,2030,ELC,6057.5303
SUBSIDY,shungnak,electric,2030,fall,10,SOL,GSOL_01,2025,ELC,1337.888
SUBSIDY,shungnak,electric,2030,fall,10,SOL,GSOL_01,2030,ELC,1795.3409
SUBSIDY,shungnak,electric,2030,fall,10,WND,GWND_01,2030,ELC,5239.5666
SUBSIDY,shungnak,electric,2030,fall,11,ELC,EBATT_01,2030,ELC,6243.3421
SUBSIDY,shungnak,electric,2030,fall,11,ELC,ELECT,2030,ELECD,23168.4
SUBSIDY,shungnak,electric,2030,fall,11,HYD,GHYD_01,2030,ELC,6057.5303
SUBSIDY,shungnak,electric,2030,fall,11,SOL,GSOL_01,2025,ELC,2424.1783
SUBSIDY,shungnak,electric,2030,fall,11,SOL,GSOL_01,2030,ELC,3253.0573
SUBSIDY,shungnak,electric,2030,fall,11,WND,GWND_01,2030,ELC,5190.2917
SUBSIDY,shungnak,electric,2030,fall,12,ELC,EBATT_01,2030,ELC,3144.251
SUBSIDY,shungnak,electric,2030,fall,12,ELC,ELECT,2030,ELECD,21426.415
SUBSIDY,shungnak,electric,2030,fall,12,HYD,GHYD_01,2030,ELC,6057.5303
SUBSIDY,shungnak,electric,2030,fall,12,SOL,GSOL_01,2025,ELC,2991.9732
SUBSIDY,shungnak,electric,2030,fall,12,SOL,GSOL_01,2030,ELC,4014.9936
SUBSIDY,shungnak,electric,2030,fall,12,WND,GWND_01,2030,ELC,5217.6667
SUBSIDY,shungnak,electric,2030,fall,13,ELC,EBATT_01,2030,ELC,2294.5746
SUBSIDY,shungnak,electric,2030,fall,13,ELC,ELECT,2030,ELECD,21252.216
SUBSIDY,shungnak,electric,2030,fall,13,HYD,GHYD_01,2030,ELC,6057.5303
SUBSIDY,shungnak,electric,2030,fall,13,SOL,GSOL_01,2025,ELC,3292.8705
SUBSIDY,shungnak,electric,2030,fall,13,SOL,GSOL_01,2030,ELC,4418.7742
SUBSIDY,shungnak,electric,2030,fall,13,WND,GWND_01,2030,ELC,5188.4667
SUBSIDY,shungnak,electric,2030,fall,14,ELC,EBATT_01,2030,ELC,3350.1666
SUBSIDY,shungnak,electric,2030,fall,14,ELC,ELECT,2030,ELECD,21949.01
SUBSIDY,shungnak,electric,2030,fall,14,HYD,GHYD_01,2030,ELC,6057.5303
SUBSIDY,shungnak,electric,2030,fall,14,SOL,GSOL_01,2025,ELC,3109.2722
SUBSIDY,shungnak,electric,2030,fall,14,SOL,GSOL_01,2030,ELC,4172.3996
SUBSIDY,shungnak,electric,2030,fall,14,WND,GWND_01,2030,ELC,5259.6416
SUBSIDY,shungnak,electric,2030,fall,15,ELC,EBATT_01,2030,ELC,1194.7846
SUBSIDY,shungnak,electric,2030,fall,15,ELC,ELECT,2030,ELECD,18465.04
SUBSIDY,shungnak,electric,2030,fall,15,HYD,GHYD_01,2030,ELC,6057.5303
SUBSIDY,shungnak,electric,2030,fall,15,SOL,GSOL_01,2025,ELC,2594.1768
SUBSIDY,shungnak,electric,2030,fall,15,SOL,GSOL_01,2030,ELC,3481.1819
SUBSIDY,shungnak,electric,2030,fall,15,WND,GWND_01,2030,ELC,5137.3668
SUBSIDY,shungnak,electric,2030,fall,16,ELC,EBATT_01,2030,ELC,5752.7568
SUBSIDY,shungnak,electric,2030,fall,16,ELC,ELECT,2030,ELECD,21426.415
SUBSIDY,shungnak,electric,2030,fall,16,HYD,GHYD_01,2030,ELC,6057.5303
SUBSIDY,shungnak,electric,2030,fall,16,SOL,GSOL_01,2025,ELC,1790.084
SUBSIDY,shungnak,electric,2030,fall,16,SOL,GSOL_01,2030,ELC,2402.1524
SUBSIDY,shungnak,electric,2030,fall,16,WND,GWND_01,2030,ELC,5423.8913
SUBSIDY,shungnak,electric,2030,fall,17,ELC,EBATT_01,2030,ELC,7605.3298
SUBSIDY,shungnak,electric,2030,fall,17,ELC,ELECT,2030,ELECD,21252.216
SUBSIDY,shungnak,electric,2030,fall,17,HYD,GHYD_01,2030,ELC,6057.5303
SUBSIDY,shungnak,electric,2030,fall,17,SOL,GSOL_01,2025,ELC,904.3919
SUBSIDY,shungnak,electric,2030,fall,17,SOL,GSOL_01,2030,ELC,1213.6231
SUBSIDY,shungnak,electric,2030,fall,17,WND,GWND_01,2030,ELC,5471.3412
SUBSIDY,shungnak,electric,2030,fall,18,ELC,EBATT_01,2030,ELC,8024.0896
SUBSIDY,shungnak,electric,2030,fall,18,ELC,ELECT,2030,ELECD,20032.827
SUBSIDY,shungnak,electric,2030,fall,18,HYD,GHYD_01,2030,ELC,6057.5303
SUBSIDY,shungnak,electric,2030,fall,18,SOL,GSOL_01,2025,ELC,317.89715
SUBSIDY,shungnak,electric,2030,fall,18,SOL,GSOL_01,2030,ELC,426.59307
SUBSIDY,shungnak,electric,2030,fall,18,WND,GWND_01,2030,ELC,5206.7167
SUBSIDY,shungnak,electric,2030,fall,19,ELC,EBATT_01,2030,ELC,4290.7058
SUBSIDY,shungnak,electric,2030,fall,19,ELC,ELECT,2030,ELECD,15677.864
SUBSIDY,shungnak,electric,2030,fall,19,HYD,GHYD_01,2030,ELC,6057.5303
SUBSIDY,shungnak,electric,2030,fall,19,SOL,GSOL_01,2025,ELC,78.1993
SUBSIDY,shungnak,electric,2030,fall,19,SOL,GSOL_01,2030,ELC,104.93733
SUBSIDY,shungnak,electric,2030,fall,19,WND,GWND_01,2030,ELC,5146.4918
SUBSIDY,shungnak,electric,2030,fall,2,ELC,EBATT_01,2025,ELC,2840.1786
SUBSIDY,shungnak,electric,2030,fall,2,ELC,ELECT,2030,ELECD,14458.475
SUBSIDY,shungnak,electric,2030,fall,2,HYD,GHYD_01,2030,ELC,6057.5303
SUBSIDY,shungnak,electric,2030,fall,2,WND,GWND_01,2030,ELC,5560.7661
SUBSIDY,shungnak,electric,2030,fall,20,ELC,EBATT_01,2030,ELC,8752.9861
SUBSIDY,shungnak,electric,2030,fall,20,ELC,ELECT,2030,ELECD,20032.827
SUBSIDY,shungnak,electric,2030,fall,20,HYD,GHYD_01,2030,ELC,6057.5303
SUBSIDY,shungnak,electric,2030,fall,20,SOL,GSOL_01,2025,ELC,5.0999543
SUBSIDY,shungnak,electric,2030,fall,20,SOL,GSOL_01,2030,ELC,6.843739
SUBSIDY,shungnak,electric,2030,fall,20,WND,GWND_01,2030,ELC,5210.3667
SUBSIDY,shungnak,electric,2030,fall,21,ELC,EBATT_01,2030,ELC,8122.062
SUBSIDY,shungnak,electric,2030,fall,21,ELC,ELECT,2030,ELECD,19161.834
SUBSIDY,shungnak,electric,2030,fall,21,HYD,GHYD_01,2030,ELC,6057.5303
SUBSIDY,shungnak,electric,2030,fall,21,WND,GWND_01,2030,ELC,4982.242
SUBSIDY,shungnak,electric,2030,fall,22,ELC,EBATT_01,2030,ELC,6405.4496
SUBSIDY,shungnak,electric,2030,fall,22,ELC,ELECT,2030,ELECD,17768.246
SUBSIDY,shungnak,electric,2030,fall,22,HYD,GHYD_01,2030,ELC,6057.5303
SUBSIDY,shungnak,electric,2030,fall,22,WND,GWND_01,2030,ELC,5305.2665
SUBSIDY,shungnak,electric,2030,fall,23,ELC,EBATT_01,2030,ELC,5288.2599
SUBSIDY,shungnak,electric,2030,fall,23,ELC,ELECT,2030,ELECD,16548.857
SUBSIDY,shungnak,electric,2030,fall,23,HYD,GHYD_01,2030,ELC,6057.5303
SUBSIDY,shungnak,electric,2030,fall,23,WND,GWND_01,2030,ELC,5203.0667
SUBSIDY,shungnak,electric,2030,fall,3,ELC,EBATT_01,2025,ELC,2740.805
SUBSIDY,shungnak,electric,2030,fall,3,ELC,ELECT,2030,ELECD,14284.277
SUBSIDY,shungnak,electric,2030,fall,3,HYD,GHYD_01,2030,ELC,6057.5303
SUBSIDY,shungnak,electric,2030,fall,3,WND,GWND_01,2030,ELC,5485.9412
SUBSIDY,shungnak,electric,2030,fall,4,ELC,EBATT_01,2025,ELC,2547.5327
SUBSIDY,shungnak,electric,2030,fall,4,ELC,ELECT,2030,ELECD,13935.88
SUBSIDY,shungnak,electric,2030,fall,4,HYD,GHYD_01,2030,ELC,6057.5303
SUBSIDY,shungnak,electric,2030,fall,4,WND,GWND_01,2030,ELC,5330.8165
SUBSIDY,shungnak,electric,2030,fall,5,ELC,EBATT_01,2025,ELC,2709.78
SUBSIDY,shungnak,electric,2030,fall,5,ELC,ELECT,2030,ELECD,14284.277
SUBSIDY,shungnak,electric,2030,fall,5,HYD,GHYD_01,2030,ELC,6057.5303
SUBSIDY,shungnak,electric,2030,fall,5,WND,GWND_01,2030,ELC,5516.9662
SUBSIDY,shungnak,electric,2030,fall,6,ELC,EBATT_01,2025,ELC,3853.5208
SUBSIDY,shungnak,electric,2030,fall,6,ELC,ELECT,2030,ELECD,15329.467
SUBSIDY,shungnak,electric,2030,fall,6,HYD,GHYD_01,2030,ELC,6057.5303
SUBSIDY,shungnak,electric,2030,fall,6,WND,GWND_01,2030,ELC,5418.4163
SUBSIDY,shungnak,electric,2030,fall,7,ELC,EBATT_01,2025,ELC,5191.8716
SUBSIDY,shungnak,electric,2030,fall,7,ELC,ELECT,2030,ELECD,16723.055
SUBSIDY,shungnak,electric,2030,fall,7,HYD,GHYD_01,2030,ELC,6057.5303
SUBSIDY,shungnak,electric,2030,fall,7,SOL,GSOL_01,2025,ELC,30.599726
SUBSIDY,shungnak,electric,2030,fall,7,SOL,GSOL_01,2030,ELC,41.062434
SUBSIDY,shungnak,electric,2030,fall,7,WND,GWND_01,2030,ELC,5401.9914
SUBSIDY,shungnak,electric,2030,fall,8,ELC,EBATT_01,2025,ELC,9157.3591
SUBSIDY,shungnak,electric,2030,fall,8,ELC,ELECT,2030,ELECD,21426.415
SUBSIDY,shungnak,electric,2030,fall,8,HYD,GHYD_01,2030,ELC,6057.5303
SUBSIDY,shungnak,electric,2030,fall,8,SOL,GSOL_01,2025,ELC,295.79735
SUBSIDY,shungnak,electric,2030,fall,8,SOL,GSOL_01,2030,ELC,396.93686
SUBSIDY,shungnak,electric,2030,fall,8,WND,GWND_01,2030,ELC,5518.7912
SUBSIDY,shungnak,electric,2030,fall,9,ELC,EBATT_01,2025,ELC,4932.4145
SUBSIDY,shungnak,electric,2030,fall,9,ELC,EBATT_01,2030,ELC,3648.6917
SUBSIDY,shungnak,electric,2030,fall,9,ELC,ELECT,2030,ELECD,21426.415
SUBSIDY,shungnak,electric,2030,fall,9,HYD,GHYD_01,2030,ELC,6057.5303
SUBSIDY,shungnak,electric,2030,fall,9,SOL,GSOL_01,2025,ELC,630.69435
SUBSIDY,shungnak,electric,2030,fall,9,SOL,GSOL_01,2030,ELC,846.3424
SUBSIDY,shungnak,electric,2030,fall,9,WND,GWND_01,2030,ELC,5310.7415
SUBSIDY,shungnak,electric,2030,spring,0,DSL,GDSL_01,2025,ELC,3614.6073
SUBSIDY,shungnak,electric,2030,spring,0,ELC,EBATT_01,2025,ELC,1863.393
SUBSIDY,shungnak,electric,2030,spring,0,ELC,EBATT_01,2030,ELC,1059.2776
SUBSIDY,shungnak,electric,2030,spring,0,ELC,ELECT,2030,ELECD,15852.063
SUBSIDY,shungnak,electric,2030,spring,0,HYD,GHYD_01,2030,ELC,4270.4932
SUBSIDY,shungnak,electric,2030,spring,0,WND,GWND_01,2030,ELC,5044.2919
SUBSIDY,shungnak,electric,2030,spring,1,DSL,GDSL_01,2025,ELC,6555.5278
SUBSIDY,shungnak,electric,2030,spring,1,ELC,ELECT,2030,ELECD,15852.063
SUBSIDY,shungnak,electric,2030,spring,1,HYD,GHYD_01,2030,ELC,4270.4932
SUBSIDY,shungnak,electric,2030,spring,1,WND,GWND_01,2030,ELC,5026.042
SUBSIDY,shungnak,electric,2030,spring,10,ELC,ELECT,2030,ELECD,23168.4
SUBSIDY,shungnak,electric,2030,spring,10,HYD,GHYD_01,2030,ELC,4270.4932
SUBSIDY,shungnak,electric,2030,spring,10,SOL,GSOL_01,2025,ELC,6034.946
SUBSIDY,shungnak,electric,2030,spring,10,SOL,GSOL_01,2030,ELC,8098.4245
SUBSIDY,shungnak,electric,2030,spring,10,WND,GWND_01,2030,ELC,5004.142
SUBSIDY,shungnak,electric,2030,spring,11,ELC,ELECT,2030,ELECD,23690.995
SUBSIDY,shungnak,electric,2030,spring,11,HYD,GHYD_01,2030,ELC,4270.4932
SUBSIDY,shungnak,electric,2030,spring,11,SOL,GSOL_01,2025,ELC,7507.1328
SUBSIDY,shungnak,electric,2030,spring,11,SOL,GSOL_01,2030,ELC,10073.984
SUBSIDY,shungnak,electric,2030,spring,11,WND,GWND_01,2030,ELC,4730.3924
SUBSIDY,shungnak,electric,2030,spring,12,ELC,ELECT,2030,ELECD,22471.606
SUBSIDY,shungnak,electric,2030,spring,12,HYD,GHYD_01,2030,ELC,4270.4932
SUBSIDY,shungnak,electric,2030,spring,12,SOL,GSOL_01,2025,ELC,8202.4266
SUBSIDY,shungnak,electric,2030,spring,12,SOL,GSOL_01,2030,ELC,11007.014
SUBSIDY,shungnak,electric,2030,spring,12,WND,GWND_01,2030,ELC,4449.3429
SUBSIDY,shungnak,electric,2030,spring,13,ELC,ELECT,2030,ELECD,21600.613
SUBSIDY,shungnak,electric,2030,spring,13,HYD,GHYD_01,2030,ELC,4270.4932
SUBSIDY,shungnak,electric,2030,spring,13,SOL,GSOL_01,2025,ELC,8622.3228
SUBSIDY,shungnak,electric,2030,spring,13,SOL,GSOL_01,2030,ELC,11570.481
SUBSIDY,shungnak,electric,2030,spring,13,WND,GWND_01,2030,ELC,3900.0188
SUBSIDY,shungnak,electric,2030,spring,14,ELC,ELECT,2030,ELECD,21949.01
SUBSIDY,shungnak,electric,2030,spring,14,HYD,GHYD_01,2030,ELC,4270.4932
SUBSIDY,shungnak,electric,2030,spring,14,SOL,GSOL_01,2025,ELC,8588.3231
SUBSIDY,shungnak,electric,2030,spring,14,SOL,GSOL_01,2030,ELC,11524.857
SUBSIDY,shungnak,electric,2030,spring,14,WND,GWND_01,2030,ELC,3611.6692
SUBSIDY,shungnak,electric,2030,spring,15,ELC,ELECT,2030,ELECD,21774.812
SUBSIDY,shungnak,electric,2030,spring,15,HYD,GHYD_01,2030,ELC,4270.4932
SUBSIDY,shungnak,electric,2030,spring,15,SOL,GSOL_01,2025,ELC,8088.5276
SUBSIDY,shungnak,electric,2030,spring,15,SOL,GSOL_01,2030,ELC,10854.17
SUBSIDY,shungnak,electric,2030,spring,15,WND,GWND_01,2030,ELC,3691.9691
SUBSIDY,shungnak,electric,2030,spring,16,ELC,ELECT,2030,ELECD,22820.003
SUBSIDY,shungnak,electric,2030,spring,16,HYD,GHYD_01,2030,ELC,4270.4932
SUBSIDY,shungnak,electric,2030,spring,16,SOL,GSOL_01,2025,ELC,7024.3371
SUBSIDY,shungnak,electric,2030,spring,16,SOL,GSOL_01,2030,ELC,9426.1099
SUBSIDY,shungnak,electric,2030,spring,16,WND,GWND_01,2030,ELC,3989.4436
SUBSIDY,shungnak,electric,2030,spring,17,ELC,EBATT_01,2030,ELC,2247.1054
SUBSIDY,shungnak,electric,2030,spring,17,ELC,ELECT,2030,ELECD,22820.003
SUBSIDY,shungnak,electric,2030,spring,17,HYD,GHYD_01,2030,ELC,4270.4932
SUBSIDY,shungnak,electric,2030,spring,17,SOL,GSOL_01,2025,ELC,5234.2531
SUBSIDY,shungnak,electric,2030,spring,17,SOL,GSOL_01,2030,ELC,7023.9575
SUBSIDY,shungnak,electric,2030,spring,17,WND,GWND_01,2030,ELC,4044.1935
SUBSIDY,shungnak,electric,2030,spring,18,ELC,EBATT_01,2030,ELC,5732.8495
SUBSIDY,shungnak,electric,2030,spring,18,ELC,ELECT,2030,ELECD,21600.613
SUBSIDY,shungnak,electric,2030,spring,18,HYD,GHYD_01,2030,ELC,4270.4932
SUBSIDY,shungnak,electric,2030,spring,18,SOL,GSOL_01,2025,ELC,3172.1716
SUBSIDY,shungnak,electric,2030,spring,18,SOL,GSOL_01,2030,ELC,4256.8057
SUBSIDY,shungnak,electric,2030,spring,18,WND,GWND_01,2030,ELC,4168.2933
SUBSIDY,shungnak,electric,2030,spring,19,DSL,GDSL_01,2025,ELC,9108.1733
SUBSIDY,shungnak,electric,2030,spring,19,ELC,ELECT,2030,ELECD,20903.819
SUBSIDY,shungnak,electric,2030,spring,19,HYD,GHYD_01,2030,ELC,4270.4932
SUBSIDY,shungnak,electric,2030,spring,19,SOL,GSOL_01,2025,ELC,1380.3876
SUBSIDY,shungnak,electric,2030,spring,19,SOL,GSOL_01,2030,ELC,1852.372
SUBSIDY,shungnak,electric,2030,spring,19,WND,GWND_01,2030,ELC,4292.3931
SUBSIDY,shungnak,electric,2030,spring,2,DSL,GDSL_03,2025,ELC,5975.5337
SUBSIDY,shungnak,electric,2030,spring,2,ELC,ELECT,2030,ELECD,15155.269
SUBSIDY,shungnak,electric,2030,spring,2,HYD,GHYD_01,2030,ELC,4270.4932
SUBSIDY,shungnak,electric,2030,spring,2,WND,GWND_01,2030,ELC,4909.2421
SUBSIDY,shungnak,electric,2030,spring,20,ELC,EBATT_01,2030,ELC,11603.783
SUBSIDY,shungnak,electric,2030,spring,20,ELC,ELECT,2030,ELECD,21600.613
SUBSIDY,shungnak,electric,2030,spring,20,HYD,GHYD_01,2030,ELC,4270.4932
SUBSIDY,shungnak,electric,2030,spring,20,SOL,GSOL_01,2025,ELC,503.19549
SUBSIDY,shungnak,electric,2030,spring,20,SOL,GSOL_01,2030,ELC,675.24892
SUBSIDY,shungnak,electric,2030,spring,20,WND,GWND_01,2030,ELC,4547.8927
SUBSIDY,shungnak,electric,2030,spring,21,DSL,GDSL_01,2025,ELC,6590.8062
SUBSIDY,shungnak,electric,2030,spring,21,ELC,EBATT_01,2030,ELC,4571.6027
SUBSIDY,shungnak,electric,2030,spring,21,ELC,ELECT,2030,ELECD,20381.224
SUBSIDY,shungnak,electric,2030,spring,21,HYD,GHYD_01,2030,ELC,4270.4932
SUBSIDY,shungnak,electric,2030,spring,21,SOL,GSOL_01,2025,ELC,219.29804
SUBSIDY,shungnak,electric,2030,spring,21,SOL,GSOL_01,2030,ELC,294.28078
SUBSIDY,shungnak,electric,2030,spring,21,WND,GWND_01,2030,ELC,4434.7429
SUBSIDY,shungnak,electric,2030,spring,22,DSL,GDSL_01,2025,ELC,10439.682
SUBSIDY,shungnak,electric,2030,spring,22,ELC,ELECT,2030,ELECD,19858.628
SUBSIDY,shungnak,electric,2030,spring,22,HYD,GHYD_01,2030,ELC,4270.4932
SUBSIDY,shungnak,electric,2030,spring,22,SOL,GSOL_01,2025,ELC,84.999239
SUBSIDY,shungnak,electric,2030,spring,22,SOL,GSOL_01,2030,ELC,114.06232
SUBSIDY,shungnak,electric,2030,spring,22,WND,GWND_01,2030,ELC,4949.3921
SUBSIDY,shungnak,electric,2030,spring,23,DSL,GDSL_01,2025,ELC,9112.9304
SUBSIDY,shungnak,electric,2030,spring,23,ELC,ELECT,2030,ELECD,18465.04
SUBSIDY,shungnak,electric,2030,spring,23,HYD,GHYD_01,2030,ELC,4270.4932
SUBSIDY,shungnak,electric,2030,spring,23,SOL,GSOL_01,2025,ELC,13.599878
SUBSIDY,shungnak,electric,2030,spring,23,SOL,GSOL_01,2030,ELC,18.249971
SUBSIDY,shungnak,electric,2030,spring,23,WND,GWND_01,2030,ELC,5049.7669
SUBSIDY,shungnak,electric,2030,spring,3,DSL,GDSL_03,2025,ELC,5730.9841
SUBSIDY,shungnak,electric,2030,spring,3,ELC,ELECT,2030,ELECD,15155.269
SUBSIDY,shungnak,electric,2030,spring,3,HYD,GHYD_01,2030,ELC,4270.4932
SUBSIDY,shungnak,electric,2030,spring,3,WND,GWND_01,2030,ELC,5153.7918
SUBSIDY,shungnak,electric,2030,spring,4,DSL,GDSL_03,2025,ELC,5603.7332
SUBSIDY,shungnak,electric,2030,spring,4,ELC,ELECT,2030,ELECD,15329.467
SUBSIDY,shungnak,electric,2030,spring,4,HYD,GHYD_01,2030,ELC,4270.4932
SUBSIDY,shungnak,electric,2030,spring,4,SOL,GSOL_01,2025,ELC,20.399817
SUBSIDY,shungnak,electric,2030,spring,4,SOL,GSOL_01,2030,ELC,27.374956
SUBSIDY,shungnak,electric,2030,spring,4,WND,GWND_01,2030,ELC,5407.4663
SUBSIDY,shungnak,electric,2030,spring,5,DSL,GDSL_02,2025,ELC,5549.8251
SUBSIDY,shungnak,electric,2030,spring,5,ELC,ELECT,2030,ELECD,15677.864
SUBSIDY,shungnak,electric,2030,spring,5,HYD,GHYD_01,2030,ELC,4270.4932
SUBSIDY,shungnak,electric,2030,spring,5,SOL,GSOL_01,2025,ELC,90.099193
SUBSIDY,shungnak,electric,2030,spring,5,SOL,GSOL_01,2030,ELC,120.90606
SUBSIDY,shungnak,electric,2030,spring,5,WND,GWND_01,2030,ELC,5646.541
SUBSIDY,shungnak,electric,2030,spring,6,DSL,GDSL_03,2025,ELC,5345.8183
SUBSIDY,shungnak,electric,2030,spring,6,ELC,ELECT,2030,ELECD,16026.261
SUBSIDY,shungnak,electric,2030,spring,6,HYD,GHYD_01,2030,ELC,4270.4932
SUBSIDY,shungnak,electric,2030,spring,6,SOL,GSOL_01,2025,ELC,302.59729
SUBSIDY,shungnak,electric,2030,spring,6,SOL,GSOL_01,2030,ELC,406.06185
SUBSIDY,shungnak,electric,2030,spring,6,WND,GWND_01,2030,ELC,5701.2909
SUBSIDY,shungnak,electric,2030,spring,7,DSL,GDSL_02,2025,ELC,5576.7743
SUBSIDY,shungnak,electric,2030,spring,7,ELC,ELECT,2030,ELECD,17594.048
SUBSIDY,shungnak,electric,2030,spring,7,HYD,GHYD_01,2030,ELC,4270.4932
SUBSIDY,shungnak,electric,2030,spring,7,SOL,GSOL_01,2025,ELC,972.39129
SUBSIDY,shungnak,electric,2030,spring,7,SOL,GSOL_01,2030,ELC,1304.8729
SUBSIDY,shungnak,electric,2030,spring,7,WND,GWND_01,2030,ELC,5469.5162
SUBSIDY,shungnak,electric,2030,spring,8,DSL,GDSL_01,2025,ELC,5634.5104
SUBSIDY,shungnak,electric,2030,spring,8,ELC,ELECT,2030,ELECD,20903.819
SUBSIDY,shungnak,electric,2030,spring,8,HYD,GHYD_01,2030,ELC,4270.4932
SUBSIDY,shungnak,electric,2030,spring,8,SOL,GSOL_01,2025,ELC,2264.3797
SUBSIDY,shungnak,electric,2030,spring,8,SOL,GSOL_01,2030,ELC,3038.6201
SUBSIDY,shungnak,electric,2030,spring,8,WND,GWND_01,2030,ELC,5695.8159
SUBSIDY,shungnak,electric,2030,spring,9,DSL,GDSL_01,2025,ELC,2259.9012
SUBSIDY,shungnak,electric,2030,spring,9,ELC,ELECT,2030,ELECD,21426.415
SUBSIDY,shungnak,electric,2030,spring,9,HYD,GHYD_01,2030,ELC,4270.4932
SUBSIDY,shungnak,electric,2030,spring,9,SOL,GSOL_01,2025,ELC,4188.7625
SUBSIDY,shungnak,electric,2030,spring,9,SOL,GSOL_01,2030,ELC,5620.991
SUBSIDY,shungnak,electric,2030,spring,9,WND,GWND_01,2030,ELC,5086.2669
SUBSIDY,shungnak,electric,2030,summer,0,ELC,ELECT,2030,ELECD,11845.498
SUBSIDY,shungnak,electric,2030,summer,0,HYD,GHYD_01,2030,ELC,10853.623
SUBSIDY,shungnak,electric,2030,summer,0,SOL,GSOL_01,2025,ELC,16.999848
SUBSIDY,shungnak,electric,2030,summer,0,SOL,GSOL_01,2030,ELC,22.812463
SUBSIDY,shungnak,electric,2030,summer,0,WND,GWND_01,2030,ELC,1290.2729
SUBSIDY,shungnak,electric,2030,summer,1,ELC,ELECT,2030,ELECD,10800.307
SUBSIDY,shungnak,electric,2030,summer,1,HYD,GHYD_01,2030,ELC,10853.623
SUBSIDY,shungnak,electric,2030,summer,1,WND,GWND_01,2030,ELC,1020.1734
SUBSIDY,shungnak,electric,2030,summer,10,ELC,ELECT,2030,ELECD,13239.086
SUBSIDY,shungnak,electric,2030,summer,10,HYD,GHYD_01,2030,ELC,10853.623
SUBSIDY,shungnak,electric,2030,summer,10,SOL,GSOL_01,2025,ELC,5400.8516
SUBSIDY,shungnak,electric,2030,summer,10,SOL,GSOL_01,2030,ELC,7247.5197
SUBSIDY,shungnak,electric,2030,summer,10,WND,GWND_01,2030,ELC,875.9986
SUBSIDY,shungnak,electric,2030,summer,11,ELC,ELECT,2030,ELECD,13587.483
SUBSIDY,shungnak,electric,2030,summer,11,HYD,GHYD_01,2030,ELC,10853.623
SUBSIDY,shungnak,electric,2030,summer,11,SOL,GSOL_01,2025,ELC,6448.0423
SUBSIDY,shungnak,electric,2030,summer,11,SOL,GSOL_01,2030,ELC,8652.7674
SUBSIDY,shungnak,electric,2030,summer,11,WND,GWND_01,2030,ELC,762.84878
SUBSIDY,shungnak,electric,2030,summer,12,ELC,ELECT,2030,ELECD,13239.086
SUBSIDY,shungnak,electric,2030,summer,12,HYD,GHYD_01,2030,ELC,10853.623
SUBSIDY,shungnak,electric,2030,summer,12,SOL,GSOL_01,2025,ELC,7219.8354
SUBSIDY,shungnak,electric,2030,summer,12,SOL,GSOL_01,2030,ELC,9688.4532
SUBSIDY,shungnak,electric,2030,summer,12,WND,GWND_01,2030,ELC,751.8988
SUBSIDY,shungnak,electric,2030,summer,13,ELC,ELECT,2030,ELECD,13064.887
SUBSIDY,shungnak,electric,2030,summer,13,HYD,GHYD_01,2030,ELC,10853.623
SUBSIDY,shungnak,electric,2030,summer,13,SOL,GSOL_01,2025,ELC,7593.832
SUBSIDY,shungnak,electric,2030,summer,13,SOL,GSOL_01,2030,ELC,10190.327
SUBSIDY,shungnak,electric,2030,summer,13,WND,GWND_01,2030,ELC,797.52372
SUBSIDY,shungnak,electric,2030,summer,14,ELC,ELECT,2030,ELECD,12890.689
SUBSIDY,shungnak,electric,2030,summer,14,HYD,GHYD_01,2030,ELC,10853.623
SUBSIDY,shungnak,electric,2030,summer,14,SOL,GSOL_01,2025,ELC,7804.6301
SUBSIDY,shungnak,electric,2030,summer,14,SOL,GSOL_01,2030,ELC,10473.202
SUBSIDY,shungnak,electric,2030,summer,14,WND,GWND_01,2030,ELC,865.04862
SUBSIDY,shungnak,electric,2030,summer,15,ELC,ELECT,2030,ELECD,13413.284
SUBSIDY,shungnak,electric,2030,summer,15,HYD,GHYD_01,2030,ELC,10853.623
SUBSIDY,shungnak,electric,2030,summer,15,SOL,GSOL_01,2025,ELC,7031.1371
SUBSIDY,shungnak,electric,2030,summer,15,SOL,GSOL_01,2030,ELC,9435.2349
SUBSIDY,shungnak,electric,2030,summer,15,WND,GWND_01,2030,ELC,766.49877
SUBSIDY,shungnak,electric,2030,summer,16,ELC,ELECT,2030,ELECD,14981.07
SUBSIDY,shungnak,electric,2030,summer,16,HYD,GHYD_01,2030,ELC,10853.623
SUBSIDY,shungnak,electric,2030,summer,16,SOL,GSOL_01,2025,ELC,6480.342
SUBSIDY,shungnak,electric,2030,summer,16,SOL,GSOL_01,2030,ELC,8696.1111
SUBSIDY,shungnak,electric,2030,summer,16,WND,GWND_01,2030,ELC,625.974
SUBSIDY,shungnak,electric,2030,summer,17,ELC,ELECT,2030,ELECD,15329.467
SUBSIDY,shungnak,electric,2030,summer,17,HYD,GHYD_01,2030,ELC,10853.623
SUBSIDY,shungnak,electric,2030,summer,17,SOL,GSOL_01,2025,ELC,5375.3519
SUBSIDY,shungnak,electric,2030,summer,17,SOL,GSOL_01,2030,ELC,7213.301
SUBSIDY,shungnak,electric,2030,summer,17,WND,GWND_01,2030,ELC,697.14888
SUBSIDY,shungnak,electric,2030,summer,18,ELC,ELECT,2030,ELECD,13761.681
SUBSIDY,shungnak,electric,2030,summer,18,HYD,GHYD_01,2030,ELC,10853.623
SUBSIDY,shungnak,electric,2030,summer,18,SOL,GSOL_01,2025,ELC,3833.4657
SUBSIDY,shungnak,electric,2030,summer,18,SOL,GSOL_01,2030,ELC,5144.2105
SUBSIDY,shungnak,electric,2030,summer,18,WND,GWND_01,2030,ELC,925.27352
SUBSIDY,shungnak,electric,2030,summer,19,ELC,ELECT,2030,ELECD,13413.284
SUBSIDY,shungnak,electric,2030,summer,19,HYD,GHYD_01,2030,ELC,10853.623
SUBSIDY,shungnak,electric,2030,summer,19,SOL,GSOL_01,2025,ELC,2233.78
SUBSIDY,shungnak,electric,2030,summer,19,SOL,GSOL_01,2030,ELC,2997.5577
SUBSIDY,shungnak,electric,2030,summer,19,WND,GWND_01,2030,ELC,799.34872
SUBSIDY,shungnak,electric,2030,summer,2,ELC,ELECT,2030,ELECD,10626.108
SUBSIDY,shungnak,electric,2030,summer,2,HYD,GHYD_01,2030,ELC,10853.623
SUBSIDY,shungnak,electric,2030,summer,2,WND,GWND_01,2030,ELC,934.3985
SUBSIDY,shungnak,electric,2030,summer,20,ELC,ELECT,2030,ELECD,13413.284
SUBSIDY,shungnak,electric,2030,summer,20,HYD,GHYD_01,2030,ELC,10853.623
SUBSIDY,shungnak,electric,2030,summer,20,SOL,GSOL_01,2025,ELC,1157.6896
SUBSIDY,shungnak,electric,2030,summer,20,SOL,GSOL_01,2030,ELC,1553.5288
SUBSIDY,shungnak,electric,2030,summer,20,WND,GWND_01,2030,ELC,985.49842
SUBSIDY,shungnak,electric,2030,summer,21,ELC,ELECT,2030,ELECD,12368.093
SUBSIDY,shungnak,electric,2030,summer,21,HYD,GHYD_01,2030,ELC,10853.623
SUBSIDY,shungnak,electric,2030,summer,21,SOL,GSOL_01,2025,ELC,526.99528
SUBSIDY,shungnak,electric,2030,summer,21,SOL,GSOL_01,2030,ELC,707.18637
SUBSIDY,shungnak,electric,2030,summer,21,WND,GWND_01,2030,ELC,1419.8477
SUBSIDY,shungnak,electric,2030,summer,22,ELC,ELECT,2030,ELECD,12368.093
SUBSIDY,shungnak,electric,2030,summer,22,HYD,GHYD_01,2030,ELC,10853.623
SUBSIDY,shungnak,electric,2030,summer,22,SOL,GSOL_01,2025,ELC,317.89715
SUBSIDY,shungnak,electric,2030,summer,22,SOL,GSOL_01,2030,ELC,426.59307
SUBSIDY,shungnak,electric,2030,summer,22,WND,GWND_01,2030,ELC,1385.1728
SUBSIDY,shungnak,electric,2030,summer,23,ELC,ELECT,2030,ELECD,12193.895
SUBSIDY,shungnak,electric,2030,summer,23,HYD,GHYD_01,2030,ELC,10853.623
SUBSIDY,shungnak,electric,2030,summer,23,SOL,GSOL_01,2025,ELC,93.499163
SUBSIDY,shungnak,electric,2030,summer,23,SOL,GSOL_01,2030,ELC,125.46855
SUBSIDY,shungnak,electric,2030,summer,23,WND,GWND_01,2030,ELC,1520.2226
SUBSIDY,shungnak,electric,2030,summer,3,ELC,ELECT,2030,ELECD,9929.3142
SUBSIDY,shungnak,electric,2030,summer,3,HYD,GHYD_01,2030,ELC,10853.623
SUBSIDY,shungnak,electric,2030,summer,3,SOL,GSOL_01,2025,ELC,20.399817
SUBSIDY,shungnak,electric,2030,summer,3,SOL,GSOL_01,2030,ELC,27.374956
SUBSIDY,shungnak,electric,2030,summer,3,WND,GWND_01,2030,ELC,1067.6233
SUBSIDY,shungnak,electric,2030,summer,4,ELC,ELECT,2030,ELECD,9755.1157
SUBSIDY,shungnak,electric,2030,summer,4,HYD,GHYD_01,2030,ELC,10853.623
SUBSIDY,shungnak,electric,2030,summer,4,SOL,GSOL_01,2025,ELC,130.89883
SUBSIDY,shungnak,electric,2030,summer,4,SOL,GSOL_01,2030,ELC,175.65597
SUBSIDY,shungnak,electric,2030,summer,4,WND,GWND_01,2030,ELC,1091.3483
SUBSIDY,shungnak,electric,2030,summer,5,ELC,ELECT,2030,ELECD,9755.1157
SUBSIDY,shungnak,electric,2030,summer,5,HYD,GHYD_01,2030,ELC,10853.623
SUBSIDY,shungnak,electric,2030,summer,5,SOL,GSOL_01,2025,ELC,253.29773
SUBSIDY,shungnak,electric,2030,summer,5,SOL,GSOL_01,2030,ELC,339.90571
SUBSIDY,shungnak,electric,2030,summer,5,WND,GWND_01,2030,ELC,1131.4982
SUBSIDY,shungnak,electric,2030,summer,6,ELC,ELECT,2030,ELECD,10451.91
SUBSIDY,shungnak,electric,2030,summer,6,HYD,GHYD_01,2030,ELC,10853.623
SUBSIDY,shungnak,electric,2030,summer,6,SOL,GSOL_01,2025,ELC,642.59425
SUBSIDY,shungnak,electric,2030,summer,6,SOL,GSOL_01,2030,ELC,862.31112
SUBSIDY,shungnak,electric,2030,summer,6,WND,GWND_01,2030,ELC,1014.6984
SUBSIDY,shungnak,electric,2030,summer,7,ELC,ELECT,2030,ELECD,10626.108
SUBSIDY,shungnak,electric,2030,summer,7,HYD,GHYD_01,2030,ELC,10853.623
SUBSIDY,shungnak,electric,2030,summer,7,SOL,GSOL_01,2025,ELC,1538.4862
SUBSIDY,shungnak,electric,2030,summer,7,SOL,GSOL_01,2030,ELC,2064.5279
SUBSIDY,shungnak,electric,2030,summer,7,WND,GWND_01,2030,ELC,843.14865
SUBSIDY,shungnak,electric,2030,summer,8,ELC,ELECT,2030,ELECD,10974.505
SUBSIDY,shungnak,electric,2030,summer,8,HYD,GHYD_01,2030,ELC,10853.623
SUBSIDY,shungnak,electric,2030,summer,8,SOL,GSOL_01,2025,ELC,3014.073
SUBSIDY,shungnak,electric,2030,summer,8,SOL,GSOL_01,2030,ELC,4044.6498
SUBSIDY,shungnak,electric,2030,summer,8,WND,GWND_01,2030,ELC,866.87361
SUBSIDY,shungnak,electric,2030,summer,9,ELC,ELECT,2030,ELECD,11322.902
SUBSIDY,shungnak,electric,2030,summer,9,HYD,GHYD_01,2030,ELC,10853.623
SUBSIDY,shungnak,electric,2030,summer,9,SOL,GSOL_01,2025,ELC,4117.3631
SUBSIDY,shungnak,electric,2030,summer,9,SOL,GSOL_01,2030,ELC,5525.1787
SUBSIDY,shungnak,electric,2030,summer,9,WND,GWND_01,2030,ELC,812.1237
SUBSIDY,shungnak,electric,2030,winter,0,DSL,GDSL_01,2025,ELC,13333.534
SUBSIDY,shungnak,electric,2030,winter,0,ELC,ELECT,2030,ELECD,19858.628
SUBSIDY,shungnak,electric,2030,winter,0,HYD,GHYD_01,2030,ELC,1011.7784
SUBSIDY,shungnak,electric,2030,winter,0,WND,GWND_01,2030,ELC,5513.3162
SUBSIDY,shungnak,electric,2030,winter,1,DSL,GDSL_03,2025,ELC,4148.8216
SUBSIDY,shungnak,electric,2030,winter,1,ELC,EBATT_01,2030,ELC,8902.8388
SUBSIDY,shungnak,electric,2030,winter,1,ELC,ELECT,2030,ELECD,19684.43
SUBSIDY,shungnak,electric,2030,winter,1,HYD,GHYD_01,2030,ELC,1011.7784
SUBSIDY,shungnak,electric,2030,winter,1,WND,GWND_01,2030,ELC,5620.991
SUBSIDY,shungnak,electric,2030,winter,10,DSL,GDSL_03,2025,ELC,18343.702
SUBSIDY,shungnak,electric,2030,winter,10,ELC,ELECT,2030,ELECD,25258.782
SUBSIDY,shungnak,electric,2030,winter,10,HYD,GHYD_01,2030,ELC,1011.7784
SUBSIDY,shungnak,electric,2030,winter,10,SOL,GSOL_01,2025,ELC,193.79826
SUBSIDY,shungnak,electric,2030,winter,10,SOL,GSOL_01,2030,ELC,260.06208
SUBSIDY,shungnak,electric,2030,winter,10,WND,GWND_01,2030,ELC,5449.4413
SUBSIDY,shungnak,electric,2030,winter,11,DSL,GDSL_01,2025,ELC,18135.118
SUBSIDY,shungnak,electric,2030,winter,11,ELC,ELECT,2030,ELECD,26129.774
SUBSIDY,shungnak,electric,2030,winter,11,HYD,GHYD_01,2030,ELC,1011.7784
SUBSIDY,shungnak,electric,2030,winter,11,SOL,GSOL_01,2025,ELC,657.89411
SUBSIDY,shungnak,electric,2030,winter,11,SOL,GSOL_01,2030,ELC,882.84234
SUBSIDY,shungnak,electric,2030,winter,11,WND,GWND_01,2030,ELC,5442.1413
SUBSIDY,shungnak,electric,2030,winter,12,DSL,GDSL_03,2025,ELC,16379.489
SUBSIDY,shungnak,electric,2030,winter,12,ELC,ELECT,2030,ELECD,25781.377
SUBSIDY,shungnak,electric,2030,winter,12,HYD,GHYD_01,2030,ELC,1011.7784
SUBSIDY,shungnak,electric,2030,winter,12,SOL,GSOL_01,2025,ELC,1164.4896
SUBSIDY,shungnak,electric,2030,winter,12,SOL,GSOL_01,2030,ELC,1562.6537
SUBSIDY,shungnak,electric,2030,winter,12,WND,GWND_01,2030,ELC,5662.9659
SUBSIDY,shungnak,electric,2030,winter,13,DSL,GDSL_03,2025,ELC,14663.3
SUBSIDY,shungnak,electric,2030,winter,13,ELC,ELECT,2030,ELECD,25084.583
SUBSIDY,shungnak,electric,2030,winter,13,HYD,GHYD_01,2030,ELC,1011.7784
SUBSIDY,shungnak,electric,2030,winter,13,SOL,GSOL_01,2025,ELC,1497.6866
SUBSIDY,shungnak,electric,2030,winter,13,SOL,GSOL_01,2030,ELC,2009.778
SUBSIDY,shungnak,electric,2030,winter,13,WND,GWND_01,2030,ELC,5902.0406
SUBSIDY,shungnak,electric,2030,winter,14,DSL,GDSL_01,2025,ELC,14629.626
SUBSIDY,shungnak,electric,2030,winter,14,ELC,ELECT,2030,ELECD,24910.385
SUBSIDY,shungnak,electric,2030,winter,14,HYD,GHYD_01,2030,ELC,1011.7784
SUBSIDY,shungnak,electric,2030,winter,14,SOL,GSOL_01,2025,ELC,1497.6866
SUBSIDY,shungnak,electric,2030,winter,14,SOL,GSOL_01,2030,ELC,2009.778
SUBSIDY,shungnak,electric,2030,winter,14,WND,GWND_01,2030,ELC,5761.5158
SUBSIDY,shungnak,electric,2030,winter,15,DSL,GDSL_03,2025,ELC,14203.645
SUBSIDY,shungnak,electric,2030,winter,15,ELC,ELECT,2030,ELECD,23690.995
SUBSIDY,shungnak,electric,2030,winter,15,HYD,GHYD_01,2030,ELC,1011.7784
SUBSIDY,shungnak,electric,2030,winter,15,SOL,GSOL_01,2025,ELC,1106.6901
SUBSIDY,shungnak,electric,2030,winter,15,SOL,GSOL_01,2030,ELC,1485.0914
SUBSIDY,shungnak,electric,2030,winter,15,WND,GWND_01,2030,ELC,5883.7906
SUBSIDY,shungnak,electric,2030,winter,16,DSL,GDSL_01,2025,ELC,16695.216
SUBSIDY,shungnak,electric,2030,winter,16,ELC,ELECT,2030,ELECD,24910.385
SUBSIDY,shungnak,electric,2030,winter,16,HYD,GHYD_01,2030,ELC,1011.7784
SUBSIDY,shungnak,electric,2030,winter,16,SOL,GSOL_01,2025,ELC,600.09463
SUBSIDY,shungnak,electric,2030,winter,16,SOL,GSOL_01,2030,ELC,805.27996
SUBSIDY,shungnak,electric,2030,winter,16,WND,GWND_01,2030,ELC,5798.0157
SUBSIDY,shungnak,electric,2030,winter,17,DSL,GDSL_03,2025,ELC,19785.55
SUBSIDY,shungnak,electric,2030,winter,17,ELC,ELECT,2030,ELECD,26826.568
SUBSIDY,shungnak,electric,2030,winter,17,HYD,GHYD_01,2030,ELC,1011.7784
SUBSIDY,shungnak,electric,2030,winter,17,SOL,GSOL_01,2025,ELC,156.3986
SUBSIDY,shungnak,electric,2030,winter,17,SOL,GSOL_01,2030,ELC,209.87466
SUBSIDY,shungnak,electric,2030,winter,17,WND,GWND_01,2030,ELC,5662.9659
SUBSIDY,shungnak,electric,2030,winter,18,DSL,GDSL_01,2025,ELC,20378.285
SUBSIDY,shungnak,electric,2030,winter,18,ELC,ELECT,2030,ELECD,27000.767
SUBSIDY,shungnak,electric,2030,winter,18,HYD,GHYD_01,2030,ELC,1011.7784
SUBSIDY,shungnak,electric,2030,winter,18,SOL,GSOL_01,2025,ELC,3.3999696
SUBSIDY,shungnak,electric,2030,winter,18,SOL,GSOL_01,2030,ELC,4.5624927
SUBSIDY,shungnak,electric,2030,winter,18,WND,GWND_01,2030,ELC,5602.741
SUBSIDY,shungnak,electric,2030,winter,19,DSL,GDSL_03,2025,ELC,16825.627
SUBSIDY,shungnak,electric,2030,winter,19,ELC,ELECT,2030,ELECD,23516.797
SUBSIDY,shungnak,electric,2030,winter,19,HYD,GHYD_01,2030,ELC,1011.7784
SUBSIDY,shungnak,electric,2030,winter,19,WND,GWND_01,2030,ELC,5679.3909
SUBSIDY,shungnak,electric,2030,winter,2,DSL,GDSL_01,2025,ELC,13424.784
SUBSIDY,shungnak,electric,2030,winter,2,ELC,ELECT,2030,ELECD,19858.628
SUBSIDY,shungnak,electric,2030,winter,2,HYD,GHYD_01,2030,ELC,1011.7784
SUBSIDY,shungnak,electric,2030,winter,2,WND,GWND_01,2030,ELC,5422.0663
SUBSIDY,shungnak,electric,2030,winter,20,DSL,GDSL_01,2025,ELC,16939.601
SUBSIDY,shungnak,electric,2030,winter,20,ELC,ELECT,2030,ELECD,23690.995
SUBSIDY,shungnak,electric,2030,winter,20,HYD,GHYD_01,2030,ELC,1011.7784
SUBSIDY,shungnak,electric,2030,winter,20,WND,GWND_01,2030,ELC,5739.6158
SUBSIDY,shungnak,electric,2030,winter,21,DSL,GDSL_03,2025,ELC,15444.637
SUBSIDY,shungnak,electric,2030,winter,21,ELC,ELECT,2030,ELECD,22471.606
SUBSIDY,shungnak,electric,2030,winter,21,HYD,GHYD_01,2030,ELC,1011.7784
SUBSIDY,shungnak,electric,2030,winter,21,WND,GWND_01,2030,ELC,6015.1904
SUBSIDY,shungnak,electric,2030,winter,22,DSL,GDSL_03,2025,ELC,14540.795
SUBSIDY,shungnak,electric,2030,winter,22,ELC,ELECT,2030,ELECD,21600.613
SUBSIDY,shungnak,electric,2030,winter,22,HYD,GHYD_01,2030,ELC,1011.7784
SUBSIDY,shungnak,electric,2030,winter,22,WND,GWND_01,2030,ELC,6048.0403
SUBSIDY,shungnak,electric,2030,winter,23,DSL,GDSL_02,2025,ELC,12778.912
SUBSIDY,shungnak,electric,2030,winter,23,ELC,ELECT,2030,ELECD,19510.231
SUBSIDY,shungnak,electric,2030,winter,23,HYD,GHYD_01,2030,ELC,1011.7784
SUBSIDY,shungnak,electric,2030,winter,23,WND,GWND_01,2030,ELC,5719.5408
SUBSIDY,shungnak,electric,2030,winter,3,DSL,GDSL_02,2025,ELC,12660.642
SUBSIDY,shungnak,electric,2030,winter,3,ELC,ELECT,2030,ELECD,18813.437
SUBSIDY,shungnak,electric,2030,winter,3,HYD,GHYD_01,2030,ELC,1011.7784
SUBSIDY,shungnak,electric,2030,winter,3,WND,GWND_01,2030,ELC,5141.0168
SUBSIDY,shungnak,electric,2030,winter,4,DSL,GDSL_01,2025,ELC,12064.223
SUBSIDY,shungnak,electric,2030,winter,4,ELC,ELECT,2030,ELECD,18116.643
SUBSIDY,shungnak,electric,2030,winter,4,HYD,GHYD_01,2030,ELC,1011.7784
SUBSIDY,shungnak,electric,2030,winter,4,WND,GWND_01,2030,ELC,5040.6419
SUBSIDY,shungnak,electric,2030,winter,5,DSL,GDSL_01,2025,ELC,12125.272
SUBSIDY,shungnak,electric,2030,winter,5,ELC,ELECT,2030,ELECD,18290.842
SUBSIDY,shungnak,electric,2030,winter,5,HYD,GHYD_01,2030,ELC,1011.7784
SUBSIDY,shungnak,electric,2030,winter,5,WND,GWND_01,2030,ELC,5153.7918
SUBSIDY,shungnak,electric,2030,winter,6,DSL,GDSL_01,2025,ELC,12433.519
SUBSIDY,shungnak,electric,2030,winter,6,ELC,ELECT,2030,ELECD,18639.239
SUBSIDY,shungnak,electric,2030,winter,6,HYD,GHYD_01,2030,ELC,1011.7784
SUBSIDY,shungnak,electric,2030,winter,6,WND,GWND_01,2030,ELC,5193.9417
SUBSIDY,shungnak,electric,2030,winter,7,DSL,GDSL_02,2025,ELC,12024.897
SUBSIDY,shungnak,electric,2030,winter,7,ELC,ELECT,2030,ELECD,18290.842
SUBSIDY,shungnak,electric,2030,winter,7,HYD,GHYD_01,2030,ELC,1011.7784
SUBSIDY,shungnak,electric,2030,winter,7,WND,GWND_01,2030,ELC,5254.1666
SUBSIDY,shungnak,electric,2030,winter,8,DSL,GDSL_03,2025,ELC,13677.457
SUBSIDY,shungnak,electric,2030,winter,8,ELC,ELECT,2030,ELECD,20032.827
SUBSIDY,shungnak,electric,2030,winter,8,HYD,GHYD_01,2030,ELC,1011.7784
SUBSIDY,shungnak,electric,2030,winter,8,WND,GWND_01,2030,ELC,5343.5915
SUBSIDY,shungnak,electric,2030,winter,9,DSL,GDSL_03,2025,ELC,16972.451
SUBSIDY,shungnak,electric,2030,winter,9,ELC,ELECT,2030,ELECD,23690.995
SUBSIDY,shungnak,electric,2030,winter,9,HYD,GHYD_01,2030,ELC,1011.7784
SUBSIDY,shungnak,electric,2030,winter,9,WND,GWND_01,2030,ELC,5706.7659
SUBSIDY,shungnak,electric,2035,fall,0,ELC,ELECT,2030,ELECD,15379.087
SUBSIDY,shungnak,electric,2035,fall,0,HYD,GHYD_01,2030,ELC,6057.5303
SUBSIDY,shungnak,electric,2035,fall,0,WND,GWND_01,2030,ELC,5398.3414
SUBSIDY,shungnak,electric,2035,fall,0,WND,GWND_01,2035,ELC,5398.3414
SUBSIDY,shungnak,electric,2035,fall,1,ELC,ELECT,2030,ELECD,15745.256
SUBSIDY,shungnak,electric,2035,fall,1,HYD,GHYD_01,2030,ELC,6057.5303
SUBSIDY,shungnak,electric,2035,fall,1,WND,GWND_01,2030,ELC,5522.4412
SUBSIDY,shungnak,electric,2035,fall,1,WND,GWND_01,2035,ELC,5522.4412
SUBSIDY,shungnak,electric,2035,fall,10,ELC,EBATT_01,2025,ELC,1811.173
SUBSIDY,shungnak,electric,2035,fall,10,ELC,ELECT,2030,ELECD,22702.462
SUBSIDY,shungnak,electric,2035,fall,10,HYD,GHYD_01,2030,ELC,6057.5303
SUBSIDY,shungnak,electric,2035,fall,10,SOL,GSOL_01,2025,ELC,1337.888
SUBSIDY,shungnak,electric,2035,fall,10,SOL,GSOL_01,2030,ELC,1795.3409
SUBSIDY,shungnak,electric,2035,fall,10,SOL,GSOL_01,2035,ELC,1221.3961
SUBSIDY,shungnak,electric,2035,fall,10,WND,GWND_01,2030,ELC,5239.5666
SUBSIDY,shungnak,electric,2035,fall,10,WND,GWND_01,2035,ELC,5239.5666
SUBSIDY,shungnak,electric,2035,fall,11,ELC,EBATT_01,2025,ELC,21.770086
SUBSIDY,shungnak,electric,2035,fall,11,ELC,ELECT,2030,ELECD,24350.221
SUBSIDY,shungnak,electric,2035,fall,11,HYD,GHYD_01,2030,ELC,6057.5303
SUBSIDY,shungnak,electric,2035,fall,11,SOL,GSOL_01,2025,ELC,2424.1783
SUBSIDY,shungnak,electric,2035,fall,11,SOL,GSOL_01,2030,ELC,3253.0573
SUBSIDY,shungnak,electric,2035,fall,11,SOL,GSOL_01,2035,ELC,2213.1014
SUBSIDY,shungnak,electric,2035,fall,11,WND,GWND_01,2030,ELC,5190.2917
SUBSIDY,shungnak,electric,2035,fall,11,WND,GWND_01,2035,ELC,5190.2917
SUBSIDY,shungnak,electric,2035,fall,12,ELC,ELECT,2030,ELECD,22519.377
SUBSIDY,shungnak,electric,2035,fall,12,HYD,GHYD_01,2030,ELC,6057.5303
SUBSIDY,shungnak,electric,2035,fall,12,SOL,GSOL_01,2025,ELC,2991.9732
SUBSIDY,shungnak,electric,2035,fall,12,SOL,GSOL_01,2030,ELC,4014.9936
SUBSIDY,shungnak,electric,2035,fall,12,SOL,GSOL_01,2035,ELC,2731.4576
SUBSIDY,shungnak,electric,2035,fall,12,WND,GWND_01,2030,ELC,5217.6667
SUBSIDY,shungnak,electric,2035,fall,12,WND,GWND_01,2035,ELC,5217.6667
SUBSIDY,shungnak,electric,2035,fall,13,ELC,ELECT,2030,ELECD,22336.293
SUBSIDY,shungnak,electric,2035,fall,13,HYD,GHYD_01,2030,ELC,6057.5303
SUBSIDY,shungnak,electric,2035,fall,13,SOL,GSOL_01,2025,ELC,3292.8705
SUBSIDY,shungnak,electric,2035,fall,13,SOL,GSOL_01,2030,ELC,4418.7742
SUBSIDY,shungnak,electric,2035,fall,13,SOL,GSOL_01,2035,ELC,3006.1553
SUBSIDY,shungnak,electric,2035,fall,13,WND,GWND_01,2030,ELC,5188.4667
SUBSIDY,shungnak,electric,2035,fall,13,WND,GWND_01,2035,ELC,5188.4667
SUBSIDY,shungnak,electric,2035,fall,14,ELC,ELECT,2035,ELECD,23068.63
SUBSIDY,shungnak,electric,2035,fall,14,HYD,GHYD_01,2030,ELC,6057.5303
SUBSIDY,shungnak,electric,2035,fall,14,SOL,GSOL_01,2025,ELC,3109.2722
SUBSIDY,shungnak,electric,2035,fall,14,SOL,GSOL_01,2030,ELC,4172.3996
SUBSIDY,shungnak,electric,2035,fall,14,SOL,GSOL_01,2035,ELC,2838.5431
SUBSIDY,shungnak,electric,2035,fall,14,WND,GWND_01,2030,ELC,5259.6416
SUBSIDY,shungnak,electric,2035,fall,14,WND,GWND_01,2035,ELC,5259.6416
SUBSIDY,shungnak,electric,2035,fall,15,ELC,ELECT,2030,ELECD,19406.943
SUBSIDY,shungnak,electric,2035,fall,15,HYD,GHYD_01,2030,ELC,6057.5303
SUBSIDY,shungnak,electric,2035,fall,15,SOL,GSOL_01,2025,ELC,2594.1768
SUBSIDY,shungnak,electric,2035,fall,15,SOL,GSOL_01,2030,ELC,3481.1819
SUBSIDY,shungnak,electric,2035,fall,15,SOL,GSOL_01,2035,ELC,2368.2979
SUBSIDY,shungnak,electric,2035,fall,15,WND,GWND_01,2030,ELC,5137.3668
SUBSIDY,shungnak,electric,2035,fall,15,WND,GWND_01,2035,ELC,5137.3668
SUBSIDY,shungnak,electric,2035,fall,16,ELC,ELECT,2030,ELECD,22519.377
SUBSIDY,shungnak,electric,2035,fall,16,HYD,GHYD_01,2030,ELC,6057.5303
SUBSIDY,shungnak,electric,2035,fall,16,SOL,GSOL_01,2025,ELC,1790.084
SUBSIDY,shungnak,electric,2035,fall,16,SOL,GSOL_01,2030,ELC,2402.1524
SUBSIDY,shungnak,electric,2035,fall,16,SOL,GSOL_01,2035,ELC,1634.2187
SUBSIDY,shungnak,electric,2035,fall,16,WND,GWND_01,2030,ELC,5423.8913
SUBSIDY,shungnak,electric,2035,fall,16,WND,GWND_01,2035,ELC,5423.8913
SUBSIDY,shungnak,electric,2035,fall,17,ELC,EBATT_01,2025,ELC,2392.4199
SUBSIDY,shungnak,electric,2035,fall,17,ELC,ELECT,2035,ELECD,22336.293
SUBSIDY,shungnak,electric,2035,fall,17,HYD,GHYD_01,2030,ELC,6057.5303
SUBSIDY,shungnak,electric,2035,fall,17,SOL,GSOL_01,2025,ELC,904.3919
SUBSIDY,shungnak,electric,2035,fall,17,SOL,GSOL_01,2030,ELC,1213.6231
SUBSIDY,shungnak,electric,2035,fall,17,SOL,GSOL_01,2035,ELC,825.64514
SUBSIDY,shungnak,electric,2035,fall,17,WND,GWND_01,2030,ELC,5471.3412
SUBSIDY,shungnak,electric,2035,fall,17,WND,GWND_01,2035,ELC,5471.3412
SUBSIDY,shungnak,electric,2035,fall,18,ELC,EBATT_01,2025,ELC,3549.031
SUBSIDY,shungnak,electric,2035,fall,18,ELC,ELECT,2030,ELECD,21054.702
SUBSIDY,shungnak,electric,2035,fall,18,HYD,GHYD_01,2030,ELC,6057.5303
SUBSIDY,shungnak,electric,2035,fall,18,SOL,GSOL_01,2025,ELC,317.89715
SUBSIDY,shungnak,electric,2035,fall,18,SOL,GSOL_01,2030,ELC,426.59307
SUBSIDY,shungnak,electric,2035,fall,18,SOL,GSOL_01,2035,ELC,290.21737
SUBSIDY,shungnak,electric,2035,fall,18,WND,GWND_01,2030,ELC,5206.7167
SUBSIDY,shungnak,electric,2035,fall,18,WND,GWND_01,2035,ELC,5206.7167
SUBSIDY,shungnak,electric,2035,fall,19,ELC,ELECT,2030,ELECD,16477.593
SUBSIDY,shungnak,electric,2035,fall,19,HYD,GHYD_01,2030,ELC,6057.5303
SUBSIDY,shungnak,electric,2035,fall,19,SOL,GSOL_01,2025,ELC,78.1993
SUBSIDY,shungnak,electric,2035,fall,19,SOL,GSOL_01,2030,ELC,104.93733
SUBSIDY,shungnak,electric,2035,fall,19,SOL,GSOL_01,2035,ELC,71.390369
SUBSIDY,shungnak,electric,2035,fall,19,WND,GWND_01,2030,ELC,5146.4918
SUBSIDY,shungnak,electric,2035,fall,19,WND,GWND_01,2035,ELC,5146.4918
SUBSIDY,shungnak,electric,2035,fall,2,ELC,ELECT,2030,ELECD,15196.002
SUBSIDY,shungnak,electric,2035,fall,2,HYD,GHYD_01,2030,ELC,6057.5303
SUBSIDY,shungnak,electric,2035,fall,2,WND,GWND_01,2030,ELC,5560.7661
SUBSIDY,shungnak,electric,2035,fall,2,WND,GWND_01,2035,ELC,5560.7661
SUBSIDY,shungnak,electric,2035,fall,20,ELC,EBATT_01,2025,ELC,4559.839
SUBSIDY,shungnak,electric,2035,fall,20,ELC,ELECT,2030,ELECD,21054.702
SUBSIDY,shungnak,electric,2035,fall,20,HYD,GHYD_01,2030,ELC,6057.5303
SUBSIDY,shungnak,electric,2035,fall,20,SOL,GSOL_01,2025,ELC,5.0999543
SUBSIDY,shungnak,electric,2035,fall,20,SOL,GSOL_01,2030,ELC,6.843739
SUBSIDY,shungnak,electric,2035,fall,20,SOL,GSOL_01,2035,ELC,4.6558936
SUBSIDY,shungnak,electric,2035,fall,20,WND,GWND_01,2030,ELC,5210.3667
SUBSIDY,shungnak,electric,2035,fall,20,WND,GWND_01,2035,ELC,5210.3667
SUBSIDY,shungnak,electric,2035,fall,21,ELC,EBATT_01,2025,ELC,4117.266
SUBSIDY,shungnak,electric,2035,fall,21,ELC,ELECT,2030,ELECD,20139.28
SUBSIDY,shungnak,electric,2035,fall,21,HYD,GHYD_01,2030,ELC,6057.5303
SUBSIDY,shungnak,electric,2035,fall,21,WND,GWND_01,2030,ELC,4982.242
SUBSIDY,shungnak,electric,2035,fall,21,WND,GWND_01,2035,ELC,4982.242
SUBSIDY,shungnak,electric,2035,fall,22,ELC,EBATT_01,2025,ELC,2006.5421
SUBSIDY,shungnak,electric,2035,fall,22,ELC,ELECT,2030,ELECD,18674.605
SUBSIDY,shungnak,electric,2035,fall,22,HYD,GHYD_01,2030,ELC,6057.5303
SUBSIDY,shungnak,electric,2035,fall,22,WND,GWND_01,2030,ELC,5305.2665
SUBSIDY,shungnak,electric,2035,fall,22,WND,GWND_01,2035,ELC,5305.2665
SUBSIDY,shungnak,electric,2035,fall,23,ELC,EBATT_01,2025,ELC,929.35121
SUBSIDY,shungnak,electric,2035,fall,23,ELC,ELECT,2030,ELECD,17393.015
SUBSIDY,shungnak,electric,2035,fall,23,HYD,GHYD_01,2030,ELC,6057.5303
SUBSIDY,shungnak,electric,2035,fall,23,WND,GWND_01,2030,ELC,5203.0667
SUBSIDY,shungnak,electric,2035,fall,23,WND,GWND_01,2035,ELC,5203.0667
SUBSIDY,shungnak,electric,2035,fall,3,ELC,ELECT,2035,ELECD,15012.918
SUBSIDY,shungnak,electric,2035,fall,3,HYD,GHYD_01,2030,ELC,6057.5303
SUBSIDY,shungnak,electric,2035,fall,3,WND,GWND_01,2030,ELC,5485.9412
SUBSIDY,shungnak,electric,2035,fall,3,WND,GWND_01,2035,ELC,5485.9412
SUBSIDY,shungnak,electric,2035,fall,4,ELC,ELECT,2030,ELECD,14646.749
SUBSIDY,shungnak,electric,2035,fall,4,HYD,GHYD_01,2030,ELC,6057.5303
SUBSIDY,shungnak,electric,2035,fall,4,WND,GWND_01,2030,ELC,5330.8165
SUBSIDY,shungnak,electric,2035,fall,4,WND,GWND_01,2035,ELC,5330.8165
SUBSIDY,shungnak,electric,2035,fall,5,ELC,ELECT,2035,ELECD,15012.918
SUBSIDY,shungnak,electric,2035,fall,5,HYD,GHYD_01,2030,ELC,6057.5303
SUBSIDY,shungnak,electric,2035,fall,5,WND,GWND_01,2030,ELC,5516.9662
SUBSIDY,shungnak,electric,2035,fall,5,WND,GWND_01,2035,ELC,5516.9662
SUBSIDY,shungnak,electric,2035,fall,6,ELC,ELECT,2030,ELECD,16111.424
SUBSIDY,shungnak,electric,2035,fall,6,HYD,GHYD_01,2030,ELC,6057.5303
SUBSIDY,shungnak,electric,2035,fall,6,WND,GWND_01,2030,ELC,5418.4163
SUBSIDY,shungnak,electric,2035,fall,6,WND,GWND_01,2035,ELC,5418.4163
SUBSIDY,shungnak,electric,2035,fall,7,ELC,EBATT_01,2025,ELC,614.98869
SUBSIDY,shungnak,electric,2035,fall,7,ELC,ELECT,2035,ELECD,17576.099
SUBSIDY,shungnak,electric,2035,fall,7,HYD,GHYD_01,2030,ELC,6057.5303
SUBSIDY,shungnak,electric,2035,fall,7,SOL,GSOL_01,2025,ELC,30.599726
SUBSIDY,shungnak,electric,2035,fall,7,SOL,GSOL_01,2030,ELC,41.062434
SUBSIDY,shungnak,electric,2035,fall,7,SOL,GSOL_01,2035,ELC,27.935362
SUBSIDY,shungnak,electric,2035,fall,7,WND,GWND_01,2030,ELC,5401.9914
SUBSIDY,shungnak,electric,2035,fall,7,WND,GWND_01,2035,ELC,5401.9914
SUBSIDY,shungnak,electric,2035,fall,8,ELC,EBATT_01,2025,ELC,4461.4884
SUBSIDY,shungnak,electric,2035,fall,8,ELC,ELECT,2035,ELECD,22519.377
SUBSIDY,shungnak,electric,2035,fall,8,HYD,GHYD_01,2030,ELC,6057.5303
SUBSIDY,shungnak,electric,2035,fall,8,SOL,GSOL_01,2025,ELC,295.79735
SUBSIDY,shungnak,electric,2035,fall,8,SOL,GSOL_01,2030,ELC,396.93686
SUBSIDY,shungnak,electric,2035,fall,8,SOL,GSOL_01,2035,ELC,270.04183
SUBSIDY,shungnak,electric,2035,fall,8,WND,GWND_01,2030,ELC,5518.7912
SUBSIDY,shungnak,electric,2035,fall,8,WND,GWND_01,2035,ELC,5518.7912
SUBSIDY,shungnak,electric,2035,fall,9,ELC,EBATT_01,2025,ELC,3787.5482
SUBSIDY,shungnak,electric,2035,fall,9,ELC,ELECT,2030,ELECD,22519.377
SUBSIDY,shungnak,electric,2035,fall,9,HYD,GHYD_01,2030,ELC,6057.5303
SUBSIDY,shungnak,electric,2035,fall,9,SOL,GSOL_01,2025,ELC,630.69435
SUBSIDY,shungnak,electric,2035,fall,9,SOL,GSOL_01,2030,ELC,846.3424
SUBSIDY,shungnak,electric,2035,fall,9,SOL,GSOL_01,2035,ELC,575.77884
SUBSIDY,shungnak,electric,2035,fall,9,WND,GWND_01,2030,ELC,5310.7415
SUBSIDY,shungnak,electric,2035,fall,9,WND,GWND_01,2035,ELC,5310.7415
SUBSIDY,shungnak,electric,2035,spring,0,ELC,EBATT_01,2025,ELC,1863.393
SUBSIDY,shungnak,electric,2035,spring,0,ELC,EBATT_01,2030,ELC,33.963019
SUBSIDY,shungnak,electric,2035,spring,0,ELC,EBATT_01,2035,ELC,404.24439
SUBSIDY,shungnak,electric,2035,spring,0,ELC,ELECT,2030,ELECD,16660.677
SUBSIDY,shungnak,electric,2035,spring,0,HYD,GHYD_01,2030,ELC,4270.4932
SUBSIDY,shungnak,electric,2035,spring,0,WND,GWND_01,2030,ELC,5044.2919
SUBSIDY,shungnak,electric,2035,spring,0,WND,GWND_01,2035,ELC,5044.2919
SUBSIDY,shungnak,electric,2035,spring,1,ELC,EBATT_01,2035,ELC,2338.1003
SUBSIDY,shungnak,electric,2035,spring,1,ELC,ELECT,2030,ELECD,16660.677
SUBSIDY,shungnak,electric,2035,spring,1,HYD,GHYD_01,2030,ELC,4270.4932
SUBSIDY,shungnak,electric,2035,spring,1,WND,GWND_01,2030,ELC,5026.042
SUBSIDY,shungnak,electric,2035,spring,1,WND,GWND_01,2035,ELC,5026.042
SUBSIDY,shungnak,electric,2035,spring,10,ELC,ELECT,2030,ELECD,24350.221
SUBSIDY,shungnak,electric,2035,spring,10,HYD,GHYD_01,2030,ELC,4270.4932
SUBSIDY,shungnak,electric,2035,spring,10,SOL,GSOL_01,2025,ELC,6034.946
SUBSIDY,shungnak,electric,2035,spring,10,SOL,GSOL_01,2030,ELC,8098.4245
SUBSIDY,shungnak,electric,2035,spring,10,SOL,GSOL_01,2035,ELC,5509.4741
SUBSIDY,shungnak,electric,2035,spring,10,WND,GWND_01,2030,ELC,5004.142
SUBSIDY,shungnak,electric,2035,spring,10,WND,GWND_01,2035,ELC,5004.142
SUBSIDY,shungnak,electric,2035,spring,11,ELC,ELECT,2030,ELECD,24899.474
SUBSIDY,shungnak,electric,2035,spring,11,HYD,GHYD_01,2030,ELC,4270.4932
SUBSIDY,shungnak,electric,2035,spring,11,SOL,GSOL_01,2025,ELC,7507.1328
SUBSIDY,shungnak,electric,2035,spring,11,SOL,GSOL_01,2030,ELC,10073.984
SUBSIDY,shungnak,electric,2035,spring,11,SOL,GSOL_01,2035,ELC,6853.4754
SUBSIDY,shungnak,electric,2035,spring,11,WND,GWND_01,2030,ELC,4730.3924
SUBSIDY,shungnak,electric,2035,spring,11,WND,GWND_01,2035,ELC,4730.3924
SUBSIDY,shungnak,electric,2035,spring,12,ELC,ELECT,2030,ELECD,23617.883
SUBSIDY,shungnak,electric,2035,spring,12,HYD,GHYD_01,2030,ELC,4270.4932
SUBSIDY,shungnak,electric,2035,spring,12,SOL,GSOL_01,2025,ELC,8202.4266
SUBSIDY,shungnak,electric,2035,spring,12,SOL,GSOL_01,2030,ELC,11007.014
SUBSIDY,shungnak,electric,2035,spring,12,SOL,GSOL_01,2035,ELC,7488.2289
SUBSIDY,shungnak,electric,2035,spring,12,WND,GWND_01,2030,ELC,4449.3429
SUBSIDY,shungnak,electric,2035,spring,12,WND,GWND_01,2035,ELC,4449.3429
SUBSIDY,shungnak,electric,2035,spring,13,ELC,ELECT,2030,ELECD,22702.462
SUBSIDY,shungnak,electric,2035,spring,13,HYD,GHYD_01,2030,ELC,4270.4932
SUBSIDY,shungnak,electric,2035,spring,13,SOL,GSOL_01,2025,ELC,8622.3228
SUBSIDY,shungnak,electric,2035,spring,13,SOL,GSOL_01,2030,ELC,11570.481
SUBSIDY,shungnak,electric,2035,spring,13,SOL,GSOL_01,2035,ELC,7871.5641
SUBSIDY,shungnak,electric,2035,spring,13,WND,GWND_01,2030,ELC,3900.0188
SUBSIDY,shungnak,electric,2035,spring,13,WND,GWND_01,2035,ELC,3900.0188
SUBSIDY,shungnak,electric,2035,spring,14,ELC,ELECT,2030,ELECD,23068.63
SUBSIDY,shungnak,electric,2035,spring,14,HYD,GHYD_01,2030,ELC,4270.4932
SUBSIDY,shungnak,electric,2035,spring,14,SOL,GSOL_01,2025,ELC,8588.3231
SUBSIDY,shungnak,electric,2035,spring,14,SOL,GSOL_01,2030,ELC,11524.857
SUBSIDY,shungnak,electric,2035,spring,14,SOL,GSOL_01,2035,ELC,7840.5249
SUBSIDY,shungnak,electric,2035,spring,14,WND,GWND_01,2030,ELC,3611.6692
SUBSIDY,shungnak,electric,2035,spring,14,WND,GWND_01,2035,ELC,3611.6692
SUBSIDY,shungnak,electric,2035,spring,15,ELC,ELECT,2030,ELECD,22885.546
SUBSIDY,shungnak,electric,2035,spring,15,HYD,GHYD_01,2030,ELC,4270.4932
SUBSIDY,shungnak,electric,2035,spring,15,SOL,GSOL_01,2025,ELC,8088.5276
SUBSIDY,shungnak,electric,2035,spring,15,SOL,GSOL_01,2030,ELC,10854.17
SUBSIDY,shungnak,electric,2035,spring,15,SOL,GSOL_01,2035,ELC,7384.2473
SUBSIDY,shungnak,electric,2035,spring,15,WND,GWND_01,2030,ELC,3691.9691
SUBSIDY,shungnak,electric,2035,spring,15,WND,GWND_01,2035,ELC,3691.9691
SUBSIDY,shungnak,electric,2035,spring,16,ELC,ELECT,2030,ELECD,23984.052
SUBSIDY,shungnak,electric,2035,spring,16,HYD,GHYD_01,2030,ELC,4270.4932
SUBSIDY,shungnak,electric,2035,spring,16,SOL,GSOL_01,2025,ELC,7024.3371
SUBSIDY,shungnak,electric,2035,spring,16,SOL,GSOL_01,2030,ELC,9426.1099
SUBSIDY,shungnak,electric,2035,spring,16,SOL,GSOL_01,2035,ELC,6412.7175
SUBSIDY,shungnak,electric,2035,spring,16,WND,GWND_01,2030,ELC,3989.4436
SUBSIDY,shungnak,electric,2035,spring,16,WND,GWND_01,2035,ELC,3989.4436
SUBSIDY,shungnak,electric,2035,spring,17,ELC,ELECT,2030,ELECD,23984.052
SUBSIDY,shungnak,electric,2035,spring,17,HYD,GHYD_01,2030,ELC,4270.4932
SUBSIDY,shungnak,electric,2035,spring,17,SOL,GSOL_01,2025,ELC,5234.2531
SUBSIDY,shungnak,electric,2035,spring,17,SOL,GSOL_01,2030,ELC,7023.9575
SUBSIDY,shungnak,electric,2035,spring,17,SOL,GSOL_01,2035,ELC,4778.4988
SUBSIDY,shungnak,electric,2035,spring,17,WND,GWND_01,2030,ELC,4044.1935
SUBSIDY,shungnak,electric,2035,spring,17,WND,GWND_01,2035,ELC,4044.1935
SUBSIDY,shungnak,electric,2035,spring,18,ELC,ELECT,2035,ELECD,22702.462
SUBSIDY,shungnak,electric,2035,spring,18,HYD,GHYD_01,2030,ELC,4270.4932
SUBSIDY,shungnak,electric,2035,spring,18,SOL,GSOL_01,2025,ELC,3172.1716
SUBSIDY,shungnak,electric,2035,spring,18,SOL,GSOL_01,2030,ELC,4256.8057
SUBSIDY,shungnak,electric,2035,spring,18,SOL,GSOL_01,2035,ELC,2895.9658
SUBSIDY,shungnak,electric,2035,spring,18,WND,GWND_01,2030,ELC,4168.2933
SUBSIDY,shungnak,electric,2035,spring,18,WND,GWND_01,2035,ELC,4168.2933
SUBSIDY,shungnak,electric,2035,spring,19,ELC,EBATT_01,2030,ELC,4621.8897
SUBSIDY,shungnak,electric,2035,spring,19,ELC,ELECT,2030,ELECD,21970.124
SUBSIDY,shungnak,electric,2035,spring,19,HYD,GHYD_01,2030,ELC,4270.4932
SUBSIDY,shungnak,electric,2035,spring,19,SOL,GSOL_01,2025,ELC,1380.3876
SUBSIDY,shungnak,electric,2035,spring,19,SOL,GSOL_01,2030,ELC,1852.372
SUBSIDY,shungnak,electric,2035,spring,19,SOL,GSOL_01,2035,ELC,1260.1952
SUBSIDY,shungnak,electric,2035,spring,19,WND,GWND_01,2030,ELC,4292.3931
SUBSIDY,shungnak,electric,2035,spring,19,WND,GWND_01,2035,ELC,4292.3931
SUBSIDY,shungnak,electric,2035,spring,2,ELC,EBATT_01,2035,ELC,1839.3625
SUBSIDY,shungnak,electric,2035,spring,2,ELC,ELECT,2030,ELECD,15928.34
SUBSIDY,shungnak,electric,2035,spring,2,HYD,GHYD_01,2030,ELC,4270.4932
SUBSIDY,shungnak,electric,2035,spring,2,WND,GWND_01,2030,ELC,4909.2421
SUBSIDY,shungnak,electric,2035,spring,2,WND,GWND_01,2035,ELC,4909.2421
SUBSIDY,shungnak,electric,2035,spring,20,ELC,EBATT_01,2035,ELC,7698.357
SUBSIDY,shungnak,electric,2035,spring,20,ELC,ELECT,2030,ELECD,22702.462
SUBSIDY,shungnak,electric,2035,spring,20,HYD,GHYD_01,2030,ELC,4270.4932
SUBSIDY,shungnak,electric,2035,spring,20,SOL,GSOL_01,2025,ELC,503.19549
SUBSIDY,shungnak,electric,2035,spring,20,SOL,GSOL_01,2030,ELC,675.24892
SUBSIDY,shungnak,electric,2035,spring,20,SOL,GSOL_01,2035,ELC,459.3815
SUBSIDY,shungnak,electric,2035,spring,20,WND,GWND_01,2030,ELC,4547.8927
SUBSIDY,shungnak,electric,2035,spring,20,WND,GWND_01,2035,ELC,4547.8927
SUBSIDY,shungnak,electric,2035,spring,21,ELC,EBATT_01,2030,ELC,7567.1097
SUBSIDY,shungnak,electric,2035,spring,21,ELC,ELECT,2030,ELECD,21420.871
SUBSIDY,shungnak,electric,2035,spring,21,HYD,GHYD_01,2030,ELC,4270.4932
SUBSIDY,shungnak,electric,2035,spring,21,SOL,GSOL_01,2025,ELC,219.29804
SUBSIDY,shungnak,electric,2035,spring,21,SOL,GSOL_01,2030,ELC,294.28078
SUBSIDY,shungnak,electric,2035,spring,21,SOL,GSOL_01,2035,ELC,200.20343
SUBSIDY,shungnak,electric,2035,spring,21,WND,GWND_01,2030,ELC,4434.7429
SUBSIDY,shungnak,electric,2035,spring,21,WND,GWND_01,2035,ELC,4434.7429
SUBSIDY,shungnak,electric,2035,spring,22,ELC,EBATT_01,2030,ELC,6425.6807
SUBSIDY,shungnak,electric,2035,spring,22,ELC,ELECT,2030,ELECD,20871.618
SUBSIDY,shungnak,electric,2035,spring,22,HYD,GHYD_01,2030,ELC,4270.4932
SUBSIDY,shungnak,electric,2035,spring,22,SOL,GSOL_01,2025,ELC,84.999239
SUBSIDY,shungnak,electric,2035,spring,22,SOL,GSOL_01,2030,ELC,114.06232
SUBSIDY,shungnak,electric,2035,spring,22,SOL,GSOL_01,2035,ELC,77.598227
SUBSIDY,shungnak,electric,2035,spring,22,WND,GWND_01,2030,ELC,4949.3921
SUBSIDY,shungnak,electric,2035,spring,22,WND,GWND_01,2035,ELC,4949.3921
SUBSIDY,shungnak,electric,2035,spring,23,ELC,EBATT_01,2030,ELC,4992.6503
SUBSIDY,shungnak,electric,2035,spring,23,ELC,ELECT,2030,ELECD,19406.943
SUBSIDY,shungnak,electric,2035,spring,23,HYD,GHYD_01,2030,ELC,4270.4932
SUBSIDY,shungnak,electric,2035,spring,23,SOL,GSOL_01,2025,ELC,13.599878
SUBSIDY,shungnak,electric,2035,spring,23,SOL,GSOL_01,2030,ELC,18.249971
SUBSIDY,shungnak,electric,2035,spring,23,SOL,GSOL_01,2035,ELC,12.415716
SUBSIDY,shungnak,electric,2035,spring,23,WND,GWND_01,2030,ELC,5049.7669
SUBSIDY,shungnak,electric,2035,spring,23,WND,GWND_01,2035,ELC,5049.7669
SUBSIDY,shungnak,electric,2035,spring,3,DSL,GDSL_02,2025,ELC,324.94864
SUBSIDY,shungnak,electric,2035,spring,3,ELC,EBATT_01,2030,ELC,1025.3146
SUBSIDY,shungnak,electric,2035,spring,3,ELC,ELECT,2030,ELECD,15928.34
SUBSIDY,shungnak,electric,2035,spring,3,HYD,GHYD_01,2030,ELC,4270.4932
SUBSIDY,shungnak,electric,2035,spring,3,WND,GWND_01,2030,ELC,5153.7918
SUBSIDY,shungnak,electric,2035,spring,3,WND,GWND_01,2035,ELC,5153.7918
SUBSIDY,shungnak,electric,2035,spring,4,DSL,GDSL_01,2025,ELC,959.60008
SUBSIDY,shungnak,electric,2035,spring,4,ELC,ELECT,2035,ELECD,16111.424
SUBSIDY,shungnak,electric,2035,spring,4,HYD,GHYD_01,2030,ELC,4270.4932
SUBSIDY,shungnak,electric,2035,spring,4,SOL,GSOL_01,2025,ELC,20.399817
SUBSIDY,shungnak,electric,2035,spring,4,SOL,GSOL_01,2030,ELC,27.374956
SUBSIDY,shungnak,electric,2035,spring,4,SOL,GSOL_01,2035,ELC,18.623574
SUBSIDY,shungnak,electric,2035,spring,4,WND,GWND_01,2030,ELC,5407.4663
SUBSIDY,shungnak,electric,2035,spring,4,WND,GWND_01,2035,ELC,5407.4663
SUBSIDY,shungnak,electric,2035,spring,5,DSL,GDSL_03,2025,ELC,620.75856
SUBSIDY,shungnak,electric,2035,spring,5,ELC,ELECT,2035,ELECD,16477.593
SUBSIDY,shungnak,electric,2035,spring,5,HYD,GHYD_01,2030,ELC,4270.4932
SUBSIDY,shungnak,electric,2035,spring,5,SOL,GSOL_01,2025,ELC,90.099193
SUBSIDY,shungnak,electric,2035,spring,5,SOL,GSOL_01,2030,ELC,120.90606
SUBSIDY,shungnak,electric,2035,spring,5,SOL,GSOL_01,2035,ELC,82.254121
SUBSIDY,shungnak,electric,2035,spring,5,WND,GWND_01,2030,ELC,5646.541
SUBSIDY,shungnak,electric,2035,spring,5,WND,GWND_01,2035,ELC,5646.541
SUBSIDY,shungnak,electric,2035,spring,6,DSL,GDSL_03,2025,ELC,185.77801
SUBSIDY,shungnak,electric,2035,spring,6,ELC,ELECT,2030,ELECD,16843.762
SUBSIDY,shungnak,electric,2035,spring,6,HYD,GHYD_01,2030,ELC,4270.4932
SUBSIDY,shungnak,electric,2035,spring,6,SOL,GSOL_01,2025,ELC,302.59729
SUBSIDY,shungnak,electric,2035,spring,6,SOL,GSOL_01,2030,ELC,406.06185
SUBSIDY,shungnak,electric,2035,spring,6,SOL,GSOL_01,2035,ELC,276.24969
SUBSIDY,shungnak,electric,2035,spring,6,WND,GWND_01,2030,ELC,5701.2909
SUBSIDY,shungnak,electric,2035,spring,6,WND,GWND_01,2035,ELC,5701.2909
SUBSIDY,shungnak,electric,2035,spring,7,DSL,GDSL_02,2025,ELC,117.00748
SUBSIDY,shungnak,electric,2035,spring,7,ELC,ELECT,2030,ELECD,18491.521
SUBSIDY,shungnak,electric,2035,spring,7,HYD,GHYD_01,2030,ELC,4270.4932
SUBSIDY,shungnak,electric,2035,spring,7,SOL,GSOL_01,2025,ELC,972.39129
SUBSIDY,shungnak,electric,2035,spring,7,SOL,GSOL_01,2030,ELC,1304.8729
SUBSIDY,shungnak,electric,2035,spring,7,SOL,GSOL_01,2035,ELC,887.72372
SUBSIDY,shungnak,electric,2035,spring,7,WND,GWND_01,2030,ELC,5469.5162
SUBSIDY,shungnak,electric,2035,spring,7,WND,GWND_01,2035,ELC,5469.5162
SUBSIDY,shungnak,electric,2035,spring,8,ELC,ELECT,2030,ELECD,21970.124
SUBSIDY,shungnak,electric,2035,spring,8,HYD,GHYD_01,2030,ELC,4270.4932
SUBSIDY,shungnak,electric,2035,spring,8,SOL,GSOL_01,2025,ELC,2264.3797
SUBSIDY,shungnak,electric,2035,spring,8,SOL,GSOL_01,2030,ELC,3038.6201
SUBSIDY,shungnak,electric,2035,spring,8,SOL,GSOL_01,2035,ELC,2067.2168
SUBSIDY,shungnak,electric,2035,spring,8,WND,GWND_01,2030,ELC,5695.8159
SUBSIDY,shungnak,electric,2035,spring,8,WND,GWND_01,2035,ELC,5695.8159
SUBSIDY,shungnak,electric,2035,spring,9,ELC,ELECT,2030,ELECD,22519.377
SUBSIDY,shungnak,electric,2035,spring,9,HYD,GHYD_01,2030,ELC,4270.4932
SUBSIDY,shungnak,electric,2035,spring,9,SOL,GSOL_01,2025,ELC,4188.7625
SUBSIDY,shungnak,electric,2035,spring,9,SOL,GSOL_01,2030,ELC,5620.991
SUBSIDY,shungnak,electric,2035,spring,9,SOL,GSOL_01,2035,ELC,3824.0406
SUBSIDY,shungnak,electric,2035,spring,9,WND,GWND_01,2030,ELC,5086.2669
SUBSIDY,shungnak,electric,2035,spring,9,WND,GWND_01,2035,ELC,5086.2669
SUBSIDY,shungnak,electric,2035,summer,0,ELC,ELECT,2030,ELECD,12449.737
SUBSIDY,shungnak,electric,2035,summer,0,HYD,GHYD_01,2030,ELC,10853.623
SUBSIDY,shungnak,electric,2035,summer,0,SOL,GSOL_01,2025,ELC,16.999848
SUBSIDY,shungnak,electric,2035,summer,0,SOL,GSOL_01,2030,ELC,22.812463
SUBSIDY,shungnak,electric,2035,summer,0,SOL,GSOL_01,2035,ELC,15.519645
SUBSIDY,shungnak,electric,2035,summer,0,WND,GWND_01,2030,ELC,1290.2729
SUBSIDY,shungnak,electric,2035,summer,0,WND,GWND_01,2035,ELC,1290.2729
SUBSIDY,shungnak,electric,2035,summer,1,ELC,ELECT,2030,ELECD,11351.231
SUBSIDY,shungnak,electric,2035,summer,1,HYD,GHYD_01,2030,ELC,10853.623
SUBSIDY,shungnak,electric,2035,summer,1,WND,GWND_01,2030,ELC,1020.1734
SUBSIDY,shungnak,electric,2035,summer,1,WND,GWND_01,2035,ELC,1020.1734
SUBSIDY,shungnak,electric,2035,summer,10,ELC,ELECT,2030,ELECD,13914.412
SUBSIDY,shungnak,electric,2035,summer,10,HYD,GHYD_01,2030,ELC,10853.623
SUBSIDY,shungnak,electric,2035,summer,10,SOL,GSOL_01,2025,ELC,5400.8516
SUBSIDY,shungnak,electric,2035,summer,10,SOL,GSOL_01,2030,ELC,7247.5197
SUBSIDY,shungnak,electric,2035,summer,10,SOL,GSOL_01,2035,ELC,4930.5913
SUBSIDY,shungnak,electric,2035,summer,10,WND,GWND_01,2030,ELC,875.9986
SUBSIDY,shungnak,electric,2035,summer,10,WND,GWND_01,2035,ELC,875.9986
SUBSIDY,shungnak,electric,2035,summer,11,ELC,ELECT,2030,ELECD,14280.581
SUBSIDY,shungnak,electric,2035,summer,11,HYD,GHYD_01,2030,ELC,10853.623
SUBSIDY,shungnak,electric,2035,summer,11,SOL,GSOL_01,2025,ELC,6448.0423
SUBSIDY,shungnak,electric,2035,summer,11,SOL,GSOL_01,2030,ELC,8652.7674
SUBSIDY,shungnak,electric,2035,summer,11,SOL,GSOL_01,2035,ELC,5886.6015
SUBSIDY,shungnak,electric,2035,summer,11,WND,GWND_01,2030,ELC,762.84878
SUBSIDY,shungnak,electric,2035,summer,11,WND,GWND_01,2035,ELC,762.84878
SUBSIDY,shungnak,electric,2035,summer,12,ELC,ELECT,2030,ELECD,13914.412
SUBSIDY,shungnak,electric,2035,summer,12,HYD,GHYD_01,2030,ELC,10853.623
SUBSIDY,shungnak,electric,2035,summer,12,SOL,GSOL_01,2025,ELC,7219.8354
SUBSIDY,shungnak,electric,2035,summer,12,SOL,GSOL_01,2030,ELC,9688.4532
SUBSIDY,shungnak,electric,2035,summer,12,SOL,GSOL_01,2035,ELC,6591.1934
SUBSIDY,shungnak,electric,2035,summer,12,WND,GWND_01,2030,ELC,751.8988
SUBSIDY,shungnak,electric,2035,summer,12,WND,GWND_01,2035,ELC,751.8988
SUBSIDY,shungnak,electric,2035,summer,13,ELC,ELECT,2030,ELECD,13731.328
SUBSIDY,shungnak,electric,2035,summer,13,HYD,GHYD_01,2030,ELC,10853.623
SUBSIDY,shungnak,electric,2035,summer,13,SOL,GSOL_01,2025,ELC,7593.832
SUBSIDY,shungnak,electric,2035,summer,13,SOL,GSOL_01,2030,ELC,10190.327
SUBSIDY,shungnak,electric,2035,summer,13,SOL,GSOL_01,2035,ELC,6932.6256
SUBSIDY,shungnak,electric,2035,summer,13,WND,GWND_01,2030,ELC,797.52372
SUBSIDY,shungnak,electric,2035,summer,13,WND,GWND_01,2035,ELC,797.52372
SUBSIDY,shungnak,electric,2035,summer,14,ELC,ELECT,2030,ELECD,13548.243
SUBSIDY,shungnak,electric,2035,summer,14,HYD,GHYD_01,2030,ELC,10853.623
SUBSIDY,shungnak,electric,2035,summer,14,SOL,GSOL_01,2025,ELC,7804.6301
SUBSIDY,shungnak,electric,2035,summer,14,SOL,GSOL_01,2030,ELC,10473.202
SUBSIDY,shungnak,electric,2035,summer,14,SOL,GSOL_01,2035,ELC,7125.0692
SUBSIDY,shungnak,electric,2035,summer,14,WND,GWND_01,2030,ELC,865.04862
SUBSIDY,shungnak,electric,2035,summer,14,WND,GWND_01,2035,ELC,865.04862
SUBSIDY,shungnak,electric,2035,summer,15,ELC,ELECT,2030,ELECD,14097.496
SUBSIDY,shungnak,electric,2035,summer,15,HYD,GHYD_01,2030,ELC,10853.623
SUBSIDY,shungnak,electric,2035,summer,15,SOL,GSOL_01,2025,ELC,7031.1371
SUBSIDY,shungnak,electric,2035,summer,15,SOL,GSOL_01,2030,ELC,9435.2349
SUBSIDY,shungnak,electric,2035,summer,15,SOL,GSOL_01,2035,ELC,6418.9253
SUBSIDY,shungnak,electric,2035,summer,15,WND,GWND_01,2030,ELC,766.49877
SUBSIDY,shungnak,electric,2035,summer,15,WND,GWND_01,2035,ELC,766.49877
SUBSIDY,shungnak,electric,2035,summer,16,ELC,ELECT,2030,ELECD,15745.256
SUBSIDY,shungnak,electric,2035,summer,16,HYD,GHYD_01,2030,ELC,10853.623
SUBSIDY,shungnak,electric,2035,summer,16,SOL,GSOL_01,2025,ELC,6480.342
SUBSIDY,shungnak,electric,2035,summer,16,SOL,GSOL_01,2030,ELC,8696.1111
SUBSIDY,shungnak,electric,2035,summer,16,SOL,GSOL_01,2035,ELC,5916.0888
SUBSIDY,shungnak,electric,2035,summer,16,WND,GWND_01,2030,ELC,625.974
SUBSIDY,shungnak,electric,2035,summer,16,WND,GWND_01,2035,ELC,625.974
SUBSIDY,shungnak,electric,2035,summer,17,ELC,ELECT,2030,ELECD,16111.424
SUBSIDY,shungnak,electric,2035,summer,17,HYD,GHYD_01,2030,ELC,10853.623
SUBSIDY,shungnak,electric,2035,summer,17,SOL,GSOL_01,2025,ELC,5375.3519
SUBSIDY,shungnak,electric,2035,summer,17,SOL,GSOL_01,2030,ELC,7213.301
SUBSIDY,shungnak,electric,2035,summer,17,SOL,GSOL_01,2035,ELC,4907.3119
SUBSIDY,shungnak,electric,2035,summer,17,WND,GWND_01,2030,ELC,697.14888
SUBSIDY,shungnak,electric,2035,summer,17,WND,GWND_01,2035,ELC,697.14888
SUBSIDY,shungnak,electric,2035,summer,18,ELC,ELECT,2030,ELECD,14463.665
SUBSIDY,shungnak,electric,2035,summer,18,HYD,GHYD_01,2030,ELC,10853.623
SUBSIDY,shungnak,electric,2035,summer,18,SOL,GSOL_01,2025,ELC,3833.4657
SUBSIDY,shungnak,electric,2035,summer,18,SOL,GSOL_01,2030,ELC,5144.2105
SUBSIDY,shungnak,electric,2035,summer,18,SOL,GSOL_01,2035,ELC,3499.68
SUBSIDY,shungnak,electric,2035,summer,18,WND,GWND_01,2030,ELC,925.27352
SUBSIDY,shungnak,electric,2035,summer,18,WND,GWND_01,2035,ELC,925.27352
SUBSIDY,shungnak,electric,2035,summer,19,ELC,ELECT,2030,ELECD,14097.496
SUBSIDY,shungnak,electric,2035,summer,19,HYD,GHYD_01,2030,ELC,10853.623
SUBSIDY,shungnak,electric,2035,summer,19,SOL,GSOL_01,2025,ELC,2233.78
SUBSIDY,shungnak,electric,2035,summer,19,SOL,GSOL_01,2030,ELC,2997.5577
SUBSIDY,shungnak,electric,2035,summer,19,SOL,GSOL_01,2035,ELC,2039.2814
SUBSIDY,shungnak,electric,2035,summer,19,WND,GWND_01,2030,ELC,799.34872
SUBSIDY,shungnak,electric,2035,summer,19,WND,GWND_01,2035,ELC,799.34872
SUBSIDY,shungnak,electric,2035,summer,2,ELC,ELECT,2030,ELECD,11168.146
SUBSIDY,shungnak,electric,2035,summer,2,HYD,GHYD_01,2030,ELC,10853.623
SUBSIDY,shungnak,electric,2035,summer,2,WND,GWND_01,2030,ELC,934.3985
SUBSIDY,shungnak,electric,2035,summer,2,WND,GWND_01,2035,ELC,934.3985
SUBSIDY,shungnak,electric,2035,summer,20,ELC,ELECT,2030,ELECD,14097.496
SUBSIDY,shungnak,electric,2035,summer,20,HYD,GHYD_01,2030,ELC,10853.623
SUBSIDY,shungnak,electric,2035,summer,20,SOL,GSOL_01,2025,ELC,1157.6896
SUBSIDY,shungnak,electric,2035,summer,20,SOL,GSOL_01,2030,ELC,1553.5288
SUBSIDY,shungnak,electric,2035,summer,20,SOL,GSOL_01,2035,ELC,1056.8879
SUBSIDY,shungnak,electric,2035,summer,20,WND,GWND_01,2030,ELC,985.49842
SUBSIDY,shungnak,electric,2035,summer,20,WND,GWND_01,2035,ELC,985.49842
SUBSIDY,shungnak,electric,2035,summer,21,ELC,ELECT,2030,ELECD,12998.99
SUBSIDY,shungnak,electric,2035,summer,21,HYD,GHYD_01,2030,ELC,10853.623
SUBSIDY,shungnak,electric,2035,summer,21,SOL,GSOL_01,2025,ELC,526.99528
SUBSIDY,shungnak,electric,2035,summer,21,SOL,GSOL_01,2030,ELC,707.18637
SUBSIDY,shungnak,electric,2035,summer,21,SOL,GSOL_01,2035,ELC,481.10901
SUBSIDY,shungnak,electric,2035,summer,21,WND,GWND_01,2030,ELC,1419.8477
SUBSIDY,shungnak,electric,2035,summer,21,WND,GWND_01,2035,ELC,1419.8477
SUBSIDY,shungnak,electric,2035,summer,22,ELC,ELECT,2030,ELECD,12998.99
SUBSIDY,shungnak,electric,2035,summer,22,HYD,GHYD_01,2030,ELC,10853.623
SUBSIDY,shungnak,electric,2035,summer,22,SOL,GSOL_01,2025,ELC,317.89715
SUBSIDY,shungnak,electric,2035,summer,22,SOL,GSOL_01,2030,ELC,426.59307
SUBSIDY,shungnak,electric,2035,summer,22,SOL,GSOL_01,2035,ELC,290.21737
SUBSIDY,shungnak,electric,2035,summer,22,WND,GWND_01,2030,ELC,1385.1728
SUBSIDY,shungnak,electric,2035,summer,22,WND,GWND_01,2035,ELC,1385.1728
SUBSIDY,shungnak,electric,2035,summer,23,ELC,ELECT,2030,ELECD,12815.906
SUBSIDY,shungnak,electric,2035,summer,23,HYD,GHYD_01,2030,ELC,10853.623
SUBSIDY,shungnak,electric,2035,summer,23,SOL,GSOL_01,2025,ELC,93.499163
SUBSIDY,shungnak,electric,2035,summer,23,SOL,GSOL_01,2030,ELC,125.46855
SUBSIDY,shungnak,electric,2035,summer,23,SOL,GSOL_01,2035,ELC,85.35805
SUBSIDY,shungnak,electric,2035,summer,23,WND,GWND_01,2030,ELC,1520.2226
SUBSIDY,shungnak,electric,2035,summer,23,WND,GWND_01,2035,ELC,1520.2226
SUBSIDY,shungnak,electric,2035,summer,3,ELC,ELECT,2030,ELECD,10435.809
SUBSIDY,shungnak,electric,2035,summer,3,HYD,GHYD_01,2030,ELC,10853.623
SUBSIDY,shungnak,electric,2035,summer,3,SOL,GSOL_01,2025,ELC,20.399817
SUBSIDY,shungnak,electric,2035,summer,3,SOL,GSOL_01,2030,ELC,27.374956
SUBSIDY,shungnak,electric,2035,summer,3,SOL,GSOL_01,2035,ELC,18.623574
SUBSIDY,shungnak,electric,2035,summer,3,WND,GWND_01,2030,ELC,1067.6233
SUBSIDY,shungnak,electric,2035,summer,3,WND,GWND_01,2035,ELC,1067.6233
SUBSIDY,shungnak,electric,2035,summer,4,ELC,ELECT,2035,ELECD,10252.725
SUBSIDY,shungnak,electric,2035,summer,4,HYD,GHYD_01,2030,ELC,10853.623
SUBSIDY,shungnak,electric,2035,summer,4,SOL,GSOL_01,2025,ELC,130.89883
SUBSIDY,shungnak,electric,2035,summer,4,SOL,GSOL_01,2030,ELC,175.65597
SUBSIDY,shungnak,electric,2035,summer,4,SOL,GSOL_01,2035,ELC,119.50127
SUBSIDY,shungnak,electric,2035,summer,4,WND,GWND_01,2030,ELC,1091.3483
SUBSIDY,shungnak,electric,2035,summer,4,WND,GWND_01,2035,ELC,1091.3483
SUBSIDY,shungnak,electric,2035,summer,5,ELC,ELECT,2030,ELECD,10252.725
SUBSIDY,shungnak,electric,2035,summer,5,HYD,GHYD_01,2030,ELC,10853.623
SUBSIDY,shungnak,electric,2035,summer,5,SOL,GSOL_01,2025,ELC,253.29773
SUBSIDY,shungnak,electric,2035,summer,5,SOL,GSOL_01,2030,ELC,339.90571
SUBSIDY,shungnak,electric,2035,summer,5,SOL,GSOL_01,2035,ELC,231.24272
SUBSIDY,shungnak,electric,2035,summer,5,WND,GWND_01,2030,ELC,1131.4982
SUBSIDY,shungnak,electric,2035,summer,5,WND,GWND_01,2035,ELC,1131.4982
SUBSIDY,shungnak,electric,2035,summer,6,ELC,ELECT,2035,ELECD,10985.062
SUBSIDY,shungnak,electric,2035,summer,6,HYD,GHYD_01,2030,ELC,10853.623
SUBSIDY,shungnak,electric,2035,summer,6,SOL,GSOL_01,2025,ELC,642.59425
SUBSIDY,shungnak,electric,2035,summer,6,SOL,GSOL_01,2030,ELC,862.31112
SUBSIDY,shungnak,electric,2035,summer,6,SOL,GSOL_01,2035,ELC,586.6426
SUBSIDY,shungnak,electric,2035,summer,6,WND,GWND_01,2030,ELC,1014.6984
SUBSIDY,shungnak,electric,2035,summer,6,WND,GWND_01,2035,ELC,1014.6984
SUBSIDY,shungnak,electric,2035,summer,7,ELC,ELECT,2030,ELECD,11168.146
SUBSIDY,shungnak,electric,2035,summer,7,HYD,GHYD_01,2030,ELC,10853.623
SUBSIDY,shungnak,electric,2035,summer,7,SOL,GSOL_01,2025,ELC,1538.4862
SUBSIDY,shungnak,electric,2035,summer,7,SOL,GSOL_01,2030,ELC,2064.5279
SUBSIDY,shungnak,electric,2035,summer,7,SOL,GSOL_01,2035,ELC,1404.5279
SUBSIDY,shungnak,electric,2035,summer,7,WND,GWND_01,2030,ELC,843.14865
SUBSIDY,shungnak,electric,2035,summer,7,WND,GWND_01,2035,ELC,843.14865
SUBSIDY,shungnak,electric,2035,summer,8,ELC,ELECT,2030,ELECD,11534.315
SUBSIDY,shungnak,electric,2035,summer,8,HYD,GHYD_01,2030,ELC,10853.623
SUBSIDY,shungnak,electric,2035,summer,8,SOL,GSOL_01,2025,ELC,3014.073
SUBSIDY,shungnak,electric,2035,summer,8,SOL,GSOL_01,2030,ELC,4044.6498
SUBSIDY,shungnak,electric,2035,summer,8,SOL,GSOL_01,2035,ELC,2751.6331
SUBSIDY,shungnak,electric,2035,summer,8,WND,GWND_01,2030,ELC,866.87361
SUBSIDY,shungnak,electric,2035,summer,8,WND,GWND_01,2035,ELC,866.87361
SUBSIDY,shungnak,electric,2035,summer,9,ELC,ELECT,2030,ELECD,11900.484
SUBSIDY,shungnak,electric,2035,summer,9,HYD,GHYD_01,2030,ELC,10853.623
SUBSIDY,shungnak,electric,2035,summer,9,SOL,GSOL_01,2025,ELC,4117.3631
SUBSIDY,shungnak,electric,2035,summer,9,SOL,GSOL_01,2030,ELC,5525.1787
SUBSIDY,shungnak,electric,2035,summer,9,SOL,GSOL_01,2035,ELC,3758.8581
SUBSIDY,shungnak,electric,2035,summer,9,WND,GWND_01,2030,ELC,812.1237
SUBSIDY,shungnak,electric,2035,summer,9,WND,GWND_01,2035,ELC,812.1237
SUBSIDY,shungnak,electric,2035,winter,0,ELC,EBATT_01,2025,ELC,8833.2071
SUBSIDY,shungnak,electric,2035,winter,0,ELC,ELECT,2035,ELECD,20871.618
SUBSIDY,shungnak,electric,2035,winter,0,HYD,GHYD_01,2030,ELC,1011.7784
SUBSIDY,shungnak,electric,2035,winter,0,WND,GWND_01,2030,ELC,5513.3162
SUBSIDY,shungnak,electric,2035,winter,0,WND,GWND_01,2035,ELC,5513.3162
SUBSIDY,shungnak,electric,2035,winter,1,ELC,EBATT_01,2025,ELC,8434.7731
SUBSIDY,shungnak,electric,2035,winter,1,ELC,ELECT,2030,ELECD,20688.533
SUBSIDY,shungnak,electric,2035,winter,1,HYD,GHYD_01,2030,ELC,1011.7784
SUBSIDY,shungnak,electric,2035,winter,1,WND,GWND_01,2030,ELC,5620.991
SUBSIDY,shungnak,electric,2035,winter,1,WND,GWND_01,2035,ELC,5620.991
SUBSIDY,shungnak,electric,2035,winter,10,ELC,EBATT_01,2030,ELC,14005.788
SUBSIDY,shungnak,electric,2035,winter,10,ELC,ELECT,2035,ELECD,26547.233
SUBSIDY,shungnak,electric,2035,winter,10,HYD,GHYD_01,2030,ELC,1011.7784
SUBSIDY,shungnak,electric,2035,winter,10,SOL,GSOL_01,2025,ELC,193.79826
SUBSIDY,shungnak,electric,2035,winter,10,SOL,GSOL_01,2030,ELC,260.06208
SUBSIDY,shungnak,electric,2035,winter,10,SOL,GSOL_01,2035,ELC,176.92396
SUBSIDY,shungnak,electric,2035,winter,10,WND,GWND_01,2030,ELC,5449.4413
SUBSIDY,shungnak,electric,2035,winter,10,WND,GWND_01,2035,ELC,5449.4413
SUBSIDY,shungnak,electric,2035,winter,11,ELC,EBATT_01,2030,ELC,13425.247
SUBSIDY,shungnak,electric,2035,winter,11,ELC,ELECT,2030,ELECD,27462.655
SUBSIDY,shungnak,electric,2035,winter,11,HYD,GHYD_01,2030,ELC,1011.7784
SUBSIDY,shungnak,electric,2035,winter,11,SOL,GSOL_01,2025,ELC,657.89411
SUBSIDY,shungnak,electric,2035,winter,11,SOL,GSOL_01,2030,ELC,882.84234
SUBSIDY,shungnak,electric,2035,winter,11,SOL,GSOL_01,2035,ELC,600.61028
SUBSIDY,shungnak,electric,2035,winter,11,WND,GWND_01,2030,ELC,5442.1413
SUBSIDY,shungnak,electric,2035,winter,11,WND,GWND_01,2035,ELC,5442.1413
SUBSIDY,shungnak,electric,2035,winter,12,ELC,EBATT_01,2030,ELC,4500.2847
SUBSIDY,shungnak,electric,2035,winter,12,ELC,EBATT_01,2035,ELC,6468.2523
SUBSIDY,shungnak,electric,2035,winter,12,ELC,ELECT,2030,ELECD,27096.486
SUBSIDY,shungnak,electric,2035,winter,12,HYD,GHYD_01,2030,ELC,1011.7784
SUBSIDY,shungnak,electric,2035,winter,12,SOL,GSOL_01,2025,ELC,1164.4896
SUBSIDY,shungnak,electric,2035,winter,12,SOL,GSOL_01,2030,ELC,1562.6537
SUBSIDY,shungnak,electric,2035,winter,12,SOL,GSOL_01,2035,ELC,1063.0957
SUBSIDY,shungnak,electric,2035,winter,12,WND,GWND_01,2030,ELC,5662.9659
SUBSIDY,shungnak,electric,2035,winter,12,WND,GWND_01,2035,ELC,5662.9659
SUBSIDY,shungnak,electric,2035,winter,13,ELC,EBATT_01,2035,ELC,8673.544
SUBSIDY,shungnak,electric,2035,winter,13,ELC,ELECT,2030,ELECD,26364.149
SUBSIDY,shungnak,electric,2035,winter,13,HYD,GHYD_01,2030,ELC,1011.7784
SUBSIDY,shungnak,electric,2035,winter,13,SOL,GSOL_01,2025,ELC,1497.6866
SUBSIDY,shungnak,electric,2035,winter,13,SOL,GSOL_01,2030,ELC,2009.778
SUBSIDY,shungnak,electric,2035,winter,13,SOL,GSOL_01,2035,ELC,1367.2808
SUBSIDY,shungnak,electric,2035,winter,13,WND,GWND_01,2030,ELC,5902.0406
SUBSIDY,shungnak,electric,2035,winter,13,WND,GWND_01,2035,ELC,5902.0406
SUBSIDY,shungnak,electric,2035,winter,14,ELC,EBATT_01,2030,ELC,8771.5092
SUBSIDY,shungnak,electric,2035,winter,14,ELC,ELECT,2030,ELECD,26181.064
SUBSIDY,shungnak,electric,2035,winter,14,HYD,GHYD_01,2030,ELC,1011.7784
SUBSIDY,shungnak,electric,2035,winter,14,SOL,GSOL_01,2025,ELC,1497.6866
SUBSIDY,shungnak,electric,2035,winter,14,SOL,GSOL_01,2030,ELC,2009.778
SUBSIDY,shungnak,electric,2035,winter,14,SOL,GSOL_01,2035,ELC,1367.2808
SUBSIDY,shungnak,electric,2035,winter,14,WND,GWND_01,2030,ELC,5761.5158
SUBSIDY,shungnak,electric,2035,winter,14,WND,GWND_01,2035,ELC,5761.5158
SUBSIDY,shungnak,electric,2035,winter,15,ELC,EBATT_01,2030,ELC,8518.004
SUBSIDY,shungnak,electric,2035,winter,15,ELC,ELECT,2030,ELECD,24899.474
SUBSIDY,shungnak,electric,2035,winter,15,HYD,GHYD_01,2030,ELC,1011.7784
SUBSIDY,shungnak,electric,2035,winter,15,SOL,GSOL_01,2025,ELC,1106.6901
SUBSIDY,shungnak,electric,2035,winter,15,SOL,GSOL_01,2030,ELC,1485.0914
SUBSIDY,shungnak,electric,2035,winter,15,SOL,GSOL_01,2035,ELC,1010.3289
SUBSIDY,shungnak,electric,2035,winter,15,WND,GWND_01,2030,ELC,5883.7906
SUBSIDY,shungnak,electric,2035,winter,15,WND,GWND_01,2035,ELC,5883.7906
SUBSIDY,shungnak,electric,2035,winter,16,ELC,EBATT_01,2035,ELC,11620.037
SUBSIDY,shungnak,electric,2035,winter,16,ELC,ELECT,2030,ELECD,26181.064
SUBSIDY,shungnak,electric,2035,winter,16,HYD,GHYD_01,2030,ELC,1011.7784
SUBSIDY,shungnak,electric,2035,winter,16,SOL,GSOL_01,2025,ELC,600.09463
SUBSIDY,shungnak,electric,2035,winter,16,SOL,GSOL_01,2030,ELC,805.27996
SUBSIDY,shungnak,electric,2035,winter,16,SOL,GSOL_01,2035,ELC,547.84348
SUBSIDY,shungnak,electric,2035,winter,16,WND,GWND_01,2030,ELC,5798.0157
SUBSIDY,shungnak,electric,2035,winter,16,WND,GWND_01,2035,ELC,5798.0157
SUBSIDY,shungnak,electric,2035,winter,17,ELC,EBATT_01,2035,ELC,15348.228
SUBSIDY,shungnak,electric,2035,winter,17,ELC,ELECT,2030,ELECD,28194.993
SUBSIDY,shungnak,electric,2035,winter,17,HYD,GHYD_01,2030,ELC,1011.7784
SUBSIDY,shungnak,electric,2035,winter,17,SOL,GSOL_01,2025,ELC,156.3986
SUBSIDY,shungnak,electric,2035,winter,17,SOL,GSOL_01,2030,ELC,209.87466
SUBSIDY,shungnak,electric,2035,winter,17,SOL,GSOL_01,2035,ELC,142.78074
SUBSIDY,shungnak,electric,2035,winter,17,WND,GWND_01,2030,ELC,5662.9659
SUBSIDY,shungnak,electric,2035,winter,17,WND,GWND_01,2035,ELC,5662.9659
SUBSIDY,shungnak,electric,2035,winter,18,ELC,EBATT_01,2030,ELC,16149.75
SUBSIDY,shungnak,electric,2035,winter,18,ELC,ELECT,2030,ELECD,28378.077
SUBSIDY,shungnak,electric,2035,winter,18,HYD,GHYD_01,2030,ELC,1011.7784
SUBSIDY,shungnak,electric,2035,winter,18,SOL,GSOL_01,2025,ELC,3.3999696
SUBSIDY,shungnak,electric,2035,winter,18,SOL,GSOL_01,2030,ELC,4.5624927
SUBSIDY,shungnak,electric,2035,winter,18,SOL,GSOL_01,2035,ELC,3.1039291
SUBSIDY,shungnak,electric,2035,winter,18,WND,GWND_01,2030,ELC,5602.741
SUBSIDY,shungnak,electric,2035,winter,18,WND,GWND_01,2035,ELC,5602.741
SUBSIDY,shungnak,electric,2035,winter,19,ELC,EBATT_01,2030,ELC,12345.829
SUBSIDY,shungnak,electric,2035,winter,19,ELC,ELECT,2035,ELECD,24716.39
SUBSIDY,shungnak,electric,2035,winter,19,HYD,GHYD_01,2030,ELC,1011.7784
SUBSIDY,shungnak,electric,2035,winter,19,WND,GWND_01,2030,ELC,5679.3909
SUBSIDY,shungnak,electric,2035,winter,19,WND,GWND_01,2035,ELC,5679.3909
SUBSIDY,shungnak,electric,2035,winter,2,ELC,EBATT_01,2025,ELC,9015.7068
SUBSIDY,shungnak,electric,2035,winter,2,ELC,ELECT,2030,ELECD,20871.618
SUBSIDY,shungnak,electric,2035,winter,2,HYD,GHYD_01,2030,ELC,1011.7784
SUBSIDY,shungnak,electric,2035,winter,2,WND,GWND_01,2030,ELC,5422.0663
SUBSIDY,shungnak,electric,2035,winter,2,WND,GWND_01,2035,ELC,5422.0663
SUBSIDY,shungnak,electric,2035,winter,20,ELC,EBATT_01,2035,ELC,12408.464
SUBSIDY,shungnak,electric,2035,winter,20,ELC,ELECT,2030,ELECD,24899.474
SUBSIDY,shungnak,electric,2035,winter,20,HYD,GHYD_01,2030,ELC,1011.7784
SUBSIDY,shungnak,electric,2035,winter,20,WND,GWND_01,2030,ELC,5739.6158
SUBSIDY,shungnak,electric,2035,winter,20,WND,GWND_01,2035,ELC,5739.6158
SUBSIDY,shungnak,electric,2035,winter,21,ELC,EBATT_01,2035,ELC,10575.724
SUBSIDY,shungnak,electric,2035,winter,21,ELC,ELECT,2030,ELECD,23617.883
SUBSIDY,shungnak,electric,2035,winter,21,HYD,GHYD_01,2030,ELC,1011.7784
SUBSIDY,shungnak,electric,2035,winter,21,WND,GWND_01,2030,ELC,6015.1904
SUBSIDY,shungnak,electric,2035,winter,21,WND,GWND_01,2035,ELC,6015.1904
SUBSIDY,shungnak,electric,2035,winter,22,ELC,EBATT_01,2035,ELC,9594.6025
SUBSIDY,shungnak,electric,2035,winter,22,ELC,ELECT,2030,ELECD,22702.462
SUBSIDY,shungnak,electric,2035,winter,22,HYD,GHYD_01,2030,ELC,1011.7784
SUBSIDY,shungnak,electric,2035,winter,22,WND,GWND_01,2030,ELC,6048.0403
SUBSIDY,shungnak,electric,2035,winter,22,WND,GWND_01,2035,ELC,6048.0403
SUBSIDY,shungnak,electric,2035,winter,23,ELC,EBATT_01,2035,ELC,8054.589
SUBSIDY,shungnak,electric,2035,winter,23,ELC,ELECT,2030,ELECD,20505.449
SUBSIDY,shungnak,electric,2035,winter,23,HYD,GHYD_01,2030,ELC,1011.7784
SUBSIDY,shungnak,electric,2035,winter,23,WND,GWND_01,2030,ELC,5719.5408
SUBSIDY,shungnak,electric,2035,winter,23,WND,GWND_01,2035,ELC,5719.5408
SUBSIDY,shungnak,electric,2035,winter,3,ELC,EBATT_01,2025,ELC,8479.2997
SUBSIDY,shungnak,electric,2035,winter,3,ELC,ELECT,2030,ELECD,19773.112
SUBSIDY,shungnak,electric,2035,winter,3,HYD,GHYD_01,2030,ELC,1011.7784
SUBSIDY,shungnak,electric,2035,winter,3,WND,GWND_01,2030,ELC,5141.0168
SUBSIDY,shungnak,electric,2035,winter,3,WND,GWND_01,2035,ELC,5141.0168
SUBSIDY,shungnak,electric,2035,winter,4,ELC,EBATT_01,2025,ELC,7947.7119
SUBSIDY,shungnak,electric,2035,winter,4,ELC,ELECT,2030,ELECD,19040.774
SUBSIDY,shungnak,electric,2035,winter,4,HYD,GHYD_01,2030,ELC,1011.7784
SUBSIDY,shungnak,electric,2035,winter,4,WND,GWND_01,2030,ELC,5040.6419
SUBSIDY,shungnak,electric,2035,winter,4,WND,GWND_01,2035,ELC,5040.6419
SUBSIDY,shungnak,electric,2035,winter,5,ELC,EBATT_01,2025,ELC,7904.4966
SUBSIDY,shungnak,electric,2035,winter,5,ELC,ELECT,2030,ELECD,19223.859
SUBSIDY,shungnak,electric,2035,winter,5,HYD,GHYD_01,2030,ELC,1011.7784
SUBSIDY,shungnak,electric,2035,winter,5,WND,GWND_01,2030,ELC,5153.7918
SUBSIDY,shungnak,electric,2035,winter,5,WND,GWND_01,2035,ELC,5153.7918
SUBSIDY,shungnak,electric,2035,winter,6,ELC,EBATT_01,2025,ELC,8190.3655
SUBSIDY,shungnak,electric,2035,winter,6,ELC,ELECT,2030,ELECD,19590.027
SUBSIDY,shungnak,electric,2035,winter,6,HYD,GHYD_01,2030,ELC,1011.7784
SUBSIDY,shungnak,electric,2035,winter,6,WND,GWND_01,2030,ELC,5193.9417
SUBSIDY,shungnak,electric,2035,winter,6,WND,GWND_01,2035,ELC,5193.9417
SUBSIDY,shungnak,electric,2035,winter,7,ELC,EBATT_01,2025,ELC,7703.747
SUBSIDY,shungnak,electric,2035,winter,7,ELC,ELECT,2030,ELECD,19223.859
SUBSIDY,shungnak,electric,2035,winter,7,HYD,GHYD_01,2030,ELC,1011.7784
SUBSIDY,shungnak,electric,2035,winter,7,WND,GWND_01,2030,ELC,5254.1666
SUBSIDY,shungnak,electric,2035,winter,7,WND,GWND_01,2035,ELC,5254.1666
SUBSIDY,shungnak,electric,2035,winter,8,ELC,EBATT_01,2025,ELC,5431.0348
SUBSIDY,shungnak,electric,2035,winter,8,ELC,EBATT_01,2035,ELC,3924.7061
SUBSIDY,shungnak,electric,2035,winter,8,ELC,ELECT,2030,ELECD,21054.702
SUBSIDY,shungnak,electric,2035,winter,8,HYD,GHYD_01,2030,ELC,1011.7784
SUBSIDY,shungnak,electric,2035,winter,8,WND,GWND_01,2030,ELC,5343.5915
SUBSIDY,shungnak,electric,2035,winter,8,WND,GWND_01,2035,ELC,5343.5915
SUBSIDY,shungnak,electric,2035,winter,9,ELC,EBATT_01,2030,ELC,12474.164
SUBSIDY,shungnak,electric,2035,winter,9,ELC,ELECT,2030,ELECD,24899.474
SUBSIDY,shungnak,electric,2035,winter,9,HYD,GHYD_01,2030,ELC,1011.7784
SUBSIDY,shungnak,electric,2035,winter,9,WND,GWND_01,2030,ELC,5706.7659
SUBSIDY,shungnak,electric,2035,winter,9,WND,GWND_01,2035,ELC,5706.7659
SUBSIDY,shungnak,electric,2040,fall,0,ELC,ELECT,2035,ELECD,16163.575
SUBSIDY,shungnak,electric,2040,fall,0,HYD,GHYD_01,2030,ELC,6057.5303
SUBSIDY,shungnak,electric,2040,fall,0,WND,GWND_01,2030,ELC,5398.3414
SUBSIDY,shungnak,electric,2040,fall,0,WND,GWND_01,2035,ELC,5398.3414
SUBSIDY,shungnak,electric,2040,fall,0,WND,GWND_01,2040,ELC,1541.7788
SUBSIDY,shungnak,electric,2040,fall,1,ELC,ELECT,2030,ELECD,16548.422
SUBSIDY,shungnak,electric,2040,fall,1,HYD,GHYD_01,2030,ELC,6057.5303
SUBSIDY,shungnak,electric,2040,fall,1,WND,GWND_01,2030,ELC,5522.4412
SUBSIDY,shungnak,electric,2040,fall,1,WND,GWND_01,2035,ELC,5522.4412
SUBSIDY,shungnak,electric,2040,fall,1,WND,GWND_01,2040,ELC,1577.2219
SUBSIDY,shungnak,electric,2040,fall,10,ELC,EBATT_01,2035,ELC,1472.7944
SUBSIDY,shungnak,electric,2040,fall,10,ELC,ELECT,2030,ELECD,23860.515
SUBSIDY,shungnak,electric,2040,fall,10,HYD,GHYD_01,2030,ELC,6057.5303
SUBSIDY,shungnak,electric,2040,fall,10,SOL,GSOL_01,2025,ELC,1337.888
SUBSIDY,shungnak,electric,2040,fall,10,SOL,GSOL_01,2030,ELC,1795.3409
SUBSIDY,shungnak,electric,2040,fall,10,SOL,GSOL_01,2035,ELC,1221.3961
SUBSIDY,shungnak,electric,2040,fall,10,WND,GWND_01,2030,ELC,5239.5666
SUBSIDY,shungnak,electric,2040,fall,10,WND,GWND_01,2035,ELC,5239.5666
SUBSIDY,shungnak,electric,2040,fall,10,WND,GWND_01,2040,ELC,1496.4323
SUBSIDY,shungnak,electric,2040,fall,11,ELC,ELECT,2030,ELECD,25592.327
SUBSIDY,shungnak,electric,2040,fall,11,HYD,GHYD_01,2030,ELC,6057.5303
SUBSIDY,shungnak,electric,2040,fall,11,SOL,GSOL_01,2025,ELC,2424.1783
SUBSIDY,shungnak,electric,2040,fall,11,SOL,GSOL_01,2030,ELC,3253.0573
SUBSIDY,shungnak,electric,2040,fall,11,SOL,GSOL_01,2035,ELC,2213.1014
SUBSIDY,shungnak,electric,2040,fall,11,WND,GWND_01,2030,ELC,5190.2917
SUBSIDY,shungnak,electric,2040,fall,11,WND,GWND_01,2035,ELC,5190.2917
SUBSIDY,shungnak,electric,2040,fall,11,WND,GWND_01,2040,ELC,1482.3593
SUBSIDY,shungnak,electric,2040,fall,12,ELC,ELECT,2035,ELECD,23668.092
SUBSIDY,shungnak,electric,2040,fall,12,HYD,GHYD_01,2030,ELC,6057.5303
SUBSIDY,shungnak,electric,2040,fall,12,SOL,GSOL_01,2025,ELC,2991.9732
SUBSIDY,shungnak,electric,2040,fall,12,SOL,GSOL_01,2030,ELC,4014.9936
SUBSIDY,shungnak,electric,2040,fall,12,SOL,GSOL_01,2035,ELC,2731.4576
SUBSIDY,shungnak,electric,2040,fall,12,WND,GWND_01,2030,ELC,5217.6667
SUBSIDY,shungnak,electric,2040,fall,12,WND,GWND_01,2035,ELC,5217.6667
SUBSIDY,shungnak,electric,2040,fall,12,WND,GWND_01,2040,ELC,1490.1776
SUBSIDY,shungnak,electric,2040,fall,13,ELC,ELECT,2040,ELECD,23475.668
SUBSIDY,shungnak,electric,2040,fall,13,HYD,GHYD_01,2030,ELC,6057.5303
SUBSIDY,shungnak,electric,2040,fall,13,SOL,GSOL_01,2025,ELC,3292.8705
SUBSIDY,shungnak,electric,2040,fall,13,SOL,GSOL_01,2030,ELC,4418.7742
SUBSIDY,shungnak,electric,2040,fall,13,SOL,GSOL_01,2035,ELC,3006.1553
SUBSIDY,shungnak,electric,2040,fall,13,WND,GWND_01,2030,ELC,5188.4667
SUBSIDY,shungnak,electric,2040,fall,13,WND,GWND_01,2035,ELC,5188.4667
SUBSIDY,shungnak,electric,2040,fall,13,WND,GWND_01,2040,ELC,1481.8381
SUBSIDY,shungnak,electric,2040,fall,14,ELC,ELECT,2035,ELECD,24245.362
SUBSIDY,shungnak,electric,2040,fall,14,HYD,GHYD_01,2030,ELC,6057.5303
SUBSIDY,shungnak,electric,2040,fall,14,SOL,GSOL_01,2025,ELC,3109.2722
SUBSIDY,shungnak,electric,2040,fall,14,SOL,GSOL_01,2030,ELC,4172.3996
SUBSIDY,shungnak,electric,2040,fall,14,SOL,GSOL_01,2035,ELC,2838.5431
SUBSIDY,shungnak,electric,2040,fall,14,WND,GWND_01,2030,ELC,5259.6416
SUBSIDY,shungnak,electric,2040,fall,14,WND,GWND_01,2035,ELC,5259.6416
SUBSIDY,shungnak,electric,2040,fall,14,WND,GWND_01,2040,ELC,1502.1658
SUBSIDY,shungnak,electric,2040,fall,15,ELC,ELECT,2035,ELECD,20396.892
SUBSIDY,shungnak,electric,2040,fall,15,HYD,GHYD_01,2030,ELC,6057.5303
SUBSIDY,shungnak,electric,2040,fall,15,SOL,GSOL_01,2025,ELC,2594.1768
SUBSIDY,shungnak,electric,2040,fall,15,SOL,GSOL_01,2030,ELC,3481.1819
SUBSIDY,shungnak,electric,2040,fall,15,SOL,GSOL_01,2035,ELC,2368.2979
SUBSIDY,shungnak,electric,2040,fall,15,WND,GWND_01,2030,ELC,5137.3668
SUBSIDY,shungnak,electric,2040,fall,15,WND,GWND_01,2035,ELC,5137.3668
SUBSIDY,shungnak,electric,2040,fall,15,WND,GWND_01,2040,ELC,1467.2438
SUBSIDY,shungnak,electric,2040,fall,16,ELC,ELECT,2030,ELECD,23668.092
SUBSIDY,shungnak,electric,2040,fall,16,HYD,GHYD_01,2030,ELC,6057.5303
SUBSIDY,shungnak,electric,2040,fall,16,SOL,GSOL_01,2025,ELC,1790.084
SUBSIDY,shungnak,electric,2040,fall,16,SOL,GSOL_01,2030,ELC,2402.1524
SUBSIDY,shungnak,electric,2040,fall,16,SOL,GSOL_01,2035,ELC,1634.2187
SUBSIDY,shungnak,electric,2040,fall,16,WND,GWND_01,2030,ELC,5423.8913
SUBSIDY,shungnak,electric,2040,fall,16,WND,GWND_01,2035,ELC,5423.8913
SUBSIDY,shungnak,electric,2040,fall,16,WND,GWND_01,2040,ELC,1549.0759
SUBSIDY,shungnak,electric,2040,fall,17,ELC,EBATT_01,2035,ELC,1969.1676
SUBSIDY,shungnak,electric,2040,fall,17,ELC,ELECT,2030,ELECD,23475.668
SUBSIDY,shungnak,electric,2040,fall,17,HYD,GHYD_01,2030,ELC,6057.5303
SUBSIDY,shungnak,electric,2040,fall,17,SOL,GSOL_01,2025,ELC,904.3919
SUBSIDY,shungnak,electric,2040,fall,17,SOL,GSOL_01,2030,ELC,1213.6231
SUBSIDY,shungnak,electric,2040,fall,17,SOL,GSOL_01,2035,ELC,825.64514
SUBSIDY,shungnak,electric,2040,fall,17,WND,GWND_01,2030,ELC,5471.3412
SUBSIDY,shungnak,electric,2040,fall,17,WND,GWND_01,2035,ELC,5471.3412
SUBSIDY,shungnak,electric,2040,fall,17,WND,GWND_01,2040,ELC,1562.6277
SUBSIDY,shungnak,electric,2040,fall,18,ELC,EBATT_01,2035,ELC,3135.9821
SUBSIDY,shungnak,electric,2040,fall,18,ELC,ELECT,2040,ELECD,22128.704
SUBSIDY,shungnak,electric,2040,fall,18,HYD,GHYD_01,2030,ELC,6057.5303
SUBSIDY,shungnak,electric,2040,fall,18,SOL,GSOL_01,2025,ELC,317.89715
SUBSIDY,shungnak,electric,2040,fall,18,SOL,GSOL_01,2030,ELC,426.59307
SUBSIDY,shungnak,electric,2040,fall,18,SOL,GSOL_01,2035,ELC,290.21737
SUBSIDY,shungnak,electric,2040,fall,18,WND,GWND_01,2030,ELC,5206.7167
SUBSIDY,shungnak,electric,2040,fall,18,WND,GWND_01,2035,ELC,5206.7167
SUBSIDY,shungnak,electric,2040,fall,18,WND,GWND_01,2040,ELC,1487.0503
SUBSIDY,shungnak,electric,2040,fall,19,ELC,ELECT,2035,ELECD,17318.116
SUBSIDY,shungnak,electric,2040,fall,19,HYD,GHYD_01,2030,ELC,6057.5303
SUBSIDY,shungnak,electric,2040,fall,19,SOL,GSOL_01,2025,ELC,78.1993
SUBSIDY,shungnak,electric,2040,fall,19,SOL,GSOL_01,2030,ELC,104.93733
SUBSIDY,shungnak,electric,2040,fall,19,SOL,GSOL_01,2035,ELC,71.390369
SUBSIDY,shungnak,electric,2040,fall,19,WND,GWND_01,2030,ELC,5146.4918
SUBSIDY,shungnak,electric,2040,fall,19,WND,GWND_01,2035,ELC,5146.4918
SUBSIDY,shungnak,electric,2040,fall,19,WND,GWND_01,2040,ELC,1469.8499
SUBSIDY,shungnak,electric,2040,fall,2,ELC,ELECT,2030,ELECD,15971.151
SUBSIDY,shungnak,electric,2040,fall,2,HYD,GHYD_01,2030,ELC,6057.5303
SUBSIDY,shungnak,electric,2040,fall,2,WND,GWND_01,2030,ELC,5560.7661
SUBSIDY,shungnak,electric,2040,fall,2,WND,GWND_01,2035,ELC,5560.7661
SUBSIDY,shungnak,electric,2040,fall,2,WND,GWND_01,2040,ELC,1588.1676
SUBSIDY,shungnak,electric,2040,fall,20,ELC,EBATT_01,2030,ELC,4145.7477
SUBSIDY,shungnak,electric,2040,fall,20,ELC,ELECT,2035,ELECD,22128.704
SUBSIDY,shungnak,electric,2040,fall,20,HYD,GHYD_01,2030,ELC,6057.5303
SUBSIDY,shungnak,electric,2040,fall,20,SOL,GSOL_01,2025,ELC,5.0999543
SUBSIDY,shungnak,electric,2040,fall,20,SOL,GSOL_01,2030,ELC,6.843739
SUBSIDY,shungnak,electric,2040,fall,20,SOL,GSOL_01,2035,ELC,4.6558936
SUBSIDY,shungnak,electric,2040,fall,20,WND,GWND_01,2030,ELC,5210.3667
SUBSIDY,shungnak,electric,2040,fall,20,WND,GWND_01,2035,ELC,5210.3667
SUBSIDY,shungnak,electric,2040,fall,20,WND,GWND_01,2040,ELC,1488.0927
SUBSIDY,shungnak,electric,2040,fall,21,ELC,EBATT_01,2030,ELC,2358.3118
SUBSIDY,shungnak,electric,2040,fall,21,ELC,EBATT_01,2035,ELC,1363.3201
SUBSIDY,shungnak,electric,2040,fall,21,ELC,ELECT,2035,ELECD,21166.586
SUBSIDY,shungnak,electric,2040,fall,21,HYD,GHYD_01,2030,ELC,6057.5303
SUBSIDY,shungnak,electric,2040,fall,21,WND,GWND_01,2030,ELC,4982.242
SUBSIDY,shungnak,electric,2040,fall,21,WND,GWND_01,2035,ELC,4982.242
SUBSIDY,shungnak,electric,2040,fall,21,WND,GWND_01,2040,ELC,1422.9398
SUBSIDY,shungnak,electric,2040,fall,22,ELC,EBATT_01,2030,ELC,1443.9383
SUBSIDY,shungnak,electric,2040,fall,22,ELC,ELECT,2040,ELECD,19627.198
SUBSIDY,shungnak,electric,2040,fall,22,HYD,GHYD_01,2030,ELC,6057.5303
SUBSIDY,shungnak,electric,2040,fall,22,WND,GWND_01,2030,ELC,5305.2665
SUBSIDY,shungnak,electric,2040,fall,22,WND,GWND_01,2035,ELC,5305.2665
SUBSIDY,shungnak,electric,2040,fall,22,WND,GWND_01,2040,ELC,1515.1964
SUBSIDY,shungnak,electric,2040,fall,23,ELC,EBATT_01,2035,ELC,330.56194
SUBSIDY,shungnak,electric,2040,fall,23,ELC,ELECT,2040,ELECD,18280.233
SUBSIDY,shungnak,electric,2040,fall,23,HYD,GHYD_01,2030,ELC,6057.5303
SUBSIDY,shungnak,electric,2040,fall,23,WND,GWND_01,2030,ELC,5203.0667
SUBSIDY,shungnak,electric,2040,fall,23,WND,GWND_01,2035,ELC,5203.0667
SUBSIDY,shungnak,electric,2040,fall,23,WND,GWND_01,2040,ELC,1486.0079
SUBSIDY,shungnak,electric,2040,fall,3,ELC,ELECT,2035,ELECD,15778.728
SUBSIDY,shungnak,electric,2040,fall,3,HYD,GHYD_01,2030,ELC,6057.5303
SUBSIDY,shungnak,electric,2040,fall,3,WND,GWND_01,2030,ELC,5485.9412
SUBSIDY,shungnak,electric,2040,fall,3,WND,GWND_01,2035,ELC,5485.9412
SUBSIDY,shungnak,electric,2040,fall,3,WND,GWND_01,2040,ELC,1566.7975
SUBSIDY,shungnak,electric,2040,fall,4,ELC,ELECT,2035,ELECD,15393.881
SUBSIDY,shungnak,electric,2040,fall,4,HYD,GHYD_01,2030,ELC,6057.5303
SUBSIDY,shungnak,electric,2040,fall,4,WND,GWND_01,2030,ELC,5330.8165
SUBSIDY,shungnak,electric,2040,fall,4,WND,GWND_01,2035,ELC,5330.8165
SUBSIDY,shungnak,electric,2040,fall,4,WND,GWND_01,2040,ELC,1522.4935
SUBSIDY,shungnak,electric,2040,fall,5,ELC,ELECT,2035,ELECD,15778.728
SUBSIDY,shungnak,electric,2040,fall,5,HYD,GHYD_01,2030,ELC,6057.5303
SUBSIDY,shungnak,electric,2040,fall,5,WND,GWND_01,2030,ELC,5516.9662
SUBSIDY,shungnak,electric,2040,fall,5,WND,GWND_01,2035,ELC,5516.9662
SUBSIDY,shungnak,electric,2040,fall,5,WND,GWND_01,2040,ELC,1575.6583
SUBSIDY,shungnak,electric,2040,fall,6,ELC,ELECT,2035,ELECD,16933.269
SUBSIDY,shungnak,electric,2040,fall,6,HYD,GHYD_01,2030,ELC,6057.5303
SUBSIDY,shungnak,electric,2040,fall,6,WND,GWND_01,2030,ELC,5418.4163
SUBSIDY,shungnak,electric,2040,fall,6,WND,GWND_01,2035,ELC,5418.4163
SUBSIDY,shungnak,electric,2040,fall,6,WND,GWND_01,2040,ELC,1547.5122
SUBSIDY,shungnak,electric,2040,fall,7,ELC,ELECT,2035,ELECD,18472.657
SUBSIDY,shungnak,electric,2040,fall,7,HYD,GHYD_01,2030,ELC,6057.5303
SUBSIDY,shungnak,electric,2040,fall,7,SOL,GSOL_01,2025,ELC,30.599726
SUBSIDY,shungnak,electric,2040,fall,7,SOL,GSOL_01,2030,ELC,41.062434
SUBSIDY,shungnak,electric,2040,fall,7,SOL,GSOL_01,2035,ELC,27.935362
SUBSIDY,shungnak,electric,2040,fall,7,WND,GWND_01,2030,ELC,5401.9914
SUBSIDY,shungnak,electric,2040,fall,7,WND,GWND_01,2035,ELC,5401.9914
SUBSIDY,shungnak,electric,2040,fall,7,WND,GWND_01,2040,ELC,1542.8212
SUBSIDY,shungnak,electric,2040,fall,8,ELC,EBATT_01,2035,ELC,4034.0235
SUBSIDY,shungnak,electric,2040,fall,8,ELC,ELECT,2035,ELECD,23668.092
SUBSIDY,shungnak,electric,2040,fall,8,HYD,GHYD_01,2030,ELC,6057.5303
SUBSIDY,shungnak,electric,2040,fall,8,SOL,GSOL_01,2025,ELC,295.79735
SUBSIDY,shungnak,electric,2040,fall,8,SOL,GSOL_01,2030,ELC,396.93686
SUBSIDY,shungnak,electric,2040,fall,8,SOL,GSOL_01,2035,ELC,270.04183
SUBSIDY,shungnak,electric,2040,fall,8,WND,GWND_01,2030,ELC,5518.7912
SUBSIDY,shungnak,electric,2040,fall,8,WND,GWND_01,2035,ELC,5518.7912
SUBSIDY,shungnak,electric,2040,fall,8,WND,GWND_01,2040,ELC,1576.1795
SUBSIDY,shungnak,electric,2040,fall,9,ELC,EBATT_01,2035,ELC,2898.6635
SUBSIDY,shungnak,electric,2040,fall,9,ELC,EBATT_01,2040,ELC,520.83932
SUBSIDY,shungnak,electric,2040,fall,9,ELC,ELECT,2035,ELECD,23668.092
SUBSIDY,shungnak,electric,2040,fall,9,HYD,GHYD_01,2030,ELC,6057.5303
SUBSIDY,shungnak,electric,2040,fall,9,SOL,GSOL_01,2025,ELC,630.69435
SUBSIDY,shungnak,electric,2040,fall,9,SOL,GSOL_01,2030,ELC,846.3424
SUBSIDY,shungnak,electric,2040,fall,9,SOL,GSOL_01,2035,ELC,575.77884
SUBSIDY,shungnak,electric,2040,fall,9,WND,GWND_01,2030,ELC,5310.7415
SUBSIDY,shungnak,electric,2040,fall,9,WND,GWND_01,2035,ELC,5310.7415
SUBSIDY,shungnak,electric,2040,fall,9,WND,GWND_01,2040,ELC,1516.76
SUBSIDY,shungnak,electric,2040,spring,0,ELC,EBATT_01,2030,ELC,1059.2776
SUBSIDY,shungnak,electric,2040,spring,0,ELC,EBATT_01,2035,ELC,651.52333
SUBSIDY,shungnak,electric,2040,spring,0,ELC,ELECT,2040,ELECD,17510.539
SUBSIDY,shungnak,electric,2040,spring,0,HYD,GHYD_01,2030,ELC,4270.4932
SUBSIDY,shungnak,electric,2040,spring,0,WND,GWND_01,2030,ELC,5044.2919
SUBSIDY,shungnak,electric,2040,spring,0,WND,GWND_01,2035,ELC,5044.2919
SUBSIDY,shungnak,electric,2040,spring,0,WND,GWND_01,2040,ELC,1440.6614
SUBSIDY,shungnak,electric,2040,spring,1,ELC,EBATT_01,2035,ELC,1752.5131
SUBSIDY,shungnak,electric,2040,spring,1,ELC,ELECT,2040,ELECD,17510.539
SUBSIDY,shungnak,electric,2040,spring,1,HYD,GHYD_01,2030,ELC,4270.4932
SUBSIDY,shungnak,electric,2040,spring,1,WND,GWND_01,2030,ELC,5026.042
SUBSIDY,shungnak,electric,2040,spring,1,WND,GWND_01,2035,ELC,5026.042
SUBSIDY,shungnak,electric,2040,spring,1,WND,GWND_01,2040,ELC,1435.4492
SUBSIDY,shungnak,electric,2040,spring,10,ELC,ELECT,2040,ELECD,25592.327
SUBSIDY,shungnak,electric,2040,spring,10,HYD,GHYD_01,2030,ELC,4270.4932
SUBSIDY,shungnak,electric,2040,spring,10,SOL,GSOL_01,2025,ELC,6034.946
SUBSIDY,shungnak,electric,2040,spring,10,SOL,GSOL_01,2030,ELC,2370.9909
SUBSIDY,shungnak,electric,2040,spring,10,SOL,GSOL_01,2035,ELC,5509.4741
SUBSIDY,shungnak,electric,2040,spring,10,WND,GWND_01,2030,ELC,5004.142
SUBSIDY,shungnak,electric,2040,spring,10,WND,GWND_01,2035,ELC,5004.142
SUBSIDY,shungnak,electric,2040,spring,10,WND,GWND_01,2040,ELC,1429.1945
SUBSIDY,shungnak,electric,2040,spring,11,ELC,ELECT,2035,ELECD,26169.597
SUBSIDY,shungnak,electric,2040,spring,11,HYD,GHYD_01,2030,ELC,4270.4932
SUBSIDY,shungnak,electric,2040,spring,11,SOL,GSOL_01,2025,ELC,7507.1328
SUBSIDY,shungnak,electric,2040,spring,11,SOL,GSOL_01,2030,ELC,10073.984
SUBSIDY,shungnak,electric,2040,spring,11,WND,GWND_01,2030,ELC,4730.3924
SUBSIDY,shungnak,electric,2040,spring,11,WND,GWND_01,2035,ELC,4730.3924
SUBSIDY,shungnak,electric,2040,spring,11,WND,GWND_01,2040,ELC,1351.011
SUBSIDY,shungnak,electric,2040,spring,12,ELC,ELECT,2035,ELECD,24822.633
SUBSIDY,shungnak,electric,2040,spring,12,HYD,GHYD_01,2030,ELC,4270.4932
SUBSIDY,shungnak,electric,2040,spring,12,SOL,GSOL_01,2025,ELC,8202.4266
SUBSIDY,shungnak,electric,2040,spring,12,SOL,GSOL_01,2030,ELC,11007.014
SUBSIDY,shungnak,electric,2040,spring,12,SOL,GSOL_01,2035,ELC,7488.2289
SUBSIDY,shungnak,electric,2040,spring,12,WND,GWND_01,2030,ELC,4449.3429
SUBSIDY,shungnak,electric,2040,spring,12,WND,GWND_01,2035,ELC,4449.3429
SUBSIDY,shungnak,electric,2040,spring,12,WND,GWND_01,2040,ELC,1270.7426
SUBSIDY,shungnak,electric,2040,spring,13,ELC,ELECT,2040,ELECD,23860.515
SUBSIDY,shungnak,electric,2040,spring,13,HYD,GHYD_01,2030,ELC,4270.4932
SUBSIDY,shungnak,electric,2040,spring,13,SOL,GSOL_01,2025,ELC,8622.3228
SUBSIDY,shungnak,electric,2040,spring,13,SOL,GSOL_01,2030,ELC,11570.481
SUBSIDY,shungnak,electric,2040,spring,13,SOL,GSOL_01,2035,ELC,7871.5641
SUBSIDY,shungnak,electric,2040,spring,13,WND,GWND_01,2030,ELC,3900.0188
SUBSIDY,shungnak,electric,2040,spring,13,WND,GWND_01,2035,ELC,3900.0188
SUBSIDY,shungnak,electric,2040,spring,13,WND,GWND_01,2040,ELC,1113.8544
SUBSIDY,shungnak,electric,2040,spring,14,ELC,ELECT,2030,ELECD,24245.362
SUBSIDY,shungnak,electric,2040,spring,14,HYD,GHYD_01,2030,ELC,4270.4932
SUBSIDY,shungnak,electric,2040,spring,14,SOL,GSOL_01,2025,ELC,8588.3231
SUBSIDY,shungnak,electric,2040,spring,14,SOL,GSOL_01,2030,ELC,11524.857
SUBSIDY,shungnak,electric,2040,spring,14,SOL,GSOL_01,2035,ELC,7840.5249
SUBSIDY,shungnak,electric,2040,spring,14,WND,GWND_01,2030,ELC,3611.6692
SUBSIDY,shungnak,electric,2040,spring,14,WND,GWND_01,2035,ELC,3611.6692
SUBSIDY,shungnak,electric,2040,spring,14,WND,GWND_01,2040,ELC,1031.5011
SUBSIDY,shungnak,electric,2040,spring,15,ELC,ELECT,2040,ELECD,24052.939
SUBSIDY,shungnak,electric,2040,spring,15,HYD,GHYD_01,2030,ELC,4270.4932
SUBSIDY,shungnak,electric,2040,spring,15,SOL,GSOL_01,2025,ELC,8088.5276
SUBSIDY,shungnak,electric,2040,spring,15,SOL,GSOL_01,2030,ELC,10854.17
SUBSIDY,shungnak,electric,2040,spring,15,SOL,GSOL_01,2035,ELC,7384.2473
SUBSIDY,shungnak,electric,2040,spring,15,WND,GWND_01,2030,ELC,3691.9691
SUBSIDY,shungnak,electric,2040,spring,15,WND,GWND_01,2035,ELC,3691.9691
SUBSIDY,shungnak,electric,2040,spring,15,WND,GWND_01,2040,ELC,1054.4349
SUBSIDY,shungnak,electric,2040,spring,16,ELC,ELECT,2040,ELECD,25207.48
SUBSIDY,shungnak,electric,2040,spring,16,HYD,GHYD_01,2030,ELC,4270.4932
SUBSIDY,shungnak,electric,2040,spring,16,SOL,GSOL_01,2025,ELC,7024.3371
SUBSIDY,shungnak,electric,2040,spring,16,SOL,GSOL_01,2030,ELC,9426.1099
SUBSIDY,shungnak,electric,2040,spring,16,SOL,GSOL_01,2035,ELC,6412.7175
SUBSIDY,shungnak,electric,2040,spring,16,WND,GWND_01,2030,ELC,3989.4436
SUBSIDY,shungnak,electric,2040,spring,16,WND,GWND_01,2035,ELC,3989.4436
SUBSIDY,shungnak,electric,2040,spring,16,WND,GWND_01,2040,ELC,1139.3943
SUBSIDY,shungnak,electric,2040,spring,17,ELC,ELECT,2030,ELECD,25207.48
SUBSIDY,shungnak,electric,2040,spring,17,HYD,GHYD_01,2030,ELC,4270.4932
SUBSIDY,shungnak,electric,2040,spring,17,SOL,GSOL_01,2025,ELC,5234.2531
SUBSIDY,shungnak,electric,2040,spring,17,SOL,GSOL_01,2030,ELC,7023.9575
SUBSIDY,shungnak,electric,2040,spring,17,SOL,GSOL_01,2035,ELC,4778.4988
SUBSIDY,shungnak,electric,2040,spring,17,WND,GWND_01,2030,ELC,4044.1935
SUBSIDY,shungnak,electric,2040,spring,17,WND,GWND_01,2035,ELC,4044.1935
SUBSIDY,shungnak,electric,2040,spring,17,WND,GWND_01,2040,ELC,1155.031
SUBSIDY,shungnak,electric,2040,spring,18,ELC,ELECT,2035,ELECD,23860.515
SUBSIDY,shungnak,electric,2040,spring,18,HYD,GHYD_01,2030,ELC,4270.4932
SUBSIDY,shungnak,electric,2040,spring,18,SOL,GSOL_01,2025,ELC,3172.1716
SUBSIDY,shungnak,electric,2040,spring,18,SOL,GSOL_01,2030,ELC,4256.8057
SUBSIDY,shungnak,electric,2040,spring,18,SOL,GSOL_01,2035,ELC,2895.9658
SUBSIDY,shungnak,electric,2040,spring,18,WND,GWND_01,2030,ELC,4168.2933
SUBSIDY,shungnak,electric,2040,spring,18,WND,GWND_01,2035,ELC,4168.2933
SUBSIDY,shungnak,electric,2040,spring,18,WND,GWND_01,2040,ELC,1190.4742
SUBSIDY,shungnak,electric,2040,spring,19,ELC,EBATT_01,2040,ELC,4516.6695
SUBSIDY,shungnak,electric,2040,spring,19,ELC,ELECT,2035,ELECD,23090.821
SUBSIDY,shungnak,electric,2040,spring,19,HYD,GHYD_01,2030,ELC,4270.4932
SUBSIDY,shungnak,electric,2040,spring,19,SOL,GSOL_01,2025,ELC,1380.3876
SUBSIDY,shungnak,electric,2040,spring,19,SOL,GSOL_01,2030,ELC,1852.372
SUBSIDY,shungnak,electric,2040,spring,19,SOL,GSOL_01,2035,ELC,1260.1952
SUBSIDY,shungnak,electric,2040,spring,19,WND,GWND_01,2030,ELC,4292.3931
SUBSIDY,shungnak,electric,2040,spring,19,WND,GWND_01,2035,ELC,4292.3931
SUBSIDY,shungnak,electric,2040,spring,19,WND,GWND_01,2040,ELC,1225.9174
SUBSIDY,shungnak,electric,2040,spring,2,ELC,EBATT_01,2035,ELC,1249.777
SUBSIDY,shungnak,electric,2040,spring,2,ELC,ELECT,2030,ELECD,16740.845
SUBSIDY,shungnak,electric,2040,spring,2,HYD,GHYD_01,2030,ELC,4270.4932
SUBSIDY,shungnak,electric,2040,spring,2,WND,GWND_01,2030,ELC,4909.2421
SUBSIDY,shungnak,electric,2040,spring,2,WND,GWND_01,2035,ELC,4909.2421
SUBSIDY,shungnak,electric,2040,spring,2,WND,GWND_01,2040,ELC,1402.0909
SUBSIDY,shungnak,electric,2040,spring,20,ELC,EBATT_01,2040,ELC,7557.522
SUBSIDY,shungnak,electric,2040,spring,20,ELC,ELECT,2040,ELECD,23860.515
SUBSIDY,shungnak,electric,2040,spring,20,HYD,GHYD_01,2030,ELC,4270.4932
SUBSIDY,shungnak,electric,2040,spring,20,SOL,GSOL_01,2025,ELC,503.19549
SUBSIDY,shungnak,electric,2040,spring,20,SOL,GSOL_01,2030,ELC,675.24892
SUBSIDY,shungnak,electric,2040,spring,20,SOL,GSOL_01,2035,ELC,459.3815
SUBSIDY,shungnak,electric,2040,spring,20,WND,GWND_01,2030,ELC,4547.8927
SUBSIDY,shungnak,electric,2040,spring,20,WND,GWND_01,2035,ELC,4547.8927
SUBSIDY,shungnak,electric,2040,spring,20,WND,GWND_01,2040,ELC,1298.8887
SUBSIDY,shungnak,electric,2040,spring,21,ELC,EBATT_01,2030,ELC,7393.2166
SUBSIDY,shungnak,electric,2040,spring,21,ELC,ELECT,2040,ELECD,22513.551
SUBSIDY,shungnak,electric,2040,spring,21,HYD,GHYD_01,2030,ELC,4270.4932
SUBSIDY,shungnak,electric,2040,spring,21,SOL,GSOL_01,2025,ELC,219.29804
SUBSIDY,shungnak,electric,2040,spring,21,SOL,GSOL_01,2030,ELC,294.28078
SUBSIDY,shungnak,electric,2040,spring,21,SOL,GSOL_01,2035,ELC,200.20343
SUBSIDY,shungnak,electric,2040,spring,21,WND,GWND_01,2030,ELC,4434.7429
SUBSIDY,shungnak,electric,2040,spring,21,WND,GWND_01,2035,ELC,4434.7429
SUBSIDY,shungnak,electric,2040,spring,21,WND,GWND_01,2040,ELC,1266.5728
SUBSIDY,shungnak,electric,2040,spring,22,ELC,EBATT_01,2035,ELC,6076.7852
SUBSIDY,shungnak,electric,2040,spring,22,ELC,ELECT,2030,ELECD,21936.28
SUBSIDY,shungnak,electric,2040,spring,22,HYD,GHYD_01,2030,ELC,4270.4932
SUBSIDY,shungnak,electric,2040,spring,22,SOL,GSOL_01,2025,ELC,84.999239
SUBSIDY,shungnak,electric,2040,spring,22,SOL,GSOL_01,2030,ELC,114.06232
SUBSIDY,shungnak,electric,2040,spring,22,SOL,GSOL_01,2035,ELC,77.598227
SUBSIDY,shungnak,electric,2040,spring,22,WND,GWND_01,2030,ELC,4949.3921
SUBSIDY,shungnak,electric,2040,spring,22,WND,GWND_01,2035,ELC,4949.3921
SUBSIDY,shungnak,electric,2040,spring,22,WND,GWND_01,2040,ELC,1413.5578
SUBSIDY,shungnak,electric,2040,spring,23,ELC,EBATT_01,2035,ELC,4540.3744
SUBSIDY,shungnak,electric,2040,spring,23,ELC,ELECT,2035,ELECD,20396.892
SUBSIDY,shungnak,electric,2040,spring,23,HYD,GHYD_01,2030,ELC,4270.4932
SUBSIDY,shungnak,electric,2040,spring,23,SOL,GSOL_01,2025,ELC,13.599878
SUBSIDY,shungnak,electric,2040,spring,23,SOL,GSOL_01,2030,ELC,18.249971
SUBSIDY,shungnak,electric,2040,spring,23,SOL,GSOL_01,2035,ELC,12.415716
SUBSIDY,shungnak,electric,2040,spring,23,WND,GWND_01,2030,ELC,5049.7669
SUBSIDY,shungnak,electric,2040,spring,23,WND,GWND_01,2035,ELC,5049.7669
SUBSIDY,shungnak,electric,2040,spring,23,WND,GWND_01,2040,ELC,1442.2251
SUBSIDY,shungnak,electric,2040,spring,3,ELC,EBATT_01,2035,ELC,690.83388
SUBSIDY,shungnak,electric,2040,spring,3,ELC,ELECT,2040,ELECD,16740.845
SUBSIDY,shungnak,electric,2040,spring,3,HYD,GHYD_01,2030,ELC,4270.4932
SUBSIDY,shungnak,electric,2040,spring,3,WND,GWND_01,2030,ELC,5153.7918
SUBSIDY,shungnak,electric,2040,spring,3,WND,GWND_01,2035,ELC,5153.7918
SUBSIDY,shungnak,electric,2040,spring,3,WND,GWND_01,2040,ELC,1471.9348
SUBSIDY,shungnak,electric,2040,spring,4,ELC,EBATT_01,2035,ELC,237.0598
SUBSIDY,shungnak,electric,2040,spring,4,ELC,ELECT,2030,ELECD,16933.269
SUBSIDY,shungnak,electric,2040,spring,4,HYD,GHYD_01,2030,ELC,4270.4932
SUBSIDY,shungnak,electric,2040,spring,4,SOL,GSOL_01,2025,ELC,20.399817
SUBSIDY,shungnak,electric,2040,spring,4,SOL,GSOL_01,2030,ELC,27.374956
SUBSIDY,shungnak,electric,2040,spring,4,SOL,GSOL_01,2035,ELC,18.623574
SUBSIDY,shungnak,electric,2040,spring,4,WND,GWND_01,2030,ELC,5407.4663
SUBSIDY,shungnak,electric,2040,spring,4,WND,GWND_01,2035,ELC,5407.4663
SUBSIDY,shungnak,electric,2040,spring,4,WND,GWND_01,2040,ELC,1544.3849
SUBSIDY,shungnak,electric,2040,spring,5,ELC,ELECT,2040,ELECD,17318.116
SUBSIDY,shungnak,electric,2040,spring,5,HYD,GHYD_01,2030,ELC,4270.4932
SUBSIDY,shungnak,electric,2040,spring,5,SOL,GSOL_01,2025,ELC,90.099193
SUBSIDY,shungnak,electric,2040,spring,5,SOL,GSOL_01,2030,ELC,120.90606
SUBSIDY,shungnak,electric,2040,spring,5,WND,GWND_01,2030,ELC,5577.4114
SUBSIDY,shungnak,electric,2040,spring,5,WND,GWND_01,2035,ELC,5646.541
SUBSIDY,shungnak,electric,2040,spring,5,WND,GWND_01,2040,ELC,1612.6651
SUBSIDY,shungnak,electric,2040,spring,6,ELC,ELECT,2040,ELECD,17702.963
SUBSIDY,shungnak,electric,2040,spring,6,HYD,GHYD_01,2030,ELC,4270.4932
SUBSIDY,shungnak,electric,2040,spring,6,SOL,GSOL_01,2025,ELC,302.59729
SUBSIDY,shungnak,electric,2040,spring,6,SOL,GSOL_01,2030,ELC,406.06185
SUBSIDY,shungnak,electric,2040,spring,6,SOL,GSOL_01,2035,ELC,276.24969
SUBSIDY,shungnak,electric,2040,spring,6,WND,GWND_01,2030,ELC,5701.2909
SUBSIDY,shungnak,electric,2040,spring,6,WND,GWND_01,2035,ELC,5117.9682
SUBSIDY,shungnak,electric,2040,spring,6,WND,GWND_01,2040,ELC,1628.3018
SUBSIDY,shungnak,electric,2040,spring,7,ELC,ELECT,2030,ELECD,19434.775
SUBSIDY,shungnak,electric,2040,spring,7,HYD,GHYD_01,2030,ELC,4270.4932
SUBSIDY,shungnak,electric,2040,spring,7,SOL,GSOL_01,2025,ELC,972.39129
SUBSIDY,shungnak,electric,2040,spring,7,SOL,GSOL_01,2030,ELC,1304.8729
SUBSIDY,shungnak,electric,2040,spring,7,SOL,GSOL_01,2035,ELC,887.72372
SUBSIDY,shungnak,electric,2040,spring,7,WND,GWND_01,2030,ELC,5469.5162
SUBSIDY,shungnak,electric,2040,spring,7,WND,GWND_01,2035,ELC,5469.5162
SUBSIDY,shungnak,electric,2040,spring,7,WND,GWND_01,2040,ELC,1060.2609
SUBSIDY,shungnak,electric,2040,spring,8,ELC,ELECT,2040,ELECD,23090.821
SUBSIDY,shungnak,electric,2040,spring,8,HYD,GHYD_01,2030,ELC,4270.4932
SUBSIDY,shungnak,electric,2040,spring,8,SOL,GSOL_01,2025,ELC,2264.3797
SUBSIDY,shungnak,electric,2040,spring,8,SOL,GSOL_01,2030,ELC,3038.6201
SUBSIDY,shungnak,electric,2040,spring,8,SOL,GSOL_01,2035,ELC,498.95823
SUBSIDY,shungnak,electric,2040,spring,8,WND,GWND_01,2030,ELC,5695.8159
SUBSIDY,shungnak,electric,2040,spring,8,WND,GWND_01,2035,ELC,5695.8159
SUBSIDY,shungnak,electric,2040,spring,8,WND,GWND_01,2040,ELC,1626.7382
SUBSIDY,shungnak,electric,2040,spring,9,ELC,ELECT,2035,ELECD,23668.092
SUBSIDY,shungnak,electric,2040,spring,9,HYD,GHYD_01,2030,ELC,4270.4932
SUBSIDY,shungnak,electric,2040,spring,9,SOL,GSOL_01,2025,ELC,4188.7625
SUBSIDY,shungnak,electric,2040,spring,9,SOL,GSOL_01,2035,ELC,3824.0406
SUBSIDY,shungnak,electric,2040,spring,9,WND,GWND_01,2030,ELC,5086.2669
SUBSIDY,shungnak,electric,2040,spring,9,WND,GWND_01,2035,ELC,4845.879
SUBSIDY,shungnak,electric,2040,spring,9,WND,GWND_01,2040,ELC,1452.6496
SUBSIDY,shungnak,electric,2040,summer,0,ELC,ELECT,2035,ELECD,13084.799
SUBSIDY,shungnak,electric,2040,summer,0,HYD,GHYD_01,2030,ELC,10853.623
SUBSIDY,shungnak,electric,2040,summer,0,SOL,GSOL_01,2025,ELC,16.999848
SUBSIDY,shungnak,electric,2040,summer,0,SOL,GSOL_01,2030,ELC,22.812463
SUBSIDY,shungnak,electric,2040,summer,0,SOL,GSOL_01,2035,ELC,15.519645
SUBSIDY,shungnak,electric,2040,summer,0,WND,GWND_01,2030,ELC,1290.2729
SUBSIDY,shungnak,electric,2040,summer,0,WND,GWND_01,2035,ELC,1290.2729
SUBSIDY,shungnak,electric,2040,summer,0,WND,GWND_01,2040,ELC,368.50493
SUBSIDY,shungnak,electric,2040,summer,1,ELC,ELECT,2040,ELECD,11930.258
SUBSIDY,shungnak,electric,2040,summer,1,HYD,GHYD_01,2030,ELC,10853.623
SUBSIDY,shungnak,electric,2040,summer,1,WND,GWND_01,2030,ELC,1020.1734
SUBSIDY,shungnak,electric,2040,summer,1,WND,GWND_01,2035,ELC,1020.1734
SUBSIDY,shungnak,electric,2040,summer,1,WND,GWND_01,2040,ELC,291.36387
SUBSIDY,shungnak,electric,2040,summer,10,ELC,ELECT,2035,ELECD,14624.187
SUBSIDY,shungnak,electric,2040,summer,10,HYD,GHYD_01,2030,ELC,10853.623
SUBSIDY,shungnak,electric,2040,summer,10,SOL,GSOL_01,2025,ELC,5400.8516
SUBSIDY,shungnak,electric,2040,summer,10,SOL,GSOL_01,2030,ELC,7247.5197
SUBSIDY,shungnak,electric,2040,summer,10,SOL,GSOL_01,2035,ELC,4930.5913
SUBSIDY,shungnak,electric,2040,summer,10,WND,GWND_01,2030,ELC,875.9986
SUBSIDY,shungnak,electric,2040,summer,10,WND,GWND_01,2035,ELC,875.9986
SUBSIDY,shungnak,electric,2040,summer,10,WND,GWND_01,2040,ELC,250.18722
SUBSIDY,shungnak,electric,2040,summer,11,ELC,ELECT,2035,ELECD,15009.034
SUBSIDY,shungnak,electric,2040,summer,11,HYD,GHYD_01,2030,ELC,10853.623
SUBSIDY,shungnak,electric,2040,summer,11,SOL,GSOL_01,2025,ELC,6448.0423
SUBSIDY,shungnak,electric,2040,summer,11,SOL,GSOL_01,2030,ELC,8652.7674
SUBSIDY,shungnak,electric,2040,summer,11,SOL,GSOL_01,2035,ELC,5886.6015
SUBSIDY,shungnak,electric,2040,summer,11,WND,GWND_01,2030,ELC,762.84878
SUBSIDY,shungnak,electric,2040,summer,11,WND,GWND_01,2035,ELC,762.84878
SUBSIDY,shungnak,electric,2040,summer,11,WND,GWND_01,2040,ELC,217.87137
SUBSIDY,shungnak,electric,2040,summer,12,ELC,ELECT,2040,ELECD,14624.187
SUBSIDY,shungnak,electric,2040,summer,12,HYD,GHYD_01,2030,ELC,10853.623
SUBSIDY,shungnak,electric,2040,summer,12,SOL,GSOL_01,2025,ELC,7219.8354
SUBSIDY,shungnak,electric,2040,summer,12,SOL,GSOL_01,2030,ELC,9688.4532
SUBSIDY,shungnak,electric,2040,summer,12,SOL,GSOL_01,2035,ELC,6591.1934
SUBSIDY,shungnak,electric,2040,summer,12,WND,GWND_01,2030,ELC,751.8988
SUBSIDY,shungnak,electric,2040,summer,12,WND,GWND_01,2035,ELC,751.8988
SUBSIDY,shungnak,electric,2040,summer,12,WND,GWND_01,2040,ELC,214.74403
SUBSIDY,shungnak,electric,2040,summer,13,ELC,ELECT,2040,ELECD,14431.763
SUBSIDY,shungnak,electric,2040,summer,13,HYD,GHYD_01,2030,ELC,10853.623
SUBSIDY,shungnak,electric,2040,summer,13,SOL,GSOL_01,2025,ELC,7593.832
SUBSIDY,shungnak,electric,2040,summer,13,SOL,GSOL_01,2030,ELC,10190.327
SUBSIDY,shungnak,electric,2040,summer,13,SOL,GSOL_01,2035,ELC,6932.6256
SUBSIDY,shungnak,electric,2040,summer,13,WND,GWND_01,2030,ELC,797.52372
SUBSIDY,shungnak,electric,2040,summer,13,WND,GWND_01,2035,ELC,797.52372
SUBSIDY,shungnak,electric,2040,summer,13,WND,GWND_01,2040,ELC,227.77462
SUBSIDY,shungnak,electric,2040,summer,14,ELC,ELECT,2040,ELECD,14239.34
SUBSIDY,shungnak,electric,2040,summer,14,HYD,GHYD_01,2030,ELC,10853.623
SUBSIDY,shungnak,electric,2040,summer,14,SOL,GSOL_01,2025,ELC,7804.6301
SUBSIDY,shungnak,electric,2040,summer,14,SOL,GSOL_01,2030,ELC,10473.202
SUBSIDY,shungnak,electric,2040,summer,14,SOL,GSOL_01,2035,ELC,7125.0692
SUBSIDY,shungnak,electric,2040,summer,14,WND,GWND_01,2030,ELC,865.04862
SUBSIDY,shungnak,electric,2040,summer,14,WND,GWND_01,2035,ELC,865.04862
SUBSIDY,shungnak,electric,2040,summer,14,WND,GWND_01,2040,ELC,247.05988
SUBSIDY,shungnak,electric,2040,summer,15,ELC,ELECT,2040,ELECD,14816.61
SUBSIDY,shungnak,electric,2040,summer,15,HYD,GHYD_01,2030,ELC,10853.623
SUBSIDY,shungnak,electric,2040,summer,15,SOL,GSOL_01,2025,ELC,7031.1371
SUBSIDY,shungnak,electric,2040,summer,15,SOL,GSOL_01,2030,ELC,9435.2349
SUBSIDY,shungnak,electric,2040,summer,15,SOL,GSOL_01,2035,ELC,6418.9253
SUBSIDY,shungnak,electric,2040,summer,15,WND,GWND_01,2030,ELC,766.49877
SUBSIDY,shungnak,electric,2040,summer,15,WND,GWND_01,2035,ELC,766.49877
SUBSIDY,shungnak,electric,2040,summer,15,WND,GWND_01,2040,ELC,218.91382
SUBSIDY,shungnak,electric,2040,summer,16,ELC,ELECT,2040,ELECD,16548.422
SUBSIDY,shungnak,electric,2040,summer,16,HYD,GHYD_01,2030,ELC,10853.623
SUBSIDY,shungnak,electric,2040,summer,16,SOL,GSOL_01,2025,ELC,6480.342
SUBSIDY,shungnak,electric,2040,summer,16,SOL,GSOL_01,2030,ELC,8696.1111
SUBSIDY,shungnak,electric,2040,summer,16,SOL,GSOL_01,2035,ELC,5916.0888
SUBSIDY,shungnak,electric,2040,summer,16,WND,GWND_01,2030,ELC,625.974
SUBSIDY,shungnak,electric,2040,summer,16,WND,GWND_01,2035,ELC,625.974
SUBSIDY,shungnak,electric,2040,summer,16,WND,GWND_01,2040,ELC,178.77962
SUBSIDY,shungnak,electric,2040,summer,17,ELC,ELECT,2040,ELECD,16933.269
SUBSIDY,shungnak,electric,2040,summer,17,HYD,GHYD_01,2030,ELC,10853.623
SUBSIDY,shungnak,electric,2040,summer,17,SOL,GSOL_01,2025,ELC,5375.3519
SUBSIDY,shungnak,electric,2040,summer,17,SOL,GSOL_01,2030,ELC,7213.301
SUBSIDY,shungnak,electric,2040,summer,17,SOL,GSOL_01,2035,ELC,4907.3119
SUBSIDY,shungnak,electric,2040,summer,17,WND,GWND_01,2030,ELC,697.14888
SUBSIDY,shungnak,electric,2040,summer,17,WND,GWND_01,2035,ELC,697.14888
SUBSIDY,shungnak,electric,2040,summer,17,WND,GWND_01,2040,ELC,199.10733
SUBSIDY,shungnak,electric,2040,summer,18,ELC,ELECT,2030,ELECD,15201.457
SUBSIDY,shungnak,electric,2040,summer,18,HYD,GHYD_01,2030,ELC,10853.623
SUBSIDY,shungnak,electric,2040,summer,18,SOL,GSOL_01,2025,ELC,3833.4657
SUBSIDY,shungnak,electric,2040,summer,18,SOL,GSOL_01,2030,ELC,5144.2105
SUBSIDY,shungnak,electric,2040,summer,18,SOL,GSOL_01,2035,ELC,3499.68
SUBSIDY,shungnak,electric,2040,summer,18,WND,GWND_01,2030,ELC,925.27352
SUBSIDY,shungnak,electric,2040,summer,18,WND,GWND_01,2035,ELC,925.27352
SUBSIDY,shungnak,electric,2040,summer,18,WND,GWND_01,2040,ELC,264.26025
SUBSIDY,shungnak,electric,2040,summer,19,ELC,ELECT,2035,ELECD,14816.61
SUBSIDY,shungnak,electric,2040,summer,19,HYD,GHYD_01,2030,ELC,10853.623
SUBSIDY,shungnak,electric,2040,summer,19,SOL,GSOL_01,2025,ELC,2233.78
SUBSIDY,shungnak,electric,2040,summer,19,SOL,GSOL_01,2030,ELC,2997.5577
SUBSIDY,shungnak,electric,2040,summer,19,SOL,GSOL_01,2035,ELC,2039.2814
SUBSIDY,shungnak,electric,2040,summer,19,WND,GWND_01,2030,ELC,799.34872
SUBSIDY,shungnak,electric,2040,summer,19,WND,GWND_01,2035,ELC,799.34872
SUBSIDY,shungnak,electric,2040,summer,19,WND,GWND_01,2040,ELC,228.29584
SUBSIDY,shungnak,electric,2040,summer,2,ELC,ELECT,2040,ELECD,11737.834
SUBSIDY,shungnak,electric,2040,summer,2,HYD,GHYD_01,2030,ELC,10853.623
SUBSIDY,shungnak,electric,2040,summer,2,WND,GWND_01,2030,ELC,934.3985
SUBSIDY,shungnak,electric,2040,summer,2,WND,GWND_01,2035,ELC,934.3985
SUBSIDY,shungnak,electric,2040,summer,2,WND,GWND_01,2040,ELC,266.86637
SUBSIDY,shungnak,electric,2040,summer,20,ELC,ELECT,2035,ELECD,14816.61
SUBSIDY,shungnak,electric,2040,summer,20,HYD,GHYD_01,2030,ELC,10853.623
SUBSIDY,shungnak,electric,2040,summer,20,SOL,GSOL_01,2025,ELC,1157.6896
SUBSIDY,shungnak,electric,2040,summer,20,SOL,GSOL_01,2030,ELC,1553.5288
SUBSIDY,shungnak,electric,2040,summer,20,SOL,GSOL_01,2035,ELC,1056.8879
SUBSIDY,shungnak,electric,2040,summer,20,WND,GWND_01,2030,ELC,985.49842
SUBSIDY,shungnak,electric,2040,summer,20,WND,GWND_01,2035,ELC,985.49842
SUBSIDY,shungnak,electric,2040,summer,20,WND,GWND_01,2040,ELC,281.46062
SUBSIDY,shungnak,electric,2040,summer,21,ELC,ELECT,2030,ELECD,13662.069
SUBSIDY,shungnak,electric,2040,summer,21,HYD,GHYD_01,2030,ELC,10853.623
SUBSIDY,shungnak,electric,2040,summer,21,SOL,GSOL_01,2025,ELC,526.99528
SUBSIDY,shungnak,electric,2040,summer,21,SOL,GSOL_01,2030,ELC,707.18637
SUBSIDY,shungnak,electric,2040,summer,21,SOL,GSOL_01,2035,ELC,481.10901
SUBSIDY,shungnak,electric,2040,summer,21,WND,GWND_01,2030,ELC,1419.8477
SUBSIDY,shungnak,electric,2040,summer,21,WND,GWND_01,2035,ELC,1419.8477
SUBSIDY,shungnak,electric,2040,summer,21,WND,GWND_01,2040,ELC,405.51179
SUBSIDY,shungnak,electric,2040,summer,22,ELC,ELECT,2030,ELECD,13662.069
SUBSIDY,shungnak,electric,2040,summer,22,HYD,GHYD_01,2030,ELC,10853.623
SUBSIDY,shungnak,electric,2040,summer,22,SOL,GSOL_01,2025,ELC,317.89715
SUBSIDY,shungnak,electric,2040,summer,22,SOL,GSOL_01,2030,ELC,426.59307
SUBSIDY,shungnak,electric,2040,summer,22,SOL,GSOL_01,2035,ELC,290.21737
SUBSIDY,shungnak,electric,2040,summer,22,WND,GWND_01,2030,ELC,1385.1728
SUBSIDY,shungnak,electric,2040,summer,22,WND,GWND_01,2035,ELC,1385.1728
SUBSIDY,shungnak,electric,2040,summer,22,WND,GWND_01,2040,ELC,395.60854
SUBSIDY,shungnak,electric,2040,summer,23,ELC,ELECT,2040,ELECD,13469.646
SUBSIDY,shungnak,electric,2040,summer,23,HYD,GHYD_01,2030,ELC,10853.623
SUBSIDY,shungnak,electric,2040,summer,23,SOL,GSOL_01,2025,ELC,93.499163
SUBSIDY,shungnak,electric,2040,summer,23,SOL,GSOL_01,2030,ELC,125.46855
SUBSIDY,shungnak,electric,2040,summer,23,SOL,GSOL_01,2035,ELC,85.35805
SUBSIDY,shungnak,electric,2040,summer,23,WND,GWND_01,2030,ELC,1520.2226
SUBSIDY,shungnak,electric,2040,summer,23,WND,GWND_01,2035,ELC,1520.2226
SUBSIDY,shungnak,electric,2040,summer,23,WND,GWND_01,2040,ELC,434.17907
SUBSIDY,shungnak,electric,2040,summer,3,ELC,ELECT,2035,ELECD,10968.14
SUBSIDY,shungnak,electric,2040,summer,3,HYD,GHYD_01,2030,ELC,10853.623
SUBSIDY,shungnak,electric,2040,summer,3,SOL,GSOL_01,2025,ELC,20.399817
SUBSIDY,shungnak,electric,2040,summer,3,SOL,GSOL_01,2030,ELC,27.374956
SUBSIDY,shungnak,electric,2040,summer,3,WND,GWND_01,2030,ELC,1067.6233
SUBSIDY,shungnak,electric,2040,summer,3,WND,GWND_01,2035,ELC,1067.6233
SUBSIDY,shungnak,electric,2040,summer,3,WND,GWND_01,2040,ELC,304.91568
SUBSIDY,shungnak,electric,2040,summer,4,ELC,ELECT,2030,ELECD,10775.717
SUBSIDY,shungnak,electric,2040,summer,4,HYD,GHYD_01,2030,ELC,10853.623
SUBSIDY,shungnak,electric,2040,summer,4,SOL,GSOL_01,2025,ELC,130.89883
SUBSIDY,shungnak,electric,2040,summer,4,SOL,GSOL_01,2030,ELC,175.65597
SUBSIDY,shungnak,electric,2040,summer,4,SOL,GSOL_01,2035,ELC,119.50127
SUBSIDY,shungnak,electric,2040,summer,4,WND,GWND_01,2030,ELC,1091.3483
SUBSIDY,shungnak,electric,2040,summer,4,WND,GWND_01,2035,ELC,1091.3483
SUBSIDY,shungnak,electric,2040,summer,4,WND,GWND_01,2040,ELC,311.69158
SUBSIDY,shungnak,electric,2040,summer,5,ELC,ELECT,2035,ELECD,10775.717
SUBSIDY,shungnak,electric,2040,summer,5,HYD,GHYD_01,2030,ELC,10853.623
SUBSIDY,shungnak,electric,2040,summer,5,SOL,GSOL_01,2025,ELC,253.29773
SUBSIDY,shungnak,electric,2040,summer,5,SOL,GSOL_01,2030,ELC,339.90571
SUBSIDY,shungnak,electric,2040,summer,5,SOL,GSOL_01,2035,ELC,231.24272
SUBSIDY,shungnak,electric,2040,summer,5,WND,GWND_01,2030,ELC,1131.4982
SUBSIDY,shungnak,electric,2040,summer,5,WND,GWND_01,2035,ELC,1131.4982
SUBSIDY,shungnak,electric,2040,summer,5,WND,GWND_01,2040,ELC,323.15849
SUBSIDY,shungnak,electric,2040,summer,6,ELC,ELECT,2035,ELECD,11545.411
SUBSIDY,shungnak,electric,2040,summer,6,HYD,GHYD_01,2030,ELC,10853.623
SUBSIDY,shungnak,electric,2040,summer,6,SOL,GSOL_01,2025,ELC,642.59425
SUBSIDY,shungnak,electric,2040,summer,6,SOL,GSOL_01,2030,ELC,862.31112
SUBSIDY,shungnak,electric,2040,summer,6,SOL,GSOL_01,2035,ELC,586.6426
SUBSIDY,shungnak,electric,2040,summer,6,WND,GWND_01,2030,ELC,1014.6984
SUBSIDY,shungnak,electric,2040,summer,6,WND,GWND_01,2035,ELC,1014.6984
SUBSIDY,shungnak,electric,2040,summer,6,WND,GWND_01,2040,ELC,289.8002
SUBSIDY,shungnak,electric,2040,summer,7,ELC,ELECT,2035,ELECD,11737.834
SUBSIDY,shungnak,electric,2040,summer,7,HYD,GHYD_01,2030,ELC,10853.623
SUBSIDY,shungnak,electric,2040,summer,7,SOL,GSOL_01,2025,ELC,1538.4862
SUBSIDY,shungnak,electric,2040,summer,7,SOL,GSOL_01,2030,ELC,2064.5279
SUBSIDY,shungnak,electric,2040,summer,7,SOL,GSOL_01,2035,ELC,1404.5279
SUBSIDY,shungnak,electric,2040,summer,7,WND,GWND_01,2030,ELC,843.14865
SUBSIDY,shungnak,electric,2040,summer,7,WND,GWND_01,2035,ELC,843.14865
SUBSIDY,shungnak,electric,2040,summer,7,WND,GWND_01,2040,ELC,240.8052
SUBSIDY,shungnak,electric,2040,summer,8,ELC,ELECT,2035,ELECD,12122.681
SUBSIDY,shungnak,electric,2040,summer,8,HYD,GHYD_01,2030,ELC,10853.623
SUBSIDY,shungnak,electric,2040,summer,8,SOL,GSOL_01,2025,ELC,3014.073
SUBSIDY,shungnak,electric,2040,summer,8,SOL,GSOL_01,2030,ELC,4044.6498
SUBSIDY,shungnak,electric,2040,summer,8,SOL,GSOL_01,2035,ELC,2751.6331
SUBSIDY,shungnak,electric,2040,summer,8,WND,GWND_01,2030,ELC,866.87361
SUBSIDY,shungnak,electric,2040,summer,8,WND,GWND_01,2035,ELC,866.87361
SUBSIDY,shungnak,electric,2040,summer,8,WND,GWND_01,2040,ELC,247.5811
SUBSIDY,shungnak,electric,2040,summer,9,ELC,ELECT,2030,ELECD,12507.528
SUBSIDY,shungnak,electric,2040,summer,9,HYD,GHYD_01,2030,ELC,10853.623
SUBSIDY,shungnak,electric,2040,summer,9,SOL,GSOL_01,2025,ELC,4117.3631
SUBSIDY,shungnak,electric,2040,summer,9,SOL,GSOL_01,2030,ELC,5525.1787
SUBSIDY,shungnak,electric,2040,summer,9,SOL,GSOL_01,2035,ELC,3758.8581
SUBSIDY,shungnak,electric,2040,summer,9,WND,GWND_01,2030,ELC,812.1237
SUBSIDY,shungnak,electric,2040,summer,9,WND,GWND_01,2035,ELC,812.1237
SUBSIDY,shungnak,electric,2040,summer,9,WND,GWND_01,2040,ELC,231.9444
SUBSIDY,shungnak,electric,2040,winter,0,ELC,EBATT_01,2035,ELC,8323.2536
SUBSIDY,shungnak,electric,2040,winter,0,ELC,ELECT,2035,ELECD,21936.28
SUBSIDY,shungnak,electric,2040,winter,0,HYD,GHYD_01,2030,ELC,1011.7784
SUBSIDY,shungnak,electric,2040,winter,0,WND,GWND_01,2030,ELC,5513.3162
SUBSIDY,shungnak,electric,2040,winter,0,WND,GWND_01,2035,ELC,5513.3162
SUBSIDY,shungnak,electric,2040,winter,0,WND,GWND_01,2040,ELC,1574.6158
SUBSIDY,shungnak,electric,2040,winter,1,ELC,EBATT_01,2030,ELC,7884.7282
SUBSIDY,shungnak,electric,2040,winter,1,ELC,ELECT,2040,ELECD,21743.857
SUBSIDY,shungnak,electric,2040,winter,1,HYD,GHYD_01,2030,ELC,1011.7784
SUBSIDY,shungnak,electric,2040,winter,1,WND,GWND_01,2030,ELC,5620.991
SUBSIDY,shungnak,electric,2040,winter,1,WND,GWND_01,2035,ELC,5620.991
SUBSIDY,shungnak,electric,2040,winter,1,WND,GWND_01,2040,ELC,1605.368
SUBSIDY,shungnak,electric,2040,winter,10,ELC,EBATT_01,2030,ELC,13803.591
SUBSIDY,shungnak,electric,2040,winter,10,ELC,ELECT,2040,ELECD,27901.409
SUBSIDY,shungnak,electric,2040,winter,10,HYD,GHYD_01,2030,ELC,1011.7784
SUBSIDY,shungnak,electric,2040,winter,10,SOL,GSOL_01,2025,ELC,193.79826
SUBSIDY,shungnak,electric,2040,winter,10,SOL,GSOL_01,2030,ELC,260.06208
SUBSIDY,shungnak,electric,2040,winter,10,SOL,GSOL_01,2035,ELC,176.92396
SUBSIDY,shungnak,electric,2040,winter,10,WND,GWND_01,2030,ELC,5449.4413
SUBSIDY,shungnak,electric,2040,winter,10,WND,GWND_01,2035,ELC,5449.4413
SUBSIDY,shungnak,electric,2040,winter,10,WND,GWND_01,2040,ELC,1556.373
SUBSIDY,shungnak,electric,2040,winter,11,ELC,EBATT_01,2030,ELC,13271.831
SUBSIDY,shungnak,electric,2040,winter,11,ELC,ELECT,2030,ELECD,28863.526
SUBSIDY,shungnak,electric,2040,winter,11,HYD,GHYD_01,2030,ELC,1011.7784
SUBSIDY,shungnak,electric,2040,winter,11,SOL,GSOL_01,2025,ELC,657.89411
SUBSIDY,shungnak,electric,2040,winter,11,SOL,GSOL_01,2030,ELC,882.84234
SUBSIDY,shungnak,electric,2040,winter,11,SOL,GSOL_01,2035,ELC,600.61028
SUBSIDY,shungnak,electric,2040,winter,11,WND,GWND_01,2030,ELC,5442.1413
SUBSIDY,shungnak,electric,2040,winter,11,WND,GWND_01,2035,ELC,5442.1413
SUBSIDY,shungnak,electric,2040,winter,11,WND,GWND_01,2040,ELC,1554.2881
SUBSIDY,shungnak,electric,2040,winter,12,ELC,EBATT_01,2040,ELC,10733.374
SUBSIDY,shungnak,electric,2040,winter,12,ELC,ELECT,2030,ELECD,28478.679
SUBSIDY,shungnak,electric,2040,winter,12,HYD,GHYD_01,2030,ELC,1011.7784
SUBSIDY,shungnak,electric,2040,winter,12,SOL,GSOL_01,2025,ELC,1164.4896
SUBSIDY,shungnak,electric,2040,winter,12,SOL,GSOL_01,2030,ELC,1562.6537
SUBSIDY,shungnak,electric,2040,winter,12,SOL,GSOL_01,2035,ELC,1063.0957
SUBSIDY,shungnak,electric,2040,winter,12,WND,GWND_01,2030,ELC,5662.9659
SUBSIDY,shungnak,electric,2040,winter,12,WND,GWND_01,2035,ELC,5662.9659
SUBSIDY,shungnak,electric,2040,winter,12,WND,GWND_01,2040,ELC,1617.3561
SUBSIDY,shungnak,electric,2040,winter,13,ELC,EBATT_01,2035,ELC,8332.7442
SUBSIDY,shungnak,electric,2040,winter,13,ELC,ELECT,2030,ELECD,27708.985
SUBSIDY,shungnak,electric,2040,winter,13,HYD,GHYD_01,2030,ELC,1011.7784
SUBSIDY,shungnak,electric,2040,winter,13,SOL,GSOL_01,2025,ELC,1497.6866
SUBSIDY,shungnak,electric,2040,winter,13,SOL,GSOL_01,2030,ELC,2009.778
SUBSIDY,shungnak,electric,2040,winter,13,SOL,GSOL_01,2035,ELC,1367.2808
SUBSIDY,shungnak,electric,2040,winter,13,WND,GWND_01,2030,ELC,5902.0406
SUBSIDY,shungnak,electric,2040,winter,13,WND,GWND_01,2035,ELC,5902.0406
SUBSIDY,shungnak,electric,2040,winter,13,WND,GWND_01,2040,ELC,1685.6364
SUBSIDY,shungnak,electric,2040,winter,14,ELC,EBATT_01,2040,ELC,8461.5044
SUBSIDY,shungnak,electric,2040,winter,14,ELC,ELECT,2040,ELECD,27516.562
SUBSIDY,shungnak,electric,2040,winter,14,HYD,GHYD_01,2030,ELC,1011.7784
SUBSIDY,shungnak,electric,2040,winter,14,SOL,GSOL_01,2025,ELC,1497.6866
SUBSIDY,shungnak,electric,2040,winter,14,SOL,GSOL_01,2030,ELC,2009.778
SUBSIDY,shungnak,electric,2040,winter,14,SOL,GSOL_01,2035,ELC,1367.2808
SUBSIDY,shungnak,electric,2040,winter,14,WND,GWND_01,2030,ELC,5761.5158
SUBSIDY,shungnak,electric,2040,winter,14,WND,GWND_01,2035,ELC,5761.5158
SUBSIDY,shungnak,electric,2040,winter,14,WND,GWND_01,2040,ELC,1645.5022
SUBSIDY,shungnak,electric,2040,winter,15,ELC,EBATT_01,2035,ELC,8107.7033
SUBSIDY,shungnak,electric,2040,winter,15,ELC,ELECT,2030,ELECD,26169.597
SUBSIDY,shungnak,electric,2040,winter,15,HYD,GHYD_01,2030,ELC,1011.7784
SUBSIDY,shungnak,electric,2040,winter,15,SOL,GSOL_01,2025,ELC,1106.6901
SUBSIDY,shungnak,electric,2040,winter,15,SOL,GSOL_01,2030,ELC,1485.0914
SUBSIDY,shungnak,electric,2040,winter,15,SOL,GSOL_01,2035,ELC,1010.3289
SUBSIDY,shungnak,electric,2040,winter,15,WND,GWND_01,2030,ELC,5883.7906
SUBSIDY,shungnak,electric,2040,winter,15,WND,GWND_01,2035,ELC,5883.7906
SUBSIDY,shungnak,electric,2040,winter,15,WND,GWND_01,2040,ELC,1680.4242
SUBSIDY,shungnak,electric,2040,winter,16,ELC,EBATT_01,2030,ELC,1032.7853
SUBSIDY,shungnak,electric,2040,winter,16,ELC,EBATT_01,2040,ELC,10266.822
SUBSIDY,shungnak,electric,2040,winter,16,ELC,ELECT,2040,ELECD,27516.562
SUBSIDY,shungnak,electric,2040,winter,16,HYD,GHYD_01,2030,ELC,1011.7784
SUBSIDY,shungnak,electric,2040,winter,16,SOL,GSOL_01,2025,ELC,600.09463
SUBSIDY,shungnak,electric,2040,winter,16,SOL,GSOL_01,2030,ELC,805.27996
SUBSIDY,shungnak,electric,2040,winter,16,SOL,GSOL_01,2035,ELC,547.84348
SUBSIDY,shungnak,electric,2040,winter,16,WND,GWND_01,2030,ELC,5798.0157
SUBSIDY,shungnak,electric,2040,winter,16,WND,GWND_01,2035,ELC,5798.0157
SUBSIDY,shungnak,electric,2040,winter,16,WND,GWND_01,2040,ELC,1655.9267
SUBSIDY,shungnak,electric,2040,winter,17,ELC,EBATT_01,2030,ELC,15169.1
SUBSIDY,shungnak,electric,2040,winter,17,ELC,ELECT,2040,ELECD,29633.221
SUBSIDY,shungnak,electric,2040,winter,17,HYD,GHYD_01,2030,ELC,1011.7784
SUBSIDY,shungnak,electric,2040,winter,17,SOL,GSOL_01,2025,ELC,156.3986
SUBSIDY,shungnak,electric,2040,winter,17,SOL,GSOL_01,2030,ELC,209.87466
SUBSIDY,shungnak,electric,2040,winter,17,SOL,GSOL_01,2035,ELC,142.78074
SUBSIDY,shungnak,electric,2040,winter,17,WND,GWND_01,2030,ELC,5662.9659
SUBSIDY,shungnak,electric,2040,winter,17,WND,GWND_01,2035,ELC,5662.9659
SUBSIDY,shungnak,electric,2040,winter,17,WND,GWND_01,2040,ELC,1617.3561
SUBSIDY,shungnak,electric,2040,winter,18,ELC,EBATT_01,2040,ELC,15997.161
SUBSIDY,shungnak,electric,2040,winter,18,ELC,ELECT,2035,ELECD,29825.644
SUBSIDY,shungnak,electric,2040,winter,18,HYD,GHYD_01,2030,ELC,1011.7784
SUBSIDY,shungnak,electric,2040,winter,18,SOL,GSOL_01,2025,ELC,3.3999696
SUBSIDY,shungnak,electric,2040,winter,18,SOL,GSOL_01,2030,ELC,4.5624927
SUBSIDY,shungnak,electric,2040,winter,18,SOL,GSOL_01,2035,ELC,3.1039291
SUBSIDY,shungnak,electric,2040,winter,18,WND,GWND_01,2030,ELC,5602.741
SUBSIDY,shungnak,electric,2040,winter,18,WND,GWND_01,2035,ELC,5602.741
SUBSIDY,shungnak,electric,2040,winter,18,WND,GWND_01,2040,ELC,1600.1558
SUBSIDY,shungnak,electric,2040,winter,19,ELC,EBATT_01,2035,ELC,11984.566
SUBSIDY,shungnak,electric,2040,winter,19,ELC,ELECT,2040,ELECD,25977.174
SUBSIDY,shungnak,electric,2040,winter,19,HYD,GHYD_01,2030,ELC,1011.7784
SUBSIDY,shungnak,electric,2040,winter,19,WND,GWND_01,2030,ELC,5679.3909
SUBSIDY,shungnak,electric,2040,winter,19,WND,GWND_01,2035,ELC,5679.3909
SUBSIDY,shungnak,electric,2040,winter,19,WND,GWND_01,2040,ELC,1622.0472
SUBSIDY,shungnak,electric,2040,winter,2,ELC,EBATT_01,2035,ELC,8531.8145
SUBSIDY,shungnak,electric,2040,winter,2,ELC,ELECT,2040,ELECD,21936.28
SUBSIDY,shungnak,electric,2040,winter,2,HYD,GHYD_01,2030,ELC,1011.7784
SUBSIDY,shungnak,electric,2040,winter,2,WND,GWND_01,2030,ELC,5422.0663
SUBSIDY,shungnak,electric,2040,winter,2,WND,GWND_01,2035,ELC,5422.0663
SUBSIDY,shungnak,electric,2040,winter,2,WND,GWND_01,2040,ELC,1548.5547
SUBSIDY,shungnak,electric,2040,winter,20,ELC,EBATT_01,2035,ELC,12039.34
SUBSIDY,shungnak,electric,2040,winter,20,ELC,ELECT,2040,ELECD,26169.597
SUBSIDY,shungnak,electric,2040,winter,20,HYD,GHYD_01,2030,ELC,1011.7784
SUBSIDY,shungnak,electric,2040,winter,20,WND,GWND_01,2030,ELC,5739.6158
SUBSIDY,shungnak,electric,2040,winter,20,WND,GWND_01,2035,ELC,5739.6158
SUBSIDY,shungnak,electric,2040,winter,20,WND,GWND_01,2040,ELC,1639.2475
SUBSIDY,shungnak,electric,2040,winter,21,ELC,EBATT_01,2030,ELC,10062.521
SUBSIDY,shungnak,electric,2040,winter,21,ELC,ELECT,2035,ELECD,24822.633
SUBSIDY,shungnak,electric,2040,winter,21,HYD,GHYD_01,2030,ELC,1011.7784
SUBSIDY,shungnak,electric,2040,winter,21,WND,GWND_01,2030,ELC,6015.1904
SUBSIDY,shungnak,electric,2040,winter,21,WND,GWND_01,2035,ELC,6015.1904
SUBSIDY,shungnak,electric,2040,winter,21,WND,GWND_01,2040,ELC,1717.9523
SUBSIDY,shungnak,electric,2040,winter,22,ELC,EBATT_01,2040,ELC,9025.3219
SUBSIDY,shungnak,electric,2040,winter,22,ELC,ELECT,2035,ELECD,23860.515
SUBSIDY,shungnak,electric,2040,winter,22,HYD,GHYD_01,2030,ELC,1011.7784
SUBSIDY,shungnak,electric,2040,winter,22,WND,GWND_01,2030,ELC,6048.0403
SUBSIDY,shungnak,electric,2040,winter,22,WND,GWND_01,2035,ELC,6048.0403
SUBSIDY,shungnak,electric,2040,winter,22,WND,GWND_01,2040,ELC,1727.3343
SUBSIDY,shungnak,electric,2040,winter,23,ELC,EBATT_01,2035,ELC,7467.059
SUBSIDY,shungnak,electric,2040,winter,23,ELC,ELECT,2030,ELECD,21551.433
SUBSIDY,shungnak,electric,2040,winter,23,HYD,GHYD_01,2030,ELC,1011.7784
SUBSIDY,shungnak,electric,2040,winter,23,WND,GWND_01,2030,ELC,5719.5408
SUBSIDY,shungnak,electric,2040,winter,23,WND,GWND_01,2035,ELC,5719.5408
SUBSIDY,shungnak,electric,2040,winter,23,WND,GWND_01,2040,ELC,1633.5141
SUBSIDY,shungnak,electric,2040,winter,3,ELC,EBATT_01,2035,ELC,8019.6409
SUBSIDY,shungnak,electric,2040,winter,3,ELC,ELECT,2040,ELECD,20781.739
SUBSIDY,shungnak,electric,2040,winter,3,HYD,GHYD_01,2030,ELC,1011.7784
SUBSIDY,shungnak,electric,2040,winter,3,WND,GWND_01,2030,ELC,5141.0168
SUBSIDY,shungnak,electric,2040,winter,3,WND,GWND_01,2035,ELC,5141.0168
SUBSIDY,shungnak,electric,2040,winter,3,WND,GWND_01,2040,ELC,1468.2863
SUBSIDY,shungnak,electric,2040,winter,4,ELC,EBATT_01,2040,ELC,7479.3638
SUBSIDY,shungnak,electric,2040,winter,4,ELC,ELECT,2030,ELECD,20012.045
SUBSIDY,shungnak,electric,2040,winter,4,HYD,GHYD_01,2030,ELC,1011.7784
SUBSIDY,shungnak,electric,2040,winter,4,WND,GWND_01,2030,ELC,5040.6419
SUBSIDY,shungnak,electric,2040,winter,4,WND,GWND_01,2035,ELC,5040.6419
SUBSIDY,shungnak,electric,2040,winter,4,WND,GWND_01,2040,ELC,1439.619
SUBSIDY,shungnak,electric,2040,winter,5,ELC,EBATT_01,2040,ELC,7413.1718
SUBSIDY,shungnak,electric,2040,winter,5,ELC,ELECT,2035,ELECD,20204.469
SUBSIDY,shungnak,electric,2040,winter,5,HYD,GHYD_01,2030,ELC,1011.7784
SUBSIDY,shungnak,electric,2040,winter,5,WND,GWND_01,2030,ELC,5153.7918
SUBSIDY,shungnak,electric,2040,winter,5,WND,GWND_01,2035,ELC,5153.7918
SUBSIDY,shungnak,electric,2040,winter,5,WND,GWND_01,2040,ELC,1471.9348
SUBSIDY,shungnak,electric,2040,winter,6,ELC,EBATT_01,2035,ELC,7706.2521
SUBSIDY,shungnak,electric,2040,winter,6,ELC,ELECT,2035,ELECD,20589.316
SUBSIDY,shungnak,electric,2040,winter,6,HYD,GHYD_01,2030,ELC,1011.7784
SUBSIDY,shungnak,electric,2040,winter,6,WND,GWND_01,2030,ELC,5193.9417
SUBSIDY,shungnak,electric,2040,winter,6,WND,GWND_01,2035,ELC,5193.9417
SUBSIDY,shungnak,electric,2040,winter,6,WND,GWND_01,2040,ELC,1483.4017
SUBSIDY,shungnak,electric,2040,winter,7,ELC,EBATT_01,2040,ELC,7183.7549
SUBSIDY,shungnak,electric,2040,winter,7,ELC,ELECT,2040,ELECD,20204.469
SUBSIDY,shungnak,electric,2040,winter,7,HYD,GHYD_01,2030,ELC,1011.7784
SUBSIDY,shungnak,electric,2040,winter,7,WND,GWND_01,2030,ELC,5254.1666
SUBSIDY,shungnak,electric,2040,winter,7,WND,GWND_01,2035,ELC,5254.1666
SUBSIDY,shungnak,electric,2040,winter,7,WND,GWND_01,2040,ELC,1500.6021
SUBSIDY,shungnak,electric,2040,winter,8,ELC,EBATT_01,2030,ELC,8903.6003
SUBSIDY,shungnak,electric,2040,winter,8,ELC,ELECT,2035,ELECD,22128.704
SUBSIDY,shungnak,electric,2040,winter,8,HYD,GHYD_01,2030,ELC,1011.7784
SUBSIDY,shungnak,electric,2040,winter,8,WND,GWND_01,2030,ELC,5343.5915
SUBSIDY,shungnak,electric,2040,winter,8,WND,GWND_01,2035,ELC,5343.5915
SUBSIDY,shungnak,electric,2040,winter,8,WND,GWND_01,2040,ELC,1526.1421
SUBSIDY,shungnak,electric,2040,winter,9,ELC,EBATT_01,2030,ELC,12114.422
SUBSIDY,shungnak,electric,2040,winter,9,ELC,ELECT,2030,ELECD,26169.597
SUBSIDY,shungnak,electric,2040,winter,9,HYD,GHYD_01,2030,ELC,1011.7784
SUBSIDY,shungnak,electric,2040,winter,9,WND,GWND_01,2030,ELC,5706.7659
SUBSIDY,shungnak,electric,2040,winter,9,WND,GWND_01,2035,ELC,5706.7659
SUBSIDY,shungnak,electric,2040,winter,9,WND,GWND_01,2040,ELC,1629.8655
SUBSIDY,shungnak,electric,2045,fall,0,ELC,ELECT,2030,ELECD,16988.08
SUBSIDY,shungnak,electric,2045,fall,0,HYD,GHYD_01,2030,ELC,6057.5303
SUBSIDY,shungnak,electric,2045,fall,0,WND,GWND_01,2030,ELC,5398.3414
SUBSIDY,shungnak,electric,2045,fall,0,WND,GWND_01,2035,ELC,5398.3414
SUBSIDY,shungnak,electric,2045,fall,0,WND,GWND_01,2040,ELC,1541.7788
SUBSIDY,shungnak,electric,2045,fall,0,WND,GWND_01,2045,ELC,1157.3919
SUBSIDY,shungnak,electric,2045,fall,1,ELC,ELECT,2035,ELECD,17392.558
SUBSIDY,shungnak,electric,2045,fall,1,HYD,GHYD_01,2030,ELC,6057.5303
SUBSIDY,shungnak,electric,2045,fall,1,WND,GWND_01,2030,ELC,5522.4412
SUBSIDY,shungnak,electric,2045,fall,1,WND,GWND_01,2035,ELC,5522.4412
SUBSIDY,shungnak,electric,2045,fall,1,WND,GWND_01,2040,ELC,1577.2219
SUBSIDY,shungnak,electric,2045,fall,1,WND,GWND_01,2045,ELC,1183.9986
SUBSIDY,shungnak,electric,2045,fall,10,ELC,EBATT_01,2035,ELC,1566.5695
SUBSIDY,shungnak,electric,2045,fall,10,ELC,ELECT,2045,ELECD,25077.641
SUBSIDY,shungnak,electric,2045,fall,10,HYD,GHYD_01,2030,ELC,6057.5303
SUBSIDY,shungnak,electric,2045,fall,10,SOL,GSOL_01,2025,ELC,1337.888
SUBSIDY,shungnak,electric,2045,fall,10,SOL,GSOL_01,2030,ELC,1795.3409
SUBSIDY,shungnak,electric,2045,fall,10,SOL,GSOL_01,2035,ELC,1221.3961
SUBSIDY,shungnak,electric,2045,fall,10,WND,GWND_01,2030,ELC,5239.5666
SUBSIDY,shungnak,electric,2045,fall,10,WND,GWND_01,2035,ELC,5239.5666
SUBSIDY,shungnak,electric,2045,fall,10,WND,GWND_01,2040,ELC,1496.4323
SUBSIDY,shungnak,electric,2045,fall,10,WND,GWND_01,2045,ELC,1123.351
SUBSIDY,shungnak,electric,2045,fall,11,ELC,ELECT,2045,ELECD,26897.793
SUBSIDY,shungnak,electric,2045,fall,11,HYD,GHYD_01,2030,ELC,6057.5303
SUBSIDY,shungnak,electric,2045,fall,11,SOL,GSOL_01,2025,ELC,2424.1783
SUBSIDY,shungnak,electric,2045,fall,11,SOL,GSOL_01,2030,ELC,3253.0573
SUBSIDY,shungnak,electric,2045,fall,11,SOL,GSOL_01,2035,ELC,2213.1014
SUBSIDY,shungnak,electric,2045,fall,11,WND,GWND_01,2030,ELC,5190.2917
SUBSIDY,shungnak,electric,2045,fall,11,WND,GWND_01,2035,ELC,5190.2917
SUBSIDY,shungnak,electric,2045,fall,11,WND,GWND_01,2040,ELC,1482.3593
SUBSIDY,shungnak,electric,2045,fall,11,WND,GWND_01,2045,ELC,1112.7866
SUBSIDY,shungnak,electric,2045,fall,12,ELC,ELECT,2030,ELECD,24875.402
SUBSIDY,shungnak,electric,2045,fall,12,HYD,GHYD_01,2030,ELC,6057.5303
SUBSIDY,shungnak,electric,2045,fall,12,SOL,GSOL_01,2025,ELC,2991.9732
SUBSIDY,shungnak,electric,2045,fall,12,SOL,GSOL_01,2030,ELC,4014.9936
SUBSIDY,shungnak,electric,2045,fall,12,SOL,GSOL_01,2035,ELC,2731.4576
SUBSIDY,shungnak,electric,2045,fall,12,WND,GWND_01,2030,ELC,5217.6667
SUBSIDY,shungnak,electric,2045,fall,12,WND,GWND_01,2035,ELC,5217.6667
SUBSIDY,shungnak,electric,2045,fall,12,WND,GWND_01,2040,ELC,1490.1776
SUBSIDY,shungnak,electric,2045,fall,12,WND,GWND_01,2045,ELC,1118.6557
SUBSIDY,shungnak,electric,2045,fall,13,ELC,ELECT,2030,ELECD,24673.163
SUBSIDY,shungnak,electric,2045,fall,13,HYD,GHYD_01,2030,ELC,6057.5303
SUBSIDY,shungnak,electric,2045,fall,13,SOL,GSOL_01,2025,ELC,3292.8705
SUBSIDY,shungnak,electric,2045,fall,13,SOL,GSOL_01,2030,ELC,4418.7742
SUBSIDY,shungnak,electric,2045,fall,13,SOL,GSOL_01,2035,ELC,3006.1553
SUBSIDY,shungnak,electric,2045,fall,13,WND,GWND_01,2030,ELC,5188.4667
SUBSIDY,shungnak,electric,2045,fall,13,WND,GWND_01,2035,ELC,5188.4667
SUBSIDY,shungnak,electric,2045,fall,13,WND,GWND_01,2040,ELC,1481.8381
SUBSIDY,shungnak,electric,2045,fall,13,WND,GWND_01,2045,ELC,1112.3953
SUBSIDY,shungnak,electric,2045,fall,14,ELC,ELECT,2045,ELECD,25482.119
SUBSIDY,shungnak,electric,2045,fall,14,HYD,GHYD_01,2030,ELC,6057.5303
SUBSIDY,shungnak,electric,2045,fall,14,SOL,GSOL_01,2025,ELC,3109.2722
SUBSIDY,shungnak,electric,2045,fall,14,SOL,GSOL_01,2030,ELC,4172.3996
SUBSIDY,shungnak,electric,2045,fall,14,SOL,GSOL_01,2035,ELC,2838.5431
SUBSIDY,shungnak,electric,2045,fall,14,WND,GWND_01,2030,ELC,5259.6416
SUBSIDY,shungnak,electric,2045,fall,14,WND,GWND_01,2035,ELC,5259.6416
SUBSIDY,shungnak,electric,2045,fall,14,WND,GWND_01,2040,ELC,1502.1658
SUBSIDY,shungnak,electric,2045,fall,14,WND,GWND_01,2045,ELC,1127.655
SUBSIDY,shungnak,electric,2045,fall,15,ELC,ELECT,2045,ELECD,21437.339
SUBSIDY,shungnak,electric,2045,fall,15,HYD,GHYD_01,2030,ELC,6057.5303
SUBSIDY,shungnak,electric,2045,fall,15,SOL,GSOL_01,2025,ELC,2594.1768
SUBSIDY,shungnak,electric,2045,fall,15,SOL,GSOL_01,2030,ELC,3481.1819
SUBSIDY,shungnak,electric,2045,fall,15,SOL,GSOL_01,2035,ELC,2368.2979
SUBSIDY,shungnak,electric,2045,fall,15,WND,GWND_01,2030,ELC,5137.3668
SUBSIDY,shungnak,electric,2045,fall,15,WND,GWND_01,2035,ELC,5137.3668
SUBSIDY,shungnak,electric,2045,fall,15,WND,GWND_01,2040,ELC,1467.2438
SUBSIDY,shungnak,electric,2045,fall,15,WND,GWND_01,2045,ELC,1101.4396
SUBSIDY,shungnak,electric,2045,fall,16,ELC,ELECT,2030,ELECD,24875.402
SUBSIDY,shungnak,electric,2045,fall,16,HYD,GHYD_01,2030,ELC,6057.5303
SUBSIDY,shungnak,electric,2045,fall,16,SOL,GSOL_01,2025,ELC,1790.084
SUBSIDY,shungnak,electric,2045,fall,16,SOL,GSOL_01,2030,ELC,2402.1524
SUBSIDY,shungnak,electric,2045,fall,16,SOL,GSOL_01,2035,ELC,1634.2187
SUBSIDY,shungnak,electric,2045,fall,16,WND,GWND_01,2030,ELC,5423.8913
SUBSIDY,shungnak,electric,2045,fall,16,WND,GWND_01,2035,ELC,5423.8913
SUBSIDY,shungnak,electric,2045,fall,16,WND,GWND_01,2040,ELC,1549.0759
SUBSIDY,shungnak,electric,2045,fall,16,WND,GWND_01,2045,ELC,1162.8698
SUBSIDY,shungnak,electric,2045,fall,17,ELC,EBATT_01,2035,ELC,1993.6197
SUBSIDY,shungnak,electric,2045,fall,17,ELC,ELECT,2045,ELECD,24673.163
SUBSIDY,shungnak,electric,2045,fall,17,HYD,GHYD_01,2030,ELC,6057.5303
SUBSIDY,shungnak,electric,2045,fall,17,SOL,GSOL_01,2025,ELC,904.3919
SUBSIDY,shungnak,electric,2045,fall,17,SOL,GSOL_01,2030,ELC,1213.6231
SUBSIDY,shungnak,electric,2045,fall,17,SOL,GSOL_01,2035,ELC,825.64514
SUBSIDY,shungnak,electric,2045,fall,17,WND,GWND_01,2030,ELC,5471.3412
SUBSIDY,shungnak,electric,2045,fall,17,WND,GWND_01,2035,ELC,5471.3412
SUBSIDY,shungnak,electric,2045,fall,17,WND,GWND_01,2040,ELC,1562.6277
SUBSIDY,shungnak,electric,2045,fall,17,WND,GWND_01,2045,ELC,1173.0429
SUBSIDY,shungnak,electric,2045,fall,18,ELC,EBATT_01,2035,ELC,2318.2034
SUBSIDY,shungnak,electric,2045,fall,18,ELC,EBATT_01,2045,ELC,830.25692
SUBSIDY,shungnak,electric,2045,fall,18,ELC,ELECT,2030,ELECD,23257.49
SUBSIDY,shungnak,electric,2045,fall,18,HYD,GHYD_01,2030,ELC,6057.5303
SUBSIDY,shungnak,electric,2045,fall,18,SOL,GSOL_01,2025,ELC,317.89715
SUBSIDY,shungnak,electric,2045,fall,18,SOL,GSOL_01,2030,ELC,426.59307
SUBSIDY,shungnak,electric,2045,fall,18,SOL,GSOL_01,2035,ELC,290.21737
SUBSIDY,shungnak,electric,2045,fall,18,WND,GWND_01,2030,ELC,5206.7167
SUBSIDY,shungnak,electric,2045,fall,18,WND,GWND_01,2035,ELC,5206.7167
SUBSIDY,shungnak,electric,2045,fall,18,WND,GWND_01,2040,ELC,1487.0503
SUBSIDY,shungnak,electric,2045,fall,18,WND,GWND_01,2045,ELC,1116.308
SUBSIDY,shungnak,electric,2045,fall,19,ELC,ELECT,2040,ELECD,18201.514
SUBSIDY,shungnak,electric,2045,fall,19,HYD,GHYD_01,2030,ELC,6057.5303
SUBSIDY,shungnak,electric,2045,fall,19,SOL,GSOL_01,2025,ELC,78.1993
SUBSIDY,shungnak,electric,2045,fall,19,SOL,GSOL_01,2030,ELC,104.93733
SUBSIDY,shungnak,electric,2045,fall,19,SOL,GSOL_01,2035,ELC,71.390369
SUBSIDY,shungnak,electric,2045,fall,19,WND,GWND_01,2030,ELC,5146.4918
SUBSIDY,shungnak,electric,2045,fall,19,WND,GWND_01,2035,ELC,5146.4918
SUBSIDY,shungnak,electric,2045,fall,19,WND,GWND_01,2040,ELC,1469.8499
SUBSIDY,shungnak,electric,2045,fall,19,WND,GWND_01,2045,ELC,1103.396
SUBSIDY,shungnak,electric,2045,fall,2,ELC,ELECT,2030,ELECD,16785.841
SUBSIDY,shungnak,electric,2045,fall,2,HYD,GHYD_01,2030,ELC,6057.5303
SUBSIDY,shungnak,electric,2045,fall,2,WND,GWND_01,2030,ELC,5560.7661
SUBSIDY,shungnak,electric,2045,fall,2,WND,GWND_01,2035,ELC,5560.7661
SUBSIDY,shungnak,electric,2045,fall,2,WND,GWND_01,2040,ELC,1588.1676
SUBSIDY,shungnak,electric,2045,fall,2,WND,GWND_01,2045,ELC,1192.2154
SUBSIDY,shungnak,electric,2045,fall,20,ELC,EBATT_01,2035,ELC,4157.4434
SUBSIDY,shungnak,electric,2045,fall,20,ELC,ELECT,2045,ELECD,23257.49
SUBSIDY,shungnak,electric,2045,fall,20,HYD,GHYD_01,2030,ELC,6057.5303
SUBSIDY,shungnak,electric,2045,fall,20,SOL,GSOL_01,2025,ELC,5.0999543
SUBSIDY,shungnak,electric,2045,fall,20,SOL,GSOL_01,2030,ELC,6.843739
SUBSIDY,shungnak,electric,2045,fall,20,SOL,GSOL_01,2035,ELC,4.6558936
SUBSIDY,shungnak,electric,2045,fall,20,WND,GWND_01,2030,ELC,5210.3667
SUBSIDY,shungnak,electric,2045,fall,20,WND,GWND_01,2035,ELC,5210.3667
SUBSIDY,shungnak,electric,2045,fall,20,WND,GWND_01,2040,ELC,1488.0927
SUBSIDY,shungnak,electric,2045,fall,20,WND,GWND_01,2045,ELC,1117.0906
SUBSIDY,shungnak,electric,2045,fall,21,ELC,EBATT_01,2035,ELC,3733.1594
SUBSIDY,shungnak,electric,2045,fall,21,ELC,ELECT,2035,ELECD,22246.295
SUBSIDY,shungnak,electric,2045,fall,21,HYD,GHYD_01,2030,ELC,6057.5303
SUBSIDY,shungnak,electric,2045,fall,21,WND,GWND_01,2030,ELC,4982.242
SUBSIDY,shungnak,electric,2045,fall,21,WND,GWND_01,2035,ELC,4982.242
SUBSIDY,shungnak,electric,2045,fall,21,WND,GWND_01,2040,ELC,1422.9398
SUBSIDY,shungnak,electric,2045,fall,21,WND,GWND_01,2045,ELC,1068.1812
SUBSIDY,shungnak,electric,2045,fall,22,ELC,EBATT_01,2035,ELC,1307.6858
SUBSIDY,shungnak,electric,2045,fall,22,ELC,ELECT,2045,ELECD,20628.382
SUBSIDY,shungnak,electric,2045,fall,22,HYD,GHYD_01,2030,ELC,6057.5303
SUBSIDY,shungnak,electric,2045,fall,22,WND,GWND_01,2030,ELC,5305.2665
SUBSIDY,shungnak,electric,2045,fall,22,WND,GWND_01,2035,ELC,5305.2665
SUBSIDY,shungnak,electric,2045,fall,22,WND,GWND_01,2040,ELC,1515.1964
SUBSIDY,shungnak,electric,2045,fall,22,WND,GWND_01,2045,ELC,1137.4369
SUBSIDY,shungnak,electric,2045,fall,23,ELC,EBATT_01,2035,ELC,147.51209
SUBSIDY,shungnak,electric,2045,fall,23,ELC,ELECT,2040,ELECD,19212.709
SUBSIDY,shungnak,electric,2045,fall,23,HYD,GHYD_01,2030,ELC,6057.5303
SUBSIDY,shungnak,electric,2045,fall,23,WND,GWND_01,2030,ELC,5203.0667
SUBSIDY,shungnak,electric,2045,fall,23,WND,GWND_01,2035,ELC,5203.0667
SUBSIDY,shungnak,electric,2045,fall,23,WND,GWND_01,2040,ELC,1486.0079
SUBSIDY,shungnak,electric,2045,fall,23,WND,GWND_01,2045,ELC,1115.5255
SUBSIDY,shungnak,electric,2045,fall,3,ELC,ELECT,2035,ELECD,16583.602
SUBSIDY,shungnak,electric,2045,fall,3,HYD,GHYD_01,2030,ELC,6057.5303
SUBSIDY,shungnak,electric,2045,fall,3,WND,GWND_01,2030,ELC,5485.9412
SUBSIDY,shungnak,electric,2045,fall,3,WND,GWND_01,2035,ELC,5485.9412
SUBSIDY,shungnak,electric,2045,fall,3,WND,GWND_01,2040,ELC,1566.7975
SUBSIDY,shungnak,electric,2045,fall,3,WND,GWND_01,2045,ELC,1176.1731
SUBSIDY,shungnak,electric,2045,fall,4,ELC,ELECT,2045,ELECD,16179.123
SUBSIDY,shungnak,electric,2045,fall,4,HYD,GHYD_01,2030,ELC,6057.5303
SUBSIDY,shungnak,electric,2045,fall,4,WND,GWND_01,2030,ELC,5330.8165
SUBSIDY,shungnak,electric,2045,fall,4,WND,GWND_01,2035,ELC,5330.8165
SUBSIDY,shungnak,electric,2045,fall,4,WND,GWND_01,2040,ELC,1522.4935
SUBSIDY,shungnak,electric,2045,fall,4,WND,GWND_01,2045,ELC,1142.9147
SUBSIDY,shungnak,electric,2045,fall,5,ELC,ELECT,2040,ELECD,16583.602
SUBSIDY,shungnak,electric,2045,fall,5,HYD,GHYD_01,2030,ELC,6057.5303
SUBSIDY,shungnak,electric,2045,fall,5,WND,GWND_01,2030,ELC,5516.9662
SUBSIDY,shungnak,electric,2045,fall,5,WND,GWND_01,2035,ELC,5516.9662
SUBSIDY,shungnak,electric,2045,fall,5,WND,GWND_01,2040,ELC,1575.6583
SUBSIDY,shungnak,electric,2045,fall,5,WND,GWND_01,2045,ELC,1182.8248
SUBSIDY,shungnak,electric,2045,fall,6,ELC,ELECT,2045,ELECD,17797.036
SUBSIDY,shungnak,electric,2045,fall,6,HYD,GHYD_01,2030,ELC,6057.5303
SUBSIDY,shungnak,electric,2045,fall,6,WND,GWND_01,2030,ELC,5418.4163
SUBSIDY,shungnak,electric,2045,fall,6,WND,GWND_01,2035,ELC,5418.4163
SUBSIDY,shungnak,electric,2045,fall,6,WND,GWND_01,2040,ELC,1547.5122
SUBSIDY,shungnak,electric,2045,fall,6,WND,GWND_01,2045,ELC,1161.696
SUBSIDY,shungnak,electric,2045,fall,7,ELC,ELECT,2040,ELECD,19414.948
SUBSIDY,shungnak,electric,2045,fall,7,HYD,GHYD_01,2030,ELC,6057.5303
SUBSIDY,shungnak,electric,2045,fall,7,SOL,GSOL_01,2025,ELC,30.599726
SUBSIDY,shungnak,electric,2045,fall,7,SOL,GSOL_01,2030,ELC,41.062434
SUBSIDY,shungnak,electric,2045,fall,7,SOL,GSOL_01,2035,ELC,27.935362
SUBSIDY,shungnak,electric,2045,fall,7,WND,GWND_01,2030,ELC,5401.9914
SUBSIDY,shungnak,electric,2045,fall,7,WND,GWND_01,2035,ELC,5401.9914
SUBSIDY,shungnak,electric,2045,fall,7,WND,GWND_01,2040,ELC,1542.8212
SUBSIDY,shungnak,electric,2045,fall,7,WND,GWND_01,2045,ELC,1158.1745
SUBSIDY,shungnak,electric,2045,fall,8,ELC,EBATT_01,2040,ELC,4058.118
SUBSIDY,shungnak,electric,2045,fall,8,ELC,ELECT,2030,ELECD,24875.402
SUBSIDY,shungnak,electric,2045,fall,8,HYD,GHYD_01,2030,ELC,6057.5303
SUBSIDY,shungnak,electric,2045,fall,8,SOL,GSOL_01,2025,ELC,295.79735
SUBSIDY,shungnak,electric,2045,fall,8,SOL,GSOL_01,2030,ELC,396.93686
SUBSIDY,shungnak,electric,2045,fall,8,SOL,GSOL_01,2035,ELC,270.04183
SUBSIDY,shungnak,electric,2045,fall,8,WND,GWND_01,2030,ELC,5518.7912
SUBSIDY,shungnak,electric,2045,fall,8,WND,GWND_01,2035,ELC,5518.7912
SUBSIDY,shungnak,electric,2045,fall,8,WND,GWND_01,2040,ELC,1576.1795
SUBSIDY,shungnak,electric,2045,fall,8,WND,GWND_01,2045,ELC,1183.2161
SUBSIDY,shungnak,electric,2045,fall,9,ELC,EBATT_01,2035,ELC,886.35592
SUBSIDY,shungnak,electric,2045,fall,9,ELC,EBATT_01,2040,ELC,2601.8467
SUBSIDY,shungnak,electric,2045,fall,9,ELC,ELECT,2040,ELECD,24875.402
SUBSIDY,shungnak,electric,2045,fall,9,HYD,GHYD_01,2030,ELC,6057.5303
SUBSIDY,shungnak,electric,2045,fall,9,SOL,GSOL_01,2025,ELC,630.69435
SUBSIDY,shungnak,electric,2045,fall,9,SOL,GSOL_01,2030,ELC,846.3424
SUBSIDY,shungnak,electric,2045,fall,9,SOL,GSOL_01,2035,ELC,575.77884
SUBSIDY,shungnak,electric,2045,fall,9,WND,GWND_01,2030,ELC,5310.7415
SUBSIDY,shungnak,electric,2045,fall,9,WND,GWND_01,2035,ELC,5310.7415
SUBSIDY,shungnak,electric,2045,fall,9,WND,GWND_01,2040,ELC,1516.76
SUBSIDY,shungnak,electric,2045,fall,9,WND,GWND_01,2045,ELC,1138.6107
SUBSIDY,shungnak,electric,2045,spring,0,ELC,EBATT_01,2035,ELC,1522.5299
SUBSIDY,shungnak,electric,2045,spring,0,ELC,ELECT,2030,ELECD,18403.753
SUBSIDY,shungnak,electric,2045,spring,0,HYD,GHYD_01,2030,ELC,4270.4932
SUBSIDY,shungnak,electric,2045,spring,0,WND,GWND_01,2030,ELC,5044.2919
SUBSIDY,shungnak,electric,2045,spring,0,WND,GWND_01,2035,ELC,5044.2919
SUBSIDY,shungnak,electric,2045,spring,0,WND,GWND_01,2040,ELC,1440.6614
SUBSIDY,shungnak,electric,2045,spring,0,WND,GWND_01,2045,ELC,1081.4845
SUBSIDY,shungnak,electric,2045,spring,1,ELC,EBATT_01,2035,ELC,1568.1549
SUBSIDY,shungnak,electric,2045,spring,1,ELC,ELECT,2030,ELECD,18403.753
SUBSIDY,shungnak,electric,2045,spring,1,HYD,GHYD_01,2030,ELC,4270.4932
SUBSIDY,shungnak,electric,2045,spring,1,WND,GWND_01,2030,ELC,5026.042
SUBSIDY,shungnak,electric,2045,spring,1,WND,GWND_01,2035,ELC,5026.042
SUBSIDY,shungnak,electric,2045,spring,1,WND,GWND_01,2040,ELC,1435.4492
SUBSIDY,shungnak,electric,2045,spring,1,WND,GWND_01,2045,ELC,1077.5718
SUBSIDY,shungnak,electric,2045,spring,10,ELC,ELECT,2045,ELECD,26897.793
SUBSIDY,shungnak,electric,2045,spring,10,HYD,GHYD_01,2030,ELC,4270.4932
SUBSIDY,shungnak,electric,2045,spring,10,SOL,GSOL_01,2025,ELC,6034.946
SUBSIDY,shungnak,electric,2045,spring,10,SOL,GSOL_01,2030,ELC,8098.4245
SUBSIDY,shungnak,electric,2045,spring,10,SOL,GSOL_01,2035,ELC,5509.4741
SUBSIDY,shungnak,electric,2045,spring,10,WND,GWND_01,2030,ELC,5004.142
SUBSIDY,shungnak,electric,2045,spring,10,WND,GWND_01,2035,ELC,5004.142
SUBSIDY,shungnak,electric,2045,spring,10,WND,GWND_01,2040,ELC,1429.1945
SUBSIDY,shungnak,electric,2045,spring,10,WND,GWND_01,2045,ELC,1072.8765
SUBSIDY,shungnak,electric,2045,spring,11,ELC,ELECT,2035,ELECD,27504.51
SUBSIDY,shungnak,electric,2045,spring,11,HYD,GHYD_01,2030,ELC,4270.4932
SUBSIDY,shungnak,electric,2045,spring,11,SOL,GSOL_01,2025,ELC,7507.1328
SUBSIDY,shungnak,electric,2045,spring,11,SOL,GSOL_01,2030,ELC,10073.984
SUBSIDY,shungnak,electric,2045,spring,11,SOL,GSOL_01,2035,ELC,6853.4754
SUBSIDY,shungnak,electric,2045,spring,11,WND,GWND_01,2030,ELC,4730.3924
SUBSIDY,shungnak,electric,2045,spring,11,WND,GWND_01,2035,ELC,4730.3924
SUBSIDY,shungnak,electric,2045,spring,11,WND,GWND_01,2040,ELC,1351.011
SUBSIDY,shungnak,electric,2045,spring,11,WND,GWND_01,2045,ELC,1014.1852
SUBSIDY,shungnak,electric,2045,spring,12,ELC,ELECT,2040,ELECD,26088.837
SUBSIDY,shungnak,electric,2045,spring,12,HYD,GHYD_01,2030,ELC,4270.4932
SUBSIDY,shungnak,electric,2045,spring,12,SOL,GSOL_01,2025,ELC,8202.4266
SUBSIDY,shungnak,electric,2045,spring,12,SOL,GSOL_01,2030,ELC,11007.014
SUBSIDY,shungnak,electric,2045,spring,12,SOL,GSOL_01,2035,ELC,7488.2289
SUBSIDY,shungnak,electric,2045,spring,12,WND,GWND_01,2030,ELC,4449.3429
SUBSIDY,shungnak,electric,2045,spring,12,WND,GWND_01,2035,ELC,4449.3429
SUBSIDY,shungnak,electric,2045,spring,12,WND,GWND_01,2040,ELC,1270.7426
SUBSIDY,shungnak,electric,2045,spring,12,WND,GWND_01,2045,ELC,953.92884
SUBSIDY,shungnak,electric,2045,spring,13,ELC,ELECT,2030,ELECD,25077.641
SUBSIDY,shungnak,electric,2045,spring,13,HYD,GHYD_01,2030,ELC,4270.4932
SUBSIDY,shungnak,electric,2045,spring,13,SOL,GSOL_01,2025,ELC,8622.3228
SUBSIDY,shungnak,electric,2045,spring,13,SOL,GSOL_01,2030,ELC,11570.481
SUBSIDY,shungnak,electric,2045,spring,13,SOL,GSOL_01,2035,ELC,7871.5641
SUBSIDY,shungnak,electric,2045,spring,13,WND,GWND_01,2030,ELC,3900.0188
SUBSIDY,shungnak,electric,2045,spring,13,WND,GWND_01,2035,ELC,3900.0188
SUBSIDY,shungnak,electric,2045,spring,13,WND,GWND_01,2040,ELC,1113.8544
SUBSIDY,shungnak,electric,2045,spring,13,WND,GWND_01,2045,ELC,836.15502
SUBSIDY,shungnak,electric,2045,spring,14,ELC,ELECT,2030,ELECD,25482.119
SUBSIDY,shungnak,electric,2045,spring,14,HYD,GHYD_01,2030,ELC,4270.4932
SUBSIDY,shungnak,electric,2045,spring,14,SOL,GSOL_01,2025,ELC,8588.3231
SUBSIDY,shungnak,electric,2045,spring,14,SOL,GSOL_01,2030,ELC,11524.857
SUBSIDY,shungnak,electric,2045,spring,14,SOL,GSOL_01,2035,ELC,7840.5249
SUBSIDY,shungnak,electric,2045,spring,14,WND,GWND_01,2030,ELC,3611.6692
SUBSIDY,shungnak,electric,2045,spring,14,WND,GWND_01,2035,ELC,3611.6692
SUBSIDY,shungnak,electric,2045,spring,14,WND,GWND_01,2040,ELC,1031.5011
SUBSIDY,shungnak,electric,2045,spring,14,WND,GWND_01,2045,ELC,774.33355
SUBSIDY,shungnak,electric,2045,spring,15,ELC,ELECT,2030,ELECD,25279.88
SUBSIDY,shungnak,electric,2045,spring,15,HYD,GHYD_01,2030,ELC,4270.4932
SUBSIDY,shungnak,electric,2045,spring,15,SOL,GSOL_01,2025,ELC,8088.5276
SUBSIDY,shungnak,electric,2045,spring,15,SOL,GSOL_01,2030,ELC,10854.17
SUBSIDY,shungnak,electric,2045,spring,15,SOL,GSOL_01,2035,ELC,7384.2473
SUBSIDY,shungnak,electric,2045,spring,15,WND,GWND_01,2030,ELC,3691.9691
SUBSIDY,shungnak,electric,2045,spring,15,WND,GWND_01,2035,ELC,3691.9691
SUBSIDY,shungnak,electric,2045,spring,15,WND,GWND_01,2040,ELC,1054.4349
SUBSIDY,shungnak,electric,2045,spring,15,WND,GWND_01,2045,ELC,791.54965
SUBSIDY,shungnak,electric,2045,spring,16,ELC,ELECT,2035,ELECD,26493.315
SUBSIDY,shungnak,electric,2045,spring,16,HYD,GHYD_01,2030,ELC,4270.4932
SUBSIDY,shungnak,electric,2045,spring,16,SOL,GSOL_01,2025,ELC,7024.3371
SUBSIDY,shungnak,electric,2045,spring,16,SOL,GSOL_01,2030,ELC,9426.1099
SUBSIDY,shungnak,electric,2045,spring,16,SOL,GSOL_01,2035,ELC,6412.7175
SUBSIDY,shungnak,electric,2045,spring,16,WND,GWND_01,2030,ELC,3989.4436
SUBSIDY,shungnak,electric,2045,spring,16,WND,GWND_01,2035,ELC,3989.4436
SUBSIDY,shungnak,electric,2045,spring,16,WND,GWND_01,2040,ELC,1139.3943
SUBSIDY,shungnak,electric,2045,spring,16,WND,GWND_01,2045,ELC,855.3275
SUBSIDY,shungnak,electric,2045,spring,17,ELC,ELECT,2035,ELECD,26493.315
SUBSIDY,shungnak,electric,2045,spring,17,HYD,GHYD_01,2030,ELC,4270.4932
SUBSIDY,shungnak,electric,2045,spring,17,SOL,GSOL_01,2025,ELC,5234.2531
SUBSIDY,shungnak,electric,2045,spring,17,SOL,GSOL_01,2030,ELC,7023.9575
SUBSIDY,shungnak,electric,2045,spring,17,SOL,GSOL_01,2035,ELC,4778.4988
SUBSIDY,shungnak,electric,2045,spring,17,WND,GWND_01,2030,ELC,4044.1935
SUBSIDY,shungnak,electric,2045,spring,17,WND,GWND_01,2035,ELC,4044.1935
SUBSIDY,shungnak,electric,2045,spring,17,WND,GWND_01,2040,ELC,1155.031
SUBSIDY,shungnak,electric,2045,spring,17,WND,GWND_01,2045,ELC,867.06576
SUBSIDY,shungnak,electric,2045,spring,18,ELC,EBATT_01,2045,ELC,61.471717
SUBSIDY,shungnak,electric,2045,spring,18,ELC,ELECT,2030,ELECD,25077.641
SUBSIDY,shungnak,electric,2045,spring,18,HYD,GHYD_01,2030,ELC,4270.4932
SUBSIDY,shungnak,electric,2045,spring,18,SOL,GSOL_01,2025,ELC,3172.1716
SUBSIDY,shungnak,electric,2045,spring,18,SOL,GSOL_01,2030,ELC,4256.8057
SUBSIDY,shungnak,electric,2045,spring,18,SOL,GSOL_01,2035,ELC,2895.9658
SUBSIDY,shungnak,electric,2045,spring,18,WND,GWND_01,2030,ELC,4168.2933
SUBSIDY,shungnak,electric,2045,spring,18,WND,GWND_01,2035,ELC,4168.2933
SUBSIDY,shungnak,electric,2045,spring,18,WND,GWND_01,2040,ELC,1190.4742
SUBSIDY,shungnak,electric,2045,spring,18,WND,GWND_01,2045,ELC,893.67247
SUBSIDY,shungnak,electric,2045,spring,19,ELC,EBATT_01,2040,ELC,4774.2543
SUBSIDY,shungnak,electric,2045,spring,19,ELC,ELECT,2045,ELECD,24268.685
SUBSIDY,shungnak,electric,2045,spring,19,HYD,GHYD_01,2030,ELC,4270.4932
SUBSIDY,shungnak,electric,2045,spring,19,SOL,GSOL_01,2025,ELC,1380.3876
SUBSIDY,shungnak,electric,2045,spring,19,SOL,GSOL_01,2030,ELC,1852.372
SUBSIDY,shungnak,electric,2045,spring,19,SOL,GSOL_01,2035,ELC,1260.1952
SUBSIDY,shungnak,electric,2045,spring,19,WND,GWND_01,2030,ELC,4292.3931
SUBSIDY,shungnak,electric,2045,spring,19,WND,GWND_01,2035,ELC,4292.3931
SUBSIDY,shungnak,electric,2045,spring,19,WND,GWND_01,2040,ELC,1225.9174
SUBSIDY,shungnak,electric,2045,spring,19,WND,GWND_01,2045,ELC,920.27918
SUBSIDY,shungnak,electric,2045,spring,2,ELC,EBATT_01,2035,ELC,1051.1982
SUBSIDY,shungnak,electric,2045,spring,2,ELC,ELECT,2030,ELECD,17594.797
SUBSIDY,shungnak,electric,2045,spring,2,HYD,GHYD_01,2030,ELC,4270.4932
SUBSIDY,shungnak,electric,2045,spring,2,WND,GWND_01,2030,ELC,4909.2421
SUBSIDY,shungnak,electric,2045,spring,2,WND,GWND_01,2035,ELC,4909.2421
SUBSIDY,shungnak,electric,2045,spring,2,WND,GWND_01,2040,ELC,1402.0909
SUBSIDY,shungnak,electric,2045,spring,2,WND,GWND_01,2045,ELC,1052.5302
SUBSIDY,shungnak,electric,2045,spring,20,ELC,EBATT_01,2040,ELC,7799.5904
SUBSIDY,shungnak,electric,2045,spring,20,ELC,ELECT,2030,ELECD,25077.641
SUBSIDY,shungnak,electric,2045,spring,20,HYD,GHYD_01,2030,ELC,4270.4932
SUBSIDY,shungnak,electric,2045,spring,20,SOL,GSOL_01,2025,ELC,503.19549
SUBSIDY,shungnak,electric,2045,spring,20,SOL,GSOL_01,2030,ELC,675.24892
SUBSIDY,shungnak,electric,2045,spring,20,SOL,GSOL_01,2035,ELC,459.3815
SUBSIDY,shungnak,electric,2045,spring,20,WND,GWND_01,2030,ELC,4547.8927
SUBSIDY,shungnak,electric,2045,spring,20,WND,GWND_01,2035,ELC,4547.8927
SUBSIDY,shungnak,electric,2045,spring,20,WND,GWND_01,2040,ELC,1298.8887
SUBSIDY,shungnak,electric,2045,spring,20,WND,GWND_01,2045,ELC,975.0577
SUBSIDY,shungnak,electric,2045,spring,21,ELC,EBATT_01,2035,ELC,7590.8354
SUBSIDY,shungnak,electric,2045,spring,21,ELC,ELECT,2030,ELECD,23661.968
SUBSIDY,shungnak,electric,2045,spring,21,HYD,GHYD_01,2030,ELC,4270.4932
SUBSIDY,shungnak,electric,2045,spring,21,SOL,GSOL_01,2025,ELC,219.29804
SUBSIDY,shungnak,electric,2045,spring,21,SOL,GSOL_01,2030,ELC,294.28078
SUBSIDY,shungnak,electric,2045,spring,21,SOL,GSOL_01,2035,ELC,200.20343
SUBSIDY,shungnak,electric,2045,spring,21,WND,GWND_01,2030,ELC,4434.7429
SUBSIDY,shungnak,electric,2045,spring,21,WND,GWND_01,2035,ELC,4434.7429
SUBSIDY,shungnak,electric,2045,spring,21,WND,GWND_01,2040,ELC,1266.5728
SUBSIDY,shungnak,electric,2045,spring,21,WND,GWND_01,2045,ELC,950.79864
SUBSIDY,shungnak,electric,2045,spring,22,ELC,EBATT_01,2040,ELC,6134.6177
SUBSIDY,shungnak,electric,2045,spring,22,ELC,ELECT,2040,ELECD,23055.251
SUBSIDY,shungnak,electric,2045,spring,22,HYD,GHYD_01,2030,ELC,4270.4932
SUBSIDY,shungnak,electric,2045,spring,22,SOL,GSOL_01,2025,ELC,84.999239
SUBSIDY,shungnak,electric,2045,spring,22,SOL,GSOL_01,2030,ELC,114.06232
SUBSIDY,shungnak,electric,2045,spring,22,SOL,GSOL_01,2035,ELC,77.598227
SUBSIDY,shungnak,electric,2045,spring,22,WND,GWND_01,2030,ELC,4949.3921
SUBSIDY,shungnak,electric,2045,spring,22,WND,GWND_01,2035,ELC,4949.3921
SUBSIDY,shungnak,electric,2045,spring,22,WND,GWND_01,2040,ELC,1413.5578
SUBSIDY,shungnak,electric,2045,spring,22,WND,GWND_01,2045,ELC,1061.1382
SUBSIDY,shungnak,electric,2045,spring,23,ELC,EBATT_01,2040,ELC,4498.1625
SUBSIDY,shungnak,electric,2045,spring,23,ELC,ELECT,2035,ELECD,21437.339
SUBSIDY,shungnak,electric,2045,spring,23,HYD,GHYD_01,2030,ELC,4270.4932
SUBSIDY,shungnak,electric,2045,spring,23,SOL,GSOL_01,2025,ELC,13.599878
SUBSIDY,shungnak,electric,2045,spring,23,SOL,GSOL_01,2030,ELC,18.249971
SUBSIDY,shungnak,electric,2045,spring,23,SOL,GSOL_01,2035,ELC,12.415716
SUBSIDY,shungnak,electric,2045,spring,23,WND,GWND_01,2030,ELC,5049.7669
SUBSIDY,shungnak,electric,2045,spring,23,WND,GWND_01,2035,ELC,5049.7669
SUBSIDY,shungnak,electric,2045,spring,23,WND,GWND_01,2040,ELC,1442.2251
SUBSIDY,shungnak,electric,2045,spring,23,WND,GWND_01,2045,ELC,1082.6584
SUBSIDY,shungnak,electric,2045,spring,3,ELC,EBATT_01,2035,ELC,439.82419
SUBSIDY,shungnak,electric,2045,spring,3,ELC,ELECT,2045,ELECD,17594.797
SUBSIDY,shungnak,electric,2045,spring,3,HYD,GHYD_01,2030,ELC,4270.4932
SUBSIDY,shungnak,electric,2045,spring,3,WND,GWND_01,2030,ELC,5153.7918
SUBSIDY,shungnak,electric,2045,spring,3,WND,GWND_01,2035,ELC,5153.7918
SUBSIDY,shungnak,electric,2045,spring,3,WND,GWND_01,2040,ELC,1471.9348
SUBSIDY,shungnak,electric,2045,spring,3,WND,GWND_01,2045,ELC,1104.9611
SUBSIDY,shungnak,electric,2045,spring,4,ELC,ELECT,2040,ELECD,17797.036
SUBSIDY,shungnak,electric,2045,spring,4,HYD,GHYD_01,2030,ELC,4270.4932
SUBSIDY,shungnak,electric,2045,spring,4,SOL,GSOL_01,2025,ELC,20.399817
SUBSIDY,shungnak,electric,2045,spring,4,SOL,GSOL_01,2030,ELC,27.374956
SUBSIDY,shungnak,electric,2045,spring,4,SOL,GSOL_01,2035,ELC,18.623574
SUBSIDY,shungnak,electric,2045,spring,4,WND,GWND_01,2030,ELC,5348.9447
SUBSIDY,shungnak,electric,2045,spring,4,WND,GWND_01,2035,ELC,5407.4663
SUBSIDY,shungnak,electric,2045,spring,4,WND,GWND_01,2040,ELC,1544.3849
SUBSIDY,shungnak,electric,2045,spring,4,WND,GWND_01,2045,ELC,1159.3483
SUBSIDY,shungnak,electric,2045,spring,5,ELC,ELECT,2040,ELECD,18201.514
SUBSIDY,shungnak,electric,2045,spring,5,HYD,GHYD_01,2030,ELC,4270.4932
SUBSIDY,shungnak,electric,2045,spring,5,SOL,GSOL_01,2025,ELC,90.099193
SUBSIDY,shungnak,electric,2045,spring,5,SOL,GSOL_01,2030,ELC,120.90606
SUBSIDY,shungnak,electric,2045,spring,5,WND,GWND_01,2030,ELC,5646.541
SUBSIDY,shungnak,electric,2045,spring,5,WND,GWND_01,2035,ELC,5646.541
SUBSIDY,shungnak,electric,2045,spring,5,WND,GWND_01,2040,ELC,1612.6651
SUBSIDY,shungnak,electric,2045,spring,5,WND,GWND_01,2045,ELC,814.26839
SUBSIDY,shungnak,electric,2045,spring,6,ELC,ELECT,2045,ELECD,18605.992
SUBSIDY,shungnak,electric,2045,spring,6,HYD,GHYD_01,2030,ELC,4270.4932
SUBSIDY,shungnak,electric,2045,spring,6,SOL,GSOL_01,2025,ELC,302.59729
SUBSIDY,shungnak,electric,2045,spring,6,SOL,GSOL_01,2030,ELC,406.06185
SUBSIDY,shungnak,electric,2045,spring,6,WND,GWND_01,2030,ELC,5701.2909
SUBSIDY,shungnak,electric,2045,spring,6,WND,GWND_01,2035,ELC,5701.2909
SUBSIDY,shungnak,electric,2045,spring,6,WND,GWND_01,2040,ELC,1628.3018
SUBSIDY,shungnak,electric,2045,spring,6,WND,GWND_01,2045,ELC,1222.3436
SUBSIDY,shungnak,electric,2045,spring,7,ELC,ELECT,2035,ELECD,20426.143
SUBSIDY,shungnak,electric,2045,spring,7,HYD,GHYD_01,2030,ELC,4270.4932
SUBSIDY,shungnak,electric,2045,spring,7,SOL,GSOL_01,2025,ELC,972.39129
SUBSIDY,shungnak,electric,2045,spring,7,SOL,GSOL_01,2030,ELC,1304.8729
SUBSIDY,shungnak,electric,2045,spring,7,SOL,GSOL_01,2035,ELC,204.59535
SUBSIDY,shungnak,electric,2045,spring,7,WND,GWND_01,2030,ELC,5469.5162
SUBSIDY,shungnak,electric,2045,spring,7,WND,GWND_01,2035,ELC,5469.5162
SUBSIDY,shungnak,electric,2045,spring,7,WND,GWND_01,2040,ELC,1562.1065
SUBSIDY,shungnak,electric,2045,spring,7,WND,GWND_01,2045,ELC,1172.6517
SUBSIDY,shungnak,electric,2045,spring,8,ELC,ELECT,2035,ELECD,24268.685
SUBSIDY,shungnak,electric,2045,spring,8,HYD,GHYD_01,2030,ELC,4270.4932
SUBSIDY,shungnak,electric,2045,spring,8,SOL,GSOL_01,2025,ELC,2264.3797
SUBSIDY,shungnak,electric,2045,spring,8,SOL,GSOL_01,2030,ELC,3038.6201
SUBSIDY,shungnak,electric,2045,spring,8,SOL,GSOL_01,2035,ELC,2067.2168
SUBSIDY,shungnak,electric,2045,spring,8,WND,GWND_01,2030,ELC,5695.8159
SUBSIDY,shungnak,electric,2045,spring,8,WND,GWND_01,2035,ELC,4084.2515
SUBSIDY,shungnak,electric,2045,spring,8,WND,GWND_01,2040,ELC,1626.7382
SUBSIDY,shungnak,electric,2045,spring,8,WND,GWND_01,2045,ELC,1221.1698
SUBSIDY,shungnak,electric,2045,spring,9,ELC,ELECT,2035,ELECD,24875.402
SUBSIDY,shungnak,electric,2045,spring,9,HYD,GHYD_01,2030,ELC,4270.4932
SUBSIDY,shungnak,electric,2045,spring,9,SOL,GSOL_01,2025,ELC,4188.7625
SUBSIDY,shungnak,electric,2045,spring,9,SOL,GSOL_01,2030,ELC,5620.991
SUBSIDY,shungnak,electric,2045,spring,9,SOL,GSOL_01,2035,ELC,3824.0406
SUBSIDY,shungnak,electric,2045,spring,9,WND,GWND_01,2030,ELC,5086.2669
SUBSIDY,shungnak,electric,2045,spring,9,WND,GWND_01,2040,ELC,1314.4504
SUBSIDY,shungnak,electric,2045,spring,9,WND,GWND_01,2045,ELC,1090.4839
SUBSIDY,shungnak,electric,2045,summer,0,ELC,ELECT,2035,ELECD,13752.255
SUBSIDY,shungnak,electric,2045,summer,0,HYD,GHYD_01,2030,ELC,10853.623
SUBSIDY,shungnak,electric,2045,summer,0,SOL,GSOL_01,2025,ELC,16.999848
SUBSIDY,shungnak,electric,2045,summer,0,SOL,GSOL_01,2030,ELC,22.812463
SUBSIDY,shungnak,electric,2045,summer,0,SOL,GSOL_01,2035,ELC,15.519645
SUBSIDY,shungnak,electric,2045,summer,0,WND,GWND_01,2030,ELC,1290.2729
SUBSIDY,shungnak,electric,2045,summer,0,WND,GWND_01,2035,ELC,1290.2729
SUBSIDY,shungnak,electric,2045,summer,0,WND,GWND_01,2040,ELC,368.50493
SUBSIDY,shungnak,electric,2045,summer,0,WND,GWND_01,2045,ELC,276.63154
SUBSIDY,shungnak,electric,2045,summer,1,ELC,ELECT,2040,ELECD,12538.821
SUBSIDY,shungnak,electric,2045,summer,1,HYD,GHYD_01,2030,ELC,10853.623
SUBSIDY,shungnak,electric,2045,summer,1,WND,GWND_01,2030,ELC,1020.1734
SUBSIDY,shungnak,electric,2045,summer,1,WND,GWND_01,2035,ELC,1020.1734
SUBSIDY,shungnak,electric,2045,summer,1,WND,GWND_01,2040,ELC,291.36387
SUBSIDY,shungnak,electric,2045,summer,1,WND,GWND_01,2045,ELC,218.72282
SUBSIDY,shungnak,electric,2045,summer,10,ELC,ELECT,2030,ELECD,15370.167
SUBSIDY,shungnak,electric,2045,summer,10,HYD,GHYD_01,2030,ELC,10853.623
SUBSIDY,shungnak,electric,2045,summer,10,SOL,GSOL_01,2025,ELC,5400.8516
SUBSIDY,shungnak,electric,2045,summer,10,SOL,GSOL_01,2030,ELC,7247.5197
SUBSIDY,shungnak,electric,2045,summer,10,SOL,GSOL_01,2035,ELC,4930.5913
SUBSIDY,shungnak,electric,2045,summer,10,WND,GWND_01,2030,ELC,875.9986
SUBSIDY,shungnak,electric,2045,summer,10,WND,GWND_01,2035,ELC,875.9986
SUBSIDY,shungnak,electric,2045,summer,10,WND,GWND_01,2040,ELC,250.18722
SUBSIDY,shungnak,electric,2045,summer,10,WND,GWND_01,2045,ELC,187.81208
SUBSIDY,shungnak,electric,2045,summer,11,ELC,ELECT,2045,ELECD,15774.645
SUBSIDY,shungnak,electric,2045,summer,11,HYD,GHYD_01,2030,ELC,10853.623
SUBSIDY,shungnak,electric,2045,summer,11,SOL,GSOL_01,2025,ELC,6448.0423
SUBSIDY,shungnak,electric,2045,summer,11,SOL,GSOL_01,2030,ELC,8652.7674
SUBSIDY,shungnak,electric,2045,summer,11,SOL,GSOL_01,2035,ELC,5886.6015
SUBSIDY,shungnak,electric,2045,summer,11,WND,GWND_01,2030,ELC,762.84878
SUBSIDY,shungnak,electric,2045,summer,11,WND,GWND_01,2035,ELC,762.84878
SUBSIDY,shungnak,electric,2045,summer,11,WND,GWND_01,2040,ELC,217.87137
SUBSIDY,shungnak,electric,2045,summer,11,WND,GWND_01,2045,ELC,163.55302
SUBSIDY,shungnak,electric,2045,summer,12,ELC,ELECT,2045,ELECD,15370.167
SUBSIDY,shungnak,electric,2045,summer,12,HYD,GHYD_01,2030,ELC,10853.623
SUBSIDY,shungnak,electric,2045,summer,12,SOL,GSOL_01,2025,ELC,7219.8354
SUBSIDY,shungnak,electric,2045,summer,12,SOL,GSOL_01,2030,ELC,9688.4532
SUBSIDY,shungnak,electric,2045,summer,12,SOL,GSOL_01,2035,ELC,6591.1934
SUBSIDY,shungnak,electric,2045,summer,12,WND,GWND_01,2030,ELC,751.8988
SUBSIDY,shungnak,electric,2045,summer,12,WND,GWND_01,2035,ELC,751.8988
SUBSIDY,shungnak,electric,2045,summer,12,WND,GWND_01,2040,ELC,214.74403
SUBSIDY,shungnak,electric,2045,summer,12,WND,GWND_01,2045,ELC,161.20537
SUBSIDY,shungnak,electric,2045,summer,13,ELC,ELECT,2045,ELECD,15167.928
SUBSIDY,shungnak,electric,2045,summer,13,HYD,GHYD_01,2030,ELC,10853.623
SUBSIDY,shungnak,electric,2045,summer,13,SOL,GSOL_01,2025,ELC,7593.832
SUBSIDY,shungnak,electric,2045,summer,13,SOL,GSOL_01,2030,ELC,10190.327
SUBSIDY,shungnak,electric,2045,summer,13,SOL,GSOL_01,2035,ELC,6932.6256
SUBSIDY,shungnak,electric,2045,summer,13,WND,GWND_01,2030,ELC,797.52372
SUBSIDY,shungnak,electric,2045,summer,13,WND,GWND_01,2035,ELC,797.52372
SUBSIDY,shungnak,electric,2045,summer,13,WND,GWND_01,2040,ELC,227.77462
SUBSIDY,shungnak,electric,2045,summer,13,WND,GWND_01,2045,ELC,170.98725
SUBSIDY,shungnak,electric,2045,summer,14,ELC,ELECT,2040,ELECD,14965.689
SUBSIDY,shungnak,electric,2045,summer,14,HYD,GHYD_01,2030,ELC,10853.623
SUBSIDY,shungnak,electric,2045,summer,14,SOL,GSOL_01,2025,ELC,7804.6301
SUBSIDY,shungnak,electric,2045,summer,14,SOL,GSOL_01,2030,ELC,10473.202
SUBSIDY,shungnak,electric,2045,summer,14,SOL,GSOL_01,2035,ELC,7125.0692
SUBSIDY,shungnak,electric,2045,summer,14,WND,GWND_01,2030,ELC,865.04862
SUBSIDY,shungnak,electric,2045,summer,14,WND,GWND_01,2035,ELC,865.04862
SUBSIDY,shungnak,electric,2045,summer,14,WND,GWND_01,2040,ELC,247.05988
SUBSIDY,shungnak,electric,2045,summer,14,WND,GWND_01,2045,ELC,185.46443
SUBSIDY,shungnak,electric,2045,summer,15,ELC,ELECT,2035,ELECD,15572.406
SUBSIDY,shungnak,electric,2045,summer,15,HYD,GHYD_01,2030,ELC,10853.623
SUBSIDY,shungnak,electric,2045,summer,15,SOL,GSOL_01,2025,ELC,7031.1371
SUBSIDY,shungnak,electric,2045,summer,15,SOL,GSOL_01,2030,ELC,9435.2349
SUBSIDY,shungnak,electric,2045,summer,15,SOL,GSOL_01,2035,ELC,6418.9253
SUBSIDY,shungnak,electric,2045,summer,15,WND,GWND_01,2030,ELC,766.49877
SUBSIDY,shungnak,electric,2045,summer,15,WND,GWND_01,2035,ELC,766.49877
SUBSIDY,shungnak,electric,2045,summer,15,WND,GWND_01,2040,ELC,218.91382
SUBSIDY,shungnak,electric,2045,summer,15,WND,GWND_01,2045,ELC,164.33557
SUBSIDY,shungnak,electric,2045,summer,16,ELC,ELECT,2040,ELECD,17392.558
SUBSIDY,shungnak,electric,2045,summer,16,HYD,GHYD_01,2030,ELC,10853.623
SUBSIDY,shungnak,electric,2045,summer,16,SOL,GSOL_01,2025,ELC,6480.342
SUBSIDY,shungnak,electric,2045,summer,16,SOL,GSOL_01,2030,ELC,8696.1111
SUBSIDY,shungnak,electric,2045,summer,16,SOL,GSOL_01,2035,ELC,5916.0888
SUBSIDY,shungnak,electric,2045,summer,16,WND,GWND_01,2030,ELC,625.974
SUBSIDY,shungnak,electric,2045,summer,16,WND,GWND_01,2035,ELC,625.974
SUBSIDY,shungnak,electric,2045,summer,16,WND,GWND_01,2040,ELC,178.77962
SUBSIDY,shungnak,electric,2045,summer,16,WND,GWND_01,2045,ELC,134.20738
SUBSIDY,shungnak,electric,2045,summer,17,ELC,ELECT,2045,ELECD,17797.036
SUBSIDY,shungnak,electric,2045,summer,17,HYD,GHYD_01,2030,ELC,10853.623
SUBSIDY,shungnak,electric,2045,summer,17,SOL,GSOL_01,2025,ELC,5375.3519
SUBSIDY,shungnak,electric,2045,summer,17,SOL,GSOL_01,2030,ELC,7213.301
SUBSIDY,shungnak,electric,2045,summer,17,SOL,GSOL_01,2035,ELC,4907.3119
SUBSIDY,shungnak,electric,2045,summer,17,WND,GWND_01,2030,ELC,697.14888
SUBSIDY,shungnak,electric,2045,summer,17,WND,GWND_01,2035,ELC,697.14888
SUBSIDY,shungnak,electric,2045,summer,17,WND,GWND_01,2040,ELC,199.10733
SUBSIDY,shungnak,electric,2045,summer,17,WND,GWND_01,2045,ELC,149.46711
SUBSIDY,shungnak,electric,2045,summer,18,ELC,ELECT,2030,ELECD,15976.884
SUBSIDY,shungnak,electric,2045,summer,18,HYD,GHYD_01,2030,ELC,10853.623
SUBSIDY,shungnak,electric,2045,summer,18,SOL,GSOL_01,2025,ELC,3833.4657
SUBSIDY,shungnak,electric,2045,summer,18,SOL,GSOL_01,2030,ELC,5144.2105
SUBSIDY,shungnak,electric,2045,summer,18,SOL,GSOL_01,2035,ELC,3499.68
SUBSIDY,shungnak,electric,2045,summer,18,WND,GWND_01,2030,ELC,925.27352
SUBSIDY,shungnak,electric,2045,summer,18,WND,GWND_01,2035,ELC,925.27352
SUBSIDY,shungnak,electric,2045,summer,18,WND,GWND_01,2040,ELC,264.26025
SUBSIDY,shungnak,electric,2045,summer,18,WND,GWND_01,2045,ELC,198.37651
SUBSIDY,shungnak,electric,2045,summer,19,ELC,ELECT,2040,ELECD,15572.406
SUBSIDY,shungnak,electric,2045,summer,19,HYD,GHYD_01,2030,ELC,10853.623
SUBSIDY,shungnak,electric,2045,summer,19,SOL,GSOL_01,2025,ELC,2233.78
SUBSIDY,shungnak,electric,2045,summer,19,SOL,GSOL_01,2030,ELC,2997.5577
SUBSIDY,shungnak,electric,2045,summer,19,SOL,GSOL_01,2035,ELC,2039.2814
SUBSIDY,shungnak,electric,2045,summer,19,WND,GWND_01,2030,ELC,799.34872
SUBSIDY,shungnak,electric,2045,summer,19,WND,GWND_01,2035,ELC,799.34872
SUBSIDY,shungnak,electric,2045,summer,19,WND,GWND_01,2040,ELC,228.29584
SUBSIDY,shungnak,electric,2045,summer,19,WND,GWND_01,2045,ELC,171.37852
SUBSIDY,shungnak,electric,2045,summer,2,ELC,ELECT,2035,ELECD,12336.582
SUBSIDY,shungnak,electric,2045,summer,2,HYD,GHYD_01,2030,ELC,10853.623
SUBSIDY,shungnak,electric,2045,summer,2,WND,GWND_01,2030,ELC,934.3985
SUBSIDY,shungnak,electric,2045,summer,2,WND,GWND_01,2035,ELC,934.3985
SUBSIDY,shungnak,electric,2045,summer,2,WND,GWND_01,2040,ELC,266.86637
SUBSIDY,shungnak,electric,2045,summer,2,WND,GWND_01,2045,ELC,200.33288
SUBSIDY,shungnak,electric,2045,summer,20,ELC,ELECT,2030,ELECD,15572.406
SUBSIDY,shungnak,electric,2045,summer,20,HYD,GHYD_01,2030,ELC,10853.623
SUBSIDY,shungnak,electric,2045,summer,20,SOL,GSOL_01,2025,ELC,1157.6896
SUBSIDY,shungnak,electric,2045,summer,20,SOL,GSOL_01,2030,ELC,1553.5288
SUBSIDY,shungnak,electric,2045,summer,20,SOL,GSOL_01,2035,ELC,1056.8879
SUBSIDY,shungnak,electric,2045,summer,20,WND,GWND_01,2030,ELC,985.49842
SUBSIDY,shungnak,electric,2045,summer,20,WND,GWND_01,2035,ELC,985.49842
SUBSIDY,shungnak,electric,2045,summer,20,WND,GWND_01,2040,ELC,281.46062
SUBSIDY,shungnak,electric,2045,summer,20,WND,GWND_01,2045,ELC,211.28859
SUBSIDY,shungnak,electric,2045,summer,21,ELC,ELECT,2035,ELECD,14358.972
SUBSIDY,shungnak,electric,2045,summer,21,HYD,GHYD_01,2030,ELC,10853.623
SUBSIDY,shungnak,electric,2045,summer,21,SOL,GSOL_01,2025,ELC,526.99528
SUBSIDY,shungnak,electric,2045,summer,21,SOL,GSOL_01,2030,ELC,707.18637
SUBSIDY,shungnak,electric,2045,summer,21,SOL,GSOL_01,2035,ELC,481.10901
SUBSIDY,shungnak,electric,2045,summer,21,WND,GWND_01,2030,ELC,1419.8477
SUBSIDY,shungnak,electric,2045,summer,21,WND,GWND_01,2035,ELC,1419.8477
SUBSIDY,shungnak,electric,2045,summer,21,WND,GWND_01,2040,ELC,405.51179
SUBSIDY,shungnak,electric,2045,summer,21,WND,GWND_01,2045,ELC,304.41208
SUBSIDY,shungnak,electric,2045,summer,22,ELC,ELECT,2040,ELECD,14358.972
SUBSIDY,shungnak,electric,2045,summer,22,HYD,GHYD_01,2030,ELC,10853.623
SUBSIDY,shungnak,electric,2045,summer,22,SOL,GSOL_01,2025,ELC,317.89715
SUBSIDY,shungnak,electric,2045,summer,22,SOL,GSOL_01,2030,ELC,426.59307
SUBSIDY,shungnak,electric,2045,summer,22,SOL,GSOL_01,2035,ELC,290.21737
SUBSIDY,shungnak,electric,2045,summer,22,WND,GWND_01,2030,ELC,1385.1728
SUBSIDY,shungnak,electric,2045,summer,22,WND,GWND_01,2035,ELC,1385.1728
SUBSIDY,shungnak,electric,2045,summer,22,WND,GWND_01,2040,ELC,395.60854
SUBSIDY,shungnak,electric,2045,summer,22,WND,GWND_01,2045,ELC,296.97785
SUBSIDY,shungnak,electric,2045,summer,23,ELC,ELECT,2030,ELECD,14156.733
SUBSIDY,shungnak,electric,2045,summer,23,HYD,GHYD_01,2030,ELC,10853.623
SUBSIDY,shungnak,electric,2045,summer,23,SOL,GSOL_01,2025,ELC,93.499163
SUBSIDY,shungnak,electric,2045,summer,23,SOL,GSOL_01,2030,ELC,125.46855
SUBSIDY,shungnak,electric,2045,summer,23,SOL,GSOL_01,2035,ELC,85.35805
SUBSIDY,shungnak,electric,2045,summer,23,WND,GWND_01,2030,ELC,1520.2226
SUBSIDY,shungnak,electric,2045,summer,23,WND,GWND_01,2035,ELC,1520.2226
SUBSIDY,shungnak,electric,2045,summer,23,WND,GWND_01,2040,ELC,434.17907
SUBSIDY,shungnak,electric,2045,summer,23,WND,GWND_01,2045,ELC,325.93221
SUBSIDY,shungnak,electric,2045,summer,3,ELC,ELECT,2030,ELECD,11527.625
SUBSIDY,shungnak,electric,2045,summer,3,HYD,GHYD_01,2030,ELC,10853.623
SUBSIDY,shungnak,electric,2045,summer,3,SOL,GSOL_01,2025,ELC,20.399817
SUBSIDY,shungnak,electric,2045,summer,3,SOL,GSOL_01,2035,ELC,18.623574
SUBSIDY,shungnak,electric,2045,summer,3,WND,GWND_01,2030,ELC,1067.6233
SUBSIDY,shungnak,electric,2045,summer,3,WND,GWND_01,2035,ELC,1067.6233
SUBSIDY,shungnak,electric,2045,summer,3,WND,GWND_01,2040,ELC,304.91568
SUBSIDY,shungnak,electric,2045,summer,3,WND,GWND_01,2045,ELC,228.89597
SUBSIDY,shungnak,electric,2045,summer,4,ELC,ELECT,2045,ELECD,11325.386
SUBSIDY,shungnak,electric,2045,summer,4,HYD,GHYD_01,2030,ELC,10853.623
SUBSIDY,shungnak,electric,2045,summer,4,SOL,GSOL_01,2025,ELC,130.89883
SUBSIDY,shungnak,electric,2045,summer,4,SOL,GSOL_01,2030,ELC,175.65597
SUBSIDY,shungnak,electric,2045,summer,4,SOL,GSOL_01,2035,ELC,119.50127
SUBSIDY,shungnak,electric,2045,summer,4,WND,GWND_01,2030,ELC,1091.3483
SUBSIDY,shungnak,electric,2045,summer,4,WND,GWND_01,2035,ELC,1091.3483
SUBSIDY,shungnak,electric,2045,summer,4,WND,GWND_01,2040,ELC,311.69158
SUBSIDY,shungnak,electric,2045,summer,4,WND,GWND_01,2045,ELC,233.98255
SUBSIDY,shungnak,electric,2045,summer,5,ELC,ELECT,2030,ELECD,11325.386
SUBSIDY,shungnak,electric,2045,summer,5,HYD,GHYD_01,2030,ELC,10853.623
SUBSIDY,shungnak,electric,2045,summer,5,SOL,GSOL_01,2025,ELC,253.29773
SUBSIDY,shungnak,electric,2045,summer,5,SOL,GSOL_01,2030,ELC,339.90571
SUBSIDY,shungnak,electric,2045,summer,5,SOL,GSOL_01,2035,ELC,231.24272
SUBSIDY,shungnak,electric,2045,summer,5,WND,GWND_01,2030,ELC,1131.4982
SUBSIDY,shungnak,electric,2045,summer,5,WND,GWND_01,2035,ELC,1131.4982
SUBSIDY,shungnak,electric,2045,summer,5,WND,GWND_01,2040,ELC,323.15849
SUBSIDY,shungnak,electric,2045,summer,5,WND,GWND_01,2045,ELC,242.5906
SUBSIDY,shungnak,electric,2045,summer,6,ELC,ELECT,2045,ELECD,12134.343
SUBSIDY,shungnak,electric,2045,summer,6,HYD,GHYD_01,2030,ELC,10853.623
SUBSIDY,shungnak,electric,2045,summer,6,SOL,GSOL_01,2025,ELC,642.59425
SUBSIDY,shungnak,electric,2045,summer,6,SOL,GSOL_01,2030,ELC,862.31112
SUBSIDY,shungnak,electric,2045,summer,6,SOL,GSOL_01,2035,ELC,586.6426
SUBSIDY,shungnak,electric,2045,summer,6,WND,GWND_01,2030,ELC,1014.6984
SUBSIDY,shungnak,electric,2045,summer,6,WND,GWND_01,2035,ELC,1014.6984
SUBSIDY,shungnak,electric,2045,summer,6,WND,GWND_01,2040,ELC,289.8002
SUBSIDY,shungnak,electric,2045,summer,6,WND,GWND_01,2045,ELC,217.54899
SUBSIDY,shungnak,electric,2045,summer,7,ELC,ELECT,2030,ELECD,12336.582
SUBSIDY,shungnak,electric,2045,summer,7,HYD,GHYD_01,2030,ELC,10853.623
SUBSIDY,shungnak,electric,2045,summer,7,SOL,GSOL_01,2025,ELC,1538.4862
SUBSIDY,shungnak,electric,2045,summer,7,SOL,GSOL_01,2030,ELC,2064.5279
SUBSIDY,shungnak,electric,2045,summer,7,SOL,GSOL_01,2035,ELC,1404.5279
SUBSIDY,shungnak,electric,2045,summer,7,WND,GWND_01,2030,ELC,843.14865
SUBSIDY,shungnak,electric,2045,summer,7,WND,GWND_01,2035,ELC,843.14865
SUBSIDY,shungnak,electric,2045,summer,7,WND,GWND_01,2040,ELC,240.8052
SUBSIDY,shungnak,electric,2045,summer,7,WND,GWND_01,2045,ELC,180.76912
SUBSIDY,shungnak,electric,2045,summer,8,ELC,ELECT,2035,ELECD,12741.06
SUBSIDY,shungnak,electric,2045,summer,8,HYD,GHYD_01,2030,ELC,10853.623
SUBSIDY,shungnak,electric,2045,summer,8,SOL,GSOL_01,2025,ELC,3014.073
SUBSIDY,shungnak,electric,2045,summer,8,SOL,GSOL_01,2030,ELC,4044.6498
SUBSIDY,shungnak,electric,2045,summer,8,SOL,GSOL_01,2035,ELC,2751.6331
SUBSIDY,shungnak,electric,2045,summer,8,WND,GWND_01,2030,ELC,866.87361
SUBSIDY,shungnak,electric,2045,summer,8,WND,GWND_01,2035,ELC,866.87361
SUBSIDY,shungnak,electric,2045,summer,8,WND,GWND_01,2040,ELC,247.5811
SUBSIDY,shungnak,electric,2045,summer,8,WND,GWND_01,2045,ELC,185.8557
SUBSIDY,shungnak,electric,2045,summer,9,ELC,ELECT,2035,ELECD,13145.538
SUBSIDY,shungnak,electric,2045,summer,9,HYD,GHYD_01,2030,ELC,10853.623
SUBSIDY,shungnak,electric,2045,summer,9,SOL,GSOL_01,2025,ELC,4117.3631
SUBSIDY,shungnak,electric,2045,summer,9,SOL,GSOL_01,2030,ELC,5525.1787
SUBSIDY,shungnak,electric,2045,summer,9,SOL,GSOL_01,2035,ELC,3758.8581
SUBSIDY,shungnak,electric,2045,summer,9,WND,GWND_01,2030,ELC,812.1237
SUBSIDY,shungnak,electric,2045,summer,9,WND,GWND_01,2035,ELC,812.1237
SUBSIDY,shungnak,electric,2045,summer,9,WND,GWND_01,2040,ELC,231.9444
SUBSIDY,shungnak,electric,2045,summer,9,WND,GWND_01,2045,ELC,174.11745
SUBSIDY,shungnak,electric,2045,winter,0,ELC,EBATT_01,2035,ELC,8260.1821
SUBSIDY,shungnak,electric,2045,winter,0,ELC,ELECT,2040,ELECD,23055.251
SUBSIDY,shungnak,electric,2045,winter,0,HYD,GHYD_01,2030,ELC,1011.7784
SUBSIDY,shungnak,electric,2045,winter,0,WND,GWND_01,2030,ELC,5513.3162
SUBSIDY,shungnak,electric,2045,winter,0,WND,GWND_01,2035,ELC,5513.3162
SUBSIDY,shungnak,electric,2045,winter,0,WND,GWND_01,2040,ELC,1574.6158
SUBSIDY,shungnak,electric,2045,winter,0,WND,GWND_01,2045,ELC,1182.0423
SUBSIDY,shungnak,electric,2045,winter,1,ELC,EBATT_01,2035,ELC,7788.756
SUBSIDY,shungnak,electric,2045,winter,1,ELC,ELECT,2035,ELECD,22853.012
SUBSIDY,shungnak,electric,2045,winter,1,HYD,GHYD_01,2030,ELC,1011.7784
SUBSIDY,shungnak,electric,2045,winter,1,WND,GWND_01,2030,ELC,5620.991
SUBSIDY,shungnak,electric,2045,winter,1,WND,GWND_01,2035,ELC,5620.991
SUBSIDY,shungnak,electric,2045,winter,1,WND,GWND_01,2040,ELC,1605.368
SUBSIDY,shungnak,electric,2045,winter,1,WND,GWND_01,2045,ELC,1205.1275
SUBSIDY,shungnak,electric,2045,winter,10,ELC,EBATT_01,2045,ELC,14058.495
SUBSIDY,shungnak,electric,2045,winter,10,ELC,ELECT,2045,ELECD,29324.661
SUBSIDY,shungnak,electric,2045,winter,10,HYD,GHYD_01,2030,ELC,1011.7784
SUBSIDY,shungnak,electric,2045,winter,10,SOL,GSOL_01,2025,ELC,193.79826
SUBSIDY,shungnak,electric,2045,winter,10,SOL,GSOL_01,2030,ELC,260.06208
SUBSIDY,shungnak,electric,2045,winter,10,SOL,GSOL_01,2035,ELC,176.92396
SUBSIDY,shungnak,electric,2045,winter,10,WND,GWND_01,2030,ELC,5449.4413
SUBSIDY,shungnak,electric,2045,winter,10,WND,GWND_01,2035,ELC,5449.4413
SUBSIDY,shungnak,electric,2045,winter,10,WND,GWND_01,2040,ELC,1556.373
SUBSIDY,shungnak,electric,2045,winter,10,WND,GWND_01,2045,ELC,1168.3476
SUBSIDY,shungnak,electric,2045,winter,11,ELC,EBATT_01,2040,ELC,13577.378
SUBSIDY,shungnak,electric,2045,winter,11,ELC,ELECT,2035,ELECD,30335.856
SUBSIDY,shungnak,electric,2045,winter,11,HYD,GHYD_01,2030,ELC,1011.7784
SUBSIDY,shungnak,electric,2045,winter,11,SOL,GSOL_01,2025,ELC,657.89411
SUBSIDY,shungnak,electric,2045,winter,11,SOL,GSOL_01,2030,ELC,882.84234
SUBSIDY,shungnak,electric,2045,winter,11,SOL,GSOL_01,2035,ELC,600.61028
SUBSIDY,shungnak,electric,2045,winter,11,WND,GWND_01,2030,ELC,5442.1413
SUBSIDY,shungnak,electric,2045,winter,11,WND,GWND_01,2035,ELC,5442.1413
SUBSIDY,shungnak,electric,2045,winter,11,WND,GWND_01,2040,ELC,1554.2881
SUBSIDY,shungnak,electric,2045,winter,11,WND,GWND_01,2045,ELC,1166.7825
SUBSIDY,shungnak,electric,2045,winter,12,ELC,EBATT_01,2045,ELC,10971.946
SUBSIDY,shungnak,electric,2045,winter,12,ELC,ELECT,2030,ELECD,29931.378
SUBSIDY,shungnak,electric,2045,winter,12,HYD,GHYD_01,2030,ELC,1011.7784
SUBSIDY,shungnak,electric,2045,winter,12,SOL,GSOL_01,2025,ELC,1164.4896
SUBSIDY,shungnak,electric,2045,winter,12,SOL,GSOL_01,2030,ELC,1562.6537
SUBSIDY,shungnak,electric,2045,winter,12,SOL,GSOL_01,2035,ELC,1063.0957
SUBSIDY,shungnak,electric,2045,winter,12,WND,GWND_01,2030,ELC,5662.9659
SUBSIDY,shungnak,electric,2045,winter,12,WND,GWND_01,2035,ELC,5662.9659
SUBSIDY,shungnak,electric,2045,winter,12,WND,GWND_01,2040,ELC,1617.3561
SUBSIDY,shungnak,electric,2045,winter,12,WND,GWND_01,2045,ELC,1214.1268
SUBSIDY,shungnak,electric,2045,winter,13,ELC,EBATT_01,2040,ELC,8480.797
SUBSIDY,shungnak,electric,2045,winter,13,ELC,ELECT,2030,ELECD,29122.422
SUBSIDY,shungnak,electric,2045,winter,13,HYD,GHYD_01,2030,ELC,1011.7784
SUBSIDY,shungnak,electric,2045,winter,13,SOL,GSOL_01,2025,ELC,1497.6866
SUBSIDY,shungnak,electric,2045,winter,13,SOL,GSOL_01,2030,ELC,2009.778
SUBSIDY,shungnak,electric,2045,winter,13,SOL,GSOL_01,2035,ELC,1367.2808
SUBSIDY,shungnak,electric,2045,winter,13,WND,GWND_01,2030,ELC,5902.0406
SUBSIDY,shungnak,electric,2045,winter,13,WND,GWND_01,2035,ELC,5902.0406
SUBSIDY,shungnak,electric,2045,winter,13,WND,GWND_01,2040,ELC,1685.6364
SUBSIDY,shungnak,electric,2045,winter,13,WND,GWND_01,2045,ELC,1265.3839
SUBSIDY,shungnak,electric,2045,winter,14,ELC,EBATT_01,2040,ELC,8629.8699
SUBSIDY,shungnak,electric,2045,winter,14,ELC,ELECT,2030,ELECD,28920.183
SUBSIDY,shungnak,electric,2045,winter,14,HYD,GHYD_01,2030,ELC,1011.7784
SUBSIDY,shungnak,electric,2045,winter,14,SOL,GSOL_01,2025,ELC,1497.6866
SUBSIDY,shungnak,electric,2045,winter,14,SOL,GSOL_01,2030,ELC,2009.778
SUBSIDY,shungnak,electric,2045,winter,14,SOL,GSOL_01,2035,ELC,1367.2808
SUBSIDY,shungnak,electric,2045,winter,14,WND,GWND_01,2030,ELC,5761.5158
SUBSIDY,shungnak,electric,2045,winter,14,WND,GWND_01,2035,ELC,5761.5158
SUBSIDY,shungnak,electric,2045,winter,14,WND,GWND_01,2040,ELC,1645.5022
SUBSIDY,shungnak,electric,2045,winter,14,WND,GWND_01,2045,ELC,1235.2557
SUBSIDY,shungnak,electric,2045,winter,15,ELC,EBATT_01,2045,ELC,8181.1446
SUBSIDY,shungnak,electric,2045,winter,15,ELC,ELECT,2045,ELECD,27504.51
SUBSIDY,shungnak,electric,2045,winter,15,HYD,GHYD_01,2030,ELC,1011.7784
SUBSIDY,shungnak,electric,2045,winter,15,SOL,GSOL_01,2025,ELC,1106.6901
SUBSIDY,shungnak,electric,2045,winter,15,SOL,GSOL_01,2030,ELC,1485.0914
SUBSIDY,shungnak,electric,2045,winter,15,SOL,GSOL_01,2035,ELC,1010.3289
SUBSIDY,shungnak,electric,2045,winter,15,WND,GWND_01,2030,ELC,5883.7906
SUBSIDY,shungnak,electric,2045,winter,15,WND,GWND_01,2035,ELC,5883.7906
SUBSIDY,shungnak,electric,2045,winter,15,WND,GWND_01,2040,ELC,1680.4242
SUBSIDY,shungnak,electric,2045,winter,15,WND,GWND_01,2045,ELC,1261.4711
SUBSIDY,shungnak,electric,2045,winter,16,ELC,EBATT_01,2045,ELC,11460.147
SUBSIDY,shungnak,electric,2045,winter,16,ELC,ELECT,2045,ELECD,28920.183
SUBSIDY,shungnak,electric,2045,winter,16,HYD,GHYD_01,2030,ELC,1011.7784
SUBSIDY,shungnak,electric,2045,winter,16,SOL,GSOL_01,2025,ELC,600.09463
SUBSIDY,shungnak,electric,2045,winter,16,SOL,GSOL_01,2030,ELC,805.27996
SUBSIDY,shungnak,electric,2045,winter,16,SOL,GSOL_01,2035,ELC,547.84348
SUBSIDY,shungnak,electric,2045,winter,16,WND,GWND_01,2030,ELC,5798.0157
SUBSIDY,shungnak,electric,2045,winter,16,WND,GWND_01,2035,ELC,5798.0157
SUBSIDY,shungnak,electric,2045,winter,16,WND,GWND_01,2040,ELC,1655.9267
SUBSIDY,shungnak,electric,2045,winter,16,WND,GWND_01,2045,ELC,1243.0812
SUBSIDY,shungnak,electric,2045,winter,17,ELC,EBATT_01,2040,ELC,15466.565
SUBSIDY,shungnak,electric,2045,winter,17,ELC,ELECT,2045,ELECD,31144.813
SUBSIDY,shungnak,electric,2045,winter,17,HYD,GHYD_01,2030,ELC,1011.7784
SUBSIDY,shungnak,electric,2045,winter,17,SOL,GSOL_01,2025,ELC,156.3986
SUBSIDY,shungnak,electric,2045,winter,17,SOL,GSOL_01,2030,ELC,209.87466
SUBSIDY,shungnak,electric,2045,winter,17,SOL,GSOL_01,2035,ELC,142.78074
SUBSIDY,shungnak,electric,2045,winter,17,WND,GWND_01,2030,ELC,5662.9659
SUBSIDY,shungnak,electric,2045,winter,17,WND,GWND_01,2035,ELC,5662.9659
SUBSIDY,shungnak,electric,2045,winter,17,WND,GWND_01,2040,ELC,1617.3561
SUBSIDY,shungnak,electric,2045,winter,17,WND,GWND_01,2045,ELC,1214.1268
SUBSIDY,shungnak,electric,2045,winter,18,ELC,EBATT_01,2045,ELC,16317.354
SUBSIDY,shungnak,electric,2045,winter,18,ELC,ELECT,2035,ELECD,31347.052
SUBSIDY,shungnak,electric,2045,winter,18,HYD,GHYD_01,2030,ELC,1011.7784
SUBSIDY,shungnak,electric,2045,winter,18,SOL,GSOL_01,2025,ELC,3.3999696
SUBSIDY,shungnak,electric,2045,winter,18,SOL,GSOL_01,2030,ELC,4.5624927
SUBSIDY,shungnak,electric,2045,winter,18,SOL,GSOL_01,2035,ELC,3.1039291
SUBSIDY,shungnak,electric,2045,winter,18,WND,GWND_01,2030,ELC,5602.741
SUBSIDY,shungnak,electric,2045,winter,18,WND,GWND_01,2035,ELC,5602.741
SUBSIDY,shungnak,electric,2045,winter,18,WND,GWND_01,2040,ELC,1600.1558
SUBSIDY,shungnak,electric,2045,winter,18,WND,GWND_01,2045,ELC,1201.2147
SUBSIDY,shungnak,electric,2045,winter,19,ELC,EBATT_01,2045,ELC,12092.015
SUBSIDY,shungnak,electric,2045,winter,19,ELC,ELECT,2035,ELECD,27302.271
SUBSIDY,shungnak,electric,2045,winter,19,HYD,GHYD_01,2030,ELC,1011.7784
SUBSIDY,shungnak,electric,2045,winter,19,WND,GWND_01,2030,ELC,5679.3909
SUBSIDY,shungnak,electric,2045,winter,19,WND,GWND_01,2035,ELC,5679.3909
SUBSIDY,shungnak,electric,2045,winter,19,WND,GWND_01,2040,ELC,1622.0472
SUBSIDY,shungnak,electric,2045,winter,19,WND,GWND_01,2045,ELC,1217.6483
SUBSIDY,shungnak,electric,2045,winter,2,ELC,EBATT_01,2035,ELC,8488.3067
SUBSIDY,shungnak,electric,2045,winter,2,ELC,ELECT,2040,ELECD,23055.251
SUBSIDY,shungnak,electric,2045,winter,2,HYD,GHYD_01,2030,ELC,1011.7784
SUBSIDY,shungnak,electric,2045,winter,2,WND,GWND_01,2030,ELC,5422.0663
SUBSIDY,shungnak,electric,2045,winter,2,WND,GWND_01,2035,ELC,5422.0663
SUBSIDY,shungnak,electric,2045,winter,2,WND,GWND_01,2040,ELC,1548.5547
SUBSIDY,shungnak,electric,2045,winter,2,WND,GWND_01,2045,ELC,1162.4785
SUBSIDY,shungnak,electric,2045,winter,20,ELC,EBATT_01,2035,ELC,11005.313
SUBSIDY,shungnak,electric,2045,winter,20,ELC,EBATT_01,2040,ELC,1138.3792
SUBSIDY,shungnak,electric,2045,winter,20,ELC,ELECT,2040,ELECD,27504.51
SUBSIDY,shungnak,electric,2045,winter,20,HYD,GHYD_01,2030,ELC,1011.7784
SUBSIDY,shungnak,electric,2045,winter,20,WND,GWND_01,2030,ELC,5739.6158
SUBSIDY,shungnak,electric,2045,winter,20,WND,GWND_01,2035,ELC,5739.6158
SUBSIDY,shungnak,electric,2045,winter,20,WND,GWND_01,2040,ELC,1639.2475
SUBSIDY,shungnak,electric,2045,winter,20,WND,GWND_01,2045,ELC,1230.5604
SUBSIDY,shungnak,electric,2045,winter,21,ELC,EBATT_01,2040,ELC,10039.082
SUBSIDY,shungnak,electric,2045,winter,21,ELC,ELECT,2035,ELECD,26088.837
SUBSIDY,shungnak,electric,2045,winter,21,HYD,GHYD_01,2030,ELC,1011.7784
SUBSIDY,shungnak,electric,2045,winter,21,WND,GWND_01,2030,ELC,6015.1904
SUBSIDY,shungnak,electric,2045,winter,21,WND,GWND_01,2035,ELC,6015.1904
SUBSIDY,shungnak,electric,2045,winter,21,WND,GWND_01,2040,ELC,1717.9523
SUBSIDY,shungnak,electric,2045,winter,21,WND,GWND_01,2045,ELC,1289.6429
SUBSIDY,shungnak,electric,2045,winter,22,ELC,EBATT_01,2045,ELC,8945.7621
SUBSIDY,shungnak,electric,2045,winter,22,ELC,ELECT,2035,ELECD,25077.641
SUBSIDY,shungnak,electric,2045,winter,22,HYD,GHYD_01,2030,ELC,1011.7784
SUBSIDY,shungnak,electric,2045,winter,22,WND,GWND_01,2030,ELC,6048.0403
SUBSIDY,shungnak,electric,2045,winter,22,WND,GWND_01,2035,ELC,6048.0403
SUBSIDY,shungnak,electric,2045,winter,22,WND,GWND_01,2040,ELC,1727.3343
SUBSIDY,shungnak,electric,2045,winter,22,WND,GWND_01,2045,ELC,1296.6859
SUBSIDY,shungnak,electric,2045,winter,23,ELC,EBATT_01,2035,ELC,7340.1423
SUBSIDY,shungnak,electric,2045,winter,23,ELC,ELECT,2045,ELECD,22650.773
SUBSIDY,shungnak,electric,2045,winter,23,HYD,GHYD_01,2030,ELC,1011.7784
SUBSIDY,shungnak,electric,2045,winter,23,WND,GWND_01,2030,ELC,5719.5408
SUBSIDY,shungnak,electric,2045,winter,23,WND,GWND_01,2035,ELC,5719.5408
SUBSIDY,shungnak,electric,2045,winter,23,WND,GWND_01,2040,ELC,1633.5141
SUBSIDY,shungnak,electric,2045,winter,23,WND,GWND_01,2045,ELC,1226.2564
SUBSIDY,shungnak,electric,2045,winter,3,ELC,EBATT_01,2035,ELC,7977.4963
SUBSIDY,shungnak,electric,2045,winter,3,ELC,ELECT,2030,ELECD,21841.817
SUBSIDY,shungnak,electric,2045,winter,3,HYD,GHYD_01,2030,ELC,1011.7784
SUBSIDY,shungnak,electric,2045,winter,3,WND,GWND_01,2030,ELC,5141.0168
SUBSIDY,shungnak,electric,2045,winter,3,WND,GWND_01,2035,ELC,5141.0168
SUBSIDY,shungnak,electric,2045,winter,3,WND,GWND_01,2040,ELC,1468.2863
SUBSIDY,shungnak,electric,2045,winter,3,WND,GWND_01,2045,ELC,1102.2221
SUBSIDY,shungnak,electric,2045,winter,4,ELC,EBATT_01,2035,ELC,7419.4773
SUBSIDY,shungnak,electric,2045,winter,4,ELC,ELECT,2040,ELECD,21032.86
SUBSIDY,shungnak,electric,2045,winter,4,HYD,GHYD_01,2030,ELC,1011.7784
SUBSIDY,shungnak,electric,2045,winter,4,WND,GWND_01,2030,ELC,5040.6419
SUBSIDY,shungnak,electric,2045,winter,4,WND,GWND_01,2035,ELC,5040.6419
SUBSIDY,shungnak,electric,2045,winter,4,WND,GWND_01,2040,ELC,1439.619
SUBSIDY,shungnak,electric,2045,winter,4,WND,GWND_01,2045,ELC,1080.702
SUBSIDY,shungnak,electric,2045,winter,5,ELC,EBATT_01,2040,ELC,7002.5857
SUBSIDY,shungnak,electric,2045,winter,5,ELC,EBATT_01,2045,ELC,336.25602
SUBSIDY,shungnak,electric,2045,winter,5,ELC,ELECT,2045,ELECD,21235.1
SUBSIDY,shungnak,electric,2045,winter,5,HYD,GHYD_01,2030,ELC,1011.7784
SUBSIDY,shungnak,electric,2045,winter,5,WND,GWND_01,2030,ELC,5153.7918
SUBSIDY,shungnak,electric,2045,winter,5,WND,GWND_01,2035,ELC,5153.7918
SUBSIDY,shungnak,electric,2045,winter,5,WND,GWND_01,2040,ELC,1471.9348
SUBSIDY,shungnak,electric,2045,winter,5,WND,GWND_01,2045,ELC,1104.9611
SUBSIDY,shungnak,electric,2045,winter,6,ELC,EBATT_01,2035,ELC,7642.945
SUBSIDY,shungnak,electric,2045,winter,6,ELC,ELECT,2040,ELECD,21639.578
SUBSIDY,shungnak,electric,2045,winter,6,HYD,GHYD_01,2030,ELC,1011.7784
SUBSIDY,shungnak,electric,2045,winter,6,WND,GWND_01,2030,ELC,5193.9417
SUBSIDY,shungnak,electric,2045,winter,6,WND,GWND_01,2035,ELC,5193.9417
SUBSIDY,shungnak,electric,2045,winter,6,WND,GWND_01,2040,ELC,1483.4017
SUBSIDY,shungnak,electric,2045,winter,6,WND,GWND_01,2045,ELC,1113.5691
SUBSIDY,shungnak,electric,2045,winter,7,ELC,EBATT_01,2035,ELC,7087.9047
SUBSIDY,shungnak,electric,2045,winter,7,ELC,ELECT,2035,ELECD,21235.1
SUBSIDY,shungnak,electric,2045,winter,7,HYD,GHYD_01,2030,ELC,1011.7784
SUBSIDY,shungnak,electric,2045,winter,7,WND,GWND_01,2030,ELC,5254.1666
SUBSIDY,shungnak,electric,2045,winter,7,WND,GWND_01,2035,ELC,5254.1666
SUBSIDY,shungnak,electric,2045,winter,7,WND,GWND_01,2040,ELC,1500.6021
SUBSIDY,shungnak,electric,2045,winter,7,WND,GWND_01,2045,ELC,1126.4812
SUBSIDY,shungnak,electric,2045,winter,8,ELC,EBATT_01,2045,ELC,8886.7329
SUBSIDY,shungnak,electric,2045,winter,8,ELC,ELECT,2030,ELECD,23257.49
SUBSIDY,shungnak,electric,2045,winter,8,HYD,GHYD_01,2030,ELC,1011.7784
SUBSIDY,shungnak,electric,2045,winter,8,WND,GWND_01,2030,ELC,5343.5915
SUBSIDY,shungnak,electric,2045,winter,8,WND,GWND_01,2035,ELC,5343.5915
SUBSIDY,shungnak,electric,2045,winter,8,WND,GWND_01,2040,ELC,1526.1421
SUBSIDY,shungnak,electric,2045,winter,8,WND,GWND_01,2045,ELC,1145.6537
SUBSIDY,shungnak,electric,2045,winter,9,ELC,EBATT_01,2040,ELC,12225.817
SUBSIDY,shungnak,electric,2045,winter,9,ELC,ELECT,2035,ELECD,27504.51
SUBSIDY,shungnak,electric,2045,winter,9,HYD,GHYD_01,2030,ELC,1011.7784
SUBSIDY,shungnak,electric,2045,winter,9,WND,GWND_01,2030,ELC,5706.7659
SUBSIDY,shungnak,electric,2045,winter,9,WND,GWND_01,2035,ELC,5706.7659
SUBSIDY,shungnak,electric,2045,winter,9,WND,GWND_01,2040,ELC,1629.8655
SUBSIDY,shungnak,electric,2045,winter,9,WND,GWND_01,2045,ELC,1223.5174
SUBSIDY,shungnak,supply,2030,fall,0,ethos,IMP_HYD,2025,HYD,6057.5303
SUBSIDY,shungnak,supply,2030,fall,0,ethos,IMP_WND,2030,WND,5398.3414
SUBSIDY,shungnak,supply,2030,fall,1,ethos,IMP_HYD,2025,HYD,6057.5303
SUBSIDY,shungnak,supply,2030,fall,1,ethos,IMP_WND,2025,WND,5522.4412
SUBSIDY,shungnak,supply,2030,fall,10,ethos,IMP_HYD,2030,HYD,6057.5303
SUBSIDY,shungnak,supply,2030,fall,10,ethos,IMP_SOL,2025,SOL,3133.2289
SUBSIDY,shungnak,supply,2030,fall,10,ethos,IMP_WND,2025,WND,5239.5666
SUBSIDY,shungnak,supply,2030,fall,11,ethos,IMP_HYD,2025,HYD,6057.5303
SUBSIDY,shungnak,supply,2030,fall,11,ethos,IMP_SOL,2025,SOL,5677.2356
SUBSIDY,shungnak,supply,2030,fall,11,ethos,IMP_WND,2025,WND,5190.2917
SUBSIDY,shungnak,supply,2030,fall,12,ethos,IMP_HYD,2025,HYD,6057.5303
SUBSIDY,shungnak,supply,2030,fall,12,ethos,IMP_SOL,2030,SOL,7006.9668
SUBSIDY,shungnak,supply,2030,fall,12,ethos,IMP_WND,2030,WND,5217.6667
SUBSIDY,shungnak,supply,2030,fall,13,ethos,IMP_HYD,2025,HYD,6057.5303
SUBSIDY,shungnak,supply,2030,fall,13,ethos,IMP_SOL,2030,SOL,7711.6447
SUBSIDY,shungnak,supply,2030,fall,13,ethos,IMP_WND,2025,WND,5188.4667
SUBSIDY,shungnak,supply,2030,fall,14,ethos,IMP_HYD,2025,HYD,6057.5303
SUBSIDY,shungnak,supply,2030,fall,14,ethos,IMP_SOL,2025,SOL,7281.6717
SUBSIDY,shungnak,supply,2030,fall,14,ethos,IMP_WND,2030,WND,5259.6416
SUBSIDY,shungnak,supply,2030,fall,15,ethos,IMP_HYD,2025,HYD,6057.5303
SUBSIDY,shungnak,supply,2030,fall,15,ethos,IMP_SOL,2025,SOL,6075.3587
SUBSIDY,shungnak,supply,2030,fall,15,ethos,IMP_WND,2025,WND,5137.3668
SUBSIDY,shungnak,supply,2030,fall,16,ethos,IMP_HYD,2030,HYD,6057.5303
SUBSIDY,shungnak,supply,2030,fall,16,ethos,IMP_SOL,2025,SOL,4192.2364
SUBSIDY,shungnak,supply,2030,fall,16,ethos,IMP_WND,2025,WND,5423.8913
SUBSIDY,shungnak,supply,2030,fall,17,ethos,IMP_HYD,2030,HYD,6057.5303
SUBSIDY,shungnak,supply,2030,fall,17,ethos,IMP_SOL,2025,SOL,2118.015
SUBSIDY,shungnak,supply,2030,fall,17,ethos,IMP_WND,2025,WND,5471.3412
SUBSIDY,shungnak,supply,2030,fall,18,ethos,IMP_HYD,2025,HYD,6057.5303
SUBSIDY,shungnak,supply,2030,fall,18,ethos,IMP_SOL,2030,SOL,744.49022
SUBSIDY,shungnak,supply,2030,fall,18,ethos,IMP_WND,2030,WND,5206.7167
SUBSIDY,shungnak,supply,2030,fall,19,ethos,IMP_HYD,2030,HYD,6057.5303
SUBSIDY,shungnak,supply,2030,fall,19,ethos,IMP_SOL,2030,SOL,183.13663
SUBSIDY,shungnak,supply,2030,fall,19,ethos,IMP_WND,2025,WND,5146.4918
SUBSIDY,shungnak,supply,2030,fall,2,ethos,IMP_HYD,2030,HYD,6057.5303
SUBSIDY,shungnak,supply,2030,fall,2,ethos,IMP_WND,2030,WND,5560.7661
SUBSIDY,shungnak,supply,2030,fall,20,ethos,IMP_HYD,2025,HYD,6057.5303
SUBSIDY,shungnak,supply,2030,fall,20,ethos,IMP_SOL,2030,SOL,11.943693
SUBSIDY,shungnak,supply,2030,fall,20,ethos,IMP_WND,2030,WND,5210.3667
SUBSIDY,shungnak,supply,2030,fall,21,ethos,IMP_HYD,2025,HYD,6057.5303
SUBSIDY,shungnak,supply,2030,fall,21,ethos,IMP_WND,2025,WND,4982.242
SUBSIDY,shungnak,supply,2030,fall,22,ethos,IMP_HYD,2025,HYD,6057.5303
SUBSIDY,shungnak,supply,2030,fall,22,ethos,IMP_WND,2030,WND,5305.2665
SUBSIDY,shungnak,supply,2030,fall,23,ethos,IMP_HYD,2025,HYD,6057.5303
SUBSIDY,shungnak,supply,2030,fall,23,ethos,IMP_WND,2030,WND,5203.0667
SUBSIDY,shungnak,supply,2030,fall,3,ethos,IMP_HYD,2025,HYD,6057.5303
SUBSIDY,shungnak,supply,2030,fall,3,ethos,IMP_WND,2030,WND,5485.9412
SUBSIDY,shungnak,supply,2030,fall,4,ethos,IMP_HYD,2025,HYD,6057.5303
SUBSIDY,shungnak,supply,2030,fall,4,ethos,IMP_WND,2025,WND,5330.8165
SUBSIDY,shungnak,supply,2030,fall,5,ethos,IMP_HYD,2025,HYD,6057.5303
SUBSIDY,shungnak,supply,2030,fall,5,ethos,IMP_WND,2030,WND,5516.9662
SUBSIDY,shungnak,supply,2030,fall,6,ethos,IMP_HYD,2025,HYD,6057.5303
SUBSIDY,shungnak,supply,2030,fall,6,ethos,IMP_WND,2025,WND,5418.4163
SUBSIDY,shungnak,supply,2030,fall,7,ethos,IMP_HYD,2030,HYD,6057.5303
SUBSIDY,shungnak,supply,2030,fall,7,ethos,IMP_SOL,2025,SOL,71.66216
SUBSIDY,shungnak,supply,2030,fall,7,ethos,IMP_WND,2025,WND,5401.9914
SUBSIDY,shungnak,supply,2030,fall,8,ethos,IMP_HYD,2025,HYD,6057.5303
SUBSIDY,shungnak,supply,2030,fall,8,ethos,IMP_SOL,2025,SOL,692.73422
SUBSIDY,shungnak,supply,2030,fall,8,ethos,IMP_WND,2030,WND,5518.7912
SUBSIDY,shungnak,supply,2030,fall,9,ethos,IMP_HYD,2030,HYD,6057.5303
SUBSIDY,shungnak,supply,2030,fall,9,ethos,IMP_SOL,2025,SOL,1477.0367
SUBSIDY,shungnak,supply,2030,fall,9,ethos,IMP_WND,2025,WND,5310.7415
SUBSIDY,shungnak,supply,2030,spring,0,ethos,IMP_DSL,2030,DSL,10631.198
SUBSIDY,shungnak,supply,2030,spring,0,ethos,IMP_HYD,2030,HYD,4270.4932
SUBSIDY,shungnak,supply,2030,spring,0,ethos,IMP_WND,2025,WND,5044.2919
SUBSIDY,shungnak,supply,2030,spring,1,ethos,IMP_DSL,2025,DSL,19280.964
SUBSIDY,shungnak,supply,2030,spring,1,ethos,IMP_HYD,2030,HYD,4270.4932
SUBSIDY,shungnak,supply,2030,spring,1,ethos,IMP_WND,2030,WND,5026.042
SUBSIDY,shungnak,supply,2030,spring,10,ethos,IMP_HYD,2030,HYD,4270.4932
SUBSIDY,shungnak,supply,2030,spring,10,ethos,IMP_SOL,2025,SOL,14133.371
SUBSIDY,shungnak,supply,2030,spring,10,ethos,IMP_WND,2030,WND,5004.142
SUBSIDY,shungnak,supply,2030,spring,11,ethos,IMP_HYD,2030,HYD,4270.4932
SUBSIDY,shungnak,supply,2030,spring,11,ethos,IMP_SOL,2030,SOL,17581.117
SUBSIDY,shungnak,supply,2030,spring,11,ethos,IMP_WND,2030,WND,4730.3924
SUBSIDY,shungnak,supply,2030,spring,12,ethos,IMP_HYD,2025,HYD,4270.4932
SUBSIDY,shungnak,supply,2030,spring,12,ethos,IMP_SOL,2030,SOL,19209.44
SUBSIDY,shungnak,supply,2030,spring,12,ethos,IMP_WND,2025,WND,4449.3429
SUBSIDY,shungnak,supply,2030,spring,13,ethos,IMP_HYD,2030,HYD,4270.4932
SUBSIDY,shungnak,supply,2030,spring,13,ethos,IMP_SOL,2030,SOL,20192.804
SUBSIDY,shungnak,supply,2030,spring,13,ethos,IMP_WND,2025,WND,3900.0188
SUBSIDY,shungnak,supply,2030,spring,14,ethos,IMP_HYD,2025,HYD,4270.4932
SUBSIDY,shungnak,supply,2030,spring,14,ethos,IMP_SOL,2025,SOL,20113.18
SUBSIDY,shungnak,supply,2030,spring,14,ethos,IMP_WND,2025,WND,3611.6692
SUBSIDY,shungnak,supply,2030,spring,15,ethos,IMP_HYD,2025,HYD,4270.4932
SUBSIDY,shungnak,supply,2030,spring,15,ethos,IMP_SOL,2030,SOL,18942.698
SUBSIDY,shungnak,supply,2030,spring,15,ethos,IMP_WND,2030,WND,3691.9691
SUBSIDY,shungnak,supply,2030,spring,16,ethos,IMP_HYD,2025,HYD,4270.4932
SUBSIDY,shungnak,supply,2030,spring,16,ethos,IMP_SOL,2030,SOL,16450.447
SUBSIDY,shungnak,supply,2030,spring,16,ethos,IMP_WND,2025,WND,3989.4436
SUBSIDY,shungnak,supply,2030,spring,17,ethos,IMP_HYD,2025,HYD,4270.4932
SUBSIDY,shungnak,supply,2030,spring,17,ethos,IMP_SOL,2030,SOL,12258.211
SUBSIDY,shungnak,supply,2030,spring,17,ethos,IMP_WND,2030,WND,4044.1935
SUBSIDY,shungnak,supply,2030,spring,18,ethos,IMP_HYD,2030,HYD,4270.4932
SUBSIDY,shungnak,supply,2030,spring,18,ethos,IMP_SOL,2025,SOL,7428.9773
SUBSIDY,shungnak,supply,2030,spring,18,ethos,IMP_WND,2025,WND,4168.2933
SUBSIDY,shungnak,supply,2030,spring,19,ethos,IMP_DSL,2025,DSL,26788.745
SUBSIDY,shungnak,supply,2030,spring,19,ethos,IMP_HYD,2025,HYD,4270.4932
SUBSIDY,shungnak,supply,2030,spring,19,ethos,IMP_SOL,2030,SOL,3232.7597
SUBSIDY,shungnak,supply,2030,spring,19,ethos,IMP_WND,2030,WND,4292.3931
SUBSIDY,shungnak,supply,2030,spring,2,ethos,IMP_DSL,2030,DSL,17575.099
SUBSIDY,shungnak,supply,2030,spring,2,ethos,IMP_HYD,2025,HYD,4270.4932
SUBSIDY,shungnak,supply,2030,spring,2,ethos,IMP_WND,2030,WND,4909.2421
SUBSIDY,shungnak,supply,2030,spring,20,ethos,IMP_HYD,2030,HYD,4270.4932
SUBSIDY,shungnak,supply,2030,spring,20,ethos,IMP_SOL,2030,SOL,1178.4444
SUBSIDY,shungnak,supply,2030,spring,20,ethos,IMP_WND,2025,WND,4547.8927
SUBSIDY,shungnak,supply,2030,spring,21,ethos,IMP_DSL,2025,DSL,19384.724
SUBSIDY,shungnak,supply,2030,spring,21,ethos,IMP_HYD,2030,HYD,4270.4932
SUBSIDY,shungnak,supply,2030,spring,21,ethos,IMP_SOL,2025,SOL,513.57882
SUBSIDY,shungnak,supply,2030,spring,21,ethos,IMP_WND,2030,WND,4434.7429
SUBSIDY,shungnak,supply,2030,spring,22,ethos,IMP_DSL,2025,DSL,30704.946
SUBSIDY,shungnak,supply,2030,spring,22,ethos,IMP_HYD,2025,HYD,4270.4932
SUBSIDY,shungnak,supply,2030,spring,22,ethos,IMP_SOL,2030,SOL,199.06156
SUBSIDY,shungnak,supply,2030,spring,22,ethos,IMP_WND,2030,WND,4949.3921
SUBSIDY,shungnak,supply,2030,spring,23,ethos,IMP_DSL,2025,DSL,26802.737
SUBSIDY,shungnak,supply,2030,spring,23,ethos,IMP_HYD,2030,HYD,4270.4932
SUBSIDY,shungnak,supply,2030,spring,23,ethos,IMP_SOL,2030,SOL,31.849849
SUBSIDY,shungnak,supply,2030,spring,23,ethos,IMP_WND,2025,WND,5049.7669
SUBSIDY,shungnak,supply,2030,spring,3,ethos,IMP_DSL,2030,DSL,16855.835
SUBSIDY,shungnak,supply,2030,spring,3,ethos,IMP_HYD,2025,HYD,4270.4932
SUBSIDY,shungnak,supply,2030,spring,3,ethos,IMP_WND,2025,WND,5153.7918
SUBSIDY,shungnak,supply,2030,spring,4,ethos,IMP_DSL,2025,DSL,16481.568
SUBSIDY,shungnak,supply,2030,spring,4,ethos,IMP_HYD,2025,HYD,4270.4932
SUBSIDY,shungnak,supply,2030,spring,4,ethos,IMP_SOL,2025,SOL,47.774774
SUBSIDY,shungnak,supply,2030,spring,4,ethos,IMP_WND,2030,WND,5407.4663
SUBSIDY,shungnak,supply,2030,spring,5,ethos,IMP_DSL,2025,DSL,16323.015
SUBSIDY,shungnak,supply,2030,spring,5,ethos,IMP_HYD,2025,HYD,4270.4932
SUBSIDY,shungnak,supply,2030,spring,5,ethos,IMP_SOL,2030,SOL,211.00525
SUBSIDY,shungnak,supply,2030,spring,5,ethos,IMP_WND,2025,WND,5646.541
SUBSIDY,shungnak,supply,2030,spring,6,ethos,IMP_DSL,2030,DSL,15722.995
SUBSIDY,shungnak,supply,2030,spring,6,ethos,IMP_HYD,2030,HYD,4270.4932
SUBSIDY,shungnak,supply,2030,spring,6,ethos,IMP_SOL,2030,SOL,708.65914
SUBSIDY,shungnak,supply,2030,spring,6,ethos,IMP_WND,2030,WND,5701.2909
SUBSIDY,shungnak,supply,2030,spring,7,ethos,IMP_DSL,2030,DSL,16402.277
SUBSIDY,shungnak,supply,2030,spring,7,ethos,IMP_HYD,2025,HYD,4270.4932
SUBSIDY,shungnak,supply,2030,spring,7,ethos,IMP_SOL,2025,SOL,2277.2642
SUBSIDY,shungnak,supply,2030,spring,7,ethos,IMP_WND,2030,WND,5469.5162
SUBSIDY,shungnak,supply,2030,spring,8,ethos,IMP_DSL,2025,DSL,16572.089
SUBSIDY,shungnak,supply,2030,spring,8,ethos,IMP_HYD,2025,HYD,4270.4932
SUBSIDY,shungnak,supply,2030,spring,8,ethos,IMP_SOL,2030,SOL,5302.9999
SUBSIDY,shungnak,supply,2030,spring,8,ethos,IMP_WND,2030,WND,5695.8159
SUBSIDY,shungnak,supply,2030,spring,9,ethos,IMP_DSL,2030,DSL,6646.7683
SUBSIDY,shungnak,supply,2030,spring,9,ethos,IMP_HYD,2025,HYD,4270.4932
SUBSIDY,shungnak,supply,2030,spring,9,ethos,IMP_SOL,2030,SOL,9809.7535
SUBSIDY,shungnak,supply,2030,spring,9,ethos,IMP_WND,2025,WND,5086.2669
SUBSIDY,shungnak,supply,2030,summer,0,ethos,IMP_HYD,2025,HYD,10853.623
SUBSIDY,shungnak,supply,2030,summer,0,ethos,IMP_SOL,2030,SOL,39.812311
SUBSIDY,shungnak,supply,2030,summer,0,ethos,IMP_WND,2030,WND,1290.2729
SUBSIDY,shungnak,supply,2030,summer,1,ethos,IMP_HYD,2025,HYD,10853.623
SUBSIDY,shungnak,supply,2030,summer,1,ethos,IMP_WND,2030,WND,1020.1734
SUBSIDY,shungnak,supply,2030,summer,10,ethos,IMP_HYD,2030,HYD,10853.623
SUBSIDY,shungnak,supply,2030,summer,10,ethos,IMP_SOL,2025,SOL,12648.371
SUBSIDY,shungnak,supply,2030,summer,10,ethos,IMP_WND,2030,WND,875.9986
SUBSIDY,shungnak,supply,2030,summer,11,ethos,IMP_HYD,2030,HYD,10853.623
SUBSIDY,shungnak,supply,2030,summer,11,ethos,IMP_SOL,2025,SOL,15100.81
SUBSIDY,shungnak,supply,2030,summer,11,ethos,IMP_WND,2025,WND,762.84878
SUBSIDY,shungnak,supply,2030,summer,12,ethos,IMP_HYD,2030,HYD,10853.623
SUBSIDY,shungnak,supply,2030,summer,12,ethos,IMP_SOL,2025,SOL,16908.289
SUBSIDY,shungnak,supply,2030,summer,12,ethos,IMP_WND,2025,WND,751.8988
SUBSIDY,shungnak,supply,2030,summer,13,ethos,IMP_HYD,2025,HYD,10853.623
SUBSIDY,shungnak,supply,2030,summer,13,ethos,IMP_SOL,2025,SOL,17784.159
SUBSIDY,shungnak,supply,2030,summer,13,ethos,IMP_WND,2025,WND,797.52372
SUBSIDY,shungnak,supply,2030,summer,14,ethos,IMP_HYD,2025,HYD,10853.623
SUBSIDY,shungnak,supply,2030,summer,14,ethos,IMP_SOL,2025,SOL,18277.832
SUBSIDY,shungnak,supply,2030,summer,14,ethos,IMP_WND,2025,WND,865.04862
SUBSIDY,shungnak,supply,2030,summer,15,ethos,IMP_HYD,2030,HYD,10853.623
SUBSIDY,shungnak,supply,2030,summer,15,ethos,IMP_SOL,2025,SOL,16466.372
SUBSIDY,shungnak,supply,2030,summer,15,ethos,IMP_WND,2030,WND,766.49877
SUBSIDY,shungnak,supply,2030,summer,16,ethos,IMP_HYD,2030,HYD,10853.623
SUBSIDY,shungnak,supply,2030,summer,16,ethos,IMP_SOL,2025,SOL,15176.453
SUBSIDY,shungnak,supply,2030,summer,16,ethos,IMP_WND,2025,WND,625.974
SUBSIDY,shungnak,supply,2030,summer,17,ethos,IMP_HYD,2030,HYD,10853.623
SUBSIDY,shungnak,supply,2030,summer,17,ethos,IMP_SOL,2025,SOL,12588.653
SUBSIDY,shungnak,supply,2030,summer,17,ethos,IMP_WND,2030,WND,697.14888
SUBSIDY,shungnak,supply,2030,summer,18,ethos,IMP_HYD,2025,HYD,10853.623
SUBSIDY,shungnak,supply,2030,summer,18,ethos,IMP_SOL,2030,SOL,8977.6762
SUBSIDY,shungnak,supply,2030,summer,18,ethos,IMP_WND,2030,WND,925.27352
SUBSIDY,shungnak,supply,2030,summer,19,ethos,IMP_HYD,2025,HYD,10853.623
SUBSIDY,shungnak,supply,2030,summer,19,ethos,IMP_SOL,2030,SOL,5231.3377
SUBSIDY,shungnak,supply,2030,summer,19,ethos,IMP_WND,2030,WND,799.34872
SUBSIDY,shungnak,supply,2030,summer,2,ethos,IMP_HYD,2030,HYD,10853.623
SUBSIDY,shungnak,supply,2030,summer,2,ethos,IMP_WND,2025,WND,934.3985
SUBSIDY,shungnak,supply,2030,summer,20,ethos,IMP_HYD,2025,HYD,10853.623
SUBSIDY,shungnak,supply,2030,summer,20,ethos,IMP_SOL,2025,SOL,2711.2184
SUBSIDY,shungnak,supply,2030,summer,20,ethos,IMP_WND,2025,WND,985.49842
SUBSIDY,shungnak,supply,2030,summer,21,ethos,IMP_HYD,2025,HYD,10853.623
SUBSIDY,shungnak,supply,2030,summer,21,ethos,IMP_SOL,2025,SOL,1234.1817
SUBSIDY,shungnak,supply,2030,summer,21,ethos,IMP_WND,2030,WND,1419.8477
SUBSIDY,shungnak,supply,2030,summer,22,ethos,IMP_HYD,2030,HYD,10853.623
SUBSIDY,shungnak,supply,2030,summer,22,ethos,IMP_SOL,2030,SOL,744.49022
SUBSIDY,shungnak,supply,2030,summer,22,ethos,IMP_WND,2025,WND,1385.1728
SUBSIDY,shungnak,supply,2030,summer,23,ethos,IMP_HYD,2030,HYD,10853.623
SUBSIDY,shungnak,supply,2030,summer,23,ethos,IMP_SOL,2025,SOL,218.96771
SUBSIDY,shungnak,supply,2030,summer,23,ethos,IMP_WND,2025,WND,1520.2226
SUBSIDY,shungnak,supply,2030,summer,3,ethos,IMP_HYD,2030,HYD,10853.623
SUBSIDY,shungnak,supply,2030,summer,3,ethos,IMP_SOL,2025,SOL,47.774774
SUBSIDY,shungnak,supply,2030,summer,3,ethos,IMP_WND,2030,WND,1067.6233
SUBSIDY,shungnak,supply,2030,summer,4,ethos,IMP_HYD,2030,HYD,10853.623
SUBSIDY,shungnak,supply,2030,summer,4,ethos,IMP_SOL,2025,SOL,306.5548
SUBSIDY,shungnak,supply,2030,summer,4,ethos,IMP_WND,2025,WND,1091.3483
SUBSIDY,shungnak,supply,2030,summer,5,ethos,IMP_HYD,2030,HYD,10853.623
SUBSIDY,shungnak,supply,2030,summer,5,ethos,IMP_SOL,2030,SOL,593.20344
SUBSIDY,shungnak,supply,2030,summer,5,ethos,IMP_WND,2030,WND,1131.4982
SUBSIDY,shungnak,supply,2030,summer,6,ethos,IMP_HYD,2025,HYD,10853.623
SUBSIDY,shungnak,supply,2030,summer,6,ethos,IMP_SOL,2025,SOL,1504.9054
SUBSIDY,shungnak,supply,2030,summer,6,ethos,IMP_WND,2025,WND,1014.6984
SUBSIDY,shungnak,supply,2030,summer,7,ethos,IMP_HYD,2025,HYD,10853.623
SUBSIDY,shungnak,supply,2030,summer,7,ethos,IMP_SOL,2030,SOL,3603.0142
SUBSIDY,shungnak,supply,2030,summer,7,ethos,IMP_WND,2030,WND,843.14865
SUBSIDY,shungnak,supply,2030,summer,8,ethos,IMP_HYD,2030,HYD,10853.623
SUBSIDY,shungnak,supply,2030,summer,8,ethos,IMP_SOL,2025,SOL,7058.7228
SUBSIDY,shungnak,supply,2030,summer,8,ethos,IMP_WND,2030,WND,866.87361
SUBSIDY,shungnak,supply,2030,summer,9,ethos,IMP_HYD,2025,HYD,10853.623
SUBSIDY,shungnak,supply,2030,summer,9,ethos,IMP_SOL,2030,SOL,9642.5418
SUBSIDY,shungnak,supply,2030,summer,9,ethos,IMP_WND,2030,WND,812.1237
SUBSIDY,shungnak,supply,2030,winter,0,ethos,IMP_DSL,2025,DSL,39216.276
SUBSIDY,shungnak,supply,2030,winter,0,ethos,IMP_HYD,2030,HYD,1011.7784
SUBSIDY,shungnak,supply,2030,winter,0,ethos,IMP_WND,2025,WND,5513.3162
SUBSIDY,shungnak,supply,2030,winter,1,ethos,IMP_DSL,2030,DSL,12202.417
SUBSIDY,shungnak,supply,2030,winter,1,ethos,IMP_HYD,2030,HYD,1011.7784
SUBSIDY,shungnak,supply,2030,winter,1,ethos,IMP_WND,2030,WND,5620.991
SUBSIDY,shungnak,supply,2030,winter,10,ethos,IMP_DSL,2025,DSL,53952.064
SUBSIDY,shungnak,supply,2030,winter,10,ethos,IMP_HYD,2030,HYD,1011.7784
SUBSIDY,shungnak,supply,2030,winter,10,ethos,IMP_SOL,2025,SOL,453.86035
SUBSIDY,shungnak,supply,2030,winter,10,ethos,IMP_WND,2025,WND,5449.4413
SUBSIDY,shungnak,supply,2030,winter,11,ethos,IMP_DSL,2030,DSL,53338.582
SUBSIDY,shungnak,supply,2030,winter,11,ethos,IMP_HYD,2025,HYD,1011.7784
SUBSIDY,shungnak,supply,2030,winter,11,ethos,IMP_SOL,2025,SOL,1540.7364
SUBSIDY,shungnak,supply,2030,winter,11,ethos,IMP_WND,2030,WND,5442.1413
SUBSIDY,shungnak,supply,2030,winter,12,ethos,IMP_DSL,2025,DSL,48174.969
SUBSIDY,shungnak,supply,2030,winter,12,ethos,IMP_HYD,2030,HYD,1011.7784
SUBSIDY,shungnak,supply,2030,winter,12,ethos,IMP_SOL,2030,SOL,2727.1433
SUBSIDY,shungnak,supply,2030,winter,12,ethos,IMP_WND,2030,WND,5662.9659
SUBSIDY,shungnak,supply,2030,winter,13,ethos,IMP_DSL,2030,DSL,43127.352
SUBSIDY,shungnak,supply,2030,winter,13,ethos,IMP_HYD,2030,HYD,1011.7784
SUBSIDY,shungnak,supply,2030,winter,13,ethos,IMP_SOL,2025,SOL,3507.4646
SUBSIDY,shungnak,supply,2030,winter,13,ethos,IMP_WND,2025,WND,5902.0406
SUBSIDY,shungnak,supply,2030,winter,14,ethos,IMP_DSL,2025,DSL,43028.311
SUBSIDY,shungnak,supply,2030,winter,14,ethos,IMP_HYD,2030,HYD,1011.7784
SUBSIDY,shungnak,supply,2030,winter,14,ethos,IMP_SOL,2030,SOL,3507.4646
SUBSIDY,shungnak,supply,2030,winter,14,ethos,IMP_WND,2025,WND,5761.5158
SUBSIDY,shungnak,supply,2030,winter,15,ethos,IMP_DSL,2025,DSL,41775.426
SUBSIDY,shungnak,supply,2030,winter,15,ethos,IMP_HYD,2025,HYD,1011.7784
SUBSIDY,shungnak,supply,2030,winter,15,ethos,IMP_SOL,2030,SOL,2591.7815
SUBSIDY,shungnak,supply,2030,winter,15,ethos,IMP_WND,2025,WND,5883.7906
SUBSIDY,shungnak,supply,2030,winter,16,ethos,IMP_DSL,2030,DSL,49103.576
SUBSIDY,shungnak,supply,2030,winter,16,ethos,IMP_HYD,2030,HYD,1011.7784
SUBSIDY,shungnak,supply,2030,winter,16,ethos,IMP_SOL,2030,SOL,1405.3746
SUBSIDY,shungnak,supply,2030,winter,16,ethos,IMP_WND,2025,WND,5798.0157
SUBSIDY,shungnak,supply,2030,winter,17,ethos,IMP_DSL,2025,DSL,58192.796
SUBSIDY,shungnak,supply,2030,winter,17,ethos,IMP_HYD,2030,HYD,1011.7784
SUBSIDY,shungnak,supply,2030,winter,17,ethos,IMP_SOL,2025,SOL,366.27326
SUBSIDY,shungnak,supply,2030,winter,17,ethos,IMP_WND,2030,WND,5662.9659
SUBSIDY,shungnak,supply,2030,winter,18,ethos,IMP_DSL,2030,DSL,59936.131
SUBSIDY,shungnak,supply,2030,winter,18,ethos,IMP_HYD,2025,HYD,1011.7784
SUBSIDY,shungnak,supply,2030,winter,18,ethos,IMP_SOL,2025,SOL,7.9624623
SUBSIDY,shungnak,supply,2030,winter,18,ethos,IMP_WND,2030,WND,5602.741
SUBSIDY,shungnak,supply,2030,winter,19,ethos,IMP_DSL,2030,DSL,49487.139
SUBSIDY,shungnak,supply,2030,winter,19,ethos,IMP_HYD,2030,HYD,1011.7784
SUBSIDY,shungnak,supply,2030,winter,19,ethos,IMP_WND,2030,WND,5679.3909
SUBSIDY,shungnak,supply,2030,winter,2,ethos,IMP_DSL,2025,DSL,39484.658
SUBSIDY,shungnak,supply,2030,winter,2,ethos,IMP_HYD,2030,HYD,1011.7784
SUBSIDY,shungnak,supply,2030,winter,2,ethos,IMP_WND,2030,WND,5422.0663
SUBSIDY,shungnak,supply,2030,winter,20,ethos,IMP_DSL,2025,DSL,49822.356
SUBSIDY,shungnak,supply,2030,winter,20,ethos,IMP_HYD,2025,HYD,1011.7784
SUBSIDY,shungnak,supply,2030,winter,20,ethos,IMP_WND,2030,WND,5739.6158
SUBSIDY,shungnak,supply,2030,winter,21,ethos,IMP_DSL,2030,DSL,45425.403
SUBSIDY,shungnak,supply,2030,winter,21,ethos,IMP_HYD,2030,HYD,1011.7784
SUBSIDY,shungnak,supply,2030,winter,21,ethos,IMP_WND,2030,WND,6015.1904
SUBSIDY,shungnak,supply,2030,winter,22,ethos,IMP_DSL,2030,DSL,42767.043
SUBSIDY,shungnak,supply,2030,winter,22,ethos,IMP_HYD,2030,HYD,1011.7784
SUBSIDY,shungnak,supply,2030,winter,22,ethos,IMP_WND,2025,WND,6048.0403
SUBSIDY,shungnak,supply,2030,winter,23,ethos,IMP_DSL,2030,DSL,37585.036
SUBSIDY,shungnak,supply,2030,winter,23,ethos,IMP_HYD,2030,HYD,1011.7784
SUBSIDY,shungnak,supply,2030,winter,23,ethos,IMP_WND,2030,WND,5719.5408
SUBSIDY,shungnak,supply,2030,winter,3,ethos,IMP_DSL,2025,DSL,37237.183
SUBSIDY,shungnak,supply,2030,winter,3,ethos,IMP_HYD,2030,HYD,1011.7784
SUBSIDY,shungnak,supply,2030,winter,3,ethos,IMP_WND,2030,WND,5141.0168
SUBSIDY,shungnak,supply,2030,winter,4,ethos,IMP_DSL,2030,DSL,35483.009
SUBSIDY,shungnak,supply,2030,winter,4,ethos,IMP_HYD,2025,HYD,1011.7784
SUBSIDY,shungnak,supply,2030,winter,4,ethos,IMP_WND,2030,WND,5040.6419
SUBSIDY,shungnak,supply,2030,winter,5,ethos,IMP_DSL,2030,DSL,35662.564
SUBSIDY,shungnak,supply,2030,winter,5,ethos,IMP_HYD,2025,HYD,1011.7784
SUBSIDY,shungnak,supply,2030,winter,5,ethos,IMP_WND,2025,WND,5153.7918
SUBSIDY,shungnak,supply,2030,winter,6,ethos,IMP_DSL,2030,DSL,36569.173
SUBSIDY,shungnak,supply,2030,winter,6,ethos,IMP_HYD,2030,HYD,1011.7784
SUBSIDY,shungnak,supply,2030,winter,6,ethos,IMP_WND,2030,WND,5193.9417
SUBSIDY,shungnak,supply,2030,winter,7,ethos,IMP_DSL,2030,DSL,35367.344
SUBSIDY,shungnak,supply,2030,winter,7,ethos,IMP_HYD,2030,HYD,1011.7784
SUBSIDY,shungnak,supply,2030,winter,7,ethos,IMP_WND,2030,WND,5254.1666
SUBSIDY,shungnak,supply,2030,winter,8,ethos,IMP_DSL,2030,DSL,40227.815
SUBSIDY,shungnak,supply,2030,winter,8,ethos,IMP_HYD,2025,HYD,1011.7784
SUBSIDY,shungnak,supply,2030,winter,8,ethos,IMP_WND,2025,WND,5343.5915
SUBSIDY,shungnak,supply,2030,winter,9,ethos,IMP_DSL,2030,DSL,49918.973
SUBSIDY,shungnak,supply,2030,winter,9,ethos,IMP_HYD,2025,HYD,1011.7784
SUBSIDY,shungnak,supply,2030,winter,9,ethos,IMP_WND,2025,WND,5706.7659
SUBSIDY,shungnak,supply,2035,fall,0,ethos,IMP_HYD,2030,HYD,6057.5303
SUBSIDY,shungnak,supply,2035,fall,0,ethos,IMP_WND,2035,WND,10796.683
SUBSIDY,shungnak,supply,2035,fall,1,ethos,IMP_HYD,2030,HYD,6057.5303
SUBSIDY,shungnak,supply,2035,fall,1,ethos,IMP_WND,2035,WND,11044.882
SUBSIDY,shungnak,supply,2035,fall,10,ethos,IMP_HYD,2025,HYD,6057.5303
SUBSIDY,shungnak,supply,2035,fall,10,ethos,IMP_SOL,2030,SOL,4354.625
SUBSIDY,shungnak,supply,2035,fall,10,ethos,IMP_WND,2030,WND,10479.133
SUBSIDY,shungnak,supply,2035,fall,11,ethos,IMP_HYD,2025,HYD,6057.5303
SUBSIDY,shungnak,supply,2035,fall,11,ethos,IMP_SOL,2035,SOL,7890.337
SUBSIDY,shungnak,supply,2035,fall,11,ethos,IMP_WND,2030,WND,10380.583
SUBSIDY,shungnak,supply,2035,fall,12,ethos,IMP_HYD,2030,HYD,6057.5303
SUBSIDY,shungnak,supply,2035,fall,12,ethos,IMP_SOL,2035,SOL,9738.4244
SUBSIDY,shungnak,supply,2035,fall,12,ethos,IMP_WND,2030,WND,10435.333
SUBSIDY,shungnak,supply,2035,fall,13,ethos,IMP_HYD,2035,HYD,6057.5303
SUBSIDY,shungnak,supply,2035,fall,13,ethos,IMP_SOL,2025,SOL,10717.8
SUBSIDY,shungnak,supply,2035,fall,13,ethos,IMP_WND,2035,WND,10376.933
SUBSIDY,shungnak,supply,2035,fall,14,ethos,IMP_HYD,2030,HYD,6057.5303
SUBSIDY,shungnak,supply,2035,fall,14,ethos,IMP_SOL,2035,SOL,10120.215
SUBSIDY,shungnak,supply,2035,fall,14,ethos,IMP_WND,2025,WND,10519.283
SUBSIDY,shungnak,supply,2035,fall,15,ethos,IMP_HYD,2030,HYD,6057.5303
SUBSIDY,shungnak,supply,2035,fall,15,ethos,IMP_SOL,2025,SOL,8443.6566
SUBSIDY,shungnak,supply,2035,fall,15,ethos,IMP_WND,2030,WND,10274.734
SUBSIDY,shungnak,supply,2035,fall,16,ethos,IMP_HYD,2025,HYD,6057.5303
SUBSIDY,shungnak,supply,2035,fall,16,ethos,IMP_SOL,2030,SOL,5826.455
SUBSIDY,shungnak,supply,2035,fall,16,ethos,IMP_WND,2030,WND,10847.783
SUBSIDY,shungnak,supply,2035,fall,17,ethos,IMP_HYD,2030,HYD,6057.5303
SUBSIDY,shungnak,supply,2035,fall,17,ethos,IMP_SOL,2025,SOL,2943.6601
SUBSIDY,shungnak,supply,2035,fall,17,ethos,IMP_WND,2030,WND,10942.682
SUBSIDY,shungnak,supply,2035,fall,18,ethos,IMP_HYD,2025,HYD,6057.5303
SUBSIDY,shungnak,supply,2035,fall,18,ethos,IMP_SOL,2035,SOL,1034.7076
SUBSIDY,shungnak,supply,2035,fall,18,ethos,IMP_WND,2025,WND,10413.433
SUBSIDY,shungnak,supply,2035,fall,19,ethos,IMP_HYD,2025,HYD,6057.5303
SUBSIDY,shungnak,supply,2035,fall,19,ethos,IMP_SOL,2025,SOL,254.527
SUBSIDY,shungnak,supply,2035,fall,19,ethos,IMP_WND,2030,WND,10292.984
SUBSIDY,shungnak,supply,2035,fall,2,ethos,IMP_HYD,2035,HYD,6057.5303
SUBSIDY,shungnak,supply,2035,fall,2,ethos,IMP_WND,2035,WND,11121.532
SUBSIDY,shungnak,supply,2035,fall,20,ethos,IMP_HYD,2035,HYD,6057.5303
SUBSIDY,shungnak,supply,2035,fall,20,ethos,IMP_SOL,2035,SOL,16.599587
SUBSIDY,shungnak,supply,2035,fall,20,ethos,IMP_WND,2025,WND,10420.733
SUBSIDY,shungnak,supply,2035,fall,21,ethos,IMP_HYD,2030,HYD,6057.5303
SUBSIDY,shungnak,supply,2035,fall,21,ethos,IMP_WND,2035,WND,9964.4841
SUBSIDY,shungnak,supply,2035,fall,22,ethos,IMP_HYD,2035,HYD,6057.5303
SUBSIDY,shungnak,supply,2035,fall,22,ethos,IMP_WND,2030,WND,10610.533
SUBSIDY,shungnak,supply,2035,fall,23,ethos,IMP_HYD,2030,HYD,6057.5303
SUBSIDY,shungnak,supply,2035,fall,23,ethos,IMP_WND,2025,WND,10406.133
SUBSIDY,shungnak,supply,2035,fall,3,ethos,IMP_HYD,2025,HYD,6057.5303
SUBSIDY,shungnak,supply,2035,fall,3,ethos,IMP_WND,2025,WND,10971.882
SUBSIDY,shungnak,supply,2035,fall,4,ethos,IMP_HYD,2030,HYD,6057.5303
SUBSIDY,shungnak,supply,2035,fall,4,ethos,IMP_WND,2035,WND,10661.633
SUBSIDY,shungnak,supply,2035,fall,5,ethos,IMP_HYD,2025,HYD,6057.5303
SUBSIDY,shungnak,supply,2035,fall,5,ethos,IMP_WND,2035,WND,11033.932
SUBSIDY,shungnak,supply,2035,fall,6,ethos,IMP_HYD,2025,HYD,6057.5303
SUBSIDY,shungnak,supply,2035,fall,6,ethos,IMP_WND,2025,WND,10836.833
SUBSIDY,shungnak,supply,2035,fall,7,ethos,IMP_HYD,2030,HYD,6057.5303
SUBSIDY,shungnak,supply,2035,fall,7,ethos,IMP_SOL,2035,SOL,99.597522
SUBSIDY,shungnak,supply,2035,fall,7,ethos,IMP_WND,2025,WND,10803.983
SUBSIDY,shungnak,supply,2035,fall,8,ethos,IMP_HYD,2035,HYD,6057.5303
SUBSIDY,shungnak,supply,2035,fall,8,ethos,IMP_SOL,2030,SOL,962.77605
SUBSIDY,shungnak,supply,2035,fall,8,ethos,IMP_WND,2030,WND,11037.582
SUBSIDY,shungnak,supply,2035,fall,9,ethos,IMP_HYD,2025,HYD,6057.5303
SUBSIDY,shungnak,supply,2035,fall,9,ethos,IMP_SOL,2030,SOL,2052.8156
SUBSIDY,shungnak,supply,2035,fall,9,ethos,IMP_WND,2030,WND,10621.483
SUBSIDY,shungnak,supply,2035,spring,0,ethos,IMP_HYD,2030,HYD,4270.4932
SUBSIDY,shungnak,supply,2035,spring,0,ethos,IMP_WND,2035,WND,10088.584
SUBSIDY,shungnak,supply,2035,spring,1,ethos,IMP_HYD,2035,HYD,4270.4932
SUBSIDY,shungnak,supply,2035,spring,1,ethos,IMP_WND,2030,WND,10052.084
SUBSIDY,shungnak,supply,2035,spring,10,ethos,IMP_HYD,2035,HYD,4270.4932
SUBSIDY,shungnak,supply,2035,spring,10,ethos,IMP_SOL,2035,SOL,19642.845
SUBSIDY,shungnak,supply,2035,spring,10,ethos,IMP_WND,2025,WND,10008.284
SUBSIDY,shungnak,supply,2035,spring,11,ethos,IMP_HYD,2025,HYD,4270.4932
SUBSIDY,shungnak,supply,2035,spring,11,ethos,IMP_SOL,2030,SOL,24434.592
SUBSIDY,shungnak,supply,2035,spring,11,ethos,IMP_WND,2025,WND,9460.7849
SUBSIDY,shungnak,supply,2035,spring,12,ethos,IMP_HYD,2035,HYD,4270.4932
SUBSIDY,shungnak,supply,2035,spring,12,ethos,IMP_SOL,2025,SOL,26697.669
SUBSIDY,shungnak,supply,2035,spring,12,ethos,IMP_WND,2030,WND,8898.6858
SUBSIDY,shungnak,supply,2035,spring,13,ethos,IMP_HYD,2030,HYD,4270.4932
SUBSIDY,shungnak,supply,2035,spring,13,ethos,IMP_SOL,2025,SOL,28064.368
SUBSIDY,shungnak,supply,2035,spring,13,ethos,IMP_WND,2030,WND,7800.0375
SUBSIDY,shungnak,supply,2035,spring,14,ethos,IMP_HYD,2035,HYD,4270.4932
SUBSIDY,shungnak,supply,2035,spring,14,ethos,IMP_SOL,2035,SOL,27953.705
SUBSIDY,shungnak,supply,2035,spring,14,ethos,IMP_WND,2035,WND,7223.3384
SUBSIDY,shungnak,supply,2035,spring,15,ethos,IMP_HYD,2030,HYD,4270.4932
SUBSIDY,shungnak,supply,2035,spring,15,ethos,IMP_SOL,2035,SOL,26326.945
SUBSIDY,shungnak,supply,2035,spring,15,ethos,IMP_WND,2035,WND,7383.9382
SUBSIDY,shungnak,supply,2035,spring,16,ethos,IMP_HYD,2030,HYD,4270.4932
SUBSIDY,shungnak,supply,2035,spring,16,ethos,IMP_SOL,2025,SOL,22863.165
SUBSIDY,shungnak,supply,2035,spring,16,ethos,IMP_WND,2030,WND,7978.8872
SUBSIDY,shungnak,supply,2035,spring,17,ethos,IMP_HYD,2030,HYD,4270.4932
SUBSIDY,shungnak,supply,2035,spring,17,ethos,IMP_SOL,2035,SOL,17036.709
SUBSIDY,shungnak,supply,2035,spring,17,ethos,IMP_WND,2035,WND,8088.3871
SUBSIDY,shungnak,supply,2035,spring,18,ethos,IMP_HYD,2030,HYD,4270.4932
SUBSIDY,shungnak,supply,2035,spring,18,ethos,IMP_SOL,2030,SOL,10324.943
SUBSIDY,shungnak,supply,2035,spring,18,ethos,IMP_WND,2030,WND,8336.5867
SUBSIDY,shungnak,supply,2035,spring,19,ethos,IMP_HYD,2030,HYD,4270.4932
SUBSIDY,shungnak,supply,2035,spring,19,ethos,IMP_SOL,2030,SOL,4492.9549
SUBSIDY,shungnak,supply,2035,spring,19,ethos,IMP_WND,2030,WND,8584.7863
SUBSIDY,shungnak,supply,2035,spring,2,ethos,IMP_HYD,2025,HYD,4270.4932
SUBSIDY,shungnak,supply,2035,spring,2,ethos,IMP_WND,2030,WND,9818.4843
SUBSIDY,shungnak,supply,2035,spring,20,ethos,IMP_HYD,2030,HYD,4270.4932
SUBSIDY,shungnak,supply,2035,spring,20,ethos,IMP_SOL,2030,SOL,1637.8259
SUBSIDY,shungnak,supply,2035,spring,20,ethos,IMP_WND,2030,WND,9095.7854
SUBSIDY,shungnak,supply,2035,spring,21,ethos,IMP_HYD,2035,HYD,4270.4932
SUBSIDY,shungnak,supply,2035,spring,21,ethos,IMP_SOL,2030,SOL,713.78224
SUBSIDY,shungnak,supply,2035,spring,21,ethos,IMP_WND,2030,WND,8869.4858
SUBSIDY,shungnak,supply,2035,spring,22,ethos,IMP_HYD,2035,HYD,4270.4932
SUBSIDY,shungnak,supply,2035,spring,22,ethos,IMP_SOL,2030,SOL,276.65978
SUBSIDY,shungnak,supply,2035,spring,22,ethos,IMP_WND,2035,WND,9898.7842
SUBSIDY,shungnak,supply,2035,spring,23,ethos,IMP_HYD,2035,HYD,4270.4932
SUBSIDY,shungnak,supply,2035,spring,23,ethos,IMP_SOL,2025,SOL,44.265565
SUBSIDY,shungnak,supply,2035,spring,23,ethos,IMP_WND,2030,WND,10099.534
SUBSIDY,shungnak,supply,2035,spring,3,ethos,IMP_DSL,2025,DSL,955.73128
SUBSIDY,shungnak,supply,2035,spring,3,ethos,IMP_HYD,2025,HYD,4270.4932
SUBSIDY,shungnak,supply,2035,spring,3,ethos,IMP_WND,2030,WND,10307.584
SUBSIDY,shungnak,supply,2035,spring,4,ethos,IMP_DSL,2025,DSL,2822.3532
SUBSIDY,shungnak,supply,2035,spring,4,ethos,IMP_HYD,2030,HYD,4270.4932
SUBSIDY,shungnak,supply,2035,spring,4,ethos,IMP_SOL,2035,SOL,66.398348
SUBSIDY,shungnak,supply,2035,spring,4,ethos,IMP_WND,2035,WND,10814.933
SUBSIDY,shungnak,supply,2035,spring,5,ethos,IMP_DSL,2035,DSL,1825.7605
SUBSIDY,shungnak,supply,2035,spring,5,ethos,IMP_HYD,2030,HYD,4270.4932
SUBSIDY,shungnak,supply,2035,spring,5,ethos,IMP_SOL,2030,SOL,293.25937
SUBSIDY,shungnak,supply,2035,spring,5,ethos,IMP_WND,2030,WND,11293.082
SUBSIDY,shungnak,supply,2035,spring,6,ethos,IMP_DSL,2025,DSL,546.40592
SUBSIDY,shungnak,supply,2035,spring,6,ethos,IMP_HYD,2030,HYD,4270.4932
SUBSIDY,shungnak,supply,2035,spring,6,ethos,IMP_SOL,2030,SOL,984.90883
SUBSIDY,shungnak,supply,2035,spring,6,ethos,IMP_WND,2030,WND,11402.582
SUBSIDY,shungnak,supply,2035,spring,7,ethos,IMP_DSL,2025,DSL,344.13964
SUBSIDY,shungnak,supply,2035,spring,7,ethos,IMP_HYD,2025,HYD,4270.4932
SUBSIDY,shungnak,supply,2035,spring,7,ethos,IMP_SOL,2030,SOL,3164.9879
SUBSIDY,shungnak,supply,2035,spring,7,ethos,IMP_WND,2025,WND,10939.032
SUBSIDY,shungnak,supply,2035,spring,8,ethos,IMP_HYD,2025,HYD,4270.4932
SUBSIDY,shungnak,supply,2035,spring,8,ethos,IMP_SOL,2035,SOL,7370.2166
SUBSIDY,shungnak,supply,2035,spring,8,ethos,IMP_WND,2035,WND,11391.632
SUBSIDY,shungnak,supply,2035,spring,9,ethos,IMP_HYD,2025,HYD,4270.4932
SUBSIDY,shungnak,supply,2035,spring,9,ethos,IMP_SOL,2035,SOL,13633.794
SUBSIDY,shungnak,supply,2035,spring,9,ethos,IMP_WND,2030,WND,10172.534
SUBSIDY,shungnak,supply,2035,summer,0,ethos,IMP_HYD,2035,HYD,10853.623
SUBSIDY,shungnak,supply,2035,summer,0,ethos,IMP_SOL,2035,SOL,55.331957
SUBSIDY,shungnak,supply,2035,summer,0,ethos,IMP_WND,2025,WND,2580.5459
SUBSIDY,shungnak,supply,2035,summer,1,ethos,IMP_HYD,2030,HYD,10853.623
SUBSIDY,shungnak,supply,2035,summer,1,ethos,IMP_WND,2030,WND,2040.3467
SUBSIDY,shungnak,supply,2035,summer,10,ethos,IMP_HYD,2030,HYD,10853.623
SUBSIDY,shungnak,supply,2035,summer,10,ethos,IMP_SOL,2035,SOL,17578.963
SUBSIDY,shungnak,supply,2035,summer,10,ethos,IMP_WND,2025,WND,1751.9972
SUBSIDY,shungnak,supply,2035,summer,11,ethos,IMP_HYD,2025,HYD,10853.623
SUBSIDY,shungnak,supply,2035,summer,11,ethos,IMP_SOL,2035,SOL,20987.411
SUBSIDY,shungnak,supply,2035,summer,11,ethos,IMP_WND,2030,WND,1525.6976
SUBSIDY,shungnak,supply,2035,summer,12,ethos,IMP_HYD,2035,HYD,10853.623
SUBSIDY,shungnak,supply,2035,summer,12,ethos,IMP_SOL,2035,SOL,23499.482
SUBSIDY,shungnak,supply,2035,summer,12,ethos,IMP_WND,2035,WND,1503.7976
SUBSIDY,shungnak,supply,2035,summer,13,ethos,IMP_HYD,2035,HYD,10853.623
SUBSIDY,shungnak,supply,2035,summer,13,ethos,IMP_SOL,2035,SOL,24716.785
SUBSIDY,shungnak,supply,2035,summer,13,ethos,IMP_WND,2030,WND,1595.0474
SUBSIDY,shungnak,supply,2035,summer,14,ethos,IMP_HYD,2025,HYD,10853.623
SUBSIDY,shungnak,supply,2035,summer,14,ethos,IMP_SOL,2035,SOL,25402.901
SUBSIDY,shungnak,supply,2035,summer,14,ethos,IMP_WND,2035,WND,1730.0972
SUBSIDY,shungnak,supply,2035,summer,15,ethos,IMP_HYD,2025,HYD,10853.623
SUBSIDY,shungnak,supply,2035,summer,15,ethos,IMP_SOL,2030,SOL,22885.297
SUBSIDY,shungnak,supply,2035,summer,15,ethos,IMP_WND,2030,WND,1532.9975
SUBSIDY,shungnak,supply,2035,summer,16,ethos,IMP_HYD,2035,HYD,10853.623
SUBSIDY,shungnak,supply,2035,summer,16,ethos,IMP_SOL,2025,SOL,21092.542
SUBSIDY,shungnak,supply,2035,summer,16,ethos,IMP_WND,2035,WND,1251.948
SUBSIDY,shungnak,supply,2035,summer,17,ethos,IMP_HYD,2030,HYD,10853.623
SUBSIDY,shungnak,supply,2035,summer,17,ethos,IMP_SOL,2030,SOL,17495.965
SUBSIDY,shungnak,supply,2035,summer,17,ethos,IMP_WND,2030,WND,1394.2978
SUBSIDY,shungnak,supply,2035,summer,18,ethos,IMP_HYD,2030,HYD,10853.623
SUBSIDY,shungnak,supply,2035,summer,18,ethos,IMP_SOL,2030,SOL,12477.356
SUBSIDY,shungnak,supply,2035,summer,18,ethos,IMP_WND,2030,WND,1850.547
SUBSIDY,shungnak,supply,2035,summer,19,ethos,IMP_HYD,2025,HYD,10853.623
SUBSIDY,shungnak,supply,2035,summer,19,ethos,IMP_SOL,2035,SOL,7270.6191
SUBSIDY,shungnak,supply,2035,summer,19,ethos,IMP_WND,2035,WND,1598.6974
SUBSIDY,shungnak,supply,2035,summer,2,ethos,IMP_HYD,2025,HYD,10853.623
SUBSIDY,shungnak,supply,2035,summer,2,ethos,IMP_WND,2025,WND,1868.797
SUBSIDY,shungnak,supply,2035,summer,20,ethos,IMP_HYD,2025,HYD,10853.623
SUBSIDY,shungnak,supply,2035,summer,20,ethos,IMP_SOL,2035,SOL,3768.1063
SUBSIDY,shungnak,supply,2035,summer,20,ethos,IMP_WND,2030,WND,1970.9968
SUBSIDY,shungnak,supply,2035,summer,21,ethos,IMP_HYD,2035,HYD,10853.623
SUBSIDY,shungnak,supply,2035,summer,21,ethos,IMP_SOL,2030,SOL,1715.2907
SUBSIDY,shungnak,supply,2035,summer,21,ethos,IMP_WND,2030,WND,2839.6955
SUBSIDY,shungnak,supply,2035,summer,22,ethos,IMP_HYD,2030,HYD,10853.623
SUBSIDY,shungnak,supply,2035,summer,22,ethos,IMP_SOL,2025,SOL,1034.7076
SUBSIDY,shungnak,supply,2035,summer,22,ethos,IMP_WND,2025,WND,2770.3456
SUBSIDY,shungnak,supply,2035,summer,23,ethos,IMP_HYD,2035,HYD,10853.623
SUBSIDY,shungnak,supply,2035,summer,23,ethos,IMP_SOL,2025,SOL,304.32576
SUBSIDY,shungnak,supply,2035,summer,23,ethos,IMP_WND,2025,WND,3040.4451
SUBSIDY,shungnak,supply,2035,summer,3,ethos,IMP_HYD,2035,HYD,10853.623
SUBSIDY,shungnak,supply,2035,summer,3,ethos,IMP_SOL,2025,SOL,66.398348
SUBSIDY,shungnak,supply,2035,summer,3,ethos,IMP_WND,2025,WND,2135.2466
SUBSIDY,shungnak,supply,2035,summer,4,ethos,IMP_HYD,2030,HYD,10853.623
SUBSIDY,shungnak,supply,2035,summer,4,ethos,IMP_SOL,2025,SOL,426.05607
SUBSIDY,shungnak,supply,2035,summer,4,ethos,IMP_WND,2025,WND,2182.6965
SUBSIDY,shungnak,supply,2035,summer,5,ethos,IMP_HYD,2030,HYD,10853.623
SUBSIDY,shungnak,supply,2035,summer,5,ethos,IMP_SOL,2030,SOL,824.44615
SUBSIDY,shungnak,supply,2035,summer,5,ethos,IMP_WND,2035,WND,2262.9964
SUBSIDY,shungnak,supply,2035,summer,6,ethos,IMP_HYD,2030,HYD,10853.623
SUBSIDY,shungnak,supply,2035,summer,6,ethos,IMP_SOL,2035,SOL,2091.548
SUBSIDY,shungnak,supply,2035,summer,6,ethos,IMP_WND,2035,WND,2029.3968
SUBSIDY,shungnak,supply,2035,summer,7,ethos,IMP_HYD,2025,HYD,10853.623
SUBSIDY,shungnak,supply,2035,summer,7,ethos,IMP_SOL,2030,SOL,5007.5421
SUBSIDY,shungnak,supply,2035,summer,7,ethos,IMP_WND,2025,WND,1686.2973
SUBSIDY,shungnak,supply,2035,summer,8,ethos,IMP_HYD,2035,HYD,10853.623
SUBSIDY,shungnak,supply,2035,summer,8,ethos,IMP_SOL,2030,SOL,9810.3559
SUBSIDY,shungnak,supply,2035,summer,8,ethos,IMP_WND,2035,WND,1733.7472
SUBSIDY,shungnak,supply,2035,summer,9,ethos,IMP_HYD,2035,HYD,10853.623
SUBSIDY,shungnak,supply,2035,summer,9,ethos,IMP_SOL,2030,SOL,13401.4
SUBSIDY,shungnak,supply,2035,summer,9,ethos,IMP_WND,2035,WND,1624.2474
SUBSIDY,shungnak,supply,2035,winter,0,ethos,IMP_HYD,2030,HYD,1011.7784
SUBSIDY,shungnak,supply,2035,winter,0,ethos,IMP_WND,2035,WND,11026.632
SUBSIDY,shungnak,supply,2035,winter,1,ethos,IMP_HYD,2025,HYD,1011.7784
SUBSIDY,shungnak,supply,2035,winter,1,ethos,IMP_WND,2030,WND,11241.982
SUBSIDY,shungnak,supply,2035,winter,10,ethos,IMP_HYD,2035,HYD,1011.7784
SUBSIDY,shungnak,supply,2035,winter,10,ethos,IMP_SOL,2035,SOL,630.78431
SUBSIDY,shungnak,supply,2035,winter,10,ethos,IMP_WND,2030,WND,10898.883
SUBSIDY,shungnak,supply,2035,winter,11,ethos,IMP_HYD,2030,HYD,1011.7784
SUBSIDY,shungnak,supply,2035,winter,11,ethos,IMP_SOL,2030,SOL,2141.3467
SUBSIDY,shungnak,supply,2035,winter,11,ethos,IMP_WND,2025,WND,10884.283
SUBSIDY,shungnak,supply,2035,winter,12,ethos,IMP_HYD,2030,HYD,1011.7784
SUBSIDY,shungnak,supply,2035,winter,12,ethos,IMP_SOL,2035,SOL,3790.239
SUBSIDY,shungnak,supply,2035,winter,12,ethos,IMP_WND,2025,WND,11325.932
SUBSIDY,shungnak,supply,2035,winter,13,ethos,IMP_HYD,2025,HYD,1011.7784
SUBSIDY,shungnak,supply,2035,winter,13,ethos,IMP_SOL,2030,SOL,4874.7454
SUBSIDY,shungnak,supply,2035,winter,13,ethos,IMP_WND,2035,WND,11804.081
SUBSIDY,shungnak,supply,2035,winter,14,ethos,IMP_HYD,2035,HYD,1011.7784
SUBSIDY,shungnak,supply,2035,winter,14,ethos,IMP_SOL,2035,SOL,4874.7454
SUBSIDY,shungnak,supply,2035,winter,14,ethos,IMP_WND,2035,WND,11523.032
SUBSIDY,shungnak,supply,2035,winter,15,ethos,IMP_HYD,2030,HYD,1011.7784
SUBSIDY,shungnak,supply,2035,winter,15,ethos,IMP_SOL,2030,SOL,3602.1104
SUBSIDY,shungnak,supply,2035,winter,15,ethos,IMP_WND,2035,WND,11767.581
SUBSIDY,shungnak,supply,2035,winter,16,ethos,IMP_HYD,2025,HYD,1011.7784
SUBSIDY,shungnak,supply,2035,winter,16,ethos,IMP_SOL,2035,SOL,1953.2181
SUBSIDY,shungnak,supply,2035,winter,16,ethos,IMP_WND,2030,WND,11596.031
SUBSIDY,shungnak,supply,2035,winter,17,ethos,IMP_HYD,2035,HYD,1011.7784
SUBSIDY,shungnak,supply,2035,winter,17,ethos,IMP_SOL,2030,SOL,509.054
SUBSIDY,shungnak,supply,2035,winter,17,ethos,IMP_WND,2025,WND,11325.932
SUBSIDY,shungnak,supply,2035,winter,18,ethos,IMP_HYD,2035,HYD,1011.7784
SUBSIDY,shungnak,supply,2035,winter,18,ethos,IMP_SOL,2030,SOL,11.066391
SUBSIDY,shungnak,supply,2035,winter,18,ethos,IMP_WND,2035,WND,11205.482
SUBSIDY,shungnak,supply,2035,winter,19,ethos,IMP_HYD,2030,HYD,1011.7784
SUBSIDY,shungnak,supply,2035,winter,19,ethos,IMP_WND,2030,WND,11358.782
SUBSIDY,shungnak,supply,2035,winter,2,ethos,IMP_HYD,2025,HYD,1011.7784
SUBSIDY,shungnak,supply,2035,winter,2,ethos,IMP_WND,2030,WND,10844.133
SUBSIDY,shungnak,supply,2035,winter,20,ethos,IMP_HYD,2025,HYD,1011.7784
SUBSIDY,shungnak,supply,2035,winter,20,ethos,IMP_WND,2035,WND,11479.232
SUBSIDY,shungnak,supply,2035,winter,21,ethos,IMP_HYD,2025,HYD,1011.7784
SUBSIDY,shungnak,supply,2035,winter,21,ethos,IMP_WND,2030,WND,12030.381
SUBSIDY,shungnak,supply,2035,winter,22,ethos,IMP_HYD,2030,HYD,1011.7784
SUBSIDY,shungnak,supply,2035,winter,22,ethos,IMP_WND,2030,WND,12096.081
SUBSIDY,shungnak,supply,2035,winter,23,ethos,IMP_HYD,2025,HYD,1011.7784
SUBSIDY,shungnak,supply,2035,winter,23,ethos,IMP_WND,2025,WND,11439.082
SUBSIDY,shungnak,supply,2035,winter,3,ethos,IMP_HYD,2025,HYD,1011.7784
SUBSIDY,shungnak,supply,2035,winter,3,ethos,IMP_WND,2035,WND,10282.034
SUBSIDY,shungnak,supply,2035,winter,4,ethos,IMP_HYD,2035,HYD,1011.7784
SUBSIDY,shungnak,supply,2035,winter,4,ethos,IMP_WND,2025,WND,10081.284
SUBSIDY,shungnak,supply,2035,winter,5,ethos,IMP_HYD,2035,HYD,1011.7784
SUBSIDY,shungnak,supply,2035,winter,5,ethos,IMP_WND,2035,WND,10307.584
SUBSIDY,shungnak,supply,2035,winter,6,ethos,IMP_HYD,2030,HYD,1011.7784
SUBSIDY,shungnak,supply,2035,winter,6,ethos,IMP_WND,2035,WND,10387.883
SUBSIDY,shungnak,supply,2035,winter,7,ethos,IMP_HYD,2030,HYD,1011.7784
SUBSIDY,shungnak,supply,2035,winter,7,ethos,IMP_WND,2025,WND,10508.333
SUBSIDY,shungnak,supply,2035,winter,8,ethos,IMP_HYD,2035,HYD,1011.7784
SUBSIDY,shungnak,supply,2035,winter,8,ethos,IMP_WND,2025,WND,10687.183
SUBSIDY,shungnak,supply,2035,winter,9,ethos,IMP_HYD,2025,HYD,1011.7784
SUBSIDY,shungnak,supply,2035,winter,9,ethos,IMP_WND,2025,WND,11413.532
SUBSIDY,shungnak,supply,2040,fall,0,ethos,IMP_HYD,2040,HYD,6057.5303
SUBSIDY,shungnak,supply,2040,fall,0,ethos,IMP_WND,2035,WND,12338.461
SUBSIDY,shungnak,supply,2040,fall,1,ethos,IMP_HYD,2040,HYD,6057.5303
SUBSIDY,shungnak,supply,2040,fall,1,ethos,IMP_WND,2025,WND,12622.104
SUBSIDY,shungnak,supply,2040,fall,10,ethos,IMP_HYD,2040,HYD,6057.5303
SUBSIDY,shungnak,supply,2040,fall,10,ethos,IMP_SOL,2025,SOL,4354.625
SUBSIDY,shungnak,supply,2040,fall,10,ethos,IMP_WND,2030,WND,11975.566
SUBSIDY,shungnak,supply,2040,fall,11,ethos,IMP_HYD,2035,HYD,6057.5303
SUBSIDY,shungnak,supply,2040,fall,11,ethos,IMP_SOL,2035,SOL,7890.337
SUBSIDY,shungnak,supply,2040,fall,11,ethos,IMP_WND,2040,WND,11862.943
SUBSIDY,shungnak,supply,2040,fall,12,ethos,IMP_HYD,2030,HYD,6057.5303
SUBSIDY,shungnak,supply,2040,fall,12,ethos,IMP_SOL,2030,SOL,9738.4244
SUBSIDY,shungnak,supply,2040,fall,12,ethos,IMP_WND,2030,WND,11925.511
SUBSIDY,shungnak,supply,2040,fall,13,ethos,IMP_HYD,2040,HYD,6057.5303
SUBSIDY,shungnak,supply,2040,fall,13,ethos,IMP_SOL,2040,SOL,10717.8
SUBSIDY,shungnak,supply,2040,fall,13,ethos,IMP_WND,2040,WND,11858.771
SUBSIDY,shungnak,supply,2040,fall,14,ethos,IMP_HYD,2035,HYD,6057.5303
SUBSIDY,shungnak,supply,2040,fall,14,ethos,IMP_SOL,2040,SOL,10120.215
SUBSIDY,shungnak,supply,2040,fall,14,ethos,IMP_WND,2040,WND,12021.449
SUBSIDY,shungnak,supply,2040,fall,15,ethos,IMP_HYD,2035,HYD,6057.5303
SUBSIDY,shungnak,supply,2040,fall,15,ethos,IMP_SOL,2025,SOL,8443.6566
SUBSIDY,shungnak,supply,2040,fall,15,ethos,IMP_WND,2025,WND,11741.977
SUBSIDY,shungnak,supply,2040,fall,16,ethos,IMP_HYD,2035,HYD,6057.5303
SUBSIDY,shungnak,supply,2040,fall,16,ethos,IMP_SOL,2025,SOL,5826.455
SUBSIDY,shungnak,supply,2040,fall,16,ethos,IMP_WND,2030,WND,12396.859
SUBSIDY,shungnak,supply,2040,fall,17,ethos,IMP_HYD,2030,HYD,6057.5303
SUBSIDY,shungnak,supply,2040,fall,17,ethos,IMP_SOL,2035,SOL,2943.6601
SUBSIDY,shungnak,supply,2040,fall,17,ethos,IMP_WND,2030,WND,12505.31
SUBSIDY,shungnak,supply,2040,fall,18,ethos,IMP_HYD,2025,HYD,6057.5303
SUBSIDY,shungnak,supply,2040,fall,18,ethos,IMP_SOL,2030,SOL,1034.7076
SUBSIDY,shungnak,supply,2040,fall,18,ethos,IMP_WND,2035,WND,11900.484
SUBSIDY,shungnak,supply,2040,fall,19,ethos,IMP_HYD,2025,HYD,6057.5303
SUBSIDY,shungnak,supply,2040,fall,19,ethos,IMP_SOL,2030,SOL,254.527
SUBSIDY,shungnak,supply,2040,fall,19,ethos,IMP_WND,2035,WND,11762.833
SUBSIDY,shungnak,supply,2040,fall,2,ethos,IMP_HYD,2035,HYD,6057.5303
SUBSIDY,shungnak,supply,2040,fall,2,ethos,IMP_WND,2040,WND,12709.7
SUBSIDY,shungnak,supply,2040,fall,20,ethos,IMP_HYD,2025,HYD,6057.5303
SUBSIDY,shungnak,supply,2040,fall,20,ethos,IMP_SOL,2040,SOL,16.599587
SUBSIDY,shungnak,supply,2040,fall,20,ethos,IMP_WND,2025,WND,11908.826
SUBSIDY,shungnak,supply,2040,fall,21,ethos,IMP_HYD,2040,HYD,6057.5303
SUBSIDY,shungnak,supply,2040,fall,21,ethos,IMP_WND,2025,WND,11387.424
SUBSIDY,shungnak,supply,2040,fall,22,ethos,IMP_HYD,2035,HYD,6057.5303
SUBSIDY,shungnak,supply,2040,fall,22,ethos,IMP_WND,2030,WND,12125.729
SUBSIDY,shungnak,supply,2040,fall,23,ethos,IMP_HYD,2025,HYD,6057.5303
SUBSIDY,shungnak,supply,2040,fall,23,ethos,IMP_WND,2035,WND,11892.141
SUBSIDY,shungnak,supply,2040,fall,3,ethos,IMP_HYD,2030,HYD,6057.5303
SUBSIDY,shungnak,supply,2040,fall,3,ethos,IMP_WND,2030,WND,12538.68
SUBSIDY,shungnak,supply,2040,fall,4,ethos,IMP_HYD,2030,HYD,6057.5303
SUBSIDY,shungnak,supply,2040,fall,4,ethos,IMP_WND,2025,WND,12184.126
SUBSIDY,shungnak,supply,2040,fall,5,ethos,IMP_HYD,2030,HYD,6057.5303
SUBSIDY,shungnak,supply,2040,fall,5,ethos,IMP_WND,2035,WND,12609.591
SUBSIDY,shungnak,supply,2040,fall,6,ethos,IMP_HYD,2030,HYD,6057.5303
SUBSIDY,shungnak,supply,2040,fall,6,ethos,IMP_WND,2040,WND,12384.345
SUBSIDY,shungnak,supply,2040,fall,7,ethos,IMP_HYD,2030,HYD,6057.5303
SUBSIDY,shungnak,supply,2040,fall,7,ethos,IMP_SOL,2040,SOL,99.597522
SUBSIDY,shungnak,supply,2040,fall,7,ethos,IMP_WND,2025,WND,12346.804
SUBSIDY,shungnak,supply,2040,fall,8,ethos,IMP_HYD,2040,HYD,6057.5303
SUBSIDY,shungnak,supply,2040,fall,8,ethos,IMP_SOL,2025,SOL,962.77605
SUBSIDY,shungnak,supply,2040,fall,8,ethos,IMP_WND,2035,WND,12613.762
SUBSIDY,shungnak,supply,2040,fall,9,ethos,IMP_HYD,2040,HYD,6057.5303
SUBSIDY,shungnak,supply,2040,fall,9,ethos,IMP_SOL,2040,SOL,2052.8156
SUBSIDY,shungnak,supply,2040,fall,9,ethos,IMP_WND,2030,WND,12138.243
SUBSIDY,shungnak,supply,2040,spring,0,ethos,IMP_HYD,2040,HYD,4270.4932
SUBSIDY,shungnak,supply,2040,spring,0,ethos,IMP_WND,2030,WND,11529.245
SUBSIDY,shungnak,supply,2040,spring,1,ethos,IMP_HYD,2040,HYD,4270.4932
SUBSIDY,shungnak,supply,2040,spring,1,ethos,IMP_WND,2035,WND,11487.533
SUBSIDY,shungnak,supply,2040,spring,10,ethos,IMP_HYD,2025,HYD,4270.4932
SUBSIDY,shungnak,supply,2040,spring,10,ethos,IMP_SOL,2030,SOL,13915.411
SUBSIDY,shungnak,supply,2040,spring,10,ethos,IMP_WND,2025,WND,11437.478
SUBSIDY,shungnak,supply,2040,spring,11,ethos,IMP_HYD,2035,HYD,4270.4932
SUBSIDY,shungnak,supply,2040,spring,11,ethos,IMP_SOL,2040,SOL,17581.117
SUBSIDY,shungnak,supply,2040,spring,11,ethos,IMP_WND,2025,WND,10811.796
SUBSIDY,shungnak,supply,2040,spring,12,ethos,IMP_HYD,2040,HYD,4270.4932
SUBSIDY,shungnak,supply,2040,spring,12,ethos,IMP_SOL,2030,SOL,26697.669
SUBSIDY,shungnak,supply,2040,spring,12,ethos,IMP_WND,2035,WND,10169.428
SUBSIDY,shungnak,supply,2040,spring,13,ethos,IMP_HYD,2040,HYD,4270.4932
SUBSIDY,shungnak,supply,2040,spring,13,ethos,IMP_SOL,2035,SOL,28064.368
SUBSIDY,shungnak,supply,2040,spring,13,ethos,IMP_WND,2030,WND,8913.8919
SUBSIDY,shungnak,supply,2040,spring,14,ethos,IMP_HYD,2030,HYD,4270.4932
SUBSIDY,shungnak,supply,2040,spring,14,ethos,IMP_SOL,2030,SOL,27953.705
SUBSIDY,shungnak,supply,2040,spring,14,ethos,IMP_WND,2040,WND,8254.8395
SUBSIDY,shungnak,supply,2040,spring,15,ethos,IMP_HYD,2035,HYD,4270.4932
SUBSIDY,shungnak,supply,2040,spring,15,ethos,IMP_SOL,2030,SOL,26326.945
SUBSIDY,shungnak,supply,2040,spring,15,ethos,IMP_WND,2030,WND,8438.3731
SUBSIDY,shungnak,supply,2040,spring,16,ethos,IMP_HYD,2025,HYD,4270.4932
SUBSIDY,shungnak,supply,2040,spring,16,ethos,IMP_SOL,2030,SOL,22863.165
SUBSIDY,shungnak,supply,2040,spring,16,ethos,IMP_WND,2040,WND,9118.2815
SUBSIDY,shungnak,supply,2040,spring,17,ethos,IMP_HYD,2035,HYD,4270.4932
SUBSIDY,shungnak,supply,2040,spring,17,ethos,IMP_SOL,2035,SOL,17036.709
SUBSIDY,shungnak,supply,2040,spring,17,ethos,IMP_WND,2035,WND,9243.4181
SUBSIDY,shungnak,supply,2040,spring,18,ethos,IMP_HYD,2025,HYD,4270.4932
SUBSIDY,shungnak,supply,2040,spring,18,ethos,IMP_SOL,2030,SOL,10324.943
SUBSIDY,shungnak,supply,2040,spring,18,ethos,IMP_WND,2040,WND,9527.0609
SUBSIDY,shungnak,supply,2040,spring,19,ethos,IMP_HYD,2035,HYD,4270.4932
SUBSIDY,shungnak,supply,2040,spring,19,ethos,IMP_SOL,2030,SOL,4492.9549
SUBSIDY,shungnak,supply,2040,spring,19,ethos,IMP_WND,2025,WND,9810.7036
SUBSIDY,shungnak,supply,2040,spring,2,ethos,IMP_HYD,2025,HYD,4270.4932
SUBSIDY,shungnak,supply,2040,spring,2,ethos,IMP_WND,2030,WND,11220.575
SUBSIDY,shungnak,supply,2040,spring,20,ethos,IMP_HYD,2030,HYD,4270.4932
SUBSIDY,shungnak,supply,2040,spring,20,ethos,IMP_SOL,2025,SOL,1637.8259
SUBSIDY,shungnak,supply,2040,spring,20,ethos,IMP_WND,2035,WND,10394.674
SUBSIDY,shungnak,supply,2040,spring,21,ethos,IMP_HYD,2025,HYD,4270.4932
SUBSIDY,shungnak,supply,2040,spring,21,ethos,IMP_SOL,2035,SOL,713.78224
SUBSIDY,shungnak,supply,2040,spring,21,ethos,IMP_WND,2040,WND,10136.059
SUBSIDY,shungnak,supply,2040,spring,22,ethos,IMP_HYD,2030,HYD,4270.4932
SUBSIDY,shungnak,supply,2040,spring,22,ethos,IMP_SOL,2035,SOL,276.65978
SUBSIDY,shungnak,supply,2040,spring,22,ethos,IMP_WND,2025,WND,11312.342
SUBSIDY,shungnak,supply,2040,spring,23,ethos,IMP_HYD,2040,HYD,4270.4932
SUBSIDY,shungnak,supply,2040,spring,23,ethos,IMP_SOL,2025,SOL,44.265565
SUBSIDY,shungnak,supply,2040,spring,23,ethos,IMP_WND,2040,WND,11541.759
SUBSIDY,shungnak,supply,2040,spring,3,ethos,IMP_HYD,2035,HYD,4270.4932
SUBSIDY,shungnak,supply,2040,spring,3,ethos,IMP_WND,2035,WND,11779.518
SUBSIDY,shungnak,supply,2040,spring,4,ethos,IMP_HYD,2035,HYD,4270.4932
SUBSIDY,shungnak,supply,2040,spring,4,ethos,IMP_SOL,2040,SOL,66.398348
SUBSIDY,shungnak,supply,2040,spring,4,ethos,IMP_WND,2030,WND,12359.318
SUBSIDY,shungnak,supply,2040,spring,5,ethos,IMP_HYD,2035,HYD,4270.4932
SUBSIDY,shungnak,supply,2040,spring,5,ethos,IMP_SOL,2035,SOL,211.00525
SUBSIDY,shungnak,supply,2040,spring,5,ethos,IMP_WND,2030,WND,12836.617
SUBSIDY,shungnak,supply,2040,spring,6,ethos,IMP_HYD,2025,HYD,4270.4932
SUBSIDY,shungnak,supply,2040,spring,6,ethos,IMP_SOL,2030,SOL,984.90883
SUBSIDY,shungnak,supply,2040,spring,6,ethos,IMP_WND,2040,WND,12447.561
SUBSIDY,shungnak,supply,2040,spring,7,ethos,IMP_HYD,2025,HYD,4270.4932
SUBSIDY,shungnak,supply,2040,spring,7,ethos,IMP_SOL,2035,SOL,3164.9879
SUBSIDY,shungnak,supply,2040,spring,7,ethos,IMP_WND,2035,WND,11999.293
SUBSIDY,shungnak,supply,2040,spring,8,ethos,IMP_HYD,2030,HYD,4270.4932
SUBSIDY,shungnak,supply,2040,spring,8,ethos,IMP_SOL,2030,SOL,5801.9581
SUBSIDY,shungnak,supply,2040,spring,8,ethos,IMP_WND,2040,WND,13018.37
SUBSIDY,shungnak,supply,2040,spring,9,ethos,IMP_HYD,2035,HYD,4270.4932
SUBSIDY,shungnak,supply,2040,spring,9,ethos,IMP_SOL,2030,SOL,8012.8031
SUBSIDY,shungnak,supply,2040,spring,9,ethos,IMP_WND,2025,WND,11384.795
SUBSIDY,shungnak,supply,2040,summer,0,ethos,IMP_HYD,2035,HYD,10853.623
SUBSIDY,shungnak,supply,2040,summer,0,ethos,IMP_SOL,2040,SOL,55.331957
SUBSIDY,shungnak,supply,2040,summer,0,ethos,IMP_WND,2035,WND,2949.0508
SUBSIDY,shungnak,supply,2040,summer,1,ethos,IMP_HYD,2035,HYD,10853.623
SUBSIDY,shungnak,supply,2040,summer,1,ethos,IMP_WND,2040,WND,2331.7106
SUBSIDY,shungnak,supply,2040,summer,10,ethos,IMP_HYD,2035,HYD,10853.623
SUBSIDY,shungnak,supply,2040,summer,10,ethos,IMP_SOL,2035,SOL,17578.963
SUBSIDY,shungnak,supply,2040,summer,10,ethos,IMP_WND,2035,WND,2002.1844
SUBSIDY,shungnak,supply,2040,summer,11,ethos,IMP_HYD,2040,HYD,10853.623
SUBSIDY,shungnak,supply,2040,summer,11,ethos,IMP_SOL,2035,SOL,20987.411
SUBSIDY,shungnak,supply,2040,summer,11,ethos,IMP_WND,2035,WND,1743.5689
SUBSIDY,shungnak,supply,2040,summer,12,ethos,IMP_HYD,2025,HYD,10853.623
SUBSIDY,shungnak,supply,2040,summer,12,ethos,IMP_SOL,2035,SOL,23499.482
SUBSIDY,shungnak,supply,2040,summer,12,ethos,IMP_WND,2040,WND,1718.5416
SUBSIDY,shungnak,supply,2040,summer,13,ethos,IMP_HYD,2030,HYD,10853.623
SUBSIDY,shungnak,supply,2040,summer,13,ethos,IMP_SOL,2035,SOL,24716.785
SUBSIDY,shungnak,supply,2040,summer,13,ethos,IMP_WND,2040,WND,1822.8221
SUBSIDY,shungnak,supply,2040,summer,14,ethos,IMP_HYD,2040,HYD,10853.623
SUBSIDY,shungnak,supply,2040,summer,14,ethos,IMP_SOL,2025,SOL,25402.901
SUBSIDY,shungnak,supply,2040,summer,14,ethos,IMP_WND,2035,WND,1977.1571
SUBSIDY,shungnak,supply,2040,summer,15,ethos,IMP_HYD,2025,HYD,10853.623
SUBSIDY,shungnak,supply,2040,summer,15,ethos,IMP_SOL,2035,SOL,22885.297
SUBSIDY,shungnak,supply,2040,summer,15,ethos,IMP_WND,2025,WND,1751.9114
SUBSIDY,shungnak,supply,2040,summer,16,ethos,IMP_HYD,2025,HYD,10853.623
SUBSIDY,shungnak,supply,2040,summer,16,ethos,IMP_SOL,2030,SOL,21092.542
SUBSIDY,shungnak,supply,2040,summer,16,ethos,IMP_WND,2025,WND,1430.7276
SUBSIDY,shungnak,supply,2040,summer,17,ethos,IMP_HYD,2035,HYD,10853.623
SUBSIDY,shungnak,supply,2040,summer,17,ethos,IMP_SOL,2025,SOL,17495.965
SUBSIDY,shungnak,supply,2040,summer,17,ethos,IMP_WND,2040,WND,1593.4051
SUBSIDY,shungnak,supply,2040,summer,18,ethos,IMP_HYD,2040,HYD,10853.623
SUBSIDY,shungnak,supply,2040,summer,18,ethos,IMP_SOL,2040,SOL,12477.356
SUBSIDY,shungnak,supply,2040,summer,18,ethos,IMP_WND,2025,WND,2114.8073
SUBSIDY,shungnak,supply,2040,summer,19,ethos,IMP_HYD,2035,HYD,10853.623
SUBSIDY,shungnak,supply,2040,summer,19,ethos,IMP_SOL,2040,SOL,7270.6191
SUBSIDY,shungnak,supply,2040,summer,19,ethos,IMP_WND,2030,WND,1826.9933
SUBSIDY,shungnak,supply,2040,summer,2,ethos,IMP_HYD,2035,HYD,10853.623
SUBSIDY,shungnak,supply,2040,summer,2,ethos,IMP_WND,2040,WND,2135.6634
SUBSIDY,shungnak,supply,2040,summer,20,ethos,IMP_HYD,2025,HYD,10853.623
SUBSIDY,shungnak,supply,2040,summer,20,ethos,IMP_SOL,2035,SOL,3768.1063
SUBSIDY,shungnak,supply,2040,summer,20,ethos,IMP_WND,2040,WND,2252.4575
SUBSIDY,shungnak,supply,2040,summer,21,ethos,IMP_HYD,2040,HYD,10853.623
SUBSIDY,shungnak,supply,2040,summer,21,ethos,IMP_SOL,2035,SOL,1715.2907
SUBSIDY,shungnak,supply,2040,summer,21,ethos,IMP_WND,2030,WND,3245.2072
SUBSIDY,shungnak,supply,2040,summer,22,ethos,IMP_HYD,2040,HYD,10853.623
SUBSIDY,shungnak,supply,2040,summer,22,ethos,IMP_SOL,2030,SOL,1034.7076
SUBSIDY,shungnak,supply,2040,summer,22,ethos,IMP_WND,2030,WND,3165.9541
SUBSIDY,shungnak,supply,2040,summer,23,ethos,IMP_HYD,2025,HYD,10853.623
SUBSIDY,shungnak,supply,2040,summer,23,ethos,IMP_SOL,2040,SOL,304.32576
SUBSIDY,shungnak,supply,2040,summer,23,ethos,IMP_WND,2030,WND,3474.6242
SUBSIDY,shungnak,supply,2040,summer,3,ethos,IMP_HYD,2040,HYD,10853.623
SUBSIDY,shungnak,supply,2040,summer,3,ethos,IMP_SOL,2025,SOL,47.774774
SUBSIDY,shungnak,supply,2040,summer,3,ethos,IMP_WND,2040,WND,2440.1623
SUBSIDY,shungnak,supply,2040,summer,4,ethos,IMP_HYD,2025,HYD,10853.623
SUBSIDY,shungnak,supply,2040,summer,4,ethos,IMP_SOL,2030,SOL,426.05607
SUBSIDY,shungnak,supply,2040,summer,4,ethos,IMP_WND,2030,WND,2494.3881
SUBSIDY,shungnak,supply,2040,summer,5,ethos,IMP_HYD,2035,HYD,10853.623
SUBSIDY,shungnak,supply,2040,summer,5,ethos,IMP_SOL,2035,SOL,824.44615
SUBSIDY,shungnak,supply,2040,summer,5,ethos,IMP_WND,2030,WND,2586.1549
SUBSIDY,shungnak,supply,2040,summer,6,ethos,IMP_HYD,2025,HYD,10853.623
SUBSIDY,shungnak,supply,2040,summer,6,ethos,IMP_SOL,2030,SOL,2091.548
SUBSIDY,shungnak,supply,2040,summer,6,ethos,IMP_WND,2035,WND,2319.197
SUBSIDY,shungnak,supply,2040,summer,7,ethos,IMP_HYD,2035,HYD,10853.623
SUBSIDY,shungnak,supply,2040,summer,7,ethos,IMP_SOL,2035,SOL,5007.5421
SUBSIDY,shungnak,supply,2040,summer,7,ethos,IMP_WND,2035,WND,1927.1025
SUBSIDY,shungnak,supply,2040,summer,8,ethos,IMP_HYD,2040,HYD,10853.623
SUBSIDY,shungnak,supply,2040,summer,8,ethos,IMP_SOL,2040,SOL,9810.3559
SUBSIDY,shungnak,supply,2040,summer,8,ethos,IMP_WND,2040,WND,1981.3283
SUBSIDY,shungnak,supply,2040,summer,9,ethos,IMP_HYD,2030,HYD,10853.623
SUBSIDY,shungnak,supply,2040,summer,9,ethos,IMP_SOL,2040,SOL,13401.4
SUBSIDY,shungnak,supply,2040,summer,9,ethos,IMP_WND,2035,WND,1856.1918
SUBSIDY,shungnak,supply,2040,winter,0,ethos,IMP_HYD,2025,HYD,1011.7784
SUBSIDY,shungnak,supply,2040,winter,0,ethos,IMP_WND,2025,WND,12601.248
SUBSIDY,shungnak,supply,2040,winter,1,ethos,IMP_HYD,2030,HYD,1011.7784
SUBSIDY,shungnak,supply,2040,winter,1,ethos,IMP_WND,2030,WND,12847.35
SUBSIDY,shungnak,supply,2040,winter,10,ethos,IMP_HYD,2025,HYD,1011.7784
SUBSIDY,shungnak,supply,2040,winter,10,ethos,IMP_SOL,2025,SOL,630.78431
SUBSIDY,shungnak,supply,2040,winter,10,ethos,IMP_WND,2025,WND,12455.256
SUBSIDY,shungnak,supply,2040,winter,11,ethos,IMP_HYD,2030,HYD,1011.7784
SUBSIDY,shungnak,supply,2040,winter,11,ethos,IMP_SOL,2030,SOL,2141.3467
SUBSIDY,shungnak,supply,2040,winter,11,ethos,IMP_WND,2035,WND,12438.571
SUBSIDY,shungnak,supply,2040,winter,12,ethos,IMP_HYD,2040,HYD,1011.7784
SUBSIDY,shungnak,supply,2040,winter,12,ethos,IMP_SOL,2030,SOL,3790.239
SUBSIDY,shungnak,supply,2040,winter,12,ethos,IMP_WND,2025,WND,12943.288
SUBSIDY,shungnak,supply,2040,winter,13,ethos,IMP_HYD,2025,HYD,1011.7784
SUBSIDY,shungnak,supply,2040,winter,13,ethos,IMP_SOL,2035,SOL,4874.7454
SUBSIDY,shungnak,supply,2040,winter,13,ethos,IMP_WND,2025,WND,13489.718
SUBSIDY,shungnak,supply,2040,winter,14,ethos,IMP_HYD,2030,HYD,1011.7784
SUBSIDY,shungnak,supply,2040,winter,14,ethos,IMP_SOL,2030,SOL,4874.7454
SUBSIDY,shungnak,supply,2040,winter,14,ethos,IMP_WND,2030,WND,13168.534
SUBSIDY,shungnak,supply,2040,winter,15,ethos,IMP_HYD,2025,HYD,1011.7784
SUBSIDY,shungnak,supply,2040,winter,15,ethos,IMP_SOL,2025,SOL,3602.1104
SUBSIDY,shungnak,supply,2040,winter,15,ethos,IMP_WND,2030,WND,13448.005
SUBSIDY,shungnak,supply,2040,winter,16,ethos,IMP_HYD,2035,HYD,1011.7784
SUBSIDY,shungnak,supply,2040,winter,16,ethos,IMP_SOL,2025,SOL,1953.2181
SUBSIDY,shungnak,supply,2040,winter,16,ethos,IMP_WND,2025,WND,13251.958
SUBSIDY,shungnak,supply,2040,winter,17,ethos,IMP_HYD,2040,HYD,1011.7784
SUBSIDY,shungnak,supply,2040,winter,17,ethos,IMP_SOL,2025,SOL,509.054
SUBSIDY,shungnak,supply,2040,winter,17,ethos,IMP_WND,2030,WND,12943.288
SUBSIDY,shungnak,supply,2040,winter,18,ethos,IMP_HYD,2025,HYD,1011.7784
SUBSIDY,shungnak,supply,2040,winter,18,ethos,IMP_SOL,2030,SOL,11.066391
SUBSIDY,shungnak,supply,2040,winter,18,ethos,IMP_WND,2030,WND,12805.638
SUBSIDY,shungnak,supply,2040,winter,19,ethos,IMP_HYD,2025,HYD,1011.7784
SUBSIDY,shungnak,supply,2040,winter,19,ethos,IMP_WND,2030,WND,12980.829
SUBSIDY,shungnak,supply,2040,winter,2,ethos,IMP_HYD,2035,HYD,1011.7784
SUBSIDY,shungnak,supply,2040,winter,2,ethos,IMP_WND,2025,WND,12392.687
SUBSIDY,shungnak,supply,2040,winter,20,ethos,IMP_HYD,2040,HYD,1011.7784
SUBSIDY,shungnak,supply,2040,winter,20,ethos,IMP_WND,2025,WND,13118.479
SUBSIDY,shungnak,supply,2040,winter,21,ethos,IMP_HYD,2035,HYD,1011.7784
SUBSIDY,shungnak,supply,2040,winter,21,ethos,IMP_WND,2040,WND,13748.333
SUBSIDY,shungnak,supply,2040,winter,22,ethos,IMP_HYD,2035,HYD,1011.7784
SUBSIDY,shungnak,supply,2040,winter,22,ethos,IMP_WND,2025,WND,13823.415
SUBSIDY,shungnak,supply,2040,winter,23,ethos,IMP_HYD,2025,HYD,1011.7784
SUBSIDY,shungnak,supply,2040,winter,23,ethos,IMP_WND,2030,WND,13072.596
SUBSIDY,shungnak,supply,2040,winter,3,ethos,IMP_HYD,2040,HYD,1011.7784
SUBSIDY,shungnak,supply,2040,winter,3,ethos,IMP_WND,2040,WND,11750.32
SUBSIDY,shungnak,supply,2040,winter,4,ethos,IMP_HYD,2035,HYD,1011.7784
SUBSIDY,shungnak,supply,2040,winter,4,ethos,IMP_WND,2025,WND,11520.903
SUBSIDY,shungnak,supply,2040,winter,5,ethos,IMP_HYD,2040,HYD,1011.7784
SUBSIDY,shungnak,supply,2040,winter,5,ethos,IMP_WND,2040,WND,11779.518
SUBSIDY,shungnak,supply,2040,winter,6,ethos,IMP_HYD,2035,HYD,1011.7784
SUBSIDY,shungnak,supply,2040,winter,6,ethos,IMP_WND,2030,WND,11871.285
SUBSIDY,shungnak,supply,2040,winter,7,ethos,IMP_HYD,2025,HYD,1011.7784
SUBSIDY,shungnak,supply,2040,winter,7,ethos,IMP_WND,2040,WND,12008.935
SUBSIDY,shungnak,supply,2040,winter,8,ethos,IMP_HYD,2035,HYD,1011.7784
SUBSIDY,shungnak,supply,2040,winter,8,ethos,IMP_WND,2025,WND,12213.325
SUBSIDY,shungnak,supply,2040,winter,9,ethos,IMP_HYD,2030,HYD,1011.7784
SUBSIDY,shungnak,supply,2040,winter,9,ethos,IMP_WND,2040,WND,13043.397
SUBSIDY,shungnak,supply,2045,fall,0,ethos,IMP_HYD,2030,HYD,6057.5303
SUBSIDY,shungnak,supply,2045,fall,0,ethos,IMP_WND,2025,WND,13495.853
SUBSIDY,shungnak,supply,2045,fall,1,ethos,IMP_HYD,2040,HYD,6057.5303
SUBSIDY,shungnak,supply,2045,fall,1,ethos,IMP_WND,2035,WND,13806.103
SUBSIDY,shungnak,supply,2045,fall,10,ethos,IMP_HYD,2035,HYD,6057.5303
SUBSIDY,shungnak,supply,2045,fall,10,ethos,IMP_SOL,2035,SOL,4354.625
SUBSIDY,shungnak,supply,2045,fall,10,ethos,IMP_WND,2025,WND,13098.917
SUBSIDY,shungnak,supply,2045,fall,11,ethos,IMP_HYD,2035,HYD,6057.5303
SUBSIDY,shungnak,supply,2045,fall,11,ethos,IMP_SOL,2045,SOL,7890.337
SUBSIDY,shungnak,supply,2045,fall,11,ethos,IMP_WND,2045,WND,12975.729
SUBSIDY,shungnak,supply,2045,fall,12,ethos,IMP_HYD,2045,HYD,6057.5303
SUBSIDY,shungnak,supply,2045,fall,12,ethos,IMP_SOL,2045,SOL,9738.4244
SUBSIDY,shungnak,supply,2045,fall,12,ethos,IMP_WND,2030,WND,13044.167
SUBSIDY,shungnak,supply,2045,fall,13,ethos,IMP_HYD,2025,HYD,6057.5303
SUBSIDY,shungnak,supply,2045,fall,13,ethos,IMP_SOL,2030,SOL,10717.8
SUBSIDY,shungnak,supply,2045,fall,13,ethos,IMP_WND,2035,WND,12971.167
SUBSIDY,shungnak,supply,2045,fall,14,ethos,IMP_HYD,2045,HYD,6057.5303
SUBSIDY,shungnak,supply,2045,fall,14,ethos,IMP_SOL,2040,SOL,10120.215
SUBSIDY,shungnak,supply,2045,fall,14,ethos,IMP_WND,2025,WND,13149.104
SUBSIDY,shungnak,supply,2045,fall,15,ethos,IMP_HYD,2040,HYD,6057.5303
SUBSIDY,shungnak,supply,2045,fall,15,ethos,IMP_SOL,2035,SOL,8443.6566
SUBSIDY,shungnak,supply,2045,fall,15,ethos,IMP_WND,2025,WND,12843.417
SUBSIDY,shungnak,supply,2045,fall,16,ethos,IMP_HYD,2035,HYD,6057.5303
SUBSIDY,shungnak,supply,2045,fall,16,ethos,IMP_SOL,2030,SOL,5826.455
SUBSIDY,shungnak,supply,2045,fall,16,ethos,IMP_WND,2045,WND,13559.728
SUBSIDY,shungnak,supply,2045,fall,17,ethos,IMP_HYD,2030,HYD,6057.5303
SUBSIDY,shungnak,supply,2045,fall,17,ethos,IMP_SOL,2025,SOL,2943.6601
SUBSIDY,shungnak,supply,2045,fall,17,ethos,IMP_WND,2045,WND,13678.353
SUBSIDY,shungnak,supply,2045,fall,18,ethos,IMP_HYD,2035,HYD,6057.5303
SUBSIDY,shungnak,supply,2045,fall,18,ethos,IMP_SOL,2030,SOL,1034.7076
SUBSIDY,shungnak,supply,2045,fall,18,ethos,IMP_WND,2025,WND,13016.792
SUBSIDY,shungnak,supply,2045,fall,19,ethos,IMP_HYD,2035,HYD,6057.5303
SUBSIDY,shungnak,supply,2045,fall,19,ethos,IMP_SOL,2040,SOL,254.527
SUBSIDY,shungnak,supply,2045,fall,19,ethos,IMP_WND,2030,WND,12866.229
SUBSIDY,shungnak,supply,2045,fall,2,ethos,IMP_HYD,2045,HYD,6057.5303
SUBSIDY,shungnak,supply,2045,fall,2,ethos,IMP_WND,2045,WND,13901.915
SUBSIDY,shungnak,supply,2045,fall,20,ethos,IMP_HYD,2030,HYD,6057.5303
SUBSIDY,shungnak,supply,2045,fall,20,ethos,IMP_SOL,2030,SOL,16.599587
SUBSIDY,shungnak,supply,2045,fall,20,ethos,IMP_WND,2025,WND,13025.917
SUBSIDY,shungnak,supply,2045,fall,21,ethos,IMP_HYD,2040,HYD,6057.5303
SUBSIDY,shungnak,supply,2045,fall,21,ethos,IMP_WND,2030,WND,12455.605
SUBSIDY,shungnak,supply,2045,fall,22,ethos,IMP_HYD,2035,HYD,6057.5303
SUBSIDY,shungnak,supply,2045,fall,22,ethos,IMP_WND,2030,WND,13263.166
SUBSIDY,shungnak,supply,2045,fall,23,ethos,IMP_HYD,2040,HYD,6057.5303
SUBSIDY,shungnak,supply,2045,fall,23,ethos,IMP_WND,2030,WND,13007.667
SUBSIDY,shungnak,supply,2045,fall,3,ethos,IMP_HYD,2045,HYD,6057.5303
SUBSIDY,shungnak,supply,2045,fall,3,ethos,IMP_WND,2045,WND,13714.853
SUBSIDY,shungnak,supply,2045,fall,4,ethos,IMP_HYD,2040,HYD,6057.5303
SUBSIDY,shungnak,supply,2045,fall,4,ethos,IMP_WND,2030,WND,13327.041
SUBSIDY,shungnak,supply,2045,fall,5,ethos,IMP_HYD,2035,HYD,6057.5303
SUBSIDY,shungnak,supply,2045,fall,5,ethos,IMP_WND,2045,WND,13792.415
SUBSIDY,shungnak,supply,2045,fall,6,ethos,IMP_HYD,2040,HYD,6057.5303
SUBSIDY,shungnak,supply,2045,fall,6,ethos,IMP_WND,2035,WND,13546.041
SUBSIDY,shungnak,supply,2045,fall,7,ethos,IMP_HYD,2025,HYD,6057.5303
SUBSIDY,shungnak,supply,2045,fall,7,ethos,IMP_SOL,2035,SOL,99.597522
SUBSIDY,shungnak,supply,2045,fall,7,ethos,IMP_WND,2045,WND,13504.978
SUBSIDY,shungnak,supply,2045,fall,8,ethos,IMP_HYD,2030,HYD,6057.5303
SUBSIDY,shungnak,supply,2045,fall,8,ethos,IMP_SOL,2025,SOL,962.77605
SUBSIDY,shungnak,supply,2045,fall,8,ethos,IMP_WND,2040,WND,13796.978
SUBSIDY,shungnak,supply,2045,fall,9,ethos,IMP_HYD,2040,HYD,6057.5303
SUBSIDY,shungnak,supply,2045,fall,9,ethos,IMP_SOL,2025,SOL,2052.8156
SUBSIDY,shungnak,supply,2045,fall,9,ethos,IMP_WND,2045,WND,13276.854
SUBSIDY,shungnak,supply,2045,spring,0,ethos,IMP_HYD,2030,HYD,4270.4932
SUBSIDY,shungnak,supply,2045,spring,0,ethos,IMP_WND,2035,WND,12610.73
SUBSIDY,shungnak,supply,2045,spring,1,ethos,IMP_HYD,2040,HYD,4270.4932
SUBSIDY,shungnak,supply,2045,spring,1,ethos,IMP_WND,2030,WND,12565.105
SUBSIDY,shungnak,supply,2045,spring,10,ethos,IMP_HYD,2045,HYD,4270.4932
SUBSIDY,shungnak,supply,2045,spring,10,ethos,IMP_SOL,2030,SOL,19642.845
SUBSIDY,shungnak,supply,2045,spring,10,ethos,IMP_WND,2025,WND,12510.355
SUBSIDY,shungnak,supply,2045,spring,11,ethos,IMP_HYD,2030,HYD,4270.4932
SUBSIDY,shungnak,supply,2045,spring,11,ethos,IMP_SOL,2035,SOL,24434.592
SUBSIDY,shungnak,supply,2045,spring,11,ethos,IMP_WND,2035,WND,11825.981
SUBSIDY,shungnak,supply,2045,spring,12,ethos,IMP_HYD,2035,HYD,4270.4932
SUBSIDY,shungnak,supply,2045,spring,12,ethos,IMP_SOL,2035,SOL,26697.669
SUBSIDY,shungnak,supply,2045,spring,12,ethos,IMP_WND,2035,WND,11123.357
SUBSIDY,shungnak,supply,2045,spring,13,ethos,IMP_HYD,2040,HYD,4270.4932
SUBSIDY,shungnak,supply,2045,spring,13,ethos,IMP_SOL,2025,SOL,28064.368
SUBSIDY,shungnak,supply,2045,spring,13,ethos,IMP_WND,2025,WND,9750.0469
SUBSIDY,shungnak,supply,2045,spring,14,ethos,IMP_HYD,2035,HYD,4270.4932
SUBSIDY,shungnak,supply,2045,spring,14,ethos,IMP_SOL,2040,SOL,27953.705
SUBSIDY,shungnak,supply,2045,spring,14,ethos,IMP_WND,2025,WND,9029.1731
SUBSIDY,shungnak,supply,2045,spring,15,ethos,IMP_HYD,2045,HYD,4270.4932
SUBSIDY,shungnak,supply,2045,spring,15,ethos,IMP_SOL,2035,SOL,26326.945
SUBSIDY,shungnak,supply,2045,spring,15,ethos,IMP_WND,2030,WND,9229.9227
SUBSIDY,shungnak,supply,2045,spring,16,ethos,IMP_HYD,2025,HYD,4270.4932
SUBSIDY,shungnak,supply,2045,spring,16,ethos,IMP_SOL,2045,SOL,22863.165
SUBSIDY,shungnak,supply,2045,spring,16,ethos,IMP_WND,2025,WND,9973.609
SUBSIDY,shungnak,supply,2045,spring,17,ethos,IMP_HYD,2030,HYD,4270.4932
SUBSIDY,shungnak,supply,2045,spring,17,ethos,IMP_SOL,2030,SOL,17036.709
SUBSIDY,shungnak,supply,2045,spring,17,ethos,IMP_WND,2030,WND,10110.484
SUBSIDY,shungnak,supply,2045,spring,18,ethos,IMP_HYD,2035,HYD,4270.4932
SUBSIDY,shungnak,supply,2045,spring,18,ethos,IMP_SOL,2040,SOL,10324.943
SUBSIDY,shungnak,supply,2045,spring,18,ethos,IMP_WND,2045,WND,10420.733
SUBSIDY,shungnak,supply,2045,spring,19,ethos,IMP_HYD,2025,HYD,4270.4932
SUBSIDY,shungnak,supply,2045,spring,19,ethos,IMP_SOL,2035,SOL,4492.9549
SUBSIDY,shungnak,supply,2045,spring,19,ethos,IMP_WND,2040,WND,10730.983
SUBSIDY,shungnak,supply,2045,spring,2,ethos,IMP_HYD,2030,HYD,4270.4932
SUBSIDY,shungnak,supply,2045,spring,2,ethos,IMP_WND,2035,WND,12273.105
SUBSIDY,shungnak,supply,2045,spring,20,ethos,IMP_HYD,2025,HYD,4270.4932
SUBSIDY,shungnak,supply,2045,spring,20,ethos,IMP_SOL,2025,SOL,1637.8259
SUBSIDY,shungnak,supply,2045,spring,20,ethos,IMP_WND,2025,WND,11369.732
SUBSIDY,shungnak,supply,2045,spring,21,ethos,IMP_HYD,2045,HYD,4270.4932
SUBSIDY,shungnak,supply,2045,spring,21,ethos,IMP_SOL,2035,SOL,713.78224
SUBSIDY,shungnak,supply,2045,spring,21,ethos,IMP_WND,2025,WND,11086.857
SUBSIDY,shungnak,supply,2045,spring,22,ethos,IMP_HYD,2025,HYD,4270.4932
SUBSIDY,shungnak,supply,2045,spring,22,ethos,IMP_SOL,2030,SOL,276.65978
SUBSIDY,shungnak,supply,2045,spring,22,ethos,IMP_WND,2030,WND,12373.48
SUBSIDY,shungnak,supply,2045,spring,23,ethos,IMP_HYD,2040,HYD,4270.4932
SUBSIDY,shungnak,supply,2045,spring,23,ethos,IMP_SOL,2045,SOL,44.265565
SUBSIDY,shungnak,supply,2045,spring,23,ethos,IMP_WND,2045,WND,12624.417
SUBSIDY,shungnak,supply,2045,spring,3,ethos,IMP_HYD,2035,HYD,4270.4932
SUBSIDY,shungnak,supply,2045,spring,3,ethos,IMP_WND,2030,WND,12884.479
SUBSIDY,shungnak,supply,2045,spring,4,ethos,IMP_HYD,2040,HYD,4270.4932
SUBSIDY,shungnak,supply,2045,spring,4,ethos,IMP_SOL,2045,SOL,66.398348
SUBSIDY,shungnak,supply,2045,spring,4,ethos,IMP_WND,2030,WND,13460.144
SUBSIDY,shungnak,supply,2045,spring,5,ethos,IMP_HYD,2045,HYD,4270.4932
SUBSIDY,shungnak,supply,2045,spring,5,ethos,IMP_SOL,2035,SOL,211.00525
SUBSIDY,shungnak,supply,2045,spring,5,ethos,IMP_WND,2040,WND,13720.015
SUBSIDY,shungnak,supply,2045,spring,6,ethos,IMP_HYD,2045,HYD,4270.4932
SUBSIDY,shungnak,supply,2045,spring,6,ethos,IMP_SOL,2035,SOL,708.65914
SUBSIDY,shungnak,supply,2045,spring,6,ethos,IMP_WND,2030,WND,14253.227
SUBSIDY,shungnak,supply,2045,spring,7,ethos,IMP_HYD,2045,HYD,4270.4932
SUBSIDY,shungnak,supply,2045,spring,7,ethos,IMP_SOL,2025,SOL,2481.8596
SUBSIDY,shungnak,supply,2045,spring,7,ethos,IMP_WND,2035,WND,13673.791
SUBSIDY,shungnak,supply,2045,spring,8,ethos,IMP_HYD,2030,HYD,4270.4932
SUBSIDY,shungnak,supply,2045,spring,8,ethos,IMP_SOL,2045,SOL,7370.2166
SUBSIDY,shungnak,supply,2045,spring,8,ethos,IMP_WND,2040,WND,12627.975
SUBSIDY,shungnak,supply,2045,spring,9,ethos,IMP_HYD,2025,HYD,4270.4932
SUBSIDY,shungnak,supply,2045,spring,9,ethos,IMP_SOL,2030,SOL,13633.794
SUBSIDY,shungnak,supply,2045,spring,9,ethos,IMP_WND,2025,WND,7491.2011
SUBSIDY,shungnak,supply,2045,summer,0,ethos,IMP_HYD,2025,HYD,10853.623
SUBSIDY,shungnak,supply,2045,summer,0,ethos,IMP_SOL,2035,SOL,55.331957
SUBSIDY,shungnak,supply,2045,summer,0,ethos,IMP_WND,2030,WND,3225.6823
SUBSIDY,shungnak,supply,2045,summer,1,ethos,IMP_HYD,2025,HYD,10853.623
SUBSIDY,shungnak,supply,2045,summer,1,ethos,IMP_WND,2045,WND,2550.4334
SUBSIDY,shungnak,supply,2045,summer,10,ethos,IMP_HYD,2035,HYD,10853.623
SUBSIDY,shungnak,supply,2045,summer,10,ethos,IMP_SOL,2035,SOL,17578.963
SUBSIDY,shungnak,supply,2045,summer,10,ethos,IMP_WND,2045,WND,2189.9965
SUBSIDY,shungnak,supply,2045,summer,11,ethos,IMP_HYD,2045,HYD,10853.623
SUBSIDY,shungnak,supply,2045,summer,11,ethos,IMP_SOL,2035,SOL,20987.411
SUBSIDY,shungnak,supply,2045,summer,11,ethos,IMP_WND,2035,WND,1907.1219
SUBSIDY,shungnak,supply,2045,summer,12,ethos,IMP_HYD,2025,HYD,10853.623
SUBSIDY,shungnak,supply,2045,summer,12,ethos,IMP_SOL,2040,SOL,23499.482
SUBSIDY,shungnak,supply,2045,summer,12,ethos,IMP_WND,2045,WND,1879.747
SUBSIDY,shungnak,supply,2045,summer,13,ethos,IMP_HYD,2030,HYD,10853.623
SUBSIDY,shungnak,supply,2045,summer,13,ethos,IMP_SOL,2035,SOL,24716.785
SUBSIDY,shungnak,supply,2045,summer,13,ethos,IMP_WND,2035,WND,1993.8093
SUBSIDY,shungnak,supply,2045,summer,14,ethos,IMP_HYD,2025,HYD,10853.623
SUBSIDY,shungnak,supply,2045,summer,14,ethos,IMP_SOL,2040,SOL,25402.901
SUBSIDY,shungnak,supply,2045,summer,14,ethos,IMP_WND,2030,WND,2162.6215
SUBSIDY,shungnak,supply,2045,summer,15,ethos,IMP_HYD,2025,HYD,10853.623
SUBSIDY,shungnak,supply,2045,summer,15,ethos,IMP_SOL,2045,SOL,22885.297
SUBSIDY,shungnak,supply,2045,summer,15,ethos,IMP_WND,2040,WND,1916.2469
SUBSIDY,shungnak,supply,2045,summer,16,ethos,IMP_HYD,2030,HYD,10853.623
SUBSIDY,shungnak,supply,2045,summer,16,ethos,IMP_SOL,2035,SOL,21092.542
SUBSIDY,shungnak,supply,2045,summer,16,ethos,IMP_WND,2030,WND,1564.935
SUBSIDY,shungnak,supply,2045,summer,17,ethos,IMP_HYD,2025,HYD,10853.623
SUBSIDY,shungnak,supply,2045,summer,17,ethos,IMP_SOL,2030,SOL,17495.965
SUBSIDY,shungnak,supply,2045,summer,17,ethos,IMP_WND,2040,WND,1742.8722
SUBSIDY,shungnak,supply,2045,summer,18,ethos,IMP_HYD,2040,HYD,10853.623
SUBSIDY,shungnak,supply,2045,summer,18,ethos,IMP_SOL,2040,SOL,12477.356
SUBSIDY,shungnak,supply,2045,summer,18,ethos,IMP_WND,2035,WND,2313.1838
SUBSIDY,shungnak,supply,2045,summer,19,ethos,IMP_HYD,2035,HYD,10853.623
SUBSIDY,shungnak,supply,2045,summer,19,ethos,IMP_SOL,2035,SOL,7270.6191
SUBSIDY,shungnak,supply,2045,summer,19,ethos,IMP_WND,2035,WND,1998.3718
SUBSIDY,shungnak,supply,2045,summer,2,ethos,IMP_HYD,2030,HYD,10853.623
SUBSIDY,shungnak,supply,2045,summer,2,ethos,IMP_WND,2030,WND,2335.9963
SUBSIDY,shungnak,supply,2045,summer,20,ethos,IMP_HYD,2045,HYD,10853.623
SUBSIDY,shungnak,supply,2045,summer,20,ethos,IMP_SOL,2045,SOL,3768.1063
SUBSIDY,shungnak,supply,2045,summer,20,ethos,IMP_WND,2030,WND,2463.7461
SUBSIDY,shungnak,supply,2045,summer,21,ethos,IMP_HYD,2040,HYD,10853.623
SUBSIDY,shungnak,supply,2045,summer,21,ethos,IMP_SOL,2040,SOL,1715.2907
SUBSIDY,shungnak,supply,2045,summer,21,ethos,IMP_WND,2030,WND,3549.6193
SUBSIDY,shungnak,supply,2045,summer,22,ethos,IMP_HYD,2040,HYD,10853.623
SUBSIDY,shungnak,supply,2045,summer,22,ethos,IMP_SOL,2040,SOL,1034.7076
SUBSIDY,shungnak,supply,2045,summer,22,ethos,IMP_WND,2030,WND,3462.932
SUBSIDY,shungnak,supply,2045,summer,23,ethos,IMP_HYD,2025,HYD,10853.623
SUBSIDY,shungnak,supply,2045,summer,23,ethos,IMP_SOL,2035,SOL,304.32576
SUBSIDY,shungnak,supply,2045,summer,23,ethos,IMP_WND,2025,WND,3800.5564
SUBSIDY,shungnak,supply,2045,summer,3,ethos,IMP_HYD,2045,HYD,10853.623
SUBSIDY,shungnak,supply,2045,summer,3,ethos,IMP_SOL,2035,SOL,39.023392
SUBSIDY,shungnak,supply,2045,summer,3,ethos,IMP_WND,2045,WND,2669.0582
SUBSIDY,shungnak,supply,2045,summer,4,ethos,IMP_HYD,2025,HYD,10853.623
SUBSIDY,shungnak,supply,2045,summer,4,ethos,IMP_SOL,2040,SOL,426.05607
SUBSIDY,shungnak,supply,2045,summer,4,ethos,IMP_WND,2045,WND,2728.3706
SUBSIDY,shungnak,supply,2045,summer,5,ethos,IMP_HYD,2035,HYD,10853.623
SUBSIDY,shungnak,supply,2045,summer,5,ethos,IMP_SOL,2025,SOL,824.44615
SUBSIDY,shungnak,supply,2045,summer,5,ethos,IMP_WND,2045,WND,2828.7455
SUBSIDY,shungnak,supply,2045,summer,6,ethos,IMP_HYD,2045,HYD,10853.623
SUBSIDY,shungnak,supply,2045,summer,6,ethos,IMP_SOL,2030,SOL,2091.548
SUBSIDY,shungnak,supply,2045,summer,6,ethos,IMP_WND,2045,WND,2536.7459
SUBSIDY,shungnak,supply,2045,summer,7,ethos,IMP_HYD,2040,HYD,10853.623
SUBSIDY,shungnak,supply,2045,summer,7,ethos,IMP_SOL,2025,SOL,5007.5421
SUBSIDY,shungnak,supply,2045,summer,7,ethos,IMP_WND,2040,WND,2107.8716
SUBSIDY,shungnak,supply,2045,summer,8,ethos,IMP_HYD,2045,HYD,10853.623
SUBSIDY,shungnak,supply,2045,summer,8,ethos,IMP_SOL,2040,SOL,9810.3559
SUBSIDY,shungnak,supply,2045,summer,8,ethos,IMP_WND,2045,WND,2167.184
SUBSIDY,shungnak,supply,2045,summer,9,ethos,IMP_HYD,2045,HYD,10853.623
SUBSIDY,shungnak,supply,2045,summer,9,ethos,IMP_SOL,2030,SOL,13401.4
SUBSIDY,shungnak,supply,2045,summer,9,ethos,IMP_WND,2025,WND,2030.3093
SUBSIDY,shungnak,supply,2045,winter,0,ethos,IMP_HYD,2040,HYD,1011.7784
SUBSIDY,shungnak,supply,2045,winter,0,ethos,IMP_WND,2045,WND,13783.29
SUBSIDY,shungnak,supply,2045,winter,1,ethos,IMP_HYD,2035,HYD,1011.7784
SUBSIDY,shungnak,supply,2045,winter,1,ethos,IMP_WND,2025,WND,14052.478
SUBSIDY,shungnak,supply,2045,winter,10,ethos,IMP_HYD,2030,HYD,1011.7784
SUBSIDY,shungnak,supply,2045,winter,10,ethos,IMP_SOL,2040,SOL,630.78431
SUBSIDY,shungnak,supply,2045,winter,10,ethos,IMP_WND,2030,WND,13623.603
SUBSIDY,shungnak,supply,2045,winter,11,ethos,IMP_HYD,2030,HYD,1011.7784
SUBSIDY,shungnak,supply,2045,winter,11,ethos,IMP_SOL,2040,SOL,2141.3467
SUBSIDY,shungnak,supply,2045,winter,11,ethos,IMP_WND,2040,WND,13605.353
SUBSIDY,shungnak,supply,2045,winter,12,ethos,IMP_HYD,2035,HYD,1011.7784
SUBSIDY,shungnak,supply,2045,winter,12,ethos,IMP_SOL,2030,SOL,3790.239
SUBSIDY,shungnak,supply,2045,winter,12,ethos,IMP_WND,2045,WND,14157.415
SUBSIDY,shungnak,supply,2045,winter,13,ethos,IMP_HYD,2045,HYD,1011.7784
SUBSIDY,shungnak,supply,2045,winter,13,ethos,IMP_SOL,2040,SOL,4874.7454
SUBSIDY,shungnak,supply,2045,winter,13,ethos,IMP_WND,2030,WND,14755.101
SUBSIDY,shungnak,supply,2045,winter,14,ethos,IMP_HYD,2025,HYD,1011.7784
SUBSIDY,shungnak,supply,2045,winter,14,ethos,IMP_SOL,2030,SOL,4874.7454
SUBSIDY,shungnak,supply,2045,winter,14,ethos,IMP_WND,2045,WND,14403.789
SUBSIDY,shungnak,supply,2045,winter,15,ethos,IMP_HYD,2040,HYD,1011.7784
SUBSIDY,shungnak,supply,2045,winter,15,ethos,IMP_SOL,2045,SOL,3602.1104
SUBSIDY,shungnak,supply,2045,winter,15,ethos,IMP_WND,2030,WND,14709.476
SUBSIDY,shungnak,supply,2045,winter,16,ethos,IMP_HYD,2030,HYD,1011.7784
SUBSIDY,shungnak,supply,2045,winter,16,ethos,IMP_SOL,2035,SOL,1953.2181
SUBSIDY,shungnak,supply,2045,winter,16,ethos,IMP_WND,2030,WND,14495.039
SUBSIDY,shungnak,supply,2045,winter,17,ethos,IMP_HYD,2025,HYD,1011.7784
SUBSIDY,shungnak,supply,2045,winter,17,ethos,IMP_SOL,2035,SOL,509.054
SUBSIDY,shungnak,supply,2045,winter,17,ethos,IMP_WND,2035,WND,14157.415
SUBSIDY,shungnak,supply,2045,winter,18,ethos,IMP_HYD,2040,HYD,1011.7784
SUBSIDY,shungnak,supply,2045,winter,18,ethos,IMP_SOL,2025,SOL,11.066391
SUBSIDY,shungnak,supply,2045,winter,18,ethos,IMP_WND,2035,WND,14006.853
SUBSIDY,shungnak,supply,2045,winter,19,ethos,IMP_HYD,2025,HYD,1011.7784
SUBSIDY,shungnak,supply,2045,winter,19,ethos,IMP_WND,2035,WND,14198.477
SUBSIDY,shungnak,supply,2045,winter,2,ethos,IMP_HYD,2040,HYD,1011.7784
SUBSIDY,shungnak,supply,2045,winter,2,ethos,IMP_WND,2025,WND,13555.166
SUBSIDY,shungnak,supply,2045,winter,20,ethos,IMP_HYD,2025,HYD,1011.7784
SUBSIDY,shungnak,supply,2045,winter,20,ethos,IMP_WND,2040,WND,14349.04
SUBSIDY,shungnak,supply,2045,winter,21,ethos,IMP_HYD,2035,HYD,1011.7784
SUBSIDY,shungnak,supply,2045,winter,21,ethos,IMP_WND,2045,WND,15037.976
SUBSIDY,shungnak,supply,2045,winter,22,ethos,IMP_HYD,2030,HYD,1011.7784
SUBSIDY,shungnak,supply,2045,winter,22,ethos,IMP_WND,2030,WND,15120.101
SUBSIDY,shungnak,supply,2045,winter,23,ethos,IMP_HYD,2045,HYD,1011.7784
SUBSIDY,shungnak,supply,2045,winter,23,ethos,IMP_WND,2045,WND,14298.852
SUBSIDY,shungnak,supply,2045,winter,3,ethos,IMP_HYD,2045,HYD,1011.7784
SUBSIDY,shungnak,supply,2045,winter,3,ethos,IMP_WND,2045,WND,12852.542
SUBSIDY,shungnak,supply,2045,winter,4,ethos,IMP_HYD,2035,HYD,1011.7784
SUBSIDY,shungnak,supply,2045,winter,4,ethos,IMP_WND,2035,WND,12601.605
SUBSIDY,shungnak,supply,2045,winter,5,ethos,IMP_HYD,2030,HYD,1011.7784
SUBSIDY,shungnak,supply,2045,winter,5,ethos,IMP_WND,2030,WND,12884.479
SUBSIDY,shungnak,supply,2045,winter,6,ethos,IMP_HYD,2035,HYD,1011.7784
SUBSIDY,shungnak,supply,2045,winter,6,ethos,IMP_WND,2025,WND,12984.854
SUBSIDY,shungnak,supply,2045,winter,7,ethos,IMP_HYD,2030,HYD,1011.7784
SUBSIDY,shungnak,supply,2045,winter,7,ethos,IMP_WND,2030,WND,13135.416
SUBSIDY,shungnak,supply,2045,winter,8,ethos,IMP_HYD,2045,HYD,1011.7784
SUBSIDY,shungnak,supply,2045,winter,8,ethos,IMP_WND,2025,WND,13358.979
SUBSIDY,shungnak,supply,2045,winter,9,ethos,IMP_HYD,2025,HYD,1011.7784
SUBSIDY,shungnak,supply,2045,winter,9,ethos,IMP_WND,2025,WND,14266.915
