scenario,region,sector,period,season,tod,input_comm,tech,vintage,output_comm,flow
HDP,shungnak,electric,2030,fall,0,ELC,ELECT,2030,ELECD,14632.673
HDP,shungnak,electric,2030,fall,0,HYD,GHYD_01,2030,ELC,6057.5303
HDP,shungnak,electric,2030,fall,0,WND,GWND_01,2030,ELC,5398.3414
HDP,shungnak,electric,2030,fall,1,ELC,ELECT,2030,ELECD,14981.07
HDP,shungnak,electric,2030,fall,1,HYD,GHYD_01,2030,ELC,6057.5303
HDP,shungnak,electric,2030,fall,1,WND,GWND_01,2030,ELC,5522.4412
HDP,shungnak,electric,2030,fall,10,ELC,ELECT,2030,ELECD,21600.613
HDP,shungnak,electric,2030,fall,10,HYD,GHYD_01,2030,ELC,6057.5303
HDP,shungnak,electric,2030,fall,10,SOL,GSOL_01,2025,ELC,1337.888
HDP,shungnak,electric,2030,fall,10,SOL,GSOL_01,2030,ELC,1795.3409
HDP,shungnak,electric,2030,fall,10,WND,GWND_01,2030,ELC,5239.5666
HDP,shungnak,electric,2030,fall,11,ELC,ELECT,2030,ELECD,23168.4
HDP,shungnak,electric,2030,fall,11,HYD,GHYD_01,2030,ELC,6057.5303
HDP,shungnak,electric,2030,fall,11,SOL,GSOL_01,2025,ELC,2424.1783
HDP,shungnak,electric,2030,fall,11,SOL,GSOL_01,2030,ELC,3253.0573
HDP,shungnak,electric,2030,fall,11,WND,GWND_01,2030,ELC,5190.2917
HDP,shungnak,electric,2030,fall,12,ELC,ELECT,2030,ELECD,21426.415
HDP,shungnak,electric,2030,fall,12,HYD,GHYD_01,2030,ELC,6057.5303
HDP,shungnak,electric,2030,fall,12,SOL,GSOL_01,2025,ELC,2991.9732
HDP,shungnak,electric,2030,fall,12,SOL,GSOL_01,2030,ELC,4014.9936
HDP,shungnak,electric,2030,fall,12,WND,GWND_01,2030,ELC,5217.6667
HDP,shungnak,electric,2030,fall,13,ELC,ELECT,2030,ELECD,21252.216
HDP,shungnak,electric,2030,fall,13,HYD,GHYD_01,2030,ELC,6057.5303
HDP,shungnak,electric,2030,fall,13,SOL,GSOL_01,2025,ELC,3292.8705
HDP,shungnak,electric,2030,fall,13,SOL,GSOL_01,2030,ELC,4418.7742
HDP,shungnak,electric,2030,fall,13,WND,GWND_01,2030,ELC,5188.4667
HDP,shungnak,electric,2030,fall,14,ELC,ELECT,2030,ELECD,21949.01
HDP,shungnak,electric,2030,fall,14,HYD,GHYD_01,2030,ELC,6057.5303
HDP,shungnak,electric,2030,fall,14,SOL,GSOL_01,2025,ELC,3109.2722
HDP,shungnak,electric,2030,fall,14,SOL,GSOL_01,2030,ELC,4172.3996
HDP,shungnak,electric,2030,fall,14,WND,GWND_01,2030,ELC,5259.6416
HDP,shungnak,electric,2030,fall,15,ELC,ELECT,2030,ELECD,18465.04
HDP,shungnak,electric,2030,fall,15,HYD,GHYD_01,2030,ELC,6057.5303
HDP,shungnak,electric,2030,fall,15,SOL,GSOL_01,2025,ELC,2594.1768
HDP,shungnak,electric,2030,fall,15,SOL,GSOL_01,2030,ELC,3481.1819
HDP,shungnak,electric,2030,fall,15,WND,GWND_01,2030,ELC,5137.3668
HDP,shungnak,electric,2030,fall,16,ELC,ELECT,2030,ELECD,21426.415
HDP,shungnak,electric,2030,fall,16,HYD,GHYD_01,2030,ELC,6057.5303
HDP,shungnak,electric,2030,fall,16,SOL,GSOL_01,2025,ELC,1790.084
HDP,shungnak,electric,2030,fall,16,SOL,GSOL_01,2030,ELC,2402.1524
HDP,shungnak,electric,2030,fall,16,WND,GWND_01,2030,ELC,5423.8913
HDP,shungnak,electric,2030,fall,17,ELC,ELECT,2030,ELECD,21252.216
HDP,shungnak,electric,2030,fall,17,HYD,GHYD_01,2030,ELC,6057.5303
HDP,shungnak,electric,2030,fall,17,SOL,GSOL_01,2025,ELC,904.3919
HDP,shungnak,electric,2030,fall,17,SOL,GSOL_01,2030,ELC,1213.6231
HDP,shungnak,electric,2030,fall,17,WND,GWND_01,2030,ELC,5471.3412
HDP,shungnak,electric,2030,fall,18,ELC,ELECT,2030,ELECD,20032.827
HDP,shungnak,electric,2030,fall,18,HYD,GHYD_01,2030,ELC,6057.5303
HDP,shungnak,electric,2030,fall,18,SOL,GSOL_01,2025,ELC,317.89715
HDP,shungnak,electric,2030,fall,18,SOL,GSOL_01,2030,ELC,426.59307
HDP,shungnak,electric,2030,fall,18,WND,GWND_01,2030,ELC,5206.7167
HDP,shungnak,electric,2030,fall,19,ELC,ELECT,2030,ELECD,15677.864
HDP,shungnak,electric,2030,fall,19,HYD,GHYD_01,2030,ELC,6057.5303
HDP,shungnak,electric,2030,fall,19,SOL,GSOL_01,2025,ELC,78.1993
HDP,shungnak,electric,2030,fall,19,SOL,GSOL_01,2030,ELC,104.93733
HDP,shungnak,electric,2030,fall,19,WND,GWND_01,2030,ELC,5146.4918
HDP,shungnak,electric,2030,fall,2,ELC,ELECT,2030,ELECD,14458.475
HDP,shungnak,electric,2030,fall,2,HYD,GHYD_01,2030,ELC,6057.5303
HDP,shungnak,electric,2030,fall,2,WND,GWND_01,2030,ELC,5560.7661
HDP,shungnak,electric,2030,fall,20,ELC,ELECT,2030,ELECD,20032.827
HDP,shungnak,electric,2030,fall,20,HYD,GHYD_01,2030,ELC,6057.5303
HDP,shungnak,electric,2030,fall,20,SOL,GSOL_01,2025,ELC,5.0999543
HDP,shungnak,electric,2030,fall,20,SOL,GSOL_01,2030,ELC,6.843739
HDP,shungnak,electric,2030,fall,20,WND,GWND_01,2030,ELC,5210.3667
HDP,shungnak,electric,2030,fall,21,ELC,ELECT,2030,ELECD,19161.834
HDP,shungnak,electric,2030,fall,21,HYD,GHYD_01,2030,ELC,6057.5303
HDP,shungnak,electric,2030,fall,21,WND,GWND_01,2030,ELC,4982.242
HDP,shungnak,electric,2030,fall,22,ELC,ELECT,2030,ELECD,17768.246
HDP,shungnak,electric,2030,fall,22,HYD,GHYD_01,2030,ELC,6057.5303
HDP,shungnak,electric,2030,fall,22,WND,GWND_01,2030,ELC,5305.2665
HDP,shungnak,electric,2030,fall,23,ELC,ELECT,2030,ELECD,16548.857
HDP,shungnak,electric,2030,fall,23,HYD,GHYD_01,2030,ELC,6057.5303
HDP,shungnak,electric,2030,fall,23,WND,GWND_01,2030,ELC,5203.0667
HDP,shungnak,electric,2030,fall,3,ELC,ELECT,2030,ELECD,14284.277
HDP,shungnak,electric,2030,fall,3,HYD,GHYD_01,2030,ELC,6057.5303
HDP,shungnak,electric,2030,fall,3,WND,GWND_01,2030,ELC,5485.9412
HDP,shungnak,electric,2030,fall,4,ELC,ELECT,2030,ELECD,13935.88
HDP,shungnak,electric,2030,fall,4,HYD,GHYD_01,2030,ELC,6057.5303
HDP,shungnak,electric,2030,fall,4,WND,GWND_01,2030,ELC,5330.8165
HDP,shungnak,electric,2030,fall,5,ELC,ELECT,2030,ELECD,14284.277
HDP,shungnak,electric,2030,fall,5,HYD,GHYD_01,2030,ELC,6057.5303
HDP,shungnak,electric,2030,fall,5,WND,GWND_01,2030,ELC,5516.9662
HDP,shungnak,electric,2030,fall,6,ELC,ELECT,2030,ELECD,15329.467
HDP,shungnak,electric,2030,fall,6,HYD,GHYD_01,2030,ELC,6057.5303
HDP,shungnak,electric,2030,fall,6,WND,GWND_01,2030,ELC,5418.4163
HDP,shungnak,electric,2030,fall,7,ELC,ELECT,2030,ELECD,16723.055
HDP,shungnak,electric,2030,fall,7,HYD,GHYD_01,2030,ELC,6057.5303
HDP,shungnak,electric,2030,fall,7,SOL,GSOL_01,2025,ELC,30.599726
HDP,shungnak,electric,2030,fall,7,SOL,GSOL_01,2030,ELC,41.062434
HDP,shungnak,electric,2030,fall,7,WND,GWND_01,2030,ELC,5401.9914
HDP,shungnak,electric,2030,fall,8,ELC,ELECT,2030,ELECD,21426.415
HDP,shungnak,electric,2030,fall,8,HYD,GHYD_01,2030,ELC,6057.5303
HDP,shungnak,electric,2030,fall,8,SOL,GSOL_01,2025,ELC,295.79735
HDP,shungnak,electric,2030,fall,8,SOL,GSOL_01,2030,ELC,396.93686
HDP,shungnak,electric,2030,fall,8,WND,GWND_01,2030,ELC,5518.7912
HDP,shungnak,electric,2030,fall,9,ELC,ELECT,2030,ELECD,21426.415
HDP,shungnak,electric,2030,fall,9,HYD,GHYD_01,2030,ELC,6057.5303
HDP,shungnak,electric,2030,fall,9,SOL,GSOL_01,2025,ELC,630.69435
HDP,shungnak,electric,2030,fall,9,SOL,GSOL_01,2030,ELC,846.3424
HDP,shungnak,electric,2030,fall,9,WND,GWND_01,2030,ELC,5310.7415
HDP,shungnak,electric,2030,spring,0,DSL,GDSL_03,2025,ELC,10631.19794117647
HDP,shungnak,electric,2030,spring,0,ELC,ELECT,2030,ELECD,15852.063
HDP,shungnak,electric,2030,spring,0,HYD,GHYD_01,2030,ELC,4270.4932
HDP,shungnak,electric,2030,spring,0,WND,GWND_01,2030,ELC,5044.2919
HDP,shungnak,electric,2030,spring,1,DSL,GDSL_03,2025,ELC,19280.964117647058
HDP,shungnak,electric,2030,spring,1,ELC,ELECT,2030,ELECD,15852.063
HDP,shungnak,electric,2030,spring,1,HYD,GHYD_01,2030,ELC,4270.4932
HDP,shungnak,electric,2030,spring,1,WND,GWND_01,2030,ELC,5026.042
HDP,shungnak,electric,2030,spring,10,ELC,EBATT_01,2030,ELC,239.60597
HDP,shungnak,electric,2030,spring,10,ELC,ELECT,2030,ELECD,23168.4
HDP,shungnak,electric,2030,spring,10,HYD,GHYD_01,2030,ELC,4270.4932
HDP,shungnak,electric,2030,spring,10,SOL,GSOL_01,2025,ELC,6034.946
HDP,shungnak,electric,2030,spring,10,SOL,GSOL_01,2030,ELC,8098.4245
HDP,shungnak,electric,2030,spring,10,WND,GWND_01,2030,ELC,5004.142
HDP,shungnak,electric,2030,spring,11,ELC,EBATT_01,2030,ELC,2891.0071
HDP,shungnak,electric,2030,spring,11,ELC,ELECT,2030,ELECD,23690.995
HDP,shungnak,electric,2030,spring,11,HYD,GHYD_01,2030,ELC,4270.4932
HDP,shungnak,electric,2030,spring,11,SOL,GSOL_01,2025,ELC,7507.1328
HDP,shungnak,electric,2030,spring,11,SOL,GSOL_01,2030,ELC,10073.984
HDP,shungnak,electric,2030,spring,11,WND,GWND_01,2030,ELC,4730.3924
HDP,shungnak,electric,2030,spring,12,ELC,EBATT_01,2030,ELC,5457.6705
HDP,shungnak,electric,2030,spring,12,ELC,ELECT,2030,ELECD,22471.606
HDP,shungnak,electric,2030,spring,12,HYD,GHYD_01,2030,ELC,4270.4932
HDP,shungnak,electric,2030,spring,12,SOL,GSOL_01,2025,ELC,8202.4266
HDP,shungnak,electric,2030,spring,12,SOL,GSOL_01,2030,ELC,11007.014
HDP,shungnak,electric,2030,spring,12,WND,GWND_01,2030,ELC,4449.3429
HDP,shungnak,electric,2030,spring,13,ELC,EBATT_01,2030,ELC,6762.703
HDP,shungnak,electric,2030,spring,13,ELC,ELECT,2030,ELECD,21600.613
HDP,shungnak,electric,2030,spring,13,HYD,GHYD_01,2030,ELC,4270.4932
HDP,shungnak,electric,2030,spring,13,SOL,GSOL_01,2025,ELC,8622.3228
HDP,shungnak,electric,2030,spring,13,SOL,GSOL_01,2030,ELC,11570.481
HDP,shungnak,electric,2030,spring,13,WND,GWND_01,2030,ELC,3900.0188
HDP,shungnak,electric,2030,spring,14,ELC,EBATT_01,2030,ELC,6046.3318
HDP,shungnak,electric,2030,spring,14,ELC,ELECT,2030,ELECD,21949.01
HDP,shungnak,electric,2030,spring,14,HYD,GHYD_01,2030,ELC,4270.4932
HDP,shungnak,electric,2030,spring,14,SOL,GSOL_01,2025,ELC,8588.3231
HDP,shungnak,electric,2030,spring,14,SOL,GSOL_01,2030,ELC,11524.857
HDP,shungnak,electric,2030,spring,14,WND,GWND_01,2030,ELC,3611.6692
HDP,shungnak,electric,2030,spring,15,ELC,EBATT_01,2030,ELC,5130.3482
HDP,shungnak,electric,2030,spring,15,ELC,ELECT,2030,ELECD,21774.812
HDP,shungnak,electric,2030,spring,15,HYD,GHYD_01,2030,ELC,4270.4932
HDP,shungnak,electric,2030,spring,15,SOL,GSOL_01,2025,ELC,8088.5276
HDP,shungnak,electric,2030,spring,15,SOL,GSOL_01,2030,ELC,10854.17
HDP,shungnak,electric,2030,spring,15,WND,GWND_01,2030,ELC,3691.9691
HDP,shungnak,electric,2030,spring,16,ELC,EBATT_01,2030,ELC,1890.3811
HDP,shungnak,electric,2030,spring,16,ELC,ELECT,2030,ELECD,22820.003
HDP,shungnak,electric,2030,spring,16,HYD,GHYD_01,2030,ELC,4270.4932
HDP,shungnak,electric,2030,spring,16,SOL,GSOL_01,2025,ELC,7024.3371
HDP,shungnak,electric,2030,spring,16,SOL,GSOL_01,2030,ELC,9426.1099
HDP,shungnak,electric,2030,spring,16,WND,GWND_01,2030,ELC,3989.4436
HDP,shungnak,electric,2030,spring,17,ELC,ELECT,2030,ELECD,22820.003
HDP,shungnak,electric,2030,spring,17,HYD,GHYD_01,2030,ELC,4270.4932
HDP,shungnak,electric,2030,spring,17,SOL,GSOL_01,2025,ELC,5234.2531
HDP,shungnak,electric,2030,spring,17,SOL,GSOL_01,2030,ELC,7023.9575
HDP,shungnak,electric,2030,spring,17,WND,GWND_01,2030,ELC,4044.1935
HDP,shungnak,electric,2030,spring,18,ELC,ELECT,2030,ELECD,21600.613
HDP,shungnak,electric,2030,spring,18,HYD,GHYD_01,2030,ELC,4270.4932
HDP,shungnak,electric,2030,spring,18,SOL,GSOL_01,2025,ELC,3172.1716
HDP,shungnak,electric,2030,spring,18,SOL,GSOL_01,2030,ELC,4256.8057
HDP,shungnak,electric,2030,spring,18,WND,GWND_01,2030,ELC,4168.2933
HDP,shungnak,electric,2030,spring,19,ELC,ELECT,2030,ELECD,20903.819
HDP,shungnak,electric,2030,spring,19,HYD,GHYD_01,2030,ELC,4270.4932
HDP,shungnak,electric,2030,spring,19,SOL,GSOL_01,2025,ELC,1380.3876
HDP,shungnak,electric,2030,spring,19,SOL,GSOL_01,2030,ELC,1852.372
HDP,shungnak,electric,2030,spring,19,WND,GWND_01,2030,ELC,4292.3931
HDP,shungnak,electric,2030,spring,2,DSL,GDSL_03,2025,ELC,17575.099117647056
HDP,shungnak,electric,2030,spring,2,ELC,ELECT,2030,ELECD,15155.269
HDP,shungnak,electric,2030,spring,2,HYD,GHYD_01,2030,ELC,4270.4932
HDP,shungnak,electric,2030,spring,2,WND,GWND_01,2030,ELC,4909.2421
HDP,shungnak,electric,2030,spring,20,DSL,GDSL_03,2025,ELC,13342.854705882351
HDP,shungnak,electric,2030,spring,20,ELC,ELECT,2030,ELECD,21600.613
HDP,shungnak,electric,2030,spring,20,HYD,GHYD_01,2030,ELC,4270.4932
HDP,shungnak,electric,2030,spring,20,SOL,GSOL_01,2025,ELC,503.19549
HDP,shungnak,electric,2030,spring,20,SOL,GSOL_01,2030,ELC,675.24892
HDP,shungnak,electric,2030,spring,20,WND,GWND_01,2030,ELC,4547.8927
HDP,shungnak,electric,2030,spring,21,DSL,GDSL_03,2025,ELC,32830.61470588235
HDP,shungnak,electric,2030,spring,21,ELC,ELECT,2030,ELECD,20381.224
HDP,shungnak,electric,2030,spring,21,HYD,GHYD_01,2030,ELC,4270.4932
HDP,shungnak,electric,2030,spring,21,SOL,GSOL_01,2025,ELC,219.29804
HDP,shungnak,electric,2030,spring,21,SOL,GSOL_01,2030,ELC,294.28078
HDP,shungnak,electric,2030,spring,21,WND,GWND_01,2030,ELC,4434.7429
HDP,shungnak,electric,2030,spring,22,DSL,GDSL_03,2025,ELC,30704.94705882353
HDP,shungnak,electric,2030,spring,22,ELC,ELECT,2030,ELECD,19858.628
HDP,shungnak,electric,2030,spring,22,HYD,GHYD_01,2030,ELC,4270.4932
HDP,shungnak,electric,2030,spring,22,SOL,GSOL_01,2025,ELC,84.999239
HDP,shungnak,electric,2030,spring,22,SOL,GSOL_01,2030,ELC,114.06232
HDP,shungnak,electric,2030,spring,22,WND,GWND_01,2030,ELC,4949.3921
HDP,shungnak,electric,2030,spring,23,DSL,GDSL_03,2025,ELC,26802.736470588232
HDP,shungnak,electric,2030,spring,23,ELC,ELECT,2030,ELECD,18465.04
HDP,shungnak,electric,2030,spring,23,HYD,GHYD_01,2030,ELC,4270.4932
HDP,shungnak,electric,2030,spring,23,SOL,GSOL_01,2025,ELC,13.599878
HDP,shungnak,electric,2030,spring,23,SOL,GSOL_01,2030,ELC,18.249971
HDP,shungnak,electric,2030,spring,23,WND,GWND_01,2030,ELC,5049.7669
HDP,shungnak,electric,2030,spring,3,DSL,GDSL_01,2025,ELC,16855.83558823529
HDP,shungnak,electric,2030,spring,3,ELC,ELECT,2030,ELECD,15155.269
HDP,shungnak,electric,2030,spring,3,HYD,GHYD_01,2030,ELC,4270.4932
HDP,shungnak,electric,2030,spring,3,WND,GWND_01,2030,ELC,5153.7918
HDP,shungnak,electric,2030,spring,4,DSL,GDSL_01,2025,ELC,16481.568235294115
HDP,shungnak,electric,2030,spring,4,ELC,ELECT,2030,ELECD,15329.467
HDP,shungnak,electric,2030,spring,4,HYD,GHYD_01,2030,ELC,4270.4932
HDP,shungnak,electric,2030,spring,4,SOL,GSOL_01,2025,ELC,20.399817
HDP,shungnak,electric,2030,spring,4,SOL,GSOL_01,2030,ELC,27.374956
HDP,shungnak,electric,2030,spring,4,WND,GWND_01,2030,ELC,5407.4663
HDP,shungnak,electric,2030,spring,5,DSL,GDSL_02,2025,ELC,16323.015
HDP,shungnak,electric,2030,spring,5,ELC,ELECT,2030,ELECD,15677.864
HDP,shungnak,electric,2030,spring,5,HYD,GHYD_01,2030,ELC,4270.4932
HDP,shungnak,electric,2030,spring,5,SOL,GSOL_01,2025,ELC,90.099193
HDP,shungnak,electric,2030,spring,5,SOL,GSOL_01,2030,ELC,120.90606
HDP,shungnak,electric,2030,spring,5,WND,GWND_01,2030,ELC,5646.541
HDP,shungnak,electric,2030,spring,6,DSL,GDSL_02,2025,ELC,15722.994999999999
HDP,shungnak,electric,2030,spring,6,ELC,ELECT,2030,ELECD,16026.261
HDP,shungnak,electric,2030,spring,6,HYD,GHYD_01,2030,ELC,4270.4932
HDP,shungnak,electric,2030,spring,6,SOL,GSOL_01,2025,ELC,302.59729
HDP,shungnak,electric,2030,spring,6,SOL,GSOL_01,2030,ELC,406.06185
HDP,shungnak,electric,2030,spring,6,WND,GWND_01,2030,ELC,5701.2909
HDP,shungnak,electric,2030,spring,7,DSL,GDSL_02,2025,ELC,16402.277352941175
HDP,shungnak,electric,2030,spring,7,ELC,ELECT,2030,ELECD,17594.048
HDP,shungnak,electric,2030,spring,7,HYD,GHYD_01,2030,ELC,4270.4932
HDP,shungnak,electric,2030,spring,7,SOL,GSOL_01,2025,ELC,972.39129
HDP,shungnak,electric,2030,spring,7,SOL,GSOL_01,2030,ELC,1304.8729
HDP,shungnak,electric,2030,spring,7,WND,GWND_01,2030,ELC,5469.5162
HDP,shungnak,electric,2030,spring,8,DSL,GDSL_01,2025,ELC,16572.089411764704
HDP,shungnak,electric,2030,spring,8,ELC,ELECT,2030,ELECD,20903.819
HDP,shungnak,electric,2030,spring,8,HYD,GHYD_01,2030,ELC,4270.4932
HDP,shungnak,electric,2030,spring,8,SOL,GSOL_01,2025,ELC,2264.3797
HDP,shungnak,electric,2030,spring,8,SOL,GSOL_01,2030,ELC,3038.6201
HDP,shungnak,electric,2030,spring,8,WND,GWND_01,2030,ELC,5695.8159
HDP,shungnak,electric,2030,spring,9,DSL,GDSL_02,2025,ELC,6646.7682352941165
HDP,shungnak,electric,2030,spring,9,ELC,ELECT,2030,ELECD,21426.415
HDP,shungnak,electric,2030,spring,9,HYD,GHYD_01,2030,ELC,4270.4932
HDP,shungnak,electric,2030,spring,9,SOL,GSOL_01,2025,ELC,4188.7625
HDP,shungnak,electric,2030,spring,9,SOL,GSOL_01,2030,ELC,5620.991
HDP,shungnak,electric,2030,spring,9,WND,GWND_01,2030,ELC,5086.2669
HDP,shungnak,electric,2030,summer,0,ELC,EBATT_01,2030,ELC,338.21029
HDP,shungnak,electric,2030,summer,0,ELC,ELECT,2030,ELECD,11845.498
HDP,shungnak,electric,2030,summer,0,HYD,GHYD_01,2030,ELC,10853.623
HDP,shungnak,electric,2030,summer,0,SOL,GSOL_01,2025,ELC,16.999848
HDP,shungnak,electric,2030,summer,0,SOL,GSOL_01,2030,ELC,22.812463
HDP,shungnak,electric,2030,summer,0,WND,GWND_01,2030,ELC,1290.2729
HDP,shungnak,electric,2030,summer,1,ELC,EBATT_01,2030,ELC,1073.4894
HDP,shungnak,electric,2030,summer,1,ELC,ELECT,2030,ELECD,10800.307
HDP,shungnak,electric,2030,summer,1,HYD,GHYD_01,2030,ELC,10853.623
HDP,shungnak,electric,2030,summer,1,WND,GWND_01,2030,ELC,1020.1734
HDP,shungnak,electric,2030,summer,10,ELC,EBATT_01,2030,ELC,11138.907
HDP,shungnak,electric,2030,summer,10,ELC,ELECT,2030,ELECD,13239.086
HDP,shungnak,electric,2030,summer,10,HYD,GHYD_01,2030,ELC,10853.623
HDP,shungnak,electric,2030,summer,10,SOL,GSOL_01,2025,ELC,5400.8516
HDP,shungnak,electric,2030,summer,10,SOL,GSOL_01,2030,ELC,7247.5197
HDP,shungnak,electric,2030,summer,10,WND,GWND_01,2030,ELC,875.9986
HDP,shungnak,electric,2030,summer,11,ELC,EBATT_01,2030,ELC,13129.799
HDP,shungnak,electric,2030,summer,11,ELC,ELECT,2030,ELECD,13587.483
HDP,shungnak,electric,2030,summer,11,HYD,GHYD_01,2030,ELC,10853.623
HDP,shungnak,electric,2030,summer,11,SOL,GSOL_01,2025,ELC,6448.0423
HDP,shungnak,electric,2030,summer,11,SOL,GSOL_01,2030,ELC,8652.7674
HDP,shungnak,electric,2030,summer,11,WND,GWND_01,2030,ELC,762.84878
HDP,shungnak,electric,2030,summer,12,ELC,EBATT_01,2030,ELC,15274.724
HDP,shungnak,electric,2030,summer,12,ELC,ELECT,2030,ELECD,13239.086
HDP,shungnak,electric,2030,summer,12,HYD,GHYD_01,2030,ELC,10853.623
HDP,shungnak,electric,2030,summer,12,SOL,GSOL_01,2025,ELC,7219.8354
HDP,shungnak,electric,2030,summer,12,SOL,GSOL_01,2030,ELC,9688.4532
HDP,shungnak,electric,2030,summer,12,WND,GWND_01,2030,ELC,751.8988
HDP,shungnak,electric,2030,summer,13,ELC,EBATT_01,2030,ELC,16370.419
HDP,shungnak,electric,2030,summer,13,ELC,ELECT,2030,ELECD,13064.887
HDP,shungnak,electric,2030,summer,13,HYD,GHYD_01,2030,ELC,10853.623
HDP,shungnak,electric,2030,summer,13,SOL,GSOL_01,2025,ELC,7593.832
HDP,shungnak,electric,2030,summer,13,SOL,GSOL_01,2030,ELC,10190.327
HDP,shungnak,electric,2030,summer,13,WND,GWND_01,2030,ELC,797.52372
HDP,shungnak,electric,2030,summer,14,ELC,EBATT_01,2025,ELC,15658.135
HDP,shungnak,electric,2030,summer,14,ELC,EBATT_01,2030,ELC,1447.6794
HDP,shungnak,electric,2030,summer,14,ELC,ELECT,2030,ELECD,12890.689
HDP,shungnak,electric,2030,summer,14,HYD,GHYD_01,2030,ELC,10853.623
HDP,shungnak,electric,2030,summer,14,SOL,GSOL_01,2025,ELC,7804.6301
HDP,shungnak,electric,2030,summer,14,SOL,GSOL_01,2030,ELC,10473.202
HDP,shungnak,electric,2030,summer,14,WND,GWND_01,2030,ELC,865.04862
HDP,shungnak,electric,2030,summer,15,ELC,EBATT_01,2030,ELC,14673.209
HDP,shungnak,electric,2030,summer,15,ELC,ELECT,2030,ELECD,13413.284
HDP,shungnak,electric,2030,summer,15,HYD,GHYD_01,2030,ELC,10853.623
HDP,shungnak,electric,2030,summer,15,SOL,GSOL_01,2025,ELC,7031.1371
HDP,shungnak,electric,2030,summer,15,SOL,GSOL_01,2030,ELC,9435.2349
HDP,shungnak,electric,2030,summer,15,WND,GWND_01,2030,ELC,766.49877
HDP,shungnak,electric,2030,summer,16,ELC,EBATT_01,2025,ELC,11674.979
HDP,shungnak,electric,2030,summer,16,ELC,ELECT,2030,ELECD,14981.07
HDP,shungnak,electric,2030,summer,16,HYD,GHYD_01,2030,ELC,10853.623
HDP,shungnak,electric,2030,summer,16,SOL,GSOL_01,2025,ELC,6480.342
HDP,shungnak,electric,2030,summer,16,SOL,GSOL_01,2030,ELC,8696.1111
HDP,shungnak,electric,2030,summer,16,WND,GWND_01,2030,ELC,625.974
HDP,shungnak,electric,2030,summer,17,ELC,EBATT_01,2025,ELC,8809.9569
HDP,shungnak,electric,2030,summer,17,ELC,ELECT,2030,ELECD,15329.467
HDP,shungnak,electric,2030,summer,17,HYD,GHYD_01,2030,ELC,10853.623
HDP,shungnak,electric,2030,summer,17,SOL,GSOL_01,2025,ELC,5375.3519
HDP,shungnak,electric,2030,summer,17,SOL,GSOL_01,2030,ELC,7213.301
HDP,shungnak,electric,2030,summer,17,WND,GWND_01,2030,ELC,697.14888
HDP,shungnak,electric,2030,summer,18,ELC,EBATT_01,2025,ELC,6994.8913
HDP,shungnak,electric,2030,summer,18,ELC,ELECT,2030,ELECD,13761.681
HDP,shungnak,electric,2030,summer,18,HYD,GHYD_01,2030,ELC,10853.623
HDP,shungnak,electric,2030,summer,18,SOL,GSOL_01,2025,ELC,3833.4657
HDP,shungnak,electric,2030,summer,18,SOL,GSOL_01,2030,ELC,5144.2105
HDP,shungnak,electric,2030,summer,18,WND,GWND_01,2030,ELC,925.27352
HDP,shungnak,electric,2030,summer,19,ELC,EBATT_01,2025,ELC,3471.025
HDP,shungnak,electric,2030,summer,19,ELC,ELECT,2030,ELECD,13413.284
HDP,shungnak,electric,2030,summer,19,HYD,GHYD_01,2030,ELC,10853.623
HDP,shungnak,electric,2030,summer,19,SOL,GSOL_01,2025,ELC,2233.78
HDP,shungnak,electric,2030,summer,19,SOL,GSOL_01,2030,ELC,2997.5577
HDP,shungnak,electric,2030,summer,19,WND,GWND_01,2030,ELC,799.34872
HDP,shungnak,electric,2030,summer,2,ELC,EBATT_01,2030,ELC,1161.913
HDP,shungnak,electric,2030,summer,2,ELC,ELECT,2030,ELECD,10626.108
HDP,shungnak,electric,2030,summer,2,HYD,GHYD_01,2030,ELC,10853.623
HDP,shungnak,electric,2030,summer,2,WND,GWND_01,2030,ELC,934.3985
HDP,shungnak,electric,2030,summer,20,ELC,EBATT_01,2025,ELC,1137.0554
HDP,shungnak,electric,2030,summer,20,ELC,ELECT,2030,ELECD,13413.284
HDP,shungnak,electric,2030,summer,20,HYD,GHYD_01,2030,ELC,10853.623
HDP,shungnak,electric,2030,summer,20,SOL,GSOL_01,2025,ELC,1157.6896
HDP,shungnak,electric,2030,summer,20,SOL,GSOL_01,2030,ELC,1553.5288
HDP,shungnak,electric,2030,summer,20,WND,GWND_01,2030,ELC,985.49842
HDP,shungnak,electric,2030,summer,21,ELC,EBATT_01,2025,ELC,1139.5589
HDP,shungnak,electric,2030,summer,21,ELC,ELECT,2030,ELECD,12368.093
HDP,shungnak,electric,2030,summer,21,HYD,GHYD_01,2030,ELC,10853.623
HDP,shungnak,electric,2030,summer,21,SOL,GSOL_01,2025,ELC,526.99528
HDP,shungnak,electric,2030,summer,21,SOL,GSOL_01,2030,ELC,707.18637
HDP,shungnak,electric,2030,summer,21,WND,GWND_01,2030,ELC,1419.8477
HDP,shungnak,electric,2030,summer,22,ELC,EBATT_01,2025,ELC,615.19257
HDP,shungnak,electric,2030,summer,22,ELC,ELECT,2030,ELECD,12368.093
HDP,shungnak,electric,2030,summer,22,HYD,GHYD_01,2030,ELC,10853.623
HDP,shungnak,electric,2030,summer,22,SOL,GSOL_01,2025,ELC,317.89715
HDP,shungnak,electric,2030,summer,22,SOL,GSOL_01,2030,ELC,426.59307
HDP,shungnak,electric,2030,summer,22,WND,GWND_01,2030,ELC,1385.1728
HDP,shungnak,electric,2030,summer,23,ELC,EBATT_01,2025,ELC,398.91833
HDP,shungnak,electric,2030,summer,23,ELC,ELECT,2030,ELECD,12193.895
HDP,shungnak,electric,2030,summer,23,HYD,GHYD_01,2030,ELC,10853.623
HDP,shungnak,electric,2030,summer,23,SOL,GSOL_01,2025,ELC,93.499163
HDP,shungnak,electric,2030,summer,23,SOL,GSOL_01,2030,ELC,125.46855
HDP,shungnak,electric,2030,summer,23,WND,GWND_01,2030,ELC,1520.2226
HDP,shungnak,electric,2030,summer,3,ELC,EBATT_01,2030,ELC,2039.7065
HDP,shungnak,electric,2030,summer,3,ELC,ELECT,2030,ELECD,9929.3142
HDP,shungnak,electric,2030,summer,3,HYD,GHYD_01,2030,ELC,10853.623
HDP,shungnak,electric,2030,summer,3,SOL,GSOL_01,2025,ELC,20.399817
HDP,shungnak,electric,2030,summer,3,SOL,GSOL_01,2030,ELC,27.374956
HDP,shungnak,electric,2030,summer,3,WND,GWND_01,2030,ELC,1067.6233
HDP,shungnak,electric,2030,summer,4,ELC,EBATT_01,2030,ELC,2496.41
HDP,shungnak,electric,2030,summer,4,ELC,ELECT,2030,ELECD,9755.1157
HDP,shungnak,electric,2030,summer,4,HYD,GHYD_01,2030,ELC,10853.623
HDP,shungnak,electric,2030,summer,4,SOL,GSOL_01,2025,ELC,130.89883
HDP,shungnak,electric,2030,summer,4,SOL,GSOL_01,2030,ELC,175.65597
HDP,shungnak,electric,2030,summer,4,WND,GWND_01,2030,ELC,1091.3483
HDP,shungnak,electric,2030,summer,5,ELC,EBATT_01,2030,ELC,2823.2086
HDP,shungnak,electric,2030,summer,5,ELC,ELECT,2030,ELECD,9755.1157
HDP,shungnak,electric,2030,summer,5,HYD,GHYD_01,2030,ELC,10853.623
HDP,shungnak,electric,2030,summer,5,SOL,GSOL_01,2025,ELC,253.29773
HDP,shungnak,electric,2030,summer,5,SOL,GSOL_01,2030,ELC,339.90571
HDP,shungnak,electric,2030,summer,5,WND,GWND_01,2030,ELC,1131.4982
HDP,shungnak,electric,2030,summer,6,ELC,EBATT_01,2030,ELC,2921.3167
HDP,shungnak,electric,2030,summer,6,ELC,ELECT,2030,ELECD,10451.91
HDP,shungnak,electric,2030,summer,6,HYD,GHYD_01,2030,ELC,10853.623
HDP,shungnak,electric,2030,summer,6,SOL,GSOL_01,2025,ELC,642.59425
HDP,shungnak,electric,2030,summer,6,SOL,GSOL_01,2030,ELC,862.31112
HDP,shungnak,electric,2030,summer,6,WND,GWND_01,2030,ELC,1014.6984
HDP,shungnak,electric,2030,summer,7,ELC,EBATT_01,2030,ELC,4673.6773
HDP,shungnak,electric,2030,summer,7,ELC,ELECT,2030,ELECD,10626.108
HDP,shungnak,electric,2030,summer,7,HYD,GHYD_01,2030,ELC,10853.623
HDP,shungnak,electric,2030,summer,7,SOL,GSOL_01,2025,ELC,1538.4862
HDP,shungnak,electric,2030,summer,7,SOL,GSOL_01,2030,ELC,2064.5279
HDP,shungnak,electric,2030,summer,7,WND,GWND_01,2030,ELC,843.14865
HDP,shungnak,electric,2030,summer,8,ELC,EBATT_01,2030,ELC,7804.7139
HDP,shungnak,electric,2030,summer,8,ELC,ELECT,2030,ELECD,10974.505
HDP,shungnak,electric,2030,summer,8,HYD,GHYD_01,2030,ELC,10853.623
HDP,shungnak,electric,2030,summer,8,SOL,GSOL_01,2025,ELC,3014.073
HDP,shungnak,electric,2030,summer,8,SOL,GSOL_01,2030,ELC,4044.6498
HDP,shungnak,electric,2030,summer,8,WND,GWND_01,2030,ELC,866.87361
HDP,shungnak,electric,2030,summer,9,ELC,EBATT_01,2030,ELC,9985.386
HDP,shungnak,electric,2030,summer,9,ELC,ELECT,2030,ELECD,11322.902
HDP,shungnak,electric,2030,summer,9,HYD,GHYD_01,2030,ELC,10853.623
HDP,shungnak,electric,2030,summer,9,SOL,GSOL_01,2025,ELC,4117.3631
HDP,shungnak,electric,2030,summer,9,SOL,GSOL_01,2030,ELC,5525.1787
HDP,shungnak,electric,2030,summer,9,WND,GWND_01,2030,ELC,812.1237
HDP,shungnak,electric,2030,winter,0,DSL,GDSL_01,2025,ELC,13031.455882352939
HDP,shungnak,electric,2030,winter,0,ELC,ELECT,2030,ELECD,19858.628
HDP,shungnak,electric,2030,winter,0,HYD,GHYD_01,2030,ELC,1011.7784
HDP,shungnak,electric,2030,winter,0,WND,GWND_01,2030,ELC,5513.3162
HDP,shungnak,electric,2030,winter,1,DSL,GDSL_02,2025,ELC,38387.23529411764
HDP,shungnak,electric,2030,winter,1,ELC,ELECT,2030,ELECD,19684.43
HDP,shungnak,electric,2030,winter,1,HYD,GHYD_01,2030,ELC,1011.7784
HDP,shungnak,electric,2030,winter,1,WND,GWND_01,2030,ELC,5620.991
HDP,shungnak,electric,2030,winter,10,DSL,GDSL_03,2025,ELC,53952.06470588235
HDP,shungnak,electric,2030,winter,10,ELC,ELECT,2030,ELECD,25258.782
HDP,shungnak,electric,2030,winter,10,HYD,GHYD_01,2030,ELC,1011.7784
HDP,shungnak,electric,2030,winter,10,SOL,GSOL_01,2025,ELC,193.79826
HDP,shungnak,electric,2030,winter,10,SOL,GSOL_01,2030,ELC,260.06208
HDP,shungnak,electric,2030,winter,10,WND,GWND_01,2030,ELC,5449.4413
HDP,shungnak,electric,2030,winter,11,DSL,GDSL_01,2025,ELC,53338.58235294117
HDP,shungnak,electric,2030,winter,11,ELC,ELECT,2030,ELECD,26129.774
HDP,shungnak,electric,2030,winter,11,HYD,GHYD_01,2030,ELC,1011.7784
HDP,shungnak,electric,2030,winter,11,SOL,GSOL_01,2025,ELC,657.89411
HDP,shungnak,electric,2030,winter,11,SOL,GSOL_01,2030,ELC,882.84234
HDP,shungnak,electric,2030,winter,11,WND,GWND_01,2030,ELC,5442.1413
HDP,shungnak,electric,2030,winter,12,DSL,GDSL_01,2025,ELC,48174.96764705882
HDP,shungnak,electric,2030,winter,12,ELC,ELECT,2030,ELECD,25781.377
HDP,shungnak,electric,2030,winter,12,HYD,GHYD_01,2030,ELC,1011.7784
HDP,shungnak,electric,2030,winter,12,SOL,GSOL_01,2025,ELC,1164.4896
HDP,shungnak,electric,2030,winter,12,SOL,GSOL_01,2030,ELC,1562.6537
HDP,shungnak,electric,2030,winter,12,WND,GWND_01,2030,ELC,5662.9659
HDP,shungnak,electric,2030,winter,13,DSL,GDSL_01,2025,ELC,43127.35294117647
HDP,shungnak,electric,2030,winter,13,ELC,ELECT,2030,ELECD,25084.583
HDP,shungnak,electric,2030,winter,13,HYD,GHYD_01,2030,ELC,1011.7784
HDP,shungnak,electric,2030,winter,13,SOL,GSOL_01,2025,ELC,1497.6866
HDP,shungnak,electric,2030,winter,13,SOL,GSOL_01,2030,ELC,2009.778
HDP,shungnak,electric,2030,winter,13,WND,GWND_01,2030,ELC,5902.0406
HDP,shungnak,electric,2030,winter,14,DSL,GDSL_02,2025,ELC,43028.31176470588
HDP,shungnak,electric,2030,winter,14,ELC,ELECT,2030,ELECD,24910.385
HDP,shungnak,electric,2030,winter,14,HYD,GHYD_01,2030,ELC,1011.7784
HDP,shungnak,electric,2030,winter,14,SOL,GSOL_01,2025,ELC,1497.6866
HDP,shungnak,electric,2030,winter,14,SOL,GSOL_01,2030,ELC,2009.778
HDP,shungnak,electric,2030,winter,14,WND,GWND_01,2030,ELC,5761.5158
HDP,shungnak,electric,2030,winter,15,DSL,GDSL_02,2025,ELC,41775.42647058823
HDP,shungnak,electric,2030,winter,15,ELC,ELECT,2030,ELECD,23690.995
HDP,shungnak,electric,2030,winter,15,HYD,GHYD_01,2030,ELC,1011.7784
HDP,shungnak,electric,2030,winter,15,SOL,GSOL_01,2025,ELC,1106.6901
HDP,shungnak,electric,2030,winter,15,SOL,GSOL_01,2030,ELC,1485.0914
HDP,shungnak,electric,2030,winter,15,WND,GWND_01,2030,ELC,5883.7906
HDP,shungnak,electric,2030,winter,16,DSL,GDSL_02,2025,ELC,49103.57647058823
HDP,shungnak,electric,2030,winter,16,ELC,ELECT,2030,ELECD,24910.385
HDP,shungnak,electric,2030,winter,16,HYD,GHYD_01,2030,ELC,1011.7784
HDP,shungnak,electric,2030,winter,16,SOL,GSOL_01,2025,ELC,600.09463
HDP,shungnak,electric,2030,winter,16,SOL,GSOL_01,2030,ELC,805.27996
HDP,shungnak,electric,2030,winter,16,WND,GWND_01,2030,ELC,5798.0157
HDP,shungnak,electric,2030,winter,17,DSL,GDSL_02,2025,ELC,58192.794117647056
HDP,shungnak,electric,2030,winter,17,ELC,ELECT,2030,ELECD,26826.568
HDP,shungnak,electric,2030,winter,17,HYD,GHYD_01,2030,ELC,1011.7784
HDP,shungnak,electric,2030,winter,17,SOL,GSOL_01,2025,ELC,156.3986
HDP,shungnak,electric,2030,winter,17,SOL,GSOL_01,2030,ELC,209.87466
HDP,shungnak,electric,2030,winter,17,WND,GWND_01,2030,ELC,5662.9659
HDP,shungnak,electric,2030,winter,18,DSL,GDSL_03,2025,ELC,59936.132352941175
HDP,shungnak,electric,2030,winter,18,ELC,ELECT,2030,ELECD,27000.767
HDP,shungnak,electric,2030,winter,18,HYD,GHYD_01,2030,ELC,1011.7784
HDP,shungnak,electric,2030,winter,18,SOL,GSOL_01,2025,ELC,3.3999696
HDP,shungnak,electric,2030,winter,18,SOL,GSOL_01,2030,ELC,4.5624927
HDP,shungnak,electric,2030,winter,18,WND,GWND_01,2030,ELC,5602.741
HDP,shungnak,electric,2030,winter,19,DSL,GDSL_01,2025,ELC,49487.138235294115
HDP,shungnak,electric,2030,winter,19,ELC,ELECT,2030,ELECD,23516.797
HDP,shungnak,electric,2030,winter,19,HYD,GHYD_01,2030,ELC,1011.7784
HDP,shungnak,electric,2030,winter,19,WND,GWND_01,2030,ELC,5679.3909
HDP,shungnak,electric,2030,winter,2,DSL,GDSL_01,2025,ELC,39484.65882352941
HDP,shungnak,electric,2030,winter,2,ELC,ELECT,2030,ELECD,19858.628
HDP,shungnak,electric,2030,winter,2,HYD,GHYD_01,2030,ELC,1011.7784
HDP,shungnak,electric,2030,winter,2,WND,GWND_01,2030,ELC,5422.0663
HDP,shungnak,electric,2030,winter,20,DSL,GDSL_02,2025,ELC,49822.35588235293
HDP,shungnak,electric,2030,winter,20,ELC,ELECT,2030,ELECD,23690.995
HDP,shungnak,electric,2030,winter,20,HYD,GHYD_01,2030,ELC,1011.7784
HDP,shungnak,electric,2030,winter,20,WND,GWND_01,2030,ELC,5739.6158
HDP,shungnak,electric,2030,winter,21,DSL,GDSL_03,2025,ELC,45425.40294117647
HDP,shungnak,electric,2030,winter,21,ELC,ELECT,2030,ELECD,22471.606
HDP,shungnak,electric,2030,winter,21,HYD,GHYD_01,2030,ELC,1011.7784
HDP,shungnak,electric,2030,winter,21,WND,GWND_01,2030,ELC,6015.1904
HDP,shungnak,electric,2030,winter,22,DSL,GDSL_03,2025,ELC,42767.044117647056
HDP,shungnak,electric,2030,winter,22,ELC,ELECT,2030,ELECD,21600.613
HDP,shungnak,electric,2030,winter,22,HYD,GHYD_01,2030,ELC,1011.7784
HDP,shungnak,electric,2030,winter,22,WND,GWND_01,2030,ELC,6048.0403
HDP,shungnak,electric,2030,winter,23,DSL,GDSL_03,2025,ELC,37585.035294117646
HDP,shungnak,electric,2030,winter,23,ELC,ELECT,2030,ELECD,19510.231
HDP,shungnak,electric,2030,winter,23,HYD,GHYD_01,2030,ELC,1011.7784
HDP,shungnak,electric,2030,winter,23,WND,GWND_01,2030,ELC,5719.5408
HDP,shungnak,electric,2030,winter,3,DSL,GDSL_03,2025,ELC,37237.18235294117
HDP,shungnak,electric,2030,winter,3,ELC,ELECT,2030,ELECD,18813.437
HDP,shungnak,electric,2030,winter,3,HYD,GHYD_01,2030,ELC,1011.7784
HDP,shungnak,electric,2030,winter,3,WND,GWND_01,2030,ELC,5141.0168
HDP,shungnak,electric,2030,winter,4,DSL,GDSL_03,2025,ELC,35483.00882352941
HDP,shungnak,electric,2030,winter,4,ELC,ELECT,2030,ELECD,18116.643
HDP,shungnak,electric,2030,winter,4,HYD,GHYD_01,2030,ELC,1011.7784
HDP,shungnak,electric,2030,winter,4,WND,GWND_01,2030,ELC,5040.6419
HDP,shungnak,electric,2030,winter,5,DSL,GDSL_02,2025,ELC,35662.56470588235
HDP,shungnak,electric,2030,winter,5,ELC,ELECT,2030,ELECD,18290.842
HDP,shungnak,electric,2030,winter,5,HYD,GHYD_01,2030,ELC,1011.7784
HDP,shungnak,electric,2030,winter,5,WND,GWND_01,2030,ELC,5153.7918
HDP,shungnak,electric,2030,winter,6,DSL,GDSL_01,2025,ELC,36569.17352941176
HDP,shungnak,electric,2030,winter,6,ELC,ELECT,2030,ELECD,18639.239
HDP,shungnak,electric,2030,winter,6,HYD,GHYD_01,2030,ELC,1011.7784
HDP,shungnak,electric,2030,winter,6,WND,GWND_01,2030,ELC,5193.9417
HDP,shungnak,electric,2030,winter,7,DSL,GDSL_01,2025,ELC,35367.34411764706
HDP,shungnak,electric,2030,winter,7,ELC,ELECT,2030,ELECD,18290.842
HDP,shungnak,electric,2030,winter,7,HYD,GHYD_01,2030,ELC,1011.7784
HDP,shungnak,electric,2030,winter,7,WND,GWND_01,2030,ELC,5254.1666
HDP,shungnak,electric,2030,winter,8,DSL,GDSL_03,2025,ELC,40227.81470588235
HDP,shungnak,electric,2030,winter,8,ELC,ELECT,2030,ELECD,20032.827
HDP,shungnak,electric,2030,winter,8,HYD,GHYD_01,2030,ELC,1011.7784
HDP,shungnak,electric,2030,winter,8,WND,GWND_01,2030,ELC,5343.5915
HDP,shungnak,electric,2030,winter,9,DSL,GDSL_01,2025,ELC,49918.97352941176
HDP,shungnak,electric,2030,winter,9,ELC,ELECT,2030,ELECD,23690.995
HDP,shungnak,electric,2030,winter,9,HYD,GHYD_01,2030,ELC,1011.7784
HDP,shungnak,electric,2030,winter,9,WND,GWND_01,2030,ELC,5706.7659
HDP,shungnak,electric,2035,fall,0,ELC,EBATT_01,2025,ELC,1475.1262
HDP,shungnak,electric,2035,fall,0,ELC,ELECT,2030,ELECD,15379.087
HDP,shungnak,electric,2035,fall,0,HYD,GHYD_01,2030,ELC,6057.5303
HDP,shungnak,electric,2035,fall,0,WND,GWND_01,2030,ELC,5398.3414
HDP,shungnak,electric,2035,fall,0,WND,GWND_01,2035,ELC,5398.3414
HDP,shungnak,electric,2035,fall,1,ELC,EBATT_01,2025,ELC,1357.1571
HDP,shungnak,electric,2035,fall,1,ELC,ELECT,2030,ELECD,15745.256
HDP,shungnak,electric,2035,fall,1,HYD,GHYD_01,2030,ELC,6057.5303
HDP,shungnak,electric,2035,fall,1,WND,GWND_01,2030,ELC,5522.4412
HDP,shungnak,electric,2035,fall,1,WND,GWND_01,2035,ELC,5522.4412
HDP,shungnak,electric,2035,fall,10,ELC,ELECT,2030,ELECD,22702.462
HDP,shungnak,electric,2035,fall,10,HYD,GHYD_01,2030,ELC,6057.5303
HDP,shungnak,electric,2035,fall,10,SOL,GSOL_01,2025,ELC,1337.888
HDP,shungnak,electric,2035,fall,10,SOL,GSOL_01,2030,ELC,1795.3409
HDP,shungnak,electric,2035,fall,10,SOL,GSOL_01,2035,ELC,1221.3961
HDP,shungnak,electric,2035,fall,10,WND,GWND_01,2030,ELC,5239.5666
HDP,shungnak,electric,2035,fall,10,WND,GWND_01,2035,ELC,5239.5666
HDP,shungnak,electric,2035,fall,11,ELC,ELECT,2030,ELECD,24350.221
HDP,shungnak,electric,2035,fall,11,HYD,GHYD_01,2030,ELC,6057.5303
HDP,shungnak,electric,2035,fall,11,SOL,GSOL_01,2025,ELC,2424.1783
HDP,shungnak,electric,2035,fall,11,SOL,GSOL_01,2030,ELC,3253.0573
HDP,shungnak,electric,2035,fall,11,SOL,GSOL_01,2035,ELC,2213.1014
HDP,shungnak,electric,2035,fall,11,WND,GWND_01,2030,ELC,5190.2917
HDP,shungnak,electric,2035,fall,11,WND,GWND_01,2035,ELC,5190.2917
HDP,shungnak,electric,2035,fall,12,ELC,EBATT_01,2025,ELC,3711.9109
HDP,shungnak,electric,2035,fall,12,ELC,ELECT,2030,ELECD,22519.377
HDP,shungnak,electric,2035,fall,12,HYD,GHYD_01,2030,ELC,6057.5303
HDP,shungnak,electric,2035,fall,12,SOL,GSOL_01,2025,ELC,2991.9732
HDP,shungnak,electric,2035,fall,12,SOL,GSOL_01,2030,ELC,4014.9936
HDP,shungnak,electric,2035,fall,12,SOL,GSOL_01,2035,ELC,2731.4576
HDP,shungnak,electric,2035,fall,12,WND,GWND_01,2030,ELC,5217.6667
HDP,shungnak,electric,2035,fall,12,WND,GWND_01,2035,ELC,5217.6667
HDP,shungnak,electric,2035,fall,13,ELC,EBATT_01,2025,ELC,4815.9709
HDP,shungnak,electric,2035,fall,13,ELC,ELECT,2030,ELECD,22336.293
HDP,shungnak,electric,2035,fall,13,HYD,GHYD_01,2030,ELC,6057.5303
HDP,shungnak,electric,2035,fall,13,SOL,GSOL_01,2025,ELC,3292.8705
HDP,shungnak,electric,2035,fall,13,SOL,GSOL_01,2030,ELC,4418.7742
HDP,shungnak,electric,2035,fall,13,SOL,GSOL_01,2035,ELC,3006.1553
HDP,shungnak,electric,2035,fall,13,WND,GWND_01,2030,ELC,5188.4667
HDP,shungnak,electric,2035,fall,13,WND,GWND_01,2035,ELC,5188.4667
HDP,shungnak,electric,2035,fall,14,ELC,EBATT_01,2025,ELC,3628.3981
HDP,shungnak,electric,2035,fall,14,ELC,ELECT,2035,ELECD,23068.63
HDP,shungnak,electric,2035,fall,14,HYD,GHYD_01,2030,ELC,6057.5303
HDP,shungnak,electric,2035,fall,14,SOL,GSOL_01,2025,ELC,3109.2722
HDP,shungnak,electric,2035,fall,14,SOL,GSOL_01,2030,ELC,4172.3996
HDP,shungnak,electric,2035,fall,14,SOL,GSOL_01,2035,ELC,2838.5431
HDP,shungnak,electric,2035,fall,14,WND,GWND_01,2030,ELC,5259.6416
HDP,shungnak,electric,2035,fall,14,WND,GWND_01,2035,ELC,5259.6416
HDP,shungnak,electric,2035,fall,15,ELC,EBATT_01,2025,ELC,5368.9776
HDP,shungnak,electric,2035,fall,15,ELC,ELECT,2030,ELECD,19406.943
HDP,shungnak,electric,2035,fall,15,HYD,GHYD_01,2030,ELC,6057.5303
HDP,shungnak,electric,2035,fall,15,SOL,GSOL_01,2025,ELC,2594.1768
HDP,shungnak,electric,2035,fall,15,SOL,GSOL_01,2030,ELC,3481.1819
HDP,shungnak,electric,2035,fall,15,SOL,GSOL_01,2035,ELC,2368.2979
HDP,shungnak,electric,2035,fall,15,WND,GWND_01,2030,ELC,5137.3668
HDP,shungnak,electric,2035,fall,15,WND,GWND_01,2035,ELC,5137.3668
HDP,shungnak,electric,2035,fall,16,ELC,EBATT_01,2025,ELC,212.39085
HDP,shungnak,electric,2035,fall,16,ELC,ELECT,2035,ELECD,22519.377
HDP,shungnak,electric,2035,fall,16,HYD,GHYD_01,2030,ELC,6057.5303
HDP,shungnak,electric,2035,fall,16,SOL,GSOL_01,2025,ELC,1790.084
HDP,shungnak,electric,2035,fall,16,SOL,GSOL_01,2030,ELC,2402.1524
HDP,shungnak,electric,2035,fall,16,SOL,GSOL_01,2035,ELC,1634.2187
HDP,shungnak,electric,2035,fall,16,WND,GWND_01,2030,ELC,5423.8913
HDP,shungnak,electric,2035,fall,16,WND,GWND_01,2035,ELC,5423.8913
HDP,shungnak,electric,2035,fall,17,ELC,ELECT,2030,ELECD,22336.293
HDP,shungnak,electric,2035,fall,17,HYD,GHYD_01,2030,ELC,6057.5303
HDP,shungnak,electric,2035,fall,17,SOL,GSOL_01,2025,ELC,904.3919
HDP,shungnak,electric,2035,fall,17,SOL,GSOL_01,2030,ELC,1213.6231
HDP,shungnak,electric,2035,fall,17,SOL,GSOL_01,2035,ELC,825.64514
HDP,shungnak,electric,2035,fall,17,WND,GWND_01,2030,ELC,5471.3412
HDP,shungnak,electric,2035,fall,17,WND,GWND_01,2035,ELC,5471.3412
HDP,shungnak,electric,2035,fall,18,ELC,ELECT,2030,ELECD,21054.702
HDP,shungnak,electric,2035,fall,18,HYD,GHYD_01,2030,ELC,6057.5303
HDP,shungnak,electric,2035,fall,18,SOL,GSOL_01,2025,ELC,317.89715
HDP,shungnak,electric,2035,fall,18,SOL,GSOL_01,2030,ELC,426.59307
HDP,shungnak,electric,2035,fall,18,SOL,GSOL_01,2035,ELC,290.21737
HDP,shungnak,electric,2035,fall,18,WND,GWND_01,2030,ELC,5206.7167
HDP,shungnak,electric,2035,fall,18,WND,GWND_01,2035,ELC,5206.7167
HDP,shungnak,electric,2035,fall,19,ELC,EBATT_01,2025,ELC,127.44781
HDP,shungnak,electric,2035,fall,19,ELC,ELECT,2030,ELECD,16477.593
HDP,shungnak,electric,2035,fall,19,HYD,GHYD_01,2030,ELC,6057.5303
HDP,shungnak,electric,2035,fall,19,SOL,GSOL_01,2025,ELC,78.1993
HDP,shungnak,electric,2035,fall,19,SOL,GSOL_01,2030,ELC,104.93733
HDP,shungnak,electric,2035,fall,19,SOL,GSOL_01,2035,ELC,71.390369
HDP,shungnak,electric,2035,fall,19,WND,GWND_01,2030,ELC,5146.4918
HDP,shungnak,electric,2035,fall,19,WND,GWND_01,2035,ELC,5146.4918
HDP,shungnak,electric,2035,fall,2,ELC,EBATT_01,2025,ELC,1983.0601
HDP,shungnak,electric,2035,fall,2,ELC,ELECT,2030,ELECD,15196.002
HDP,shungnak,electric,2035,fall,2,HYD,GHYD_01,2030,ELC,6057.5303
HDP,shungnak,electric,2035,fall,2,WND,GWND_01,2030,ELC,5560.7661
HDP,shungnak,electric,2035,fall,2,WND,GWND_01,2035,ELC,5560.7661
HDP,shungnak,electric,2035,fall,20,ELC,ELECT,2035,ELECD,21054.702
HDP,shungnak,electric,2035,fall,20,HYD,GHYD_01,2030,ELC,6057.5303
HDP,shungnak,electric,2035,fall,20,SOL,GSOL_01,2025,ELC,5.0999543
HDP,shungnak,electric,2035,fall,20,SOL,GSOL_01,2030,ELC,6.843739
HDP,shungnak,electric,2035,fall,20,SOL,GSOL_01,2035,ELC,4.6558936
HDP,shungnak,electric,2035,fall,20,WND,GWND_01,2030,ELC,5210.3667
HDP,shungnak,electric,2035,fall,20,WND,GWND_01,2035,ELC,5210.3667
HDP,shungnak,electric,2035,fall,21,ELC,ELECT,2030,ELECD,20139.28
HDP,shungnak,electric,2035,fall,21,HYD,GHYD_01,2030,ELC,6057.5303
HDP,shungnak,electric,2035,fall,21,WND,GWND_01,2030,ELC,4982.242
HDP,shungnak,electric,2035,fall,21,WND,GWND_01,2035,ELC,4982.242
HDP,shungnak,electric,2035,fall,22,ELC,ELECT,2030,ELECD,18674.605
HDP,shungnak,electric,2035,fall,22,HYD,GHYD_01,2030,ELC,6057.5303
HDP,shungnak,electric,2035,fall,22,WND,GWND_01,2030,ELC,5305.2665
HDP,shungnak,electric,2035,fall,22,WND,GWND_01,2035,ELC,5305.2665
HDP,shungnak,electric,2035,fall,23,ELC,ELECT,2035,ELECD,17393.015
HDP,shungnak,electric,2035,fall,23,HYD,GHYD_01,2030,ELC,6057.5303
HDP,shungnak,electric,2035,fall,23,WND,GWND_01,2030,ELC,5203.0667
HDP,shungnak,electric,2035,fall,23,WND,GWND_01,2035,ELC,5203.0667
HDP,shungnak,electric,2035,fall,3,ELC,EBATT_01,2025,ELC,2016.4947
HDP,shungnak,electric,2035,fall,3,ELC,ELECT,2035,ELECD,15012.918
HDP,shungnak,electric,2035,fall,3,HYD,GHYD_01,2030,ELC,6057.5303
HDP,shungnak,electric,2035,fall,3,WND,GWND_01,2030,ELC,5485.9412
HDP,shungnak,electric,2035,fall,3,WND,GWND_01,2035,ELC,5485.9412
HDP,shungnak,electric,2035,fall,4,ELC,EBATT_01,2025,ELC,2072.4139
HDP,shungnak,electric,2035,fall,4,ELC,ELECT,2030,ELECD,14646.749
HDP,shungnak,electric,2035,fall,4,HYD,GHYD_01,2030,ELC,6057.5303
HDP,shungnak,electric,2035,fall,4,WND,GWND_01,2030,ELC,5330.8165
HDP,shungnak,electric,2035,fall,4,WND,GWND_01,2035,ELC,5330.8165
HDP,shungnak,electric,2035,fall,5,ELC,EBATT_01,2025,ELC,2078.5446
HDP,shungnak,electric,2035,fall,5,ELC,ELECT,2030,ELECD,15012.918
HDP,shungnak,electric,2035,fall,5,HYD,GHYD_01,2030,ELC,6057.5303
HDP,shungnak,electric,2035,fall,5,WND,GWND_01,2030,ELC,5516.9662
HDP,shungnak,electric,2035,fall,5,WND,GWND_01,2035,ELC,5516.9662
HDP,shungnak,electric,2035,fall,6,ELC,EBATT_01,2025,ELC,782.93867
HDP,shungnak,electric,2035,fall,6,ELC,ELECT,2030,ELECD,16111.424
HDP,shungnak,electric,2035,fall,6,HYD,GHYD_01,2030,ELC,6057.5303
HDP,shungnak,electric,2035,fall,6,WND,GWND_01,2030,ELC,5418.4163
HDP,shungnak,electric,2035,fall,6,WND,GWND_01,2035,ELC,5418.4163
HDP,shungnak,electric,2035,fall,7,ELC,ELECT,2030,ELECD,17576.099
HDP,shungnak,electric,2035,fall,7,HYD,GHYD_01,2030,ELC,6057.5303
HDP,shungnak,electric,2035,fall,7,SOL,GSOL_01,2025,ELC,30.599726
HDP,shungnak,electric,2035,fall,7,SOL,GSOL_01,2030,ELC,41.062434
HDP,shungnak,electric,2035,fall,7,SOL,GSOL_01,2035,ELC,27.935362
HDP,shungnak,electric,2035,fall,7,WND,GWND_01,2030,ELC,5401.9914
HDP,shungnak,electric,2035,fall,7,WND,GWND_01,2035,ELC,5401.9914
HDP,shungnak,electric,2035,fall,8,ELC,ELECT,2030,ELECD,22519.377
HDP,shungnak,electric,2035,fall,8,HYD,GHYD_01,2030,ELC,6057.5303
HDP,shungnak,electric,2035,fall,8,SOL,GSOL_01,2025,ELC,295.79735
HDP,shungnak,electric,2035,fall,8,SOL,GSOL_01,2030,ELC,396.93686
HDP,shungnak,electric,2035,fall,8,SOL,GSOL_01,2035,ELC,270.04183
HDP,shungnak,electric,2035,fall,8,WND,GWND_01,2030,ELC,5518.7912
HDP,shungnak,electric,2035,fall,8,WND,GWND_01,2035,ELC,5518.7912
HDP,shungnak,electric,2035,fall,9,ELC,ELECT,2030,ELECD,22519.377
HDP,shungnak,electric,2035,fall,9,HYD,GHYD_01,2030,ELC,6057.5303
HDP,shungnak,electric,2035,fall,9,SOL,GSOL_01,2025,ELC,630.69435
HDP,shungnak,electric,2035,fall,9,SOL,GSOL_01,2030,ELC,846.3424
HDP,shungnak,electric,2035,fall,9,SOL,GSOL_01,2035,ELC,575.77884
HDP,shungnak,electric,2035,fall,9,WND,GWND_01,2030,ELC,5310.7415
HDP,shungnak,electric,2035,fall,9,WND,GWND_01,2035,ELC,5310.7415
HDP,shungnak,electric,2035,spring,0,ELC,ELECT,2030,ELECD,16660.677
HDP,shungnak,electric,2035,spring,0,HYD,GHYD_01,2030,ELC,4270.4932
HDP,shungnak,electric,2035,spring,0,WND,GWND_01,2030,ELC,5044.2919
HDP,shungnak,electric,2035,spring,0,WND,GWND_01,2035,ELC,5044.2919
HDP,shungnak,electric,2035,spring,1,DSL,GDSL_02,2025,ELC,955.731294117647
HDP,shungnak,electric,2035,spring,1,ELC,ELECT,2035,ELECD,16660.677
HDP,shungnak,electric,2035,spring,1,HYD,GHYD_01,2030,ELC,4270.4932
HDP,shungnak,electric,2035,spring,1,WND,GWND_01,2030,ELC,5026.042
HDP,shungnak,electric,2035,spring,1,WND,GWND_01,2035,ELC,5026.042
HDP,shungnak,electric,2035,spring,10,ELC,EBATT_01,2030,ELC,9571.401
HDP,shungnak,electric,2035,spring,10,ELC,ELECT,2030,ELECD,24350.221
HDP,shungnak,electric,2035,spring,10,HYD,GHYD_01,2030,ELC,4270.4932
HDP,shungnak,electric,2035,spring,10,SOL,GSOL_01,2025,ELC,6034.946
HDP,shungnak,electric,2035,spring,10,SOL,GSOL_01,2030,ELC,8098.4245
HDP,shungnak,electric,2035,spring,10,SOL,GSOL_01,2035,ELC,5509.4741
HDP,shungnak,electric,2035,spring,10,WND,GWND_01,2030,ELC,5004.142
HDP,shungnak,electric,2035,spring,10,WND,GWND_01,2035,ELC,5004.142
HDP,shungnak,electric,2035,spring,11,ELC,EBATT_01,2030,ELC,13266.396
HDP,shungnak,electric,2035,spring,11,ELC,ELECT,2035,ELECD,24899.474
HDP,shungnak,electric,2035,spring,11,HYD,GHYD_01,2030,ELC,4270.4932
HDP,shungnak,electric,2035,spring,11,SOL,GSOL_01,2025,ELC,7507.1328
HDP,shungnak,electric,2035,spring,11,SOL,GSOL_01,2030,ELC,10073.984
HDP,shungnak,electric,2035,spring,11,SOL,GSOL_01,2035,ELC,6853.4754
HDP,shungnak,electric,2035,spring,11,WND,GWND_01,2030,ELC,4730.3924
HDP,shungnak,electric,2035,spring,11,WND,GWND_01,2035,ELC,4730.3924
HDP,shungnak,electric,2035,spring,12,ELC,EBATT_01,2035,ELC,16248.965
HDP,shungnak,electric,2035,spring,12,ELC,ELECT,2030,ELECD,23617.883
HDP,shungnak,electric,2035,spring,12,HYD,GHYD_01,2030,ELC,4270.4932
HDP,shungnak,electric,2035,spring,12,SOL,GSOL_01,2025,ELC,8202.4266
HDP,shungnak,electric,2035,spring,12,SOL,GSOL_01,2030,ELC,11007.014
HDP,shungnak,electric,2035,spring,12,SOL,GSOL_01,2035,ELC,7488.2289
HDP,shungnak,electric,2035,spring,12,WND,GWND_01,2030,ELC,4449.3429
HDP,shungnak,electric,2035,spring,12,WND,GWND_01,2035,ELC,4449.3429
HDP,shungnak,electric,2035,spring,13,ELC,EBATT_01,2035,ELC,17432.438
HDP,shungnak,electric,2035,spring,13,ELC,ELECT,2030,ELECD,22702.462
HDP,shungnak,electric,2035,spring,13,HYD,GHYD_01,2030,ELC,4270.4932
HDP,shungnak,electric,2035,spring,13,SOL,GSOL_01,2025,ELC,8622.3228
HDP,shungnak,electric,2035,spring,13,SOL,GSOL_01,2030,ELC,11570.481
HDP,shungnak,electric,2035,spring,13,SOL,GSOL_01,2035,ELC,7871.5641
HDP,shungnak,electric,2035,spring,13,WND,GWND_01,2030,ELC,3900.0188
HDP,shungnak,electric,2035,spring,13,WND,GWND_01,2035,ELC,3900.0188
HDP,shungnak,electric,2035,spring,14,ELC,EBATT_01,2030,ELC,16378.906
HDP,shungnak,electric,2035,spring,14,ELC,ELECT,2035,ELECD,23068.63
HDP,shungnak,electric,2035,spring,14,HYD,GHYD_01,2030,ELC,4270.4932
HDP,shungnak,electric,2035,spring,14,SOL,GSOL_01,2025,ELC,8588.3231
HDP,shungnak,electric,2035,spring,14,SOL,GSOL_01,2030,ELC,11524.857
HDP,shungnak,electric,2035,spring,14,SOL,GSOL_01,2035,ELC,7840.5249
HDP,shungnak,electric,2035,spring,14,WND,GWND_01,2030,ELC,3611.6692
HDP,shungnak,electric,2035,spring,14,WND,GWND_01,2035,ELC,3611.6692
HDP,shungnak,electric,2035,spring,15,ELC,EBATT_01,2035,ELC,15095.83
HDP,shungnak,electric,2035,spring,15,ELC,ELECT,2030,ELECD,22885.546
HDP,shungnak,electric,2035,spring,15,HYD,GHYD_01,2030,ELC,4270.4932
HDP,shungnak,electric,2035,spring,15,SOL,GSOL_01,2025,ELC,8088.5276
HDP,shungnak,electric,2035,spring,15,SOL,GSOL_01,2030,ELC,10854.17
HDP,shungnak,electric,2035,spring,15,SOL,GSOL_01,2035,ELC,7384.2473
HDP,shungnak,electric,2035,spring,15,WND,GWND_01,2030,ELC,3691.9691
HDP,shungnak,electric,2035,spring,15,WND,GWND_01,2035,ELC,3691.9691
HDP,shungnak,electric,2035,spring,16,ELC,EBATT_01,2030,ELC,432.83716
HDP,shungnak,electric,2035,spring,16,ELC,EBATT_01,2035,ELC,10695.656
HDP,shungnak,electric,2035,spring,16,ELC,ELECT,2030,ELECD,23984.052
HDP,shungnak,electric,2035,spring,16,HYD,GHYD_01,2030,ELC,4270.4932
HDP,shungnak,electric,2035,spring,16,SOL,GSOL_01,2025,ELC,7024.3371
HDP,shungnak,electric,2035,spring,16,SOL,GSOL_01,2030,ELC,9426.1099
HDP,shungnak,electric,2035,spring,16,SOL,GSOL_01,2035,ELC,6412.7175
HDP,shungnak,electric,2035,spring,16,WND,GWND_01,2030,ELC,3989.4436
HDP,shungnak,electric,2035,spring,16,WND,GWND_01,2035,ELC,3989.4436
HDP,shungnak,electric,2035,spring,17,ELC,EBATT_01,2025,ELC,5411.5376
HDP,shungnak,electric,2035,spring,17,ELC,ELECT,2035,ELECD,23984.052
HDP,shungnak,electric,2035,spring,17,HYD,GHYD_01,2030,ELC,4270.4932
HDP,shungnak,electric,2035,spring,17,SOL,GSOL_01,2025,ELC,5234.2531
HDP,shungnak,electric,2035,spring,17,SOL,GSOL_01,2030,ELC,7023.9575
HDP,shungnak,electric,2035,spring,17,SOL,GSOL_01,2035,ELC,4778.4988
HDP,shungnak,electric,2035,spring,17,WND,GWND_01,2030,ELC,4044.1935
HDP,shungnak,electric,2035,spring,17,WND,GWND_01,2035,ELC,4044.1935
HDP,shungnak,electric,2035,spring,18,ELC,EBATT_01,2025,ELC,229.56144
HDP,shungnak,electric,2035,spring,18,ELC,ELECT,2035,ELECD,22702.462
HDP,shungnak,electric,2035,spring,18,HYD,GHYD_01,2030,ELC,4270.4932
HDP,shungnak,electric,2035,spring,18,SOL,GSOL_01,2025,ELC,3172.1716
HDP,shungnak,electric,2035,spring,18,SOL,GSOL_01,2030,ELC,4256.8057
HDP,shungnak,electric,2035,spring,18,SOL,GSOL_01,2035,ELC,2895.9658
HDP,shungnak,electric,2035,spring,18,WND,GWND_01,2030,ELC,4168.2933
HDP,shungnak,electric,2035,spring,18,WND,GWND_01,2035,ELC,4168.2933
HDP,shungnak,electric,2035,spring,19,ELC,ELECT,2030,ELECD,21970.124
HDP,shungnak,electric,2035,spring,19,HYD,GHYD_01,2030,ELC,4270.4932
HDP,shungnak,electric,2035,spring,19,SOL,GSOL_01,2025,ELC,1380.3876
HDP,shungnak,electric,2035,spring,19,SOL,GSOL_01,2030,ELC,1852.372
HDP,shungnak,electric,2035,spring,19,SOL,GSOL_01,2035,ELC,1260.1952
HDP,shungnak,electric,2035,spring,19,WND,GWND_01,2030,ELC,4292.3931
HDP,shungnak,electric,2035,spring,19,WND,GWND_01,2035,ELC,4292.3931
HDP,shungnak,electric,2035,spring,2,ELC,ELECT,2030,ELECD,15928.34
HDP,shungnak,electric,2035,spring,2,HYD,GHYD_01,2030,ELC,4270.4932
HDP,shungnak,electric,2035,spring,2,WND,GWND_01,2030,ELC,4909.2421
HDP,shungnak,electric,2035,spring,2,WND,GWND_01,2035,ELC,4909.2421
HDP,shungnak,electric,2035,spring,20,ELC,ELECT,2030,ELECD,22702.462
HDP,shungnak,electric,2035,spring,20,HYD,GHYD_01,2030,ELC,4270.4932
HDP,shungnak,electric,2035,spring,20,SOL,GSOL_01,2025,ELC,503.19549
HDP,shungnak,electric,2035,spring,20,SOL,GSOL_01,2030,ELC,675.24892
HDP,shungnak,electric,2035,spring,20,SOL,GSOL_01,2035,ELC,459.3815
HDP,shungnak,electric,2035,spring,20,WND,GWND_01,2030,ELC,4547.8927
HDP,shungnak,electric,2035,spring,20,WND,GWND_01,2035,ELC,4547.8927
HDP,shungnak,electric,2035,spring,21,ELC,ELECT,2030,ELECD,21420.871
HDP,shungnak,electric,2035,spring,21,HYD,GHYD_01,2030,ELC,4270.4932
HDP,shungnak,electric,2035,spring,21,SOL,GSOL_01,2025,ELC,219.29804
HDP,shungnak,electric,2035,spring,21,SOL,GSOL_01,2030,ELC,294.28078
HDP,shungnak,electric,2035,spring,21,SOL,GSOL_01,2035,ELC,200.20343
HDP,shungnak,electric,2035,spring,21,WND,GWND_01,2030,ELC,4434.7429
HDP,shungnak,electric,2035,spring,21,WND,GWND_01,2035,ELC,4434.7429
HDP,shungnak,electric,2035,spring,22,ELC,ELECT,2030,ELECD,20871.618
HDP,shungnak,electric,2035,spring,22,HYD,GHYD_01,2030,ELC,4270.4932
HDP,shungnak,electric,2035,spring,22,SOL,GSOL_01,2025,ELC,84.999239
HDP,shungnak,electric,2035,spring,22,SOL,GSOL_01,2030,ELC,114.06232
HDP,shungnak,electric,2035,spring,22,SOL,GSOL_01,2035,ELC,77.598227
HDP,shungnak,electric,2035,spring,22,WND,GWND_01,2030,ELC,4949.3921
HDP,shungnak,electric,2035,spring,22,WND,GWND_01,2035,ELC,4949.3921
HDP,shungnak,electric,2035,spring,23,ELC,ELECT,2030,ELECD,19406.943
HDP,shungnak,electric,2035,spring,23,HYD,GHYD_01,2030,ELC,4270.4932
HDP,shungnak,electric,2035,spring,23,SOL,GSOL_01,2025,ELC,13.599878
HDP,shungnak,electric,2035,spring,23,SOL,GSOL_01,2030,ELC,18.249971
HDP,shungnak,electric,2035,spring,23,SOL,GSOL_01,2035,ELC,12.415716
HDP,shungnak,electric,2035,spring,23,WND,GWND_01,2030,ELC,5049.7669
HDP,shungnak,electric,2035,spring,23,WND,GWND_01,2035,ELC,5049.7669
HDP,shungnak,electric,2035,spring,3,ELC,ELECT,2030,ELECD,15928.34
HDP,shungnak,electric,2035,spring,3,HYD,GHYD_01,2030,ELC,4270.4932
HDP,shungnak,electric,2035,spring,3,WND,GWND_01,2030,ELC,5153.7918
HDP,shungnak,electric,2035,spring,3,WND,GWND_01,2035,ELC,5153.7918
HDP,shungnak,electric,2035,spring,4,DSL,GDSL_01,2025,ELC,2822.353176470588
HDP,shungnak,electric,2035,spring,4,ELC,ELECT,2030,ELECD,16111.424
HDP,shungnak,electric,2035,spring,4,HYD,GHYD_01,2030,ELC,4270.4932
HDP,shungnak,electric,2035,spring,4,SOL,GSOL_01,2025,ELC,20.399817
HDP,shungnak,electric,2035,spring,4,SOL,GSOL_01,2030,ELC,27.374956
HDP,shungnak,electric,2035,spring,4,SOL,GSOL_01,2035,ELC,18.623574
HDP,shungnak,electric,2035,spring,4,WND,GWND_01,2030,ELC,5407.4663
HDP,shungnak,electric,2035,spring,4,WND,GWND_01,2035,ELC,5407.4663
HDP,shungnak,electric,2035,spring,5,DSL,GDSL_02,2025,ELC,1825.7604705882352
HDP,shungnak,electric,2035,spring,5,ELC,ELECT,2030,ELECD,16477.593
HDP,shungnak,electric,2035,spring,5,HYD,GHYD_01,2030,ELC,4270.4932
HDP,shungnak,electric,2035,spring,5,SOL,GSOL_01,2025,ELC,90.099193
HDP,shungnak,electric,2035,spring,5,SOL,GSOL_01,2030,ELC,120.90606
HDP,shungnak,electric,2035,spring,5,SOL,GSOL_01,2035,ELC,82.254121
HDP,shungnak,electric,2035,spring,5,WND,GWND_01,2030,ELC,5646.541
HDP,shungnak,electric,2035,spring,5,WND,GWND_01,2035,ELC,5646.541
HDP,shungnak,electric,2035,spring,6,DSL,GDSL_03,2025,ELC,546.4059117647058
HDP,shungnak,electric,2035,spring,6,ELC,ELECT,2030,ELECD,16843.762
HDP,shungnak,electric,2035,spring,6,HYD,GHYD_01,2030,ELC,4270.4932
HDP,shungnak,electric,2035,spring,6,SOL,GSOL_01,2025,ELC,302.59729
HDP,shungnak,electric,2035,spring,6,SOL,GSOL_01,2030,ELC,406.06185
HDP,shungnak,electric,2035,spring,6,SOL,GSOL_01,2035,ELC,276.24969
HDP,shungnak,electric,2035,spring,6,WND,GWND_01,2030,ELC,5701.2909
HDP,shungnak,electric,2035,spring,6,WND,GWND_01,2035,ELC,5701.2909
HDP,shungnak,electric,2035,spring,7,DSL,GDSL_02,2025,ELC,344.1396470588235
HDP,shungnak,electric,2035,spring,7,ELC,ELECT,2030,ELECD,18491.521
HDP,shungnak,electric,2035,spring,7,HYD,GHYD_01,2030,ELC,4270.4932
HDP,shungnak,electric,2035,spring,7,SOL,GSOL_01,2025,ELC,972.39129
HDP,shungnak,electric,2035,spring,7,SOL,GSOL_01,2030,ELC,1304.8729
HDP,shungnak,electric,2035,spring,7,SOL,GSOL_01,2035,ELC,887.72372
HDP,shungnak,electric,2035,spring,7,WND,GWND_01,2030,ELC,5469.5162
HDP,shungnak,electric,2035,spring,7,WND,GWND_01,2035,ELC,5469.5162
HDP,shungnak,electric,2035,spring,8,ELC,EBATT_01,2035,ELC,1062.2175
HDP,shungnak,electric,2035,spring,8,ELC,ELECT,2035,ELECD,21970.124
HDP,shungnak,electric,2035,spring,8,HYD,GHYD_01,2030,ELC,4270.4932
HDP,shungnak,electric,2035,spring,8,SOL,GSOL_01,2025,ELC,2264.3797
HDP,shungnak,electric,2035,spring,8,SOL,GSOL_01,2030,ELC,3038.6201
HDP,shungnak,electric,2035,spring,8,SOL,GSOL_01,2035,ELC,2067.2168
HDP,shungnak,electric,2035,spring,8,WND,GWND_01,2030,ELC,5695.8159
HDP,shungnak,electric,2035,spring,8,WND,GWND_01,2035,ELC,5695.8159
HDP,shungnak,electric,2035,spring,9,ELC,EBATT_01,2030,ELC,5557.4439
HDP,shungnak,electric,2035,spring,9,ELC,ELECT,2030,ELECD,22519.377
HDP,shungnak,electric,2035,spring,9,HYD,GHYD_01,2030,ELC,4270.4932
HDP,shungnak,electric,2035,spring,9,SOL,GSOL_01,2025,ELC,4188.7625
HDP,shungnak,electric,2035,spring,9,SOL,GSOL_01,2030,ELC,5620.991
HDP,shungnak,electric,2035,spring,9,SOL,GSOL_01,2035,ELC,3824.0406
HDP,shungnak,electric,2035,spring,9,WND,GWND_01,2030,ELC,5086.2669
HDP,shungnak,electric,2035,spring,9,WND,GWND_01,2035,ELC,5086.2669
HDP,shungnak,electric,2035,summer,0,ELC,EBATT_01,2030,ELC,1039.7635
HDP,shungnak,electric,2035,summer,0,ELC,ELECT,2035,ELECD,12449.737
HDP,shungnak,electric,2035,summer,0,HYD,GHYD_01,2030,ELC,10853.623
HDP,shungnak,electric,2035,summer,0,SOL,GSOL_01,2025,ELC,16.999848
HDP,shungnak,electric,2035,summer,0,SOL,GSOL_01,2030,ELC,22.812463
HDP,shungnak,electric,2035,summer,0,SOL,GSOL_01,2035,ELC,15.519645
HDP,shungnak,electric,2035,summer,0,WND,GWND_01,2030,ELC,1290.2729
HDP,shungnak,electric,2035,summer,0,WND,GWND_01,2035,ELC,1290.2729
HDP,shungnak,electric,2035,summer,1,ELC,EBATT_01,2035,ELC,1542.7386
HDP,shungnak,electric,2035,summer,1,ELC,ELECT,2030,ELECD,11351.231
HDP,shungnak,electric,2035,summer,1,HYD,GHYD_01,2030,ELC,10853.623
HDP,shungnak,electric,2035,summer,1,WND,GWND_01,2030,ELC,1020.1734
HDP,shungnak,electric,2035,summer,1,WND,GWND_01,2035,ELC,1020.1734
HDP,shungnak,electric,2035,summer,10,ELC,EBATT_01,2035,ELC,16270.171
HDP,shungnak,electric,2035,summer,10,ELC,ELECT,2030,ELECD,13914.412
HDP,shungnak,electric,2035,summer,10,HYD,GHYD_01,2030,ELC,10853.623
HDP,shungnak,electric,2035,summer,10,SOL,GSOL_01,2025,ELC,5400.8516
HDP,shungnak,electric,2035,summer,10,SOL,GSOL_01,2030,ELC,7247.5197
HDP,shungnak,electric,2035,summer,10,SOL,GSOL_01,2035,ELC,4930.5913
HDP,shungnak,electric,2035,summer,10,WND,GWND_01,2030,ELC,875.9986
HDP,shungnak,electric,2035,summer,10,WND,GWND_01,2035,ELC,875.9986
HDP,shungnak,electric,2035,summer,11,ELC,EBATT_01,2035,ELC,19086.151
HDP,shungnak,electric,2035,summer,11,ELC,ELECT,2030,ELECD,14280.581
HDP,shungnak,electric,2035,summer,11,HYD,GHYD_01,2030,ELC,10853.623
HDP,shungnak,electric,2035,summer,11,SOL,GSOL_01,2025,ELC,6448.0423
HDP,shungnak,electric,2035,summer,11,SOL,GSOL_01,2030,ELC,8652.7674
HDP,shungnak,electric,2035,summer,11,SOL,GSOL_01,2035,ELC,5886.6015
HDP,shungnak,electric,2035,summer,11,WND,GWND_01,2030,ELC,762.84878
HDP,shungnak,electric,2035,summer,11,WND,GWND_01,2035,ELC,762.84878
HDP,shungnak,electric,2035,summer,12,ELC,EBATT_01,2030,ELC,21942.49
HDP,shungnak,electric,2035,summer,12,ELC,ELECT,2030,ELECD,13914.412
HDP,shungnak,electric,2035,summer,12,HYD,GHYD_01,2030,ELC,10853.623
HDP,shungnak,electric,2035,summer,12,SOL,GSOL_01,2025,ELC,7219.8354
HDP,shungnak,electric,2035,summer,12,SOL,GSOL_01,2030,ELC,9688.4532
HDP,shungnak,electric,2035,summer,12,SOL,GSOL_01,2035,ELC,6591.1934
HDP,shungnak,electric,2035,summer,12,WND,GWND_01,2030,ELC,751.8988
HDP,shungnak,electric,2035,summer,12,WND,GWND_01,2035,ELC,751.8988
HDP,shungnak,electric,2035,summer,13,ELC,EBATT_01,2025,ELC,13883.99
HDP,shungnak,electric,2035,summer,13,ELC,EBATT_01,2030,ELC,9550.1375
HDP,shungnak,electric,2035,summer,13,ELC,ELECT,2030,ELECD,13731.328
HDP,shungnak,electric,2035,summer,13,HYD,GHYD_01,2030,ELC,10853.623
HDP,shungnak,electric,2035,summer,13,SOL,GSOL_01,2025,ELC,7593.832
HDP,shungnak,electric,2035,summer,13,SOL,GSOL_01,2030,ELC,10190.327
HDP,shungnak,electric,2035,summer,13,SOL,GSOL_01,2035,ELC,6932.6256
HDP,shungnak,electric,2035,summer,13,WND,GWND_01,2030,ELC,797.52372
HDP,shungnak,electric,2035,summer,13,WND,GWND_01,2035,ELC,797.52372
HDP,shungnak,electric,2035,summer,14,ELC,EBATT_01,2030,ELC,24438.378
HDP,shungnak,electric,2035,summer,14,ELC,ELECT,2030,ELECD,13548.243
HDP,shungnak,electric,2035,summer,14,HYD,GHYD_01,2030,ELC,10853.623
HDP,shungnak,electric,2035,summer,14,SOL,GSOL_01,2025,ELC,7804.6301
HDP,shungnak,electric,2035,summer,14,SOL,GSOL_01,2030,ELC,10473.202
HDP,shungnak,electric,2035,summer,14,SOL,GSOL_01,2035,ELC,7125.0692
HDP,shungnak,electric,2035,summer,14,WND,GWND_01,2030,ELC,865.04862
HDP,shungnak,electric,2035,summer,14,WND,GWND_01,2035,ELC,865.04862
HDP,shungnak,electric,2035,summer,15,ELC,EBATT_01,2025,ELC,21174.421
HDP,shungnak,electric,2035,summer,15,ELC,ELECT,2030,ELECD,14097.496
HDP,shungnak,electric,2035,summer,15,HYD,GHYD_01,2030,ELC,10853.623
HDP,shungnak,electric,2035,summer,15,SOL,GSOL_01,2025,ELC,7031.1371
HDP,shungnak,electric,2035,summer,15,SOL,GSOL_01,2030,ELC,9435.2349
HDP,shungnak,electric,2035,summer,15,SOL,GSOL_01,2035,ELC,6418.9253
HDP,shungnak,electric,2035,summer,15,WND,GWND_01,2030,ELC,766.49877
HDP,shungnak,electric,2035,summer,15,WND,GWND_01,2035,ELC,766.49877
HDP,shungnak,electric,2035,summer,16,ELC,EBATT_01,2025,ELC,17452.857
HDP,shungnak,electric,2035,summer,16,ELC,ELECT,2030,ELECD,15745.256
HDP,shungnak,electric,2035,summer,16,HYD,GHYD_01,2030,ELC,10853.623
HDP,shungnak,electric,2035,summer,16,SOL,GSOL_01,2025,ELC,6480.342
HDP,shungnak,electric,2035,summer,16,SOL,GSOL_01,2030,ELC,8696.1111
HDP,shungnak,electric,2035,summer,16,SOL,GSOL_01,2035,ELC,5916.0888
HDP,shungnak,electric,2035,summer,16,WND,GWND_01,2030,ELC,625.974
HDP,shungnak,electric,2035,summer,16,WND,GWND_01,2035,ELC,625.974
HDP,shungnak,electric,2035,summer,17,ELC,EBATT_01,2025,ELC,13632.461
HDP,shungnak,electric,2035,summer,17,ELC,ELECT,2030,ELECD,16111.424
HDP,shungnak,electric,2035,summer,17,HYD,GHYD_01,2030,ELC,10853.623
HDP,shungnak,electric,2035,summer,17,SOL,GSOL_01,2025,ELC,5375.3519
HDP,shungnak,electric,2035,summer,17,SOL,GSOL_01,2030,ELC,7213.301
HDP,shungnak,electric,2035,summer,17,SOL,GSOL_01,2035,ELC,4907.3119
HDP,shungnak,electric,2035,summer,17,WND,GWND_01,2030,ELC,697.14888
HDP,shungnak,electric,2035,summer,17,WND,GWND_01,2035,ELC,697.14888
HDP,shungnak,electric,2035,summer,18,ELC,EBATT_01,2025,ELC,10717.861
HDP,shungnak,electric,2035,summer,18,ELC,ELECT,2030,ELECD,14463.665
HDP,shungnak,electric,2035,summer,18,HYD,GHYD_01,2030,ELC,10853.623
HDP,shungnak,electric,2035,summer,18,SOL,GSOL_01,2025,ELC,3833.4657
HDP,shungnak,electric,2035,summer,18,SOL,GSOL_01,2030,ELC,5144.2105
HDP,shungnak,electric,2035,summer,18,SOL,GSOL_01,2035,ELC,3499.68
HDP,shungnak,electric,2035,summer,18,WND,GWND_01,2030,ELC,925.27352
HDP,shungnak,electric,2035,summer,18,WND,GWND_01,2035,ELC,925.27352
HDP,shungnak,electric,2035,summer,19,ELC,EBATT_01,2025,ELC,5625.4429
HDP,shungnak,electric,2035,summer,19,ELC,ELECT,2030,ELECD,14097.496
HDP,shungnak,electric,2035,summer,19,HYD,GHYD_01,2030,ELC,10853.623
HDP,shungnak,electric,2035,summer,19,SOL,GSOL_01,2025,ELC,2233.78
HDP,shungnak,electric,2035,summer,19,SOL,GSOL_01,2030,ELC,2997.5577
HDP,shungnak,electric,2035,summer,19,SOL,GSOL_01,2035,ELC,2039.2814
HDP,shungnak,electric,2035,summer,19,WND,GWND_01,2030,ELC,799.34872
HDP,shungnak,electric,2035,summer,19,WND,GWND_01,2035,ELC,799.34872
HDP,shungnak,electric,2035,summer,2,ELC,EBATT_01,2035,ELC,1554.2733
HDP,shungnak,electric,2035,summer,2,ELC,ELECT,2035,ELECD,11168.146
HDP,shungnak,electric,2035,summer,2,HYD,GHYD_01,2030,ELC,10853.623
HDP,shungnak,electric,2035,summer,2,WND,GWND_01,2030,ELC,934.3985
HDP,shungnak,electric,2035,summer,2,WND,GWND_01,2035,ELC,934.3985
HDP,shungnak,electric,2035,summer,20,ELC,EBATT_01,2025,ELC,2495.2295
HDP,shungnak,electric,2035,summer,20,ELC,ELECT,2035,ELECD,14097.496
HDP,shungnak,electric,2035,summer,20,HYD,GHYD_01,2030,ELC,10853.623
HDP,shungnak,electric,2035,summer,20,SOL,GSOL_01,2025,ELC,1157.6896
HDP,shungnak,electric,2035,summer,20,SOL,GSOL_01,2030,ELC,1553.5288
HDP,shungnak,electric,2035,summer,20,SOL,GSOL_01,2035,ELC,1056.8879
HDP,shungnak,electric,2035,summer,20,WND,GWND_01,2030,ELC,985.49842
HDP,shungnak,electric,2035,summer,20,WND,GWND_01,2035,ELC,985.49842
HDP,shungnak,electric,2035,summer,21,ELC,EBATT_01,2025,ELC,2409.6187
HDP,shungnak,electric,2035,summer,21,ELC,ELECT,2030,ELECD,12998.99
HDP,shungnak,electric,2035,summer,21,HYD,GHYD_01,2030,ELC,10853.623
HDP,shungnak,electric,2035,summer,21,SOL,GSOL_01,2025,ELC,526.99528
HDP,shungnak,electric,2035,summer,21,SOL,GSOL_01,2030,ELC,707.18637
HDP,shungnak,electric,2035,summer,21,SOL,GSOL_01,2035,ELC,481.10901
HDP,shungnak,electric,2035,summer,21,WND,GWND_01,2030,ELC,1419.8477
HDP,shungnak,electric,2035,summer,21,WND,GWND_01,2035,ELC,1419.8477
HDP,shungnak,electric,2035,summer,22,ELC,EBATT_01,2025,ELC,1659.6857
HDP,shungnak,electric,2035,summer,22,ELC,ELECT,2030,ELECD,12998.99
HDP,shungnak,electric,2035,summer,22,HYD,GHYD_01,2030,ELC,10853.623
HDP,shungnak,electric,2035,summer,22,SOL,GSOL_01,2025,ELC,317.89715
HDP,shungnak,electric,2035,summer,22,SOL,GSOL_01,2030,ELC,426.59307
HDP,shungnak,electric,2035,summer,22,SOL,GSOL_01,2035,ELC,290.21737
HDP,shungnak,electric,2035,summer,22,WND,GWND_01,2030,ELC,1385.1728
HDP,shungnak,electric,2035,summer,22,WND,GWND_01,2035,ELC,1385.1728
HDP,shungnak,electric,2035,summer,23,ELC,EBATT_01,2025,ELC,1382.4878
HDP,shungnak,electric,2035,summer,23,ELC,ELECT,2030,ELECD,12815.906
HDP,shungnak,electric,2035,summer,23,HYD,GHYD_01,2030,ELC,10853.623
HDP,shungnak,electric,2035,summer,23,SOL,GSOL_01,2025,ELC,93.499163
HDP,shungnak,electric,2035,summer,23,SOL,GSOL_01,2030,ELC,125.46855
HDP,shungnak,electric,2035,summer,23,SOL,GSOL_01,2035,ELC,85.35805
HDP,shungnak,electric,2035,summer,23,WND,GWND_01,2030,ELC,1520.2226
HDP,shungnak,electric,2035,summer,23,WND,GWND_01,2035,ELC,1520.2226
HDP,shungnak,electric,2035,summer,3,ELC,EBATT_01,2030,ELC,2619.4586
HDP,shungnak,electric,2035,summer,3,ELC,ELECT,2030,ELECD,10435.809
HDP,shungnak,electric,2035,summer,3,HYD,GHYD_01,2030,ELC,10853.623
HDP,shungnak,electric,2035,summer,3,SOL,GSOL_01,2025,ELC,20.399817
HDP,shungnak,electric,2035,summer,3,SOL,GSOL_01,2030,ELC,27.374956
HDP,shungnak,electric,2035,summer,3,SOL,GSOL_01,2035,ELC,18.623574
HDP,shungnak,electric,2035,summer,3,WND,GWND_01,2030,ELC,1067.6233
HDP,shungnak,electric,2035,summer,3,WND,GWND_01,2035,ELC,1067.6233
HDP,shungnak,electric,2035,summer,4,ELC,EBATT_01,2035,ELC,3209.6507
HDP,shungnak,electric,2035,summer,4,ELC,ELECT,2030,ELECD,10252.725
HDP,shungnak,electric,2035,summer,4,HYD,GHYD_01,2030,ELC,10853.623
HDP,shungnak,electric,2035,summer,4,SOL,GSOL_01,2025,ELC,130.89883
HDP,shungnak,electric,2035,summer,4,SOL,GSOL_01,2030,ELC,175.65597
HDP,shungnak,electric,2035,summer,4,SOL,GSOL_01,2035,ELC,119.50127
HDP,shungnak,electric,2035,summer,4,WND,GWND_01,2030,ELC,1091.3483
HDP,shungnak,electric,2035,summer,4,WND,GWND_01,2035,ELC,1091.3483
HDP,shungnak,electric,2035,summer,5,ELC,EBATT_01,2035,ELC,3688.3406
HDP,shungnak,electric,2035,summer,5,ELC,ELECT,2030,ELECD,10252.725
HDP,shungnak,electric,2035,summer,5,HYD,GHYD_01,2030,ELC,10853.623
HDP,shungnak,electric,2035,summer,5,SOL,GSOL_01,2025,ELC,253.29773
HDP,shungnak,electric,2035,summer,5,SOL,GSOL_01,2030,ELC,339.90571
HDP,shungnak,electric,2035,summer,5,SOL,GSOL_01,2035,ELC,231.24272
HDP,shungnak,electric,2035,summer,5,WND,GWND_01,2030,ELC,1131.4982
HDP,shungnak,electric,2035,summer,5,WND,GWND_01,2035,ELC,1131.4982
HDP,shungnak,electric,2035,summer,6,ELC,EBATT_01,2035,ELC,3989.5053
HDP,shungnak,electric,2035,summer,6,ELC,ELECT,2030,ELECD,10985.062
HDP,shungnak,electric,2035,summer,6,HYD,GHYD_01,2030,ELC,10853.623
HDP,shungnak,electric,2035,summer,6,SOL,GSOL_01,2025,ELC,642.59425
HDP,shungnak,electric,2035,summer,6,SOL,GSOL_01,2030,ELC,862.31112
HDP,shungnak,electric,2035,summer,6,SOL,GSOL_01,2035,ELC,586.6426
HDP,shungnak,electric,2035,summer,6,WND,GWND_01,2030,ELC,1014.6984
HDP,shungnak,electric,2035,summer,6,WND,GWND_01,2035,ELC,1014.6984
HDP,shungnak,electric,2035,summer,7,ELC,EBATT_01,2035,ELC,6379.3156
HDP,shungnak,electric,2035,summer,7,ELC,ELECT,2035,ELECD,11168.146
HDP,shungnak,electric,2035,summer,7,HYD,GHYD_01,2030,ELC,10853.623
HDP,shungnak,electric,2035,summer,7,SOL,GSOL_01,2025,ELC,1538.4862
HDP,shungnak,electric,2035,summer,7,SOL,GSOL_01,2030,ELC,2064.5279
HDP,shungnak,electric,2035,summer,7,SOL,GSOL_01,2035,ELC,1404.5279
HDP,shungnak,electric,2035,summer,7,WND,GWND_01,2030,ELC,843.14865
HDP,shungnak,electric,2035,summer,7,WND,GWND_01,2035,ELC,843.14865
HDP,shungnak,electric,2035,summer,8,ELC,EBATT_01,2030,ELC,10863.411
HDP,shungnak,electric,2035,summer,8,ELC,ELECT,2030,ELECD,11534.315
HDP,shungnak,electric,2035,summer,8,HYD,GHYD_01,2030,ELC,10853.623
HDP,shungnak,electric,2035,summer,8,SOL,GSOL_01,2025,ELC,3014.073
HDP,shungnak,electric,2035,summer,8,SOL,GSOL_01,2030,ELC,4044.6498
HDP,shungnak,electric,2035,summer,8,SOL,GSOL_01,2035,ELC,2751.6331
HDP,shungnak,electric,2035,summer,8,WND,GWND_01,2030,ELC,866.87361
HDP,shungnak,electric,2035,summer,8,WND,GWND_01,2035,ELC,866.87361
HDP,shungnak,electric,2035,summer,9,ELC,EBATT_01,2030,ELC,13978.786
HDP,shungnak,electric,2035,summer,9,ELC,ELECT,2035,ELECD,11900.484
HDP,shungnak,electric,2035,summer,9,HYD,GHYD_01,2030,ELC,10853.623
HDP,shungnak,electric,2035,summer,9,SOL,GSOL_01,2025,ELC,4117.3631
HDP,shungnak,electric,2035,summer,9,SOL,GSOL_01,2030,ELC,5525.1787
HDP,shungnak,electric,2035,summer,9,SOL,GSOL_01,2035,ELC,3758.8581
HDP,shungnak,electric,2035,summer,9,WND,GWND_01,2030,ELC,812.1237
HDP,shungnak,electric,2035,summer,9,WND,GWND_01,2035,ELC,812.1237
HDP,shungnak,electric,2035,winter,0,ELC,ELECT,2030,ELECD,20871.618
HDP,shungnak,electric,2035,winter,0,HYD,GHYD_01,2030,ELC,1011.7784
HDP,shungnak,electric,2035,winter,0,WND,GWND_01,2030,ELC,5513.3162
HDP,shungnak,electric,2035,winter,0,WND,GWND_01,2035,ELC,5513.3162
HDP,shungnak,electric,2035,winter,1,ELC,ELECT,2030,ELECD,20688.533
HDP,shungnak,electric,2035,winter,1,HYD,GHYD_01,2030,ELC,1011.7784
HDP,shungnak,electric,2035,winter,1,WND,GWND_01,2030,ELC,5620.991
HDP,shungnak,electric,2035,winter,1,WND,GWND_01,2035,ELC,5620.991
HDP,shungnak,electric,2035,winter,10,ELC,ELECT,2030,ELECD,26547.233
HDP,shungnak,electric,2035,winter,10,HYD,GHYD_01,2030,ELC,1011.7784
HDP,shungnak,electric,2035,winter,10,SOL,GSOL_01,2025,ELC,193.79826
HDP,shungnak,electric,2035,winter,10,SOL,GSOL_01,2030,ELC,260.06208
HDP,shungnak,electric,2035,winter,10,SOL,GSOL_01,2035,ELC,176.92396
HDP,shungnak,electric,2035,winter,10,WND,GWND_01,2030,ELC,5449.4413
HDP,shungnak,electric,2035,winter,10,WND,GWND_01,2035,ELC,5449.4413
HDP,shungnak,electric,2035,winter,11,ELC,ELECT,2035,ELECD,27462.655
HDP,shungnak,electric,2035,winter,11,HYD,GHYD_01,2030,ELC,1011.7784
HDP,shungnak,electric,2035,winter,11,SOL,GSOL_01,2025,ELC,657.89411
HDP,shungnak,electric,2035,winter,11,SOL,GSOL_01,2030,ELC,882.84234
HDP,shungnak,electric,2035,winter,11,SOL,GSOL_01,2035,ELC,600.61028
HDP,shungnak,electric,2035,winter,11,WND,GWND_01,2030,ELC,5442.1413
HDP,shungnak,electric,2035,winter,11,WND,GWND_01,2035,ELC,5442.1413
HDP,shungnak,electric,2035,winter,12,ELC,ELECT,2030,ELECD,27096.486
HDP,shungnak,electric,2035,winter,12,HYD,GHYD_01,2030,ELC,1011.7784
HDP,shungnak,electric,2035,winter,12,SOL,GSOL_01,2025,ELC,1164.4896
HDP,shungnak,electric,2035,winter,12,SOL,GSOL_01,2030,ELC,1562.6537
HDP,shungnak,electric,2035,winter,12,SOL,GSOL_01,2035,ELC,1063.0957
HDP,shungnak,electric,2035,winter,12,WND,GWND_01,2030,ELC,5662.9659
HDP,shungnak,electric,2035,winter,12,WND,GWND_01,2035,ELC,5662.9659
HDP,shungnak,electric,2035,winter,13,ELC,ELECT,2030,ELECD,26364.149
HDP,shungnak,electric,2035,winter,13,HYD,GHYD_01,2030,ELC,1011.7784
HDP,shungnak,electric,2035,winter,13,SOL,GSOL_01,2025,ELC,1497.6866
HDP,shungnak,electric,2035,winter,13,SOL,GSOL_01,2030,ELC,2009.778
HDP,shungnak,electric,2035,winter,13,SOL,GSOL_01,2035,ELC,1367.2808
HDP,shungnak,electric,2035,winter,13,WND,GWND_01,2030,ELC,5902.0406
HDP,shungnak,electric,2035,winter,13,WND,GWND_01,2035,ELC,5902.0406
HDP,shungnak,electric,2035,winter,14,ELC,ELECT,2030,ELECD,26181.064
HDP,shungnak,electric,2035,winter,14,HYD,GHYD_01,2030,ELC,1011.7784
HDP,shungnak,electric,2035,winter,14,SOL,GSOL_01,2025,ELC,1497.6866
HDP,shungnak,electric,2035,winter,14,SOL,GSOL_01,2030,ELC,2009.778
HDP,shungnak,electric,2035,winter,14,SOL,GSOL_01,2035,ELC,1367.2808
HDP,shungnak,electric,2035,winter,14,WND,GWND_01,2030,ELC,5761.5158
HDP,shungnak,electric,2035,winter,14,WND,GWND_01,2035,ELC,5761.5158
HDP,shungnak,electric,2035,winter,15,ELC,ELECT,2030,ELECD,24899.474
HDP,shungnak,electric,2035,winter,15,HYD,GHYD_01,2030,ELC,1011.7784
HDP,shungnak,electric,2035,winter,15,SOL,GSOL_01,2025,ELC,1106.6901
HDP,shungnak,electric,2035,winter,15,SOL,GSOL_01,2030,ELC,1485.0914
HDP,shungnak,electric,2035,winter,15,SOL,GSOL_01,2035,ELC,1010.3289
HDP,shungnak,electric,2035,winter,15,WND,GWND_01,2030,ELC,5883.7906
HDP,shungnak,electric,2035,winter,15,WND,GWND_01,2035,ELC,5883.7906
HDP,shungnak,electric,2035,winter,16,ELC,ELECT,2035,ELECD,26181.064
HDP,shungnak,electric,2035,winter,16,HYD,GHYD_01,2030,ELC,1011.7784
HDP,shungnak,electric,2035,winter,16,SOL,GSOL_01,2025,ELC,600.09463
HDP,shungnak,electric,2035,winter,16,SOL,GSOL_01,2030,ELC,805.27996
HDP,shungnak,electric,2035,winter,16,SOL,GSOL_01,2035,ELC,547.84348
HDP,shungnak,electric,2035,winter,16,WND,GWND_01,2030,ELC,5798.0157
HDP,shungnak,electric,2035,winter,16,WND,GWND_01,2035,ELC,5798.0157
HDP,shungnak,electric,2035,winter,17,ELC,ELECT,2030,ELECD,28194.993
HDP,shungnak,electric,2035,winter,17,HYD,GHYD_01,2030,ELC,1011.7784
HDP,shungnak,electric,2035,winter,17,SOL,GSOL_01,2025,ELC,156.3986
HDP,shungnak,electric,2035,winter,17,SOL,GSOL_01,2030,ELC,209.87466
HDP,shungnak,electric,2035,winter,17,SOL,GSOL_01,2035,ELC,142.78074
HDP,shungnak,electric,2035,winter,17,WND,GWND_01,2030,ELC,5662.9659
HDP,shungnak,electric,2035,winter,17,WND,GWND_01,2035,ELC,5662.9659
HDP,shungnak,electric,2035,winter,18,ELC,ELECT,2030,ELECD,28378.077
HDP,shungnak,electric,2035,winter,18,HYD,GHYD_01,2030,ELC,1011.7784
HDP,shungnak,electric,2035,winter,18,SOL,GSOL_01,2025,ELC,3.3999696
HDP,shungnak,electric,2035,winter,18,SOL,GSOL_01,2030,ELC,4.5624927
HDP,shungnak,electric,2035,winter,18,SOL,GSOL_01,2035,ELC,3.1039291
HDP,shungnak,electric,2035,winter,18,WND,GWND_01,2030,ELC,5602.741
HDP,shungnak,electric,2035,winter,18,WND,GWND_01,2035,ELC,5602.741
HDP,shungnak,electric,2035,winter,19,ELC,ELECT,2035,ELECD,24716.39
HDP,shungnak,electric,2035,winter,19,HYD,GHYD_01,2030,ELC,1011.7784
HDP,shungnak,electric,2035,winter,19,WND,GWND_01,2030,ELC,5679.3909
HDP,shungnak,electric,2035,winter,19,WND,GWND_01,2035,ELC,5679.3909
HDP,shungnak,electric,2035,winter,2,ELC,ELECT,2030,ELECD,20871.618
HDP,shungnak,electric,2035,winter,2,HYD,GHYD_01,2030,ELC,1011.7784
HDP,shungnak,electric,2035,winter,2,WND,GWND_01,2030,ELC,5422.0663
HDP,shungnak,electric,2035,winter,2,WND,GWND_01,2035,ELC,5422.0663
HDP,shungnak,electric,2035,winter,20,ELC,ELECT,2030,ELECD,24899.474
HDP,shungnak,electric,2035,winter,20,HYD,GHYD_01,2030,ELC,1011.7784
HDP,shungnak,electric,2035,winter,20,WND,GWND_01,2030,ELC,5739.6158
HDP,shungnak,electric,2035,winter,20,WND,GWND_01,2035,ELC,5739.6158
HDP,shungnak,electric,2035,winter,21,ELC,ELECT,2030,ELECD,23617.883
HDP,shungnak,electric,2035,winter,21,HYD,GHYD_01,2030,ELC,1011.7784
HDP,shungnak,electric,2035,winter,21,WND,GWND_01,2030,ELC,6015.1904
HDP,shungnak,electric,2035,winter,21,WND,GWND_01,2035,ELC,6015.1904
HDP,shungnak,electric,2035,winter,22,ELC,ELECT,2030,ELECD,22702.462
HDP,shungnak,electric,2035,winter,22,HYD,GHYD_01,2030,ELC,1011.7784
HDP,shungnak,electric,2035,winter,22,WND,GWND_01,2030,ELC,6048.0403
HDP,shungnak,electric,2035,winter,22,WND,GWND_01,2035,ELC,6048.0403
HDP,shungnak,electric,2035,winter,23,ELC,ELECT,2035,ELECD,20505.449
HDP,shungnak,electric,2035,winter,23,HYD,GHYD_01,2030,ELC,1011.7784
HDP,shungnak,electric,2035,winter,23,WND,GWND_01,2030,ELC,5719.5408
HDP,shungnak,electric,2035,winter,23,WND,GWND_01,2035,ELC,5719.5408
HDP,shungnak,electric,2035,winter,3,ELC,ELECT,2030,ELECD,19773.112
HDP,shungnak,electric,2035,winter,3,HYD,GHYD_01,2030,ELC,1011.7784
HDP,shungnak,electric,2035,winter,3,WND,GWND_01,2030,ELC,5141.0168
HDP,shungnak,electric,2035,winter,3,WND,GWND_01,2035,ELC,5141.0168
HDP,shungnak,electric,2035,winter,4,ELC,ELECT,2035,ELECD,19040.774
HDP,shungnak,electric,2035,winter,4,HYD,GHYD_01,2030,ELC,1011.7784
HDP,shungnak,electric,2035,winter,4,WND,GWND_01,2030,ELC,5040.6419
HDP,shungnak,electric,2035,winter,4,WND,GWND_01,2035,ELC,5040.6419
HDP,shungnak,electric,2035,winter,5,ELC,ELECT,2030,ELECD,19223.859
HDP,shungnak,electric,2035,winter,5,HYD,GHYD_01,2030,ELC,1011.7784
HDP,shungnak,electric,2035,winter,5,WND,GWND_01,2030,ELC,5153.7918
HDP,shungnak,electric,2035,winter,5,WND,GWND_01,2035,ELC,5153.7918
HDP,shungnak,electric,2035,winter,6,ELC,ELECT,2030,ELECD,19590.027
HDP,shungnak,electric,2035,winter,6,HYD,GHYD_01,2030,ELC,1011.7784
HDP,shungnak,electric,2035,winter,6,WND,GWND_01,2030,ELC,5193.9417
HDP,shungnak,electric,2035,winter,6,WND,GWND_01,2035,ELC,5193.9417
HDP,shungnak,electric,2035,winter,7,ELC,ELECT,2030,ELECD,19223.859
HDP,shungnak,electric,2035,winter,7,HYD,GHYD_01,2030,ELC,1011.7784
HDP,shungnak,electric,2035,winter,7,WND,GWND_01,2030,ELC,5254.1666
HDP,shungnak,electric,2035,winter,7,WND,GWND_01,2035,ELC,5254.1666
HDP,shungnak,electric,2035,winter,8,ELC,ELECT,2030,ELECD,21054.702
HDP,shungnak,electric,2035,winter,8,HYD,GHYD_01,2030,ELC,1011.7784
HDP,shungnak,electric,2035,winter,8,WND,GWND_01,2030,ELC,5343.5915
HDP,shungnak,electric,2035,winter,8,WND,GWND_01,2035,ELC,5343.5915
HDP,shungnak,electric,2035,winter,9,ELC,ELECT,2030,ELECD,24899.474
HDP,shungnak,electric,2035,winter,9,HYD,GHYD_01,2030,ELC,1011.7784
HDP,shungnak,electric,2035,winter,9,WND,GWND_01,2030,ELC,5706.7659
HDP,shungnak,electric,2035,winter,9,WND,GWND_01,2035,ELC,5706.7659
HDP,shungnak,electric,2040,fall,0,ELC,EBATT_01,2035,ELC,2232.4169
HDP,shungnak,electric,2040,fall,0,ELC,ELECT,2040,ELECD,16163.575
HDP,shungnak,electric,2040,fall,0,HYD,GHYD_01,2030,ELC,6057.5303
HDP,shungnak,electric,2040,fall,0,WND,GWND_01,2030,ELC,5398.3414
HDP,shungnak,electric,2040,fall,0,WND,GWND_01,2035,ELC,5398.3414
HDP,shungnak,electric,2040,fall,0,WND,GWND_01,2040,ELC,1541.7788
HDP,shungnak,electric,2040,fall,1,ELC,EBATT_01,2030,ELC,2131.2127
HDP,shungnak,electric,2040,fall,1,ELC,ELECT,2035,ELECD,16548.422
HDP,shungnak,electric,2040,fall,1,HYD,GHYD_01,2030,ELC,6057.5303
HDP,shungnak,electric,2040,fall,1,WND,GWND_01,2030,ELC,5522.4412
HDP,shungnak,electric,2040,fall,1,WND,GWND_01,2035,ELC,5522.4412
HDP,shungnak,electric,2040,fall,1,WND,GWND_01,2040,ELC,1577.2219
HDP,shungnak,electric,2040,fall,10,ELC,ELECT,2035,ELECD,23860.515
HDP,shungnak,electric,2040,fall,10,HYD,GHYD_01,2030,ELC,6057.5303
HDP,shungnak,electric,2040,fall,10,SOL,GSOL_01,2025,ELC,1337.888
HDP,shungnak,electric,2040,fall,10,SOL,GSOL_01,2030,ELC,1795.3409
HDP,shungnak,electric,2040,fall,10,SOL,GSOL_01,2035,ELC,1221.3961
HDP,shungnak,electric,2040,fall,10,WND,GWND_01,2030,ELC,5239.5666
HDP,shungnak,electric,2040,fall,10,WND,GWND_01,2035,ELC,5239.5666
HDP,shungnak,electric,2040,fall,10,WND,GWND_01,2040,ELC,1496.4323
HDP,shungnak,electric,2040,fall,11,ELC,EBATT_01,2030,ELC,218.48318
HDP,shungnak,electric,2040,fall,11,ELC,ELECT,2040,ELECD,25592.327
HDP,shungnak,electric,2040,fall,11,HYD,GHYD_01,2030,ELC,6057.5303
HDP,shungnak,electric,2040,fall,11,SOL,GSOL_01,2025,ELC,2424.1783
HDP,shungnak,electric,2040,fall,11,SOL,GSOL_01,2030,ELC,3253.0573
HDP,shungnak,electric,2040,fall,11,SOL,GSOL_01,2035,ELC,2213.1014
HDP,shungnak,electric,2040,fall,11,WND,GWND_01,2030,ELC,5190.2917
HDP,shungnak,electric,2040,fall,11,WND,GWND_01,2035,ELC,5190.2917
HDP,shungnak,electric,2040,fall,11,WND,GWND_01,2040,ELC,1482.3593
HDP,shungnak,electric,2040,fall,12,ELC,EBATT_01,2035,ELC,4053.3739
HDP,shungnak,electric,2040,fall,12,ELC,ELECT,2040,ELECD,23668.092
HDP,shungnak,electric,2040,fall,12,HYD,GHYD_01,2030,ELC,6057.5303
HDP,shungnak,electric,2040,fall,12,SOL,GSOL_01,2025,ELC,2991.9732
HDP,shungnak,electric,2040,fall,12,SOL,GSOL_01,2030,ELC,4014.9936
HDP,shungnak,electric,2040,fall,12,SOL,GSOL_01,2035,ELC,2731.4576
HDP,shungnak,electric,2040,fall,12,WND,GWND_01,2030,ELC,5217.6667
HDP,shungnak,electric,2040,fall,12,WND,GWND_01,2035,ELC,5217.6667
HDP,shungnak,electric,2040,fall,12,WND,GWND_01,2040,ELC,1490.1776
HDP,shungnak,electric,2040,fall,13,ELC,EBATT_01,2030,ELC,5158.4336
HDP,shungnak,electric,2040,fall,13,ELC,ELECT,2040,ELECD,23475.668
HDP,shungnak,electric,2040,fall,13,HYD,GHYD_01,2030,ELC,6057.5303
HDP,shungnak,electric,2040,fall,13,SOL,GSOL_01,2025,ELC,3292.8705
HDP,shungnak,electric,2040,fall,13,SOL,GSOL_01,2030,ELC,4418.7742
HDP,shungnak,electric,2040,fall,13,SOL,GSOL_01,2035,ELC,3006.1553
HDP,shungnak,electric,2040,fall,13,WND,GWND_01,2030,ELC,5188.4667
HDP,shungnak,electric,2040,fall,13,WND,GWND_01,2035,ELC,5188.4667
HDP,shungnak,electric,2040,fall,13,WND,GWND_01,2040,ELC,1481.8381
HDP,shungnak,electric,2040,fall,14,ELC,EBATT_01,2035,ELC,3953.8319
HDP,shungnak,electric,2040,fall,14,ELC,ELECT,2030,ELECD,24245.362
HDP,shungnak,electric,2040,fall,14,HYD,GHYD_01,2030,ELC,6057.5303
HDP,shungnak,electric,2040,fall,14,SOL,GSOL_01,2025,ELC,3109.2722
HDP,shungnak,electric,2040,fall,14,SOL,GSOL_01,2030,ELC,4172.3996
HDP,shungnak,electric,2040,fall,14,SOL,GSOL_01,2035,ELC,2838.5431
HDP,shungnak,electric,2040,fall,14,WND,GWND_01,2030,ELC,5259.6416
HDP,shungnak,electric,2040,fall,14,WND,GWND_01,2035,ELC,5259.6416
HDP,shungnak,electric,2040,fall,14,WND,GWND_01,2040,ELC,1502.1658
HDP,shungnak,electric,2040,fall,15,ELC,EBATT_01,2035,ELC,5846.2722
HDP,shungnak,electric,2040,fall,15,ELC,ELECT,2040,ELECD,20396.892
HDP,shungnak,electric,2040,fall,15,HYD,GHYD_01,2030,ELC,6057.5303
HDP,shungnak,electric,2040,fall,15,SOL,GSOL_01,2025,ELC,2594.1768
HDP,shungnak,electric,2040,fall,15,SOL,GSOL_01,2030,ELC,3481.1819
HDP,shungnak,electric,2040,fall,15,SOL,GSOL_01,2035,ELC,2368.2979
HDP,shungnak,electric,2040,fall,15,WND,GWND_01,2030,ELC,5137.3668
HDP,shungnak,electric,2040,fall,15,WND,GWND_01,2035,ELC,5137.3668
HDP,shungnak,electric,2040,fall,15,WND,GWND_01,2040,ELC,1467.2438
HDP,shungnak,electric,2040,fall,16,ELC,EBATT_01,2030,ELC,612.75214
HDP,shungnak,electric,2040,fall,16,ELC,ELECT,2035,ELECD,23668.092
HDP,shungnak,electric,2040,fall,16,HYD,GHYD_01,2030,ELC,6057.5303
HDP,shungnak,electric,2040,fall,16,SOL,GSOL_01,2025,ELC,1790.084
HDP,shungnak,electric,2040,fall,16,SOL,GSOL_01,2030,ELC,2402.1524
HDP,shungnak,electric,2040,fall,16,SOL,GSOL_01,2035,ELC,1634.2187
HDP,shungnak,electric,2040,fall,16,WND,GWND_01,2030,ELC,5423.8913
HDP,shungnak,electric,2040,fall,16,WND,GWND_01,2035,ELC,5423.8913
HDP,shungnak,electric,2040,fall,16,WND,GWND_01,2040,ELC,1549.0759
HDP,shungnak,electric,2040,fall,17,ELC,ELECT,2035,ELECD,23475.668
HDP,shungnak,electric,2040,fall,17,HYD,GHYD_01,2030,ELC,6057.5303
HDP,shungnak,electric,2040,fall,17,SOL,GSOL_01,2025,ELC,904.3919
HDP,shungnak,electric,2040,fall,17,SOL,GSOL_01,2030,ELC,1213.6231
HDP,shungnak,electric,2040,fall,17,SOL,GSOL_01,2035,ELC,825.64514
HDP,shungnak,electric,2040,fall,17,WND,GWND_01,2030,ELC,5471.3412
HDP,shungnak,electric,2040,fall,17,WND,GWND_01,2035,ELC,5471.3412
HDP,shungnak,electric,2040,fall,17,WND,GWND_01,2040,ELC,1562.6277
HDP,shungnak,electric,2040,fall,18,ELC,ELECT,2030,ELECD,22128.704
HDP,shungnak,electric,2040,fall,18,HYD,GHYD_01,2030,ELC,6057.5303
HDP,shungnak,electric,2040,fall,18,SOL,GSOL_01,2025,ELC,317.89715
HDP,shungnak,electric,2040,fall,18,SOL,GSOL_01,2030,ELC,426.59307
HDP,shungnak,electric,2040,fall,18,SOL,GSOL_01,2035,ELC,290.21737
HDP,shungnak,electric,2040,fall,18,WND,GWND_01,2030,ELC,5206.7167
HDP,shungnak,electric,2040,fall,18,WND,GWND_01,2035,ELC,5206.7167
HDP,shungnak,electric,2040,fall,18,WND,GWND_01,2040,ELC,1487.0503
HDP,shungnak,electric,2040,fall,19,ELC,EBATT_01,2040,ELC,756.77487
HDP,shungnak,electric,2040,fall,19,ELC,ELECT,2035,ELECD,17318.116
HDP,shungnak,electric,2040,fall,19,HYD,GHYD_01,2030,ELC,6057.5303
HDP,shungnak,electric,2040,fall,19,SOL,GSOL_01,2025,ELC,78.1993
HDP,shungnak,electric,2040,fall,19,SOL,GSOL_01,2030,ELC,104.93733
HDP,shungnak,electric,2040,fall,19,SOL,GSOL_01,2035,ELC,71.390369
HDP,shungnak,electric,2040,fall,19,WND,GWND_01,2030,ELC,5146.4918
HDP,shungnak,electric,2040,fall,19,WND,GWND_01,2035,ELC,5146.4918
HDP,shungnak,electric,2040,fall,19,WND,GWND_01,2040,ELC,1469.8499
HDP,shungnak,electric,2040,fall,2,ELC,EBATT_01,2040,ELC,2796.0788
HDP,shungnak,electric,2040,fall,2,ELC,ELECT,2030,ELECD,15971.151
HDP,shungnak,electric,2040,fall,2,HYD,GHYD_01,2030,ELC,6057.5303
HDP,shungnak,electric,2040,fall,2,WND,GWND_01,2030,ELC,5560.7661
HDP,shungnak,electric,2040,fall,2,WND,GWND_01,2035,ELC,5560.7661
HDP,shungnak,electric,2040,fall,2,WND,GWND_01,2040,ELC,1588.1676
HDP,shungnak,electric,2040,fall,20,ELC,ELECT,2040,ELECD,22128.704
HDP,shungnak,electric,2040,fall,20,HYD,GHYD_01,2030,ELC,6057.5303
HDP,shungnak,electric,2040,fall,20,SOL,GSOL_01,2025,ELC,5.0999543
HDP,shungnak,electric,2040,fall,20,SOL,GSOL_01,2030,ELC,6.843739
HDP,shungnak,electric,2040,fall,20,SOL,GSOL_01,2035,ELC,4.6558936
HDP,shungnak,electric,2040,fall,20,WND,GWND_01,2030,ELC,5210.3667
HDP,shungnak,electric,2040,fall,20,WND,GWND_01,2035,ELC,5210.3667
HDP,shungnak,electric,2040,fall,20,WND,GWND_01,2040,ELC,1488.0927
HDP,shungnak,electric,2040,fall,21,ELC,ELECT,2035,ELECD,21166.586
HDP,shungnak,electric,2040,fall,21,HYD,GHYD_01,2030,ELC,6057.5303
HDP,shungnak,electric,2040,fall,21,WND,GWND_01,2030,ELC,4982.242
HDP,shungnak,electric,2040,fall,21,WND,GWND_01,2035,ELC,4982.242
HDP,shungnak,electric,2040,fall,21,WND,GWND_01,2040,ELC,1422.9398
HDP,shungnak,electric,2040,fall,22,ELC,ELECT,2030,ELECD,19627.198
HDP,shungnak,electric,2040,fall,22,HYD,GHYD_01,2030,ELC,6057.5303
HDP,shungnak,electric,2040,fall,22,WND,GWND_01,2030,ELC,5305.2665
HDP,shungnak,electric,2040,fall,22,WND,GWND_01,2035,ELC,5305.2665
HDP,shungnak,electric,2040,fall,22,WND,GWND_01,2040,ELC,1515.1964
HDP,shungnak,electric,2040,fall,23,ELC,ELECT,2030,ELECD,18280.233
HDP,shungnak,electric,2040,fall,23,HYD,GHYD_01,2030,ELC,6057.5303
HDP,shungnak,electric,2040,fall,23,WND,GWND_01,2030,ELC,5203.0667
HDP,shungnak,electric,2040,fall,23,WND,GWND_01,2035,ELC,5203.0667
HDP,shungnak,electric,2040,fall,23,WND,GWND_01,2040,ELC,1486.0079
HDP,shungnak,electric,2040,fall,3,ELC,EBATT_01,2035,ELC,2817.4824
HDP,shungnak,electric,2040,fall,3,ELC,ELECT,2040,ELECD,15778.728
HDP,shungnak,electric,2040,fall,3,HYD,GHYD_01,2030,ELC,6057.5303
HDP,shungnak,electric,2040,fall,3,WND,GWND_01,2030,ELC,5485.9412
HDP,shungnak,electric,2040,fall,3,WND,GWND_01,2035,ELC,5485.9412
HDP,shungnak,electric,2040,fall,3,WND,GWND_01,2040,ELC,1566.7975
HDP,shungnak,electric,2040,fall,4,ELC,EBATT_01,2040,ELC,2847.7759
HDP,shungnak,electric,2040,fall,4,ELC,ELECT,2030,ELECD,15393.881
HDP,shungnak,electric,2040,fall,4,HYD,GHYD_01,2030,ELC,6057.5303
HDP,shungnak,electric,2040,fall,4,WND,GWND_01,2030,ELC,5330.8165
HDP,shungnak,electric,2040,fall,4,WND,GWND_01,2035,ELC,5330.8165
HDP,shungnak,electric,2040,fall,4,WND,GWND_01,2040,ELC,1522.4935
HDP,shungnak,electric,2040,fall,5,ELC,EBATT_01,2035,ELC,2888.3931
HDP,shungnak,electric,2040,fall,5,ELC,ELECT,2035,ELECD,15778.728
HDP,shungnak,electric,2040,fall,5,HYD,GHYD_01,2030,ELC,6057.5303
HDP,shungnak,electric,2040,fall,5,WND,GWND_01,2030,ELC,5516.9662
HDP,shungnak,electric,2040,fall,5,WND,GWND_01,2035,ELC,5516.9662
HDP,shungnak,electric,2040,fall,5,WND,GWND_01,2040,ELC,1575.6583
HDP,shungnak,electric,2040,fall,6,ELC,EBATT_01,2035,ELC,1508.6063
HDP,shungnak,electric,2040,fall,6,ELC,ELECT,2040,ELECD,16933.269
HDP,shungnak,electric,2040,fall,6,HYD,GHYD_01,2030,ELC,6057.5303
HDP,shungnak,electric,2040,fall,6,WND,GWND_01,2030,ELC,5418.4163
HDP,shungnak,electric,2040,fall,6,WND,GWND_01,2035,ELC,5418.4163
HDP,shungnak,electric,2040,fall,6,WND,GWND_01,2040,ELC,1547.5122
HDP,shungnak,electric,2040,fall,7,ELC,EBATT_01,2030,ELC,31.274783
HDP,shungnak,electric,2040,fall,7,ELC,ELECT,2040,ELECD,18472.657
HDP,shungnak,electric,2040,fall,7,HYD,GHYD_01,2030,ELC,6057.5303
HDP,shungnak,electric,2040,fall,7,SOL,GSOL_01,2025,ELC,30.599726
HDP,shungnak,electric,2040,fall,7,SOL,GSOL_01,2030,ELC,41.062434
HDP,shungnak,electric,2040,fall,7,SOL,GSOL_01,2035,ELC,27.935362
HDP,shungnak,electric,2040,fall,7,WND,GWND_01,2030,ELC,5401.9914
HDP,shungnak,electric,2040,fall,7,WND,GWND_01,2035,ELC,5401.9914
HDP,shungnak,electric,2040,fall,7,WND,GWND_01,2040,ELC,1542.8212
HDP,shungnak,electric,2040,fall,8,ELC,ELECT,2030,ELECD,23668.092
HDP,shungnak,electric,2040,fall,8,HYD,GHYD_01,2030,ELC,6057.5303
HDP,shungnak,electric,2040,fall,8,SOL,GSOL_01,2025,ELC,295.79735
HDP,shungnak,electric,2040,fall,8,SOL,GSOL_01,2030,ELC,396.93686
HDP,shungnak,electric,2040,fall,8,SOL,GSOL_01,2035,ELC,270.04183
HDP,shungnak,electric,2040,fall,8,WND,GWND_01,2030,ELC,5518.7912
HDP,shungnak,electric,2040,fall,8,WND,GWND_01,2035,ELC,5518.7912
HDP,shungnak,electric,2040,fall,8,WND,GWND_01,2040,ELC,1576.1795
HDP,shungnak,electric,2040,fall,9,ELC,ELECT,2040,ELECD,23668.092
HDP,shungnak,electric,2040,fall,9,HYD,GHYD_01,2030,ELC,6057.5303
HDP,shungnak,electric,2040,fall,9,SOL,GSOL_01,2025,ELC,630.69435
HDP,shungnak,electric,2040,fall,9,SOL,GSOL_01,2030,ELC,846.3424
HDP,shungnak,electric,2040,fall,9,SOL,GSOL_01,2035,ELC,575.77884
HDP,shungnak,electric,2040,fall,9,WND,GWND_01,2030,ELC,5310.7415
HDP,shungnak,electric,2040,fall,9,WND,GWND_01,2035,ELC,5310.7415
HDP,shungnak,electric,2040,fall,9,WND,GWND_01,2040,ELC,1516.76
HDP,shungnak,electric,2040,spring,0,ELC,ELECT,2030,ELECD,17510.539
HDP,shungnak,electric,2040,spring,0,HYD,GHYD_01,2030,ELC,4270.4932
HDP,shungnak,electric,2040,spring,0,WND,GWND_01,2030,ELC,5044.2919
HDP,shungnak,electric,2040,spring,0,WND,GWND_01,2035,ELC,5044.2919
HDP,shungnak,electric,2040,spring,0,WND,GWND_01,2040,ELC,1440.6614
HDP,shungnak,electric,2040,spring,1,ELC,ELECT,2030,ELECD,17510.539
HDP,shungnak,electric,2040,spring,1,HYD,GHYD_01,2030,ELC,4270.4932
HDP,shungnak,electric,2040,spring,1,WND,GWND_01,2030,ELC,5026.042
HDP,shungnak,electric,2040,spring,1,WND,GWND_01,2035,ELC,5026.042
HDP,shungnak,electric,2040,spring,1,WND,GWND_01,2040,ELC,1435.4492
HDP,shungnak,electric,2040,spring,10,ELC,ELECT,2035,ELECD,25592.327
HDP,shungnak,electric,2040,spring,10,HYD,GHYD_01,2030,ELC,21.477829
HDP,shungnak,electric,2040,spring,10,SOL,GSOL_01,2025,ELC,6034.946
HDP,shungnak,electric,2040,spring,10,SOL,GSOL_01,2030,ELC,8098.4245
HDP,shungnak,electric,2040,spring,10,WND,GWND_01,2030,ELC,5004.142
HDP,shungnak,electric,2040,spring,10,WND,GWND_01,2035,ELC,5004.142
HDP,shungnak,electric,2040,spring,10,WND,GWND_01,2040,ELC,1429.1945
HDP,shungnak,electric,2040,spring,11,ELC,EBATT_01,2040,ELC,10506.241
HDP,shungnak,electric,2040,spring,11,ELC,ELECT,2040,ELECD,26169.597
HDP,shungnak,electric,2040,spring,11,HYD,GHYD_01,2030,ELC,1429.45
HDP,shungnak,electric,2040,spring,11,SOL,GSOL_01,2025,ELC,7507.1328
HDP,shungnak,electric,2040,spring,11,SOL,GSOL_01,2030,ELC,10073.984
HDP,shungnak,electric,2040,spring,11,SOL,GSOL_01,2035,ELC,6853.4754
HDP,shungnak,electric,2040,spring,11,WND,GWND_01,2030,ELC,4730.3924
HDP,shungnak,electric,2040,spring,11,WND,GWND_01,2035,ELC,4730.3924
HDP,shungnak,electric,2040,spring,11,WND,GWND_01,2040,ELC,1351.011
HDP,shungnak,electric,2040,spring,12,ELC,EBATT_01,2030,ELC,16314.958
HDP,shungnak,electric,2040,spring,12,ELC,ELECT,2040,ELECD,24822.633
HDP,shungnak,electric,2040,spring,12,HYD,GHYD_01,2030,ELC,4270.4932
HDP,shungnak,electric,2040,spring,12,SOL,GSOL_01,2025,ELC,8202.4266
HDP,shungnak,electric,2040,spring,12,SOL,GSOL_01,2030,ELC,11007.014
HDP,shungnak,electric,2040,spring,12,SOL,GSOL_01,2035,ELC,7488.2289
HDP,shungnak,electric,2040,spring,12,WND,GWND_01,2030,ELC,4449.3429
HDP,shungnak,electric,2040,spring,12,WND,GWND_01,2035,ELC,4449.3429
HDP,shungnak,electric,2040,spring,12,WND,GWND_01,2040,ELC,1270.7426
HDP,shungnak,electric,2040,spring,13,ELC,EBATT_01,2040,ELC,17388.238
HDP,shungnak,electric,2040,spring,13,ELC,ELECT,2035,ELECD,23860.515
HDP,shungnak,electric,2040,spring,13,HYD,GHYD_01,2030,ELC,4270.4932
HDP,shungnak,electric,2040,spring,13,SOL,GSOL_01,2025,ELC,8622.3228
HDP,shungnak,electric,2040,spring,13,SOL,GSOL_01,2030,ELC,11570.481
HDP,shungnak,electric,2040,spring,13,SOL,GSOL_01,2035,ELC,7871.5641
HDP,shungnak,electric,2040,spring,13,WND,GWND_01,2030,ELC,3900.0188
HDP,shungnak,electric,2040,spring,13,WND,GWND_01,2035,ELC,3900.0188
HDP,shungnak,electric,2040,spring,13,WND,GWND_01,2040,ELC,1113.8544
HDP,shungnak,electric,2040,spring,14,ELC,EBATT_01,2030,ELC,16233.675
HDP,shungnak,electric,2040,spring,14,ELC,ELECT,2030,ELECD,24245.362
HDP,shungnak,electric,2040,spring,14,HYD,GHYD_01,2030,ELC,4270.4932
HDP,shungnak,electric,2040,spring,14,SOL,GSOL_01,2025,ELC,8588.3231
HDP,shungnak,electric,2040,spring,14,SOL,GSOL_01,2030,ELC,11524.857
HDP,shungnak,electric,2040,spring,14,SOL,GSOL_01,2035,ELC,7840.5249
HDP,shungnak,electric,2040,spring,14,WND,GWND_01,2030,ELC,3611.6692
HDP,shungnak,electric,2040,spring,14,WND,GWND_01,2035,ELC,3611.6692
HDP,shungnak,electric,2040,spring,14,WND,GWND_01,2040,ELC,1031.5011
HDP,shungnak,electric,2040,spring,15,ELC,EBATT_01,2035,ELC,14982.872
HDP,shungnak,electric,2040,spring,15,ELC,ELECT,2030,ELECD,24052.939
HDP,shungnak,electric,2040,spring,15,HYD,GHYD_01,2030,ELC,4270.4932
HDP,shungnak,electric,2040,spring,15,SOL,GSOL_01,2025,ELC,8088.5276
HDP,shungnak,electric,2040,spring,15,SOL,GSOL_01,2030,ELC,10854.17
HDP,shungnak,electric,2040,spring,15,SOL,GSOL_01,2035,ELC,7384.2473
HDP,shungnak,electric,2040,spring,15,WND,GWND_01,2030,ELC,3691.9691
HDP,shungnak,electric,2040,spring,15,WND,GWND_01,2035,ELC,3691.9691
HDP,shungnak,electric,2040,spring,15,WND,GWND_01,2040,ELC,1054.4349
HDP,shungnak,electric,2040,spring,16,ELC,EBATT_01,2030,ELC,11044.459
HDP,shungnak,electric,2040,spring,16,ELC,ELECT,2030,ELECD,25207.48
HDP,shungnak,electric,2040,spring,16,HYD,GHYD_01,2030,ELC,4270.4932
HDP,shungnak,electric,2040,spring,16,SOL,GSOL_01,2025,ELC,7024.3371
HDP,shungnak,electric,2040,spring,16,SOL,GSOL_01,2030,ELC,9426.1099
HDP,shungnak,electric,2040,spring,16,SOL,GSOL_01,2035,ELC,6412.7175
HDP,shungnak,electric,2040,spring,16,WND,GWND_01,2030,ELC,3989.4436
HDP,shungnak,electric,2040,spring,16,WND,GWND_01,2035,ELC,3989.4436
HDP,shungnak,electric,2040,spring,16,WND,GWND_01,2040,ELC,1139.3943
HDP,shungnak,electric,2040,spring,17,ELC,EBATT_01,2030,ELC,5343.1409
HDP,shungnak,electric,2040,spring,17,ELC,ELECT,2035,ELECD,25207.48
HDP,shungnak,electric,2040,spring,17,HYD,GHYD_01,2030,ELC,4270.4932
HDP,shungnak,electric,2040,spring,17,SOL,GSOL_01,2025,ELC,5234.2531
HDP,shungnak,electric,2040,spring,17,SOL,GSOL_01,2030,ELC,7023.9575
HDP,shungnak,electric,2040,spring,17,SOL,GSOL_01,2035,ELC,4778.4988
HDP,shungnak,electric,2040,spring,17,WND,GWND_01,2030,ELC,4044.1935
HDP,shungnak,electric,2040,spring,17,WND,GWND_01,2035,ELC,4044.1935
HDP,shungnak,electric,2040,spring,17,WND,GWND_01,2040,ELC,1155.031
HDP,shungnak,electric,2040,spring,18,ELC,EBATT_01,2030,ELC,261.98191
HDP,shungnak,electric,2040,spring,18,ELC,ELECT,2040,ELECD,23860.515
HDP,shungnak,electric,2040,spring,18,HYD,GHYD_01,2030,ELC,4270.4932
HDP,shungnak,electric,2040,spring,18,SOL,GSOL_01,2025,ELC,3172.1716
HDP,shungnak,electric,2040,spring,18,SOL,GSOL_01,2030,ELC,4256.8057
HDP,shungnak,electric,2040,spring,18,SOL,GSOL_01,2035,ELC,2895.9658
HDP,shungnak,electric,2040,spring,18,WND,GWND_01,2030,ELC,4168.2933
HDP,shungnak,electric,2040,spring,18,WND,GWND_01,2035,ELC,4168.2933
HDP,shungnak,electric,2040,spring,18,WND,GWND_01,2040,ELC,1190.4742
HDP,shungnak,electric,2040,spring,19,ELC,ELECT,2035,ELECD,23090.821
HDP,shungnak,electric,2040,spring,19,HYD,GHYD_01,2030,ELC,4270.4932
HDP,shungnak,electric,2040,spring,19,SOL,GSOL_01,2025,ELC,1380.3876
HDP,shungnak,electric,2040,spring,19,SOL,GSOL_01,2030,ELC,1852.372
HDP,shungnak,electric,2040,spring,19,SOL,GSOL_01,2035,ELC,1260.1952
HDP,shungnak,electric,2040,spring,19,WND,GWND_01,2030,ELC,4292.3931
HDP,shungnak,electric,2040,spring,19,WND,GWND_01,2035,ELC,4292.3931
HDP,shungnak,electric,2040,spring,19,WND,GWND_01,2040,ELC,1225.9174
HDP,shungnak,electric,2040,spring,2,ELC,ELECT,2040,ELECD,16740.845
HDP,shungnak,electric,2040,spring,2,HYD,GHYD_01,2030,ELC,4270.4932
HDP,shungnak,electric,2040,spring,2,WND,GWND_01,2030,ELC,4909.2421
HDP,shungnak,electric,2040,spring,2,WND,GWND_01,2035,ELC,4909.2421
HDP,shungnak,electric,2040,spring,2,WND,GWND_01,2040,ELC,1402.0909
HDP,shungnak,electric,2040,spring,20,ELC,ELECT,2030,ELECD,23860.515
HDP,shungnak,electric,2040,spring,20,HYD,GHYD_01,2030,ELC,4270.4932
HDP,shungnak,electric,2040,spring,20,SOL,GSOL_01,2025,ELC,503.19549
HDP,shungnak,electric,2040,spring,20,SOL,GSOL_01,2030,ELC,675.24892
HDP,shungnak,electric,2040,spring,20,SOL,GSOL_01,2035,ELC,459.3815
HDP,shungnak,electric,2040,spring,20,WND,GWND_01,2030,ELC,4547.8927
HDP,shungnak,electric,2040,spring,20,WND,GWND_01,2035,ELC,4547.8927
HDP,shungnak,electric,2040,spring,20,WND,GWND_01,2040,ELC,1298.8887
HDP,shungnak,electric,2040,spring,21,ELC,ELECT,2040,ELECD,22513.551
HDP,shungnak,electric,2040,spring,21,HYD,GHYD_01,2030,ELC,4270.4932
HDP,shungnak,electric,2040,spring,21,SOL,GSOL_01,2025,ELC,219.29804
HDP,shungnak,electric,2040,spring,21,SOL,GSOL_01,2030,ELC,294.28078
HDP,shungnak,electric,2040,spring,21,SOL,GSOL_01,2035,ELC,200.20343
HDP,shungnak,electric,2040,spring,21,WND,GWND_01,2030,ELC,4434.7429
HDP,shungnak,electric,2040,spring,21,WND,GWND_01,2035,ELC,4434.7429
HDP,shungnak,electric,2040,spring,21,WND,GWND_01,2040,ELC,1266.5728
HDP,shungnak,electric,2040,spring,22,ELC,ELECT,2035,ELECD,21936.28
HDP,shungnak,electric,2040,spring,22,HYD,GHYD_01,2030,ELC,4270.4932
HDP,shungnak,electric,2040,spring,22,SOL,GSOL_01,2025,ELC,84.999239
HDP,shungnak,electric,2040,spring,22,SOL,GSOL_01,2030,ELC,114.06232
HDP,shungnak,electric,2040,spring,22,SOL,GSOL_01,2035,ELC,77.598227
HDP,shungnak,electric,2040,spring,22,WND,GWND_01,2030,ELC,4949.3921
HDP,shungnak,electric,2040,spring,22,WND,GWND_01,2035,ELC,4949.3921
HDP,shungnak,electric,2040,spring,22,WND,GWND_01,2040,ELC,1413.5578
HDP,shungnak,electric,2040,spring,23,ELC,ELECT,2030,ELECD,20396.892
HDP,shungnak,electric,2040,spring,23,HYD,GHYD_01,2030,ELC,4270.4932
HDP,shungnak,electric,2040,spring,23,SOL,GSOL_01,2025,ELC,13.599878
HDP,shungnak,electric,2040,spring,23,SOL,GSOL_01,2030,ELC,18.249971
HDP,shungnak,electric,2040,spring,23,SOL,GSOL_01,2035,ELC,12.415716
HDP,shungnak,electric,2040,spring,23,WND,GWND_01,2030,ELC,5049.7669
HDP,shungnak,electric,2040,spring,23,WND,GWND_01,2035,ELC,5049.7669
HDP,shungnak,electric,2040,spring,23,WND,GWND_01,2040,ELC,1442.2251
HDP,shungnak,electric,2040,spring,3,ELC,ELECT,2040,ELECD,16740.845
HDP,shungnak,electric,2040,spring,3,HYD,GHYD_01,2030,ELC,4270.4932
HDP,shungnak,electric,2040,spring,3,WND,GWND_01,2030,ELC,5153.7918
HDP,shungnak,electric,2040,spring,3,WND,GWND_01,2035,ELC,5153.7918
HDP,shungnak,electric,2040,spring,3,WND,GWND_01,2040,ELC,1471.9348
HDP,shungnak,electric,2040,spring,4,ELC,ELECT,2030,ELECD,16933.269
HDP,shungnak,electric,2040,spring,4,HYD,GHYD_01,2030,ELC,4270.4932
HDP,shungnak,electric,2040,spring,4,SOL,GSOL_01,2025,ELC,20.399817
HDP,shungnak,electric,2040,spring,4,SOL,GSOL_01,2030,ELC,27.374956
HDP,shungnak,electric,2040,spring,4,SOL,GSOL_01,2035,ELC,18.623574
HDP,shungnak,electric,2040,spring,4,WND,GWND_01,2030,ELC,5407.4663
HDP,shungnak,electric,2040,spring,4,WND,GWND_01,2035,ELC,5407.4663
HDP,shungnak,electric,2040,spring,4,WND,GWND_01,2040,ELC,1544.3849
HDP,shungnak,electric,2040,spring,5,ELC,ELECT,2040,ELECD,17318.116
HDP,shungnak,electric,2040,spring,5,HYD,GHYD_01,2030,ELC,4270.4932
HDP,shungnak,electric,2040,spring,5,SOL,GSOL_01,2025,ELC,90.099193
HDP,shungnak,electric,2040,spring,5,SOL,GSOL_01,2030,ELC,51.776476
HDP,shungnak,electric,2040,spring,5,WND,GWND_01,2030,ELC,5646.541
HDP,shungnak,electric,2040,spring,5,WND,GWND_01,2035,ELC,5646.541
HDP,shungnak,electric,2040,spring,5,WND,GWND_01,2040,ELC,1612.6651
HDP,shungnak,electric,2040,spring,6,ELC,ELECT,2040,ELECD,17702.963
HDP,shungnak,electric,2040,spring,6,HYD,GHYD_01,2030,ELC,4270.4932
HDP,shungnak,electric,2040,spring,6,SOL,GSOL_01,2025,ELC,302.59729
HDP,shungnak,electric,2040,spring,6,SOL,GSOL_01,2030,ELC,406.06185
HDP,shungnak,electric,2040,spring,6,SOL,GSOL_01,2035,ELC,276.24969
HDP,shungnak,electric,2040,spring,6,WND,GWND_01,2030,ELC,5701.2909
HDP,shungnak,electric,2040,spring,6,WND,GWND_01,2035,ELC,5701.2909
HDP,shungnak,electric,2040,spring,6,WND,GWND_01,2040,ELC,1044.9792
HDP,shungnak,electric,2040,spring,7,ELC,ELECT,2040,ELECD,19434.775
HDP,shungnak,electric,2040,spring,7,HYD,GHYD_01,2030,ELC,4270.4932
HDP,shungnak,electric,2040,spring,7,SOL,GSOL_01,2025,ELC,972.39129
HDP,shungnak,electric,2040,spring,7,SOL,GSOL_01,2030,ELC,1304.8729
HDP,shungnak,electric,2040,spring,7,SOL,GSOL_01,2035,ELC,887.72372
HDP,shungnak,electric,2040,spring,7,WND,GWND_01,2030,ELC,4967.6707
HDP,shungnak,electric,2040,spring,7,WND,GWND_01,2035,ELC,5469.5162
HDP,shungnak,electric,2040,spring,7,WND,GWND_01,2040,ELC,1562.1065
HDP,shungnak,electric,2040,spring,8,ELC,ELECT,2040,ELECD,23090.821
HDP,shungnak,electric,2040,spring,8,HYD,GHYD_01,2030,ELC,4270.4932
HDP,shungnak,electric,2040,spring,8,SOL,GSOL_01,2025,ELC,2264.3797
HDP,shungnak,electric,2040,spring,8,SOL,GSOL_01,2030,ELC,3038.6201
HDP,shungnak,electric,2040,spring,8,SOL,GSOL_01,2035,ELC,2067.2168
HDP,shungnak,electric,2040,spring,8,WND,GWND_01,2030,ELC,5695.8159
HDP,shungnak,electric,2040,spring,8,WND,GWND_01,2035,ELC,4127.5573
HDP,shungnak,electric,2040,spring,8,WND,GWND_01,2040,ELC,1626.7382
HDP,shungnak,electric,2040,spring,9,ELC,ELECT,2040,ELECD,23668.092
HDP,shungnak,electric,2040,spring,9,SOL,GSOL_01,2025,ELC,4188.7625
HDP,shungnak,electric,2040,spring,9,SOL,GSOL_01,2030,ELC,5482.7549
HDP,shungnak,electric,2040,spring,9,SOL,GSOL_01,2035,ELC,3824.0406
HDP,shungnak,electric,2040,spring,9,WND,GWND_01,2030,ELC,5086.2669
HDP,shungnak,electric,2040,spring,9,WND,GWND_01,2035,ELC,5086.2669
HDP,shungnak,electric,2040,summer,0,ELC,EBATT_01,2030,ELC,773.20671
HDP,shungnak,electric,2040,summer,0,ELC,ELECT,2040,ELECD,13084.799
HDP,shungnak,electric,2040,summer,0,HYD,GHYD_01,2030,ELC,10853.623
HDP,shungnak,electric,2040,summer,0,SOL,GSOL_01,2025,ELC,16.999848
HDP,shungnak,electric,2040,summer,0,SOL,GSOL_01,2030,ELC,22.812463
HDP,shungnak,electric,2040,summer,0,SOL,GSOL_01,2035,ELC,15.519645
HDP,shungnak,electric,2040,summer,0,WND,GWND_01,2030,ELC,1290.2729
HDP,shungnak,electric,2040,summer,0,WND,GWND_01,2035,ELC,1290.2729
HDP,shungnak,electric,2040,summer,0,WND,GWND_01,2040,ELC,368.50493
HDP,shungnak,electric,2040,summer,1,ELC,EBATT_01,2035,ELC,1255.0756
HDP,shungnak,electric,2040,summer,1,ELC,ELECT,2035,ELECD,11930.258
HDP,shungnak,electric,2040,summer,1,HYD,GHYD_01,2030,ELC,10853.623
HDP,shungnak,electric,2040,summer,1,WND,GWND_01,2030,ELC,1020.1734
HDP,shungnak,electric,2040,summer,1,WND,GWND_01,2035,ELC,1020.1734
HDP,shungnak,electric,2040,summer,1,WND,GWND_01,2040,ELC,291.36387
HDP,shungnak,electric,2040,summer,10,ELC,EBATT_01,2030,ELC,15810.583
HDP,shungnak,electric,2040,summer,10,ELC,ELECT,2030,ELECD,14624.187
HDP,shungnak,electric,2040,summer,10,HYD,GHYD_01,2030,ELC,10853.623
HDP,shungnak,electric,2040,summer,10,SOL,GSOL_01,2025,ELC,5400.8516
HDP,shungnak,electric,2040,summer,10,SOL,GSOL_01,2030,ELC,7247.5197
HDP,shungnak,electric,2040,summer,10,SOL,GSOL_01,2035,ELC,4930.5913
HDP,shungnak,electric,2040,summer,10,WND,GWND_01,2030,ELC,875.9986
HDP,shungnak,electric,2040,summer,10,WND,GWND_01,2035,ELC,875.9986
HDP,shungnak,electric,2040,summer,10,WND,GWND_01,2040,ELC,250.18722
HDP,shungnak,electric,2040,summer,11,ELC,EBATT_01,2035,ELC,18575.569
HDP,shungnak,electric,2040,summer,11,ELC,ELECT,2030,ELECD,15009.034
HDP,shungnak,electric,2040,summer,11,HYD,GHYD_01,2030,ELC,10853.623
HDP,shungnak,electric,2040,summer,11,SOL,GSOL_01,2025,ELC,6448.0423
HDP,shungnak,electric,2040,summer,11,SOL,GSOL_01,2030,ELC,8652.7674
HDP,shungnak,electric,2040,summer,11,SOL,GSOL_01,2035,ELC,5886.6015
HDP,shungnak,electric,2040,summer,11,WND,GWND_01,2030,ELC,762.84878
HDP,shungnak,electric,2040,summer,11,WND,GWND_01,2035,ELC,762.84878
HDP,shungnak,electric,2040,summer,11,WND,GWND_01,2040,ELC,217.87137
HDP,shungnak,electric,2040,summer,12,ELC,EBATT_01,2040,ELC,21447.46
HDP,shungnak,electric,2040,summer,12,ELC,ELECT,2035,ELECD,14624.187
HDP,shungnak,electric,2040,summer,12,HYD,GHYD_01,2030,ELC,10853.623
HDP,shungnak,electric,2040,summer,12,SOL,GSOL_01,2025,ELC,7219.8354
HDP,shungnak,electric,2040,summer,12,SOL,GSOL_01,2030,ELC,9688.4532
HDP,shungnak,electric,2040,summer,12,SOL,GSOL_01,2035,ELC,6591.1934
HDP,shungnak,electric,2040,summer,12,WND,GWND_01,2030,ELC,751.8988
HDP,shungnak,electric,2040,summer,12,WND,GWND_01,2035,ELC,751.8988
HDP,shungnak,electric,2040,summer,12,WND,GWND_01,2040,ELC,214.74403
HDP,shungnak,electric,2040,summer,13,ELC,EBATT_01,2035,ELC,22961.467
HDP,shungnak,electric,2040,summer,13,ELC,ELECT,2040,ELECD,14431.763
HDP,shungnak,electric,2040,summer,13,HYD,GHYD_01,2030,ELC,10853.623
HDP,shungnak,electric,2040,summer,13,SOL,GSOL_01,2025,ELC,7593.832
HDP,shungnak,electric,2040,summer,13,SOL,GSOL_01,2030,ELC,10190.327
HDP,shungnak,electric,2040,summer,13,SOL,GSOL_01,2035,ELC,6932.6256
HDP,shungnak,electric,2040,summer,13,WND,GWND_01,2030,ELC,797.52372
HDP,shungnak,electric,2040,summer,13,WND,GWND_01,2035,ELC,797.52372
HDP,shungnak,electric,2040,summer,13,WND,GWND_01,2040,ELC,227.77462
HDP,shungnak,electric,2040,summer,14,ELC,EBATT_01,2030,ELC,18796.975
HDP,shungnak,electric,2040,summer,14,ELC,EBATT_01,2035,ELC,5197.3668
HDP,shungnak,electric,2040,summer,14,ELC,ELECT,2035,ELECD,14239.34
HDP,shungnak,electric,2040,summer,14,HYD,GHYD_01,2030,ELC,10853.623
HDP,shungnak,electric,2040,summer,14,SOL,GSOL_01,2025,ELC,7804.6301
HDP,shungnak,electric,2040,summer,14,SOL,GSOL_01,2030,ELC,10473.202
HDP,shungnak,electric,2040,summer,14,SOL,GSOL_01,2035,ELC,7125.0692
HDP,shungnak,electric,2040,summer,14,WND,GWND_01,2030,ELC,865.04862
HDP,shungnak,electric,2040,summer,14,WND,GWND_01,2035,ELC,865.04862
HDP,shungnak,electric,2040,summer,14,WND,GWND_01,2040,ELC,247.05988
HDP,shungnak,electric,2040,summer,15,ELC,EBATT_01,2040,ELC,20674.221
HDP,shungnak,electric,2040,summer,15,ELC,ELECT,2030,ELECD,14816.61
HDP,shungnak,electric,2040,summer,15,HYD,GHYD_01,2030,ELC,10853.623
HDP,shungnak,electric,2040,summer,15,SOL,GSOL_01,2025,ELC,7031.1371
HDP,shungnak,electric,2040,summer,15,SOL,GSOL_01,2030,ELC,9435.2349
HDP,shungnak,electric,2040,summer,15,SOL,GSOL_01,2035,ELC,6418.9253
HDP,shungnak,electric,2040,summer,15,WND,GWND_01,2030,ELC,766.49877
HDP,shungnak,electric,2040,summer,15,WND,GWND_01,2035,ELC,766.49877
HDP,shungnak,electric,2040,summer,15,WND,GWND_01,2040,ELC,218.91382
HDP,shungnak,electric,2040,summer,16,ELC,EBATT_01,2030,ELC,16828.47
HDP,shungnak,electric,2040,summer,16,ELC,ELECT,2030,ELECD,16548.422
HDP,shungnak,electric,2040,summer,16,HYD,GHYD_01,2030,ELC,10853.623
HDP,shungnak,electric,2040,summer,16,SOL,GSOL_01,2025,ELC,6480.342
HDP,shungnak,electric,2040,summer,16,SOL,GSOL_01,2030,ELC,8696.1111
HDP,shungnak,electric,2040,summer,16,SOL,GSOL_01,2035,ELC,5916.0888
HDP,shungnak,electric,2040,summer,16,WND,GWND_01,2030,ELC,625.974
HDP,shungnak,electric,2040,summer,16,WND,GWND_01,2035,ELC,625.974
HDP,shungnak,electric,2040,summer,16,WND,GWND_01,2040,ELC,178.77962
HDP,shungnak,electric,2040,summer,17,ELC,EBATT_01,2035,ELC,13009.724
HDP,shungnak,electric,2040,summer,17,ELC,ELECT,2040,ELECD,16933.269
HDP,shungnak,electric,2040,summer,17,HYD,GHYD_01,2030,ELC,10853.623
HDP,shungnak,electric,2040,summer,17,SOL,GSOL_01,2025,ELC,5375.3519
HDP,shungnak,electric,2040,summer,17,SOL,GSOL_01,2030,ELC,7213.301
HDP,shungnak,electric,2040,summer,17,SOL,GSOL_01,2035,ELC,4907.3119
HDP,shungnak,electric,2040,summer,17,WND,GWND_01,2030,ELC,697.14888
HDP,shungnak,electric,2040,summer,17,WND,GWND_01,2035,ELC,697.14888
HDP,shungnak,electric,2040,summer,17,WND,GWND_01,2040,ELC,199.10733
HDP,shungnak,electric,2040,summer,18,ELC,EBATT_01,2035,ELC,9651.3881
HDP,shungnak,electric,2040,summer,18,ELC,EBATT_01,2040,ELC,592.94076
HDP,shungnak,electric,2040,summer,18,ELC,ELECT,2040,ELECD,15201.457
HDP,shungnak,electric,2040,summer,18,HYD,GHYD_01,2030,ELC,10853.623
HDP,shungnak,electric,2040,summer,18,SOL,GSOL_01,2025,ELC,3833.4657
HDP,shungnak,electric,2040,summer,18,SOL,GSOL_01,2030,ELC,5144.2105
HDP,shungnak,electric,2040,summer,18,SOL,GSOL_01,2035,ELC,3499.68
HDP,shungnak,electric,2040,summer,18,WND,GWND_01,2030,ELC,925.27352
HDP,shungnak,electric,2040,summer,18,WND,GWND_01,2035,ELC,925.27352
HDP,shungnak,electric,2040,summer,18,WND,GWND_01,2040,ELC,264.26025
HDP,shungnak,electric,2040,summer,19,ELC,EBATT_01,2040,ELC,5134.6248
HDP,shungnak,electric,2040,summer,19,ELC,ELECT,2035,ELECD,14816.61
HDP,shungnak,electric,2040,summer,19,HYD,GHYD_01,2030,ELC,10853.623
HDP,shungnak,electric,2040,summer,19,SOL,GSOL_01,2025,ELC,2233.78
HDP,shungnak,electric,2040,summer,19,SOL,GSOL_01,2030,ELC,2997.5577
HDP,shungnak,electric,2040,summer,19,SOL,GSOL_01,2035,ELC,2039.2814
HDP,shungnak,electric,2040,summer,19,WND,GWND_01,2030,ELC,799.34872
HDP,shungnak,electric,2040,summer,19,WND,GWND_01,2035,ELC,799.34872
HDP,shungnak,electric,2040,summer,19,WND,GWND_01,2040,ELC,228.29584
HDP,shungnak,electric,2040,summer,2,ELC,EBATT_01,2035,ELC,1251.4519
HDP,shungnak,electric,2040,summer,2,ELC,ELECT,2035,ELECD,11737.834
HDP,shungnak,electric,2040,summer,2,HYD,GHYD_01,2030,ELC,10853.623
HDP,shungnak,electric,2040,summer,2,WND,GWND_01,2030,ELC,934.3985
HDP,shungnak,electric,2040,summer,2,WND,GWND_01,2035,ELC,934.3985
HDP,shungnak,electric,2040,summer,2,WND,GWND_01,2040,ELC,266.86637
HDP,shungnak,electric,2040,summer,20,ELC,EBATT_01,2040,ELC,2057.5761
HDP,shungnak,electric,2040,summer,20,ELC,ELECT,2035,ELECD,14816.61
HDP,shungnak,electric,2040,summer,20,HYD,GHYD_01,2030,ELC,10853.623
HDP,shungnak,electric,2040,summer,20,SOL,GSOL_01,2025,ELC,1157.6896
HDP,shungnak,electric,2040,summer,20,SOL,GSOL_01,2030,ELC,1553.5288
HDP,shungnak,electric,2040,summer,20,SOL,GSOL_01,2035,ELC,1056.8879
HDP,shungnak,electric,2040,summer,20,WND,GWND_01,2030,ELC,985.49842
HDP,shungnak,electric,2040,summer,20,WND,GWND_01,2035,ELC,985.49842
HDP,shungnak,electric,2040,summer,20,WND,GWND_01,2040,ELC,281.46062
HDP,shungnak,electric,2040,summer,21,ELC,EBATT_01,2040,ELC,2152.0513
HDP,shungnak,electric,2040,summer,21,ELC,ELECT,2035,ELECD,13662.069
HDP,shungnak,electric,2040,summer,21,HYD,GHYD_01,2030,ELC,10853.623
HDP,shungnak,electric,2040,summer,21,SOL,GSOL_01,2025,ELC,526.99528
HDP,shungnak,electric,2040,summer,21,SOL,GSOL_01,2030,ELC,707.18637
HDP,shungnak,electric,2040,summer,21,SOL,GSOL_01,2035,ELC,481.10901
HDP,shungnak,electric,2040,summer,21,WND,GWND_01,2030,ELC,1419.8477
HDP,shungnak,electric,2040,summer,21,WND,GWND_01,2035,ELC,1419.8477
HDP,shungnak,electric,2040,summer,21,WND,GWND_01,2040,ELC,405.51179
HDP,shungnak,electric,2040,summer,22,ELC,EBATT_01,2030,ELC,1392.2151
HDP,shungnak,electric,2040,summer,22,ELC,ELECT,2040,ELECD,13662.069
HDP,shungnak,electric,2040,summer,22,HYD,GHYD_01,2030,ELC,10853.623
HDP,shungnak,electric,2040,summer,22,SOL,GSOL_01,2025,ELC,317.89715
HDP,shungnak,electric,2040,summer,22,SOL,GSOL_01,2030,ELC,426.59307
HDP,shungnak,electric,2040,summer,22,SOL,GSOL_01,2035,ELC,290.21737
HDP,shungnak,electric,2040,summer,22,WND,GWND_01,2030,ELC,1385.1728
HDP,shungnak,electric,2040,summer,22,WND,GWND_01,2035,ELC,1385.1728
HDP,shungnak,electric,2040,summer,22,WND,GWND_01,2040,ELC,395.60854
HDP,shungnak,electric,2040,summer,23,ELC,EBATT_01,2040,ELC,1162.9269
HDP,shungnak,electric,2040,summer,23,ELC,ELECT,2030,ELECD,13469.646
HDP,shungnak,electric,2040,summer,23,HYD,GHYD_01,2030,ELC,10853.623
HDP,shungnak,electric,2040,summer,23,SOL,GSOL_01,2025,ELC,93.499163
HDP,shungnak,electric,2040,summer,23,SOL,GSOL_01,2030,ELC,125.46855
HDP,shungnak,electric,2040,summer,23,SOL,GSOL_01,2035,ELC,85.35805
HDP,shungnak,electric,2040,summer,23,WND,GWND_01,2030,ELC,1520.2226
HDP,shungnak,electric,2040,summer,23,WND,GWND_01,2035,ELC,1520.2226
HDP,shungnak,electric,2040,summer,23,WND,GWND_01,2040,ELC,434.17907
HDP,shungnak,electric,2040,summer,3,ELC,EBATT_01,2030,ELC,2392.0432
HDP,shungnak,electric,2040,summer,3,ELC,ELECT,2030,ELECD,10968.14
HDP,shungnak,electric,2040,summer,3,HYD,GHYD_01,2030,ELC,10853.623
HDP,shungnak,electric,2040,summer,3,SOL,GSOL_01,2025,ELC,20.399817
HDP,shungnak,electric,2040,summer,3,SOL,GSOL_01,2030,ELC,27.374956
HDP,shungnak,electric,2040,summer,3,SOL,GSOL_01,2035,ELC,18.623574
HDP,shungnak,electric,2040,summer,3,WND,GWND_01,2030,ELC,1067.6233
HDP,shungnak,electric,2040,summer,3,WND,GWND_01,2035,ELC,1067.6233
HDP,shungnak,electric,2040,summer,3,WND,GWND_01,2040,ELC,304.91568
HDP,shungnak,electric,2040,summer,4,ELC,EBATT_01,2035,ELC,2998.3502
HDP,shungnak,electric,2040,summer,4,ELC,ELECT,2030,ELECD,10775.717
HDP,shungnak,electric,2040,summer,4,HYD,GHYD_01,2030,ELC,10853.623
HDP,shungnak,electric,2040,summer,4,SOL,GSOL_01,2025,ELC,130.89883
HDP,shungnak,electric,2040,summer,4,SOL,GSOL_01,2030,ELC,175.65597
HDP,shungnak,electric,2040,summer,4,SOL,GSOL_01,2035,ELC,119.50127
HDP,shungnak,electric,2040,summer,4,WND,GWND_01,2030,ELC,1091.3483
HDP,shungnak,electric,2040,summer,4,WND,GWND_01,2035,ELC,1091.3483
HDP,shungnak,electric,2040,summer,4,WND,GWND_01,2040,ELC,311.69158
HDP,shungnak,electric,2040,summer,5,ELC,EBATT_01,2035,ELC,3488.5071
HDP,shungnak,electric,2040,summer,5,ELC,ELECT,2030,ELECD,10775.717
HDP,shungnak,electric,2040,summer,5,HYD,GHYD_01,2030,ELC,10853.623
HDP,shungnak,electric,2040,summer,5,SOL,GSOL_01,2025,ELC,253.29773
HDP,shungnak,electric,2040,summer,5,SOL,GSOL_01,2030,ELC,339.90571
HDP,shungnak,electric,2040,summer,5,SOL,GSOL_01,2035,ELC,231.24272
HDP,shungnak,electric,2040,summer,5,WND,GWND_01,2030,ELC,1131.4982
HDP,shungnak,electric,2040,summer,5,WND,GWND_01,2035,ELC,1131.4982
HDP,shungnak,electric,2040,summer,5,WND,GWND_01,2040,ELC,323.15849
HDP,shungnak,electric,2040,summer,6,ELC,EBATT_01,2040,ELC,3718.9569
HDP,shungnak,electric,2040,summer,6,ELC,ELECT,2035,ELECD,11545.411
HDP,shungnak,electric,2040,summer,6,HYD,GHYD_01,2030,ELC,10853.623
HDP,shungnak,electric,2040,summer,6,SOL,GSOL_01,2025,ELC,642.59425
HDP,shungnak,electric,2040,summer,6,SOL,GSOL_01,2030,ELC,862.31112
HDP,shungnak,electric,2040,summer,6,SOL,GSOL_01,2035,ELC,586.6426
HDP,shungnak,electric,2040,summer,6,WND,GWND_01,2030,ELC,1014.6984
HDP,shungnak,electric,2040,summer,6,WND,GWND_01,2035,ELC,1014.6984
HDP,shungnak,electric,2040,summer,6,WND,GWND_01,2040,ELC,289.8002
HDP,shungnak,electric,2040,summer,7,ELC,EBATT_01,2035,ELC,6050.4331
HDP,shungnak,electric,2040,summer,7,ELC,ELECT,2035,ELECD,11737.834
HDP,shungnak,electric,2040,summer,7,HYD,GHYD_01,2030,ELC,10853.623
HDP,shungnak,electric,2040,summer,7,SOL,GSOL_01,2025,ELC,1538.4862
HDP,shungnak,electric,2040,summer,7,SOL,GSOL_01,2030,ELC,2064.5279
HDP,shungnak,electric,2040,summer,7,SOL,GSOL_01,2035,ELC,1404.5279
HDP,shungnak,electric,2040,summer,7,WND,GWND_01,2030,ELC,843.14865
HDP,shungnak,electric,2040,summer,7,WND,GWND_01,2035,ELC,843.14865
HDP,shungnak,electric,2040,summer,7,WND,GWND_01,2040,ELC,240.8052
HDP,shungnak,electric,2040,summer,8,ELC,EBATT_01,2030,ELC,10522.626
HDP,shungnak,electric,2040,summer,8,ELC,ELECT,2035,ELECD,12122.681
HDP,shungnak,electric,2040,summer,8,HYD,GHYD_01,2030,ELC,10853.623
HDP,shungnak,electric,2040,summer,8,SOL,GSOL_01,2025,ELC,3014.073
HDP,shungnak,electric,2040,summer,8,SOL,GSOL_01,2030,ELC,4044.6498
HDP,shungnak,electric,2040,summer,8,SOL,GSOL_01,2035,ELC,2751.6331
HDP,shungnak,electric,2040,summer,8,WND,GWND_01,2030,ELC,866.87361
HDP,shungnak,electric,2040,summer,8,WND,GWND_01,2035,ELC,866.87361
HDP,shungnak,electric,2040,summer,8,WND,GWND_01,2040,ELC,247.5811
HDP,shungnak,electric,2040,summer,9,ELC,EBATT_01,2040,ELC,13603.686
HDP,shungnak,electric,2040,summer,9,ELC,ELECT,2030,ELECD,12507.528
HDP,shungnak,electric,2040,summer,9,HYD,GHYD_01,2030,ELC,10853.623
HDP,shungnak,electric,2040,summer,9,SOL,GSOL_01,2025,ELC,4117.3631
HDP,shungnak,electric,2040,summer,9,SOL,GSOL_01,2030,ELC,5525.1787
HDP,shungnak,electric,2040,summer,9,SOL,GSOL_01,2035,ELC,3758.8581
HDP,shungnak,electric,2040,summer,9,WND,GWND_01,2030,ELC,812.1237
HDP,shungnak,electric,2040,summer,9,WND,GWND_01,2035,ELC,812.1237
HDP,shungnak,electric,2040,summer,9,WND,GWND_01,2040,ELC,231.9444
HDP,shungnak,electric,2040,winter,0,ELC,ELECT,2035,ELECD,21936.28
HDP,shungnak,electric,2040,winter,0,HYD,GHYD_01,2030,ELC,1011.7784
HDP,shungnak,electric,2040,winter,0,WND,GWND_01,2030,ELC,5513.3162
HDP,shungnak,electric,2040,winter,0,WND,GWND_01,2035,ELC,5513.3162
HDP,shungnak,electric,2040,winter,0,WND,GWND_01,2040,ELC,1574.6158
HDP,shungnak,electric,2040,winter,1,ELC,ELECT,2040,ELECD,21743.857
HDP,shungnak,electric,2040,winter,1,HYD,GHYD_01,2030,ELC,1011.7784
HDP,shungnak,electric,2040,winter,1,WND,GWND_01,2030,ELC,5620.991
HDP,shungnak,electric,2040,winter,1,WND,GWND_01,2035,ELC,5620.991
HDP,shungnak,electric,2040,winter,1,WND,GWND_01,2040,ELC,1605.368
HDP,shungnak,electric,2040,winter,10,ELC,ELECT,2030,ELECD,27901.409
HDP,shungnak,electric,2040,winter,10,HYD,GHYD_01,2030,ELC,1011.7784
HDP,shungnak,electric,2040,winter,10,SOL,GSOL_01,2025,ELC,193.79826
HDP,shungnak,electric,2040,winter,10,SOL,GSOL_01,2030,ELC,260.06208
HDP,shungnak,electric,2040,winter,10,SOL,GSOL_01,2035,ELC,176.92396
HDP,shungnak,electric,2040,winter,10,WND,GWND_01,2030,ELC,5449.4413
HDP,shungnak,electric,2040,winter,10,WND,GWND_01,2035,ELC,5449.4413
HDP,shungnak,electric,2040,winter,10,WND,GWND_01,2040,ELC,1556.373
HDP,shungnak,electric,2040,winter,11,ELC,ELECT,2040,ELECD,28863.526
HDP,shungnak,electric,2040,winter,11,HYD,GHYD_01,2030,ELC,1011.7784
HDP,shungnak,electric,2040,winter,11,SOL,GSOL_01,2025,ELC,657.89411
HDP,shungnak,electric,2040,winter,11,SOL,GSOL_01,2030,ELC,882.84234
HDP,shungnak,electric,2040,winter,11,SOL,GSOL_01,2035,ELC,600.61028
HDP,shungnak,electric,2040,winter,11,WND,GWND_01,2030,ELC,5442.1413
HDP,shungnak,electric,2040,winter,11,WND,GWND_01,2035,ELC,5442.1413
HDP,shungnak,electric,2040,winter,11,WND,GWND_01,2040,ELC,1554.2881
HDP,shungnak,electric,2040,winter,12,ELC,ELECT,2035,ELECD,28478.679
HDP,shungnak,electric,2040,winter,12,HYD,GHYD_01,2030,ELC,1011.7784
HDP,shungnak,electric,2040,winter,12,SOL,GSOL_01,2025,ELC,1164.4896
HDP,shungnak,electric,2040,winter,12,SOL,GSOL_01,2030,ELC,1562.6537
HDP,shungnak,electric,2040,winter,12,SOL,GSOL_01,2035,ELC,1063.0957
HDP,shungnak,electric,2040,winter,12,WND,GWND_01,2030,ELC,5662.9659
HDP,shungnak,electric,2040,winter,12,WND,GWND_01,2035,ELC,5662.9659
HDP,shungnak,electric,2040,winter,12,WND,GWND_01,2040,ELC,1617.3561
HDP,shungnak,electric,2040,winter,13,ELC,ELECT,2030,ELECD,27708.985
HDP,shungnak,electric,2040,winter,13,HYD,GHYD_01,2030,ELC,1011.7784
HDP,shungnak,electric,2040,winter,13,SOL,GSOL_01,2025,ELC,1497.6866
HDP,shungnak,electric,2040,winter,13,SOL,GSOL_01,2030,ELC,2009.778
HDP,shungnak,electric,2040,winter,13,SOL,GSOL_01,2035,ELC,1367.2808
HDP,shungnak,electric,2040,winter,13,WND,GWND_01,2030,ELC,5902.0406
HDP,shungnak,electric,2040,winter,13,WND,GWND_01,2035,ELC,5902.0406
HDP,shungnak,electric,2040,winter,13,WND,GWND_01,2040,ELC,1685.6364
HDP,shungnak,electric,2040,winter,14,ELC,ELECT,2035,ELECD,27516.562
HDP,shungnak,electric,2040,winter,14,HYD,GHYD_01,2030,ELC,1011.7784
HDP,shungnak,electric,2040,winter,14,SOL,GSOL_01,2025,ELC,1497.6866
HDP,shungnak,electric,2040,winter,14,SOL,GSOL_01,2030,ELC,2009.778
HDP,shungnak,electric,2040,winter,14,SOL,GSOL_01,2035,ELC,1367.2808
HDP,shungnak,electric,2040,winter,14,WND,GWND_01,2030,ELC,5761.5158
HDP,shungnak,electric,2040,winter,14,WND,GWND_01,2035,ELC,5761.5158
HDP,shungnak,electric,2040,winter,14,WND,GWND_01,2040,ELC,1645.5022
HDP,shungnak,electric,2040,winter,15,ELC,ELECT,2035,ELECD,26169.597
HDP,shungnak,electric,2040,winter,15,HYD,GHYD_01,2030,ELC,1011.7784
HDP,shungnak,electric,2040,winter,15,SOL,GSOL_01,2025,ELC,1106.6901
HDP,shungnak,electric,2040,winter,15,SOL,GSOL_01,2030,ELC,1485.0914
HDP,shungnak,electric,2040,winter,15,SOL,GSOL_01,2035,ELC,1010.3289
HDP,shungnak,electric,2040,winter,15,WND,GWND_01,2030,ELC,5883.7906
HDP,shungnak,electric,2040,winter,15,WND,GWND_01,2035,ELC,5883.7906
HDP,shungnak,electric,2040,winter,15,WND,GWND_01,2040,ELC,1680.4242
HDP,shungnak,electric,2040,winter,16,ELC,ELECT,2035,ELECD,27516.562
HDP,shungnak,electric,2040,winter,16,HYD,GHYD_01,2030,ELC,1011.7784
HDP,shungnak,electric,2040,winter,16,SOL,GSOL_01,2025,ELC,600.09463
HDP,shungnak,electric,2040,winter,16,SOL,GSOL_01,2030,ELC,805.27996
HDP,shungnak,electric,2040,winter,16,SOL,GSOL_01,2035,ELC,547.84348
HDP,shungnak,electric,2040,winter,16,WND,GWND_01,2030,ELC,5798.0157
HDP,shungnak,electric,2040,winter,16,WND,GWND_01,2035,ELC,5798.0157
HDP,shungnak,electric,2040,winter,16,WND,GWND_01,2040,ELC,1655.9267
HDP,shungnak,electric,2040,winter,17,ELC,ELECT,2030,ELECD,29633.221
HDP,shungnak,electric,2040,winter,17,HYD,GHYD_01,2030,ELC,1011.7784
HDP,shungnak,electric,2040,winter,17,SOL,GSOL_01,2025,ELC,156.3986
HDP,shungnak,electric,2040,winter,17,SOL,GSOL_01,2030,ELC,209.87466
HDP,shungnak,electric,2040,winter,17,SOL,GSOL_01,2035,ELC,142.78074
HDP,shungnak,electric,2040,winter,17,WND,GWND_01,2030,ELC,5662.9659
HDP,shungnak,electric,2040,winter,17,WND,GWND_01,2035,ELC,5662.9659
HDP,shungnak,electric,2040,winter,17,WND,GWND_01,2040,ELC,1617.3561
HDP,shungnak,electric,2040,winter,18,ELC,ELECT,2030,ELECD,29825.644
HDP,shungnak,electric,2040,winter,18,HYD,GHYD_01,2030,ELC,1011.7784
HDP,shungnak,electric,2040,winter,18,SOL,GSOL_01,2025,ELC,3.3999696
HDP,shungnak,electric,2040,winter,18,SOL,GSOL_01,2030,ELC,4.5624927
HDP,shungnak,electric,2040,winter,18,SOL,GSOL_01,2035,ELC,3.1039291
HDP,shungnak,electric,2040,winter,18,WND,GWND_01,2030,ELC,5602.741
HDP,shungnak,electric,2040,winter,18,WND,GWND_01,2035,ELC,5602.741
HDP,shungnak,electric,2040,winter,18,WND,GWND_01,2040,ELC,1600.1558
HDP,shungnak,electric,2040,winter,19,ELC,ELECT,2035,ELECD,25977.174
HDP,shungnak,electric,2040,winter,19,HYD,GHYD_01,2030,ELC,1011.7784
HDP,shungnak,electric,2040,winter,19,WND,GWND_01,2030,ELC,5679.3909
HDP,shungnak,electric,2040,winter,19,WND,GWND_01,2035,ELC,5679.3909
HDP,shungnak,electric,2040,winter,19,WND,GWND_01,2040,ELC,1622.0472
HDP,shungnak,electric,2040,winter,2,ELC,ELECT,2030,ELECD,21936.28
HDP,shungnak,electric,2040,winter,2,HYD,GHYD_01,2030,ELC,1011.7784
HDP,shungnak,electric,2040,winter,2,WND,GWND_01,2030,ELC,5422.0663
HDP,shungnak,electric,2040,winter,2,WND,GWND_01,2035,ELC,5422.0663
HDP,shungnak,electric,2040,winter,2,WND,GWND_01,2040,ELC,1548.5547
HDP,shungnak,electric,2040,winter,20,ELC,ELECT,2040,ELECD,26169.597
HDP,shungnak,electric,2040,winter,20,HYD,GHYD_01,2030,ELC,1011.7784
HDP,shungnak,electric,2040,winter,20,WND,GWND_01,2030,ELC,5739.6158
HDP,shungnak,electric,2040,winter,20,WND,GWND_01,2035,ELC,5739.6158
HDP,shungnak,electric,2040,winter,20,WND,GWND_01,2040,ELC,1639.2475
HDP,shungnak,electric,2040,winter,21,ELC,ELECT,2035,ELECD,24822.633
HDP,shungnak,electric,2040,winter,21,HYD,GHYD_01,2030,ELC,1011.7784
HDP,shungnak,electric,2040,winter,21,WND,GWND_01,2030,ELC,6015.1904
HDP,shungnak,electric,2040,winter,21,WND,GWND_01,2035,ELC,6015.1904
HDP,shungnak,electric,2040,winter,21,WND,GWND_01,2040,ELC,1717.9523
HDP,shungnak,electric,2040,winter,22,ELC,ELECT,2030,ELECD,23860.515
HDP,shungnak,electric,2040,winter,22,HYD,GHYD_01,2030,ELC,1011.7784
HDP,shungnak,electric,2040,winter,22,WND,GWND_01,2030,ELC,6048.0403
HDP,shungnak,electric,2040,winter,22,WND,GWND_01,2035,ELC,6048.0403
HDP,shungnak,electric,2040,winter,22,WND,GWND_01,2040,ELC,1727.3343
HDP,shungnak,electric,2040,winter,23,ELC,ELECT,2030,ELECD,21551.433
HDP,shungnak,electric,2040,winter,23,HYD,GHYD_01,2030,ELC,1011.7784
HDP,shungnak,electric,2040,winter,23,WND,GWND_01,2030,ELC,5719.5408
HDP,shungnak,electric,2040,winter,23,WND,GWND_01,2035,ELC,5719.5408
HDP,shungnak,electric,2040,winter,23,WND,GWND_01,2040,ELC,1633.5141
HDP,shungnak,electric,2040,winter,3,ELC,ELECT,2040,ELECD,20781.739
HDP,shungnak,electric,2040,winter,3,HYD,GHYD_01,2030,ELC,1011.7784
HDP,shungnak,electric,2040,winter,3,WND,GWND_01,2030,ELC,5141.0168
HDP,shungnak,electric,2040,winter,3,WND,GWND_01,2035,ELC,5141.0168
HDP,shungnak,electric,2040,winter,3,WND,GWND_01,2040,ELC,1468.2863
HDP,shungnak,electric,2040,winter,4,ELC,ELECT,2030,ELECD,20012.045
HDP,shungnak,electric,2040,winter,4,HYD,GHYD_01,2030,ELC,1011.7784
HDP,shungnak,electric,2040,winter,4,WND,GWND_01,2030,ELC,5040.6419
HDP,shungnak,electric,2040,winter,4,WND,GWND_01,2035,ELC,5040.6419
HDP,shungnak,electric,2040,winter,4,WND,GWND_01,2040,ELC,1439.619
HDP,shungnak,electric,2040,winter,5,ELC,ELECT,2030,ELECD,20204.469
HDP,shungnak,electric,2040,winter,5,HYD,GHYD_01,2030,ELC,1011.7784
HDP,shungnak,electric,2040,winter,5,WND,GWND_01,2030,ELC,5153.7918
HDP,shungnak,electric,2040,winter,5,WND,GWND_01,2035,ELC,5153.7918
HDP,shungnak,electric,2040,winter,5,WND,GWND_01,2040,ELC,1471.9348
HDP,shungnak,electric,2040,winter,6,ELC,ELECT,2035,ELECD,20589.316
HDP,shungnak,electric,2040,winter,6,HYD,GHYD_01,2030,ELC,1011.7784
HDP,shungnak,electric,2040,winter,6,WND,GWND_01,2030,ELC,5193.9417
HDP,shungnak,electric,2040,winter,6,WND,GWND_01,2035,ELC,5193.9417
HDP,shungnak,electric,2040,winter,6,WND,GWND_01,2040,ELC,1483.4017
HDP,shungnak,electric,2040,winter,7,ELC,ELECT,2035,ELECD,20204.469
HDP,shungnak,electric,2040,winter,7,HYD,GHYD_01,2030,ELC,1011.7784
HDP,shungnak,electric,2040,winter,7,WND,GWND_01,2030,ELC,5254.1666
HDP,shungnak,electric,2040,winter,7,WND,GWND_01,2035,ELC,5254.1666
HDP,shungnak,electric,2040,winter,7,WND,GWND_01,2040,ELC,1500.6021
HDP,shungnak,electric,2040,winter,8,ELC,ELECT,2035,ELECD,22128.704
HDP,shungnak,electric,2040,winter,8,HYD,GHYD_01,2030,ELC,1011.7784
HDP,shungnak,electric,2040,winter,8,WND,GWND_01,2030,ELC,5343.5915
HDP,shungnak,electric,2040,winter,8,WND,GWND_01,2035,ELC,5343.5915
HDP,shungnak,electric,2040,winter,8,WND,GWND_01,2040,ELC,1526.1421
HDP,shungnak,electric,2040,winter,9,ELC,ELECT,2040,ELECD,26169.597
HDP,shungnak,electric,2040,winter,9,HYD,GHYD_01,2030,ELC,1011.7784
HDP,shungnak,electric,2040,winter,9,WND,GWND_01,2030,ELC,5706.7659
HDP,shungnak,electric,2040,winter,9,WND,GWND_01,2035,ELC,5706.7659
HDP,shungnak,electric,2040,winter,9,WND,GWND_01,2040,ELC,1629.8655
HDP,shungnak,electric,2045,fall,0,ELC,EBATT_01,2045,ELC,2565.3041
HDP,shungnak,electric,2045,fall,0,ELC,ELECT,2035,ELECD,16988.08
HDP,shungnak,electric,2045,fall,0,HYD,GHYD_01,2030,ELC,6057.5303
HDP,shungnak,electric,2045,fall,0,WND,GWND_01,2030,ELC,5398.3414
HDP,shungnak,electric,2045,fall,0,WND,GWND_01,2035,ELC,5398.3414
HDP,shungnak,electric,2045,fall,0,WND,GWND_01,2040,ELC,1541.7788
HDP,shungnak,electric,2045,fall,0,WND,GWND_01,2045,ELC,1157.3919
HDP,shungnak,electric,2045,fall,1,ELC,EBATT_01,2045,ELC,2471.0755
HDP,shungnak,electric,2045,fall,1,ELC,ELECT,2035,ELECD,17392.558
HDP,shungnak,electric,2045,fall,1,HYD,GHYD_01,2030,ELC,6057.5303
HDP,shungnak,electric,2045,fall,1,WND,GWND_01,2030,ELC,5522.4412
HDP,shungnak,electric,2045,fall,1,WND,GWND_01,2035,ELC,5522.4412
HDP,shungnak,electric,2045,fall,1,WND,GWND_01,2040,ELC,1577.2219
HDP,shungnak,electric,2045,fall,1,WND,GWND_01,2045,ELC,1183.9986
HDP,shungnak,electric,2045,fall,10,ELC,ELECT,2035,ELECD,25077.641
HDP,shungnak,electric,2045,fall,10,HYD,GHYD_01,2030,ELC,6057.5303
HDP,shungnak,electric,2045,fall,10,SOL,GSOL_01,2025,ELC,1337.888
HDP,shungnak,electric,2045,fall,10,SOL,GSOL_01,2030,ELC,1795.3409
HDP,shungnak,electric,2045,fall,10,SOL,GSOL_01,2035,ELC,1221.3961
HDP,shungnak,electric,2045,fall,10,WND,GWND_01,2030,ELC,5239.5666
HDP,shungnak,electric,2045,fall,10,WND,GWND_01,2035,ELC,5239.5666
HDP,shungnak,electric,2045,fall,10,WND,GWND_01,2040,ELC,1496.4323
HDP,shungnak,electric,2045,fall,10,WND,GWND_01,2045,ELC,1123.351
HDP,shungnak,electric,2045,fall,11,ELC,EBATT_01,2045,ELC,25.803854
HDP,shungnak,electric,2045,fall,11,ELC,ELECT,2030,ELECD,26897.793
HDP,shungnak,electric,2045,fall,11,HYD,GHYD_01,2030,ELC,6057.5303
HDP,shungnak,electric,2045,fall,11,SOL,GSOL_01,2025,ELC,2424.1783
HDP,shungnak,electric,2045,fall,11,SOL,GSOL_01,2030,ELC,3253.0573
HDP,shungnak,electric,2045,fall,11,SOL,GSOL_01,2035,ELC,2213.1014
HDP,shungnak,electric,2045,fall,11,WND,GWND_01,2030,ELC,5190.2917
HDP,shungnak,electric,2045,fall,11,WND,GWND_01,2035,ELC,5190.2917
HDP,shungnak,electric,2045,fall,11,WND,GWND_01,2040,ELC,1482.3593
HDP,shungnak,electric,2045,fall,11,WND,GWND_01,2045,ELC,1112.7866
HDP,shungnak,electric,2045,fall,12,ELC,EBATT_01,2045,ELC,3964.719
HDP,shungnak,electric,2045,fall,12,ELC,ELECT,2040,ELECD,24875.402
HDP,shungnak,electric,2045,fall,12,HYD,GHYD_01,2030,ELC,6057.5303
HDP,shungnak,electric,2045,fall,12,SOL,GSOL_01,2025,ELC,2991.9732
HDP,shungnak,electric,2045,fall,12,SOL,GSOL_01,2030,ELC,4014.9936
HDP,shungnak,electric,2045,fall,12,SOL,GSOL_01,2035,ELC,2731.4576
HDP,shungnak,electric,2045,fall,12,WND,GWND_01,2030,ELC,5217.6667
HDP,shungnak,electric,2045,fall,12,WND,GWND_01,2035,ELC,5217.6667
HDP,shungnak,electric,2045,fall,12,WND,GWND_01,2040,ELC,1490.1776
HDP,shungnak,electric,2045,fall,12,WND,GWND_01,2045,ELC,1118.6557
HDP,shungnak,electric,2045,fall,13,ELC,EBATT_01,2040,ELC,5073.3338
HDP,shungnak,electric,2045,fall,13,ELC,ELECT,2030,ELECD,24673.163
HDP,shungnak,electric,2045,fall,13,HYD,GHYD_01,2030,ELC,6057.5303
HDP,shungnak,electric,2045,fall,13,SOL,GSOL_01,2025,ELC,3292.8705
HDP,shungnak,electric,2045,fall,13,SOL,GSOL_01,2030,ELC,4418.7742
HDP,shungnak,electric,2045,fall,13,SOL,GSOL_01,2035,ELC,3006.1553
HDP,shungnak,electric,2045,fall,13,WND,GWND_01,2030,ELC,5188.4667
HDP,shungnak,electric,2045,fall,13,WND,GWND_01,2035,ELC,5188.4667
HDP,shungnak,electric,2045,fall,13,WND,GWND_01,2040,ELC,1481.8381
HDP,shungnak,electric,2045,fall,13,WND,GWND_01,2045,ELC,1112.3953
HDP,shungnak,electric,2045,fall,14,ELC,EBATT_01,2035,ELC,3844.7297
HDP,shungnak,electric,2045,fall,14,ELC,ELECT,2035,ELECD,25482.119
HDP,shungnak,electric,2045,fall,14,HYD,GHYD_01,2030,ELC,6057.5303
HDP,shungnak,electric,2045,fall,14,SOL,GSOL_01,2025,ELC,3109.2722
HDP,shungnak,electric,2045,fall,14,SOL,GSOL_01,2030,ELC,4172.3996
HDP,shungnak,electric,2045,fall,14,SOL,GSOL_01,2035,ELC,2838.5431
HDP,shungnak,electric,2045,fall,14,WND,GWND_01,2030,ELC,5259.6416
HDP,shungnak,electric,2045,fall,14,WND,GWND_01,2035,ELC,5259.6416
HDP,shungnak,electric,2045,fall,14,WND,GWND_01,2040,ELC,1502.1658
HDP,shungnak,electric,2045,fall,14,WND,GWND_01,2045,ELC,1127.655
HDP,shungnak,electric,2045,fall,15,ELC,EBATT_01,2040,ELC,5907.2653
HDP,shungnak,electric,2045,fall,15,ELC,ELECT,2035,ELECD,21437.339
HDP,shungnak,electric,2045,fall,15,HYD,GHYD_01,2030,ELC,6057.5303
HDP,shungnak,electric,2045,fall,15,SOL,GSOL_01,2025,ELC,2594.1768
HDP,shungnak,electric,2045,fall,15,SOL,GSOL_01,2030,ELC,3481.1819
HDP,shungnak,electric,2045,fall,15,SOL,GSOL_01,2035,ELC,2368.2979
HDP,shungnak,electric,2045,fall,15,WND,GWND_01,2030,ELC,5137.3668
HDP,shungnak,electric,2045,fall,15,WND,GWND_01,2035,ELC,5137.3668
HDP,shungnak,electric,2045,fall,15,WND,GWND_01,2040,ELC,1467.2438
HDP,shungnak,electric,2045,fall,15,WND,GWND_01,2045,ELC,1101.4396
HDP,shungnak,electric,2045,fall,16,ELC,EBATT_01,2040,ELC,568.31136
HDP,shungnak,electric,2045,fall,16,ELC,ELECT,2040,ELECD,24875.402
HDP,shungnak,electric,2045,fall,16,HYD,GHYD_01,2030,ELC,6057.5303
HDP,shungnak,electric,2045,fall,16,SOL,GSOL_01,2025,ELC,1790.084
HDP,shungnak,electric,2045,fall,16,SOL,GSOL_01,2030,ELC,2402.1524
HDP,shungnak,electric,2045,fall,16,SOL,GSOL_01,2035,ELC,1634.2187
HDP,shungnak,electric,2045,fall,16,WND,GWND_01,2030,ELC,5423.8913
HDP,shungnak,electric,2045,fall,16,WND,GWND_01,2035,ELC,5423.8913
HDP,shungnak,electric,2045,fall,16,WND,GWND_01,2040,ELC,1549.0759
HDP,shungnak,electric,2045,fall,16,WND,GWND_01,2045,ELC,1162.8698
HDP,shungnak,electric,2045,fall,17,ELC,ELECT,2040,ELECD,24673.163
HDP,shungnak,electric,2045,fall,17,HYD,GHYD_01,2030,ELC,6057.5303
HDP,shungnak,electric,2045,fall,17,SOL,GSOL_01,2025,ELC,904.3919
HDP,shungnak,electric,2045,fall,17,SOL,GSOL_01,2030,ELC,1213.6231
HDP,shungnak,electric,2045,fall,17,SOL,GSOL_01,2035,ELC,825.64514
HDP,shungnak,electric,2045,fall,17,WND,GWND_01,2030,ELC,5471.3412
HDP,shungnak,electric,2045,fall,17,WND,GWND_01,2035,ELC,5471.3412
HDP,shungnak,electric,2045,fall,17,WND,GWND_01,2040,ELC,1562.6277
HDP,shungnak,electric,2045,fall,17,WND,GWND_01,2045,ELC,1173.0429
HDP,shungnak,electric,2045,fall,18,ELC,ELECT,2030,ELECD,23257.49
HDP,shungnak,electric,2045,fall,18,HYD,GHYD_01,2030,ELC,6057.5303
HDP,shungnak,electric,2045,fall,18,SOL,GSOL_01,2025,ELC,317.89715
HDP,shungnak,electric,2045,fall,18,SOL,GSOL_01,2030,ELC,426.59307
HDP,shungnak,electric,2045,fall,18,SOL,GSOL_01,2035,ELC,290.21737
HDP,shungnak,electric,2045,fall,18,WND,GWND_01,2030,ELC,5206.7167
HDP,shungnak,electric,2045,fall,18,WND,GWND_01,2035,ELC,5206.7167
HDP,shungnak,electric,2045,fall,18,WND,GWND_01,2040,ELC,1487.0503
HDP,shungnak,electric,2045,fall,18,WND,GWND_01,2045,ELC,1116.308
HDP,shungnak,electric,2045,fall,19,ELC,EBATT_01,2035,ELC,976.77285
HDP,shungnak,electric,2045,fall,19,ELC,ELECT,2040,ELECD,18201.514
HDP,shungnak,electric,2045,fall,19,HYD,GHYD_01,2030,ELC,6057.5303
HDP,shungnak,electric,2045,fall,19,SOL,GSOL_01,2025,ELC,78.1993
HDP,shungnak,electric,2045,fall,19,SOL,GSOL_01,2030,ELC,104.93733
HDP,shungnak,electric,2045,fall,19,SOL,GSOL_01,2035,ELC,71.390369
HDP,shungnak,electric,2045,fall,19,WND,GWND_01,2030,ELC,5146.4918
HDP,shungnak,electric,2045,fall,19,WND,GWND_01,2035,ELC,5146.4918
HDP,shungnak,electric,2045,fall,19,WND,GWND_01,2040,ELC,1469.8499
HDP,shungnak,electric,2045,fall,19,WND,GWND_01,2045,ELC,1103.396
HDP,shungnak,electric,2045,fall,2,ELC,EBATT_01,2040,ELC,3173.605
HDP,shungnak,electric,2045,fall,2,ELC,ELECT,2035,ELECD,16785.841
HDP,shungnak,electric,2045,fall,2,HYD,GHYD_01,2030,ELC,6057.5303
HDP,shungnak,electric,2045,fall,2,WND,GWND_01,2030,ELC,5560.7661
HDP,shungnak,electric,2045,fall,2,WND,GWND_01,2035,ELC,5560.7661
HDP,shungnak,electric,2045,fall,2,WND,GWND_01,2040,ELC,1588.1676
HDP,shungnak,electric,2045,fall,2,WND,GWND_01,2045,ELC,1192.2154
HDP,shungnak,electric,2045,fall,20,ELC,ELECT,2045,ELECD,23257.49
HDP,shungnak,electric,2045,fall,20,HYD,GHYD_01,2030,ELC,6057.5303
HDP,shungnak,electric,2045,fall,20,SOL,GSOL_01,2025,ELC,5.0999543
HDP,shungnak,electric,2045,fall,20,SOL,GSOL_01,2030,ELC,6.843739
HDP,shungnak,electric,2045,fall,20,SOL,GSOL_01,2035,ELC,4.6558936
HDP,shungnak,electric,2045,fall,20,WND,GWND_01,2030,ELC,5210.3667
HDP,shungnak,electric,2045,fall,20,WND,GWND_01,2035,ELC,5210.3667
HDP,shungnak,electric,2045,fall,20,WND,GWND_01,2040,ELC,1488.0927
HDP,shungnak,electric,2045,fall,20,WND,GWND_01,2045,ELC,1117.0906
HDP,shungnak,electric,2045,fall,21,ELC,ELECT,2040,ELECD,22246.295
HDP,shungnak,electric,2045,fall,21,HYD,GHYD_01,2030,ELC,6057.5303
HDP,shungnak,electric,2045,fall,21,WND,GWND_01,2030,ELC,4982.242
HDP,shungnak,electric,2045,fall,21,WND,GWND_01,2035,ELC,4982.242
HDP,shungnak,electric,2045,fall,21,WND,GWND_01,2040,ELC,1422.9398
HDP,shungnak,electric,2045,fall,21,WND,GWND_01,2045,ELC,1068.1812
HDP,shungnak,electric,2045,fall,22,ELC,ELECT,2030,ELECD,20628.382
HDP,shungnak,electric,2045,fall,22,HYD,GHYD_01,2030,ELC,6057.5303
HDP,shungnak,electric,2045,fall,22,WND,GWND_01,2030,ELC,5305.2665
HDP,shungnak,electric,2045,fall,22,WND,GWND_01,2035,ELC,5305.2665
HDP,shungnak,electric,2045,fall,22,WND,GWND_01,2040,ELC,1515.1964
HDP,shungnak,electric,2045,fall,22,WND,GWND_01,2045,ELC,1137.4369
HDP,shungnak,electric,2045,fall,23,ELC,ELECT,2040,ELECD,19212.709
HDP,shungnak,electric,2045,fall,23,HYD,GHYD_01,2030,ELC,6057.5303
HDP,shungnak,electric,2045,fall,23,WND,GWND_01,2030,ELC,5203.0667
HDP,shungnak,electric,2045,fall,23,WND,GWND_01,2035,ELC,5203.0667
HDP,shungnak,electric,2045,fall,23,WND,GWND_01,2040,ELC,1486.0079
HDP,shungnak,electric,2045,fall,23,WND,GWND_01,2045,ELC,1115.5255
HDP,shungnak,electric,2045,fall,3,ELC,EBATT_01,2045,ELC,3188.7818
HDP,shungnak,electric,2045,fall,3,ELC,ELECT,2045,ELECD,16583.602
HDP,shungnak,electric,2045,fall,3,HYD,GHYD_01,2030,ELC,6057.5303
HDP,shungnak,electric,2045,fall,3,WND,GWND_01,2030,ELC,5485.9412
HDP,shungnak,electric,2045,fall,3,WND,GWND_01,2035,ELC,5485.9412
HDP,shungnak,electric,2045,fall,3,WND,GWND_01,2040,ELC,1566.7975
HDP,shungnak,electric,2045,fall,3,WND,GWND_01,2045,ELC,1176.1731
HDP,shungnak,electric,2045,fall,4,ELC,EBATT_01,2045,ELC,3205.448
HDP,shungnak,electric,2045,fall,4,ELC,ELECT,2035,ELECD,16179.123
HDP,shungnak,electric,2045,fall,4,HYD,GHYD_01,2030,ELC,6057.5303
HDP,shungnak,electric,2045,fall,4,WND,GWND_01,2030,ELC,5330.8165
HDP,shungnak,electric,2045,fall,4,WND,GWND_01,2035,ELC,5330.8165
HDP,shungnak,electric,2045,fall,4,WND,GWND_01,2040,ELC,1522.4935
HDP,shungnak,electric,2045,fall,4,WND,GWND_01,2045,ELC,1142.9147
HDP,shungnak,electric,2045,fall,5,ELC,EBATT_01,2035,ELC,3266.3442
HDP,shungnak,electric,2045,fall,5,ELC,ELECT,2035,ELECD,16583.602
HDP,shungnak,electric,2045,fall,5,HYD,GHYD_01,2030,ELC,6057.5303
HDP,shungnak,electric,2045,fall,5,WND,GWND_01,2030,ELC,5516.9662
HDP,shungnak,electric,2045,fall,5,WND,GWND_01,2035,ELC,5516.9662
HDP,shungnak,electric,2045,fall,5,WND,GWND_01,2040,ELC,1575.6583
HDP,shungnak,electric,2045,fall,5,WND,GWND_01,2045,ELC,1182.8248
HDP,shungnak,electric,2045,fall,6,ELC,EBATT_01,2035,ELC,1806.5354
HDP,shungnak,electric,2045,fall,6,ELC,ELECT,2030,ELECD,17797.036
HDP,shungnak,electric,2045,fall,6,HYD,GHYD_01,2030,ELC,6057.5303
HDP,shungnak,electric,2045,fall,6,WND,GWND_01,2030,ELC,5418.4163
HDP,shungnak,electric,2045,fall,6,WND,GWND_01,2035,ELC,5418.4163
HDP,shungnak,electric,2045,fall,6,WND,GWND_01,2040,ELC,1547.5122
HDP,shungnak,electric,2045,fall,6,WND,GWND_01,2045,ELC,1161.696
HDP,shungnak,electric,2045,fall,7,ELC,EBATT_01,2045,ELC,247.15809
HDP,shungnak,electric,2045,fall,7,ELC,ELECT,2040,ELECD,19414.948
HDP,shungnak,electric,2045,fall,7,HYD,GHYD_01,2030,ELC,6057.5303
HDP,shungnak,electric,2045,fall,7,SOL,GSOL_01,2025,ELC,30.599726
HDP,shungnak,electric,2045,fall,7,SOL,GSOL_01,2030,ELC,41.062434
HDP,shungnak,electric,2045,fall,7,SOL,GSOL_01,2035,ELC,27.935362
HDP,shungnak,electric,2045,fall,7,WND,GWND_01,2030,ELC,5401.9914
HDP,shungnak,electric,2045,fall,7,WND,GWND_01,2035,ELC,5401.9914
HDP,shungnak,electric,2045,fall,7,WND,GWND_01,2040,ELC,1542.8212
HDP,shungnak,electric,2045,fall,7,WND,GWND_01,2045,ELC,1158.1745
HDP,shungnak,electric,2045,fall,8,ELC,ELECT,2040,ELECD,24875.402
HDP,shungnak,electric,2045,fall,8,HYD,GHYD_01,2030,ELC,6057.5303
HDP,shungnak,electric,2045,fall,8,SOL,GSOL_01,2025,ELC,295.79735
HDP,shungnak,electric,2045,fall,8,SOL,GSOL_01,2030,ELC,396.93686
HDP,shungnak,electric,2045,fall,8,SOL,GSOL_01,2035,ELC,270.04183
HDP,shungnak,electric,2045,fall,8,WND,GWND_01,2030,ELC,5518.7912
HDP,shungnak,electric,2045,fall,8,WND,GWND_01,2035,ELC,5518.7912
HDP,shungnak,electric,2045,fall,8,WND,GWND_01,2040,ELC,1576.1795
HDP,shungnak,electric,2045,fall,8,WND,GWND_01,2045,ELC,1183.2161
HDP,shungnak,electric,2045,fall,9,ELC,ELECT,2040,ELECD,24875.402
HDP,shungnak,electric,2045,fall,9,HYD,GHYD_01,2030,ELC,6057.5303
HDP,shungnak,electric,2045,fall,9,SOL,GSOL_01,2025,ELC,630.69435
HDP,shungnak,electric,2045,fall,9,SOL,GSOL_01,2030,ELC,846.3424
HDP,shungnak,electric,2045,fall,9,SOL,GSOL_01,2035,ELC,575.77884
HDP,shungnak,electric,2045,fall,9,WND,GWND_01,2030,ELC,5310.7415
HDP,shungnak,electric,2045,fall,9,WND,GWND_01,2035,ELC,5310.7415
HDP,shungnak,electric,2045,fall,9,WND,GWND_01,2040,ELC,1516.76
HDP,shungnak,electric,2045,fall,9,WND,GWND_01,2045,ELC,1138.6107
HDP,shungnak,electric,2045,spring,0,ELC,ELECT,2035,ELECD,18403.753
HDP,shungnak,electric,2045,spring,0,HYD,GHYD_01,2030,ELC,4270.4932
HDP,shungnak,electric,2045,spring,0,WND,GWND_01,2030,ELC,5044.2919
HDP,shungnak,electric,2045,spring,0,WND,GWND_01,2035,ELC,5044.2919
HDP,shungnak,electric,2045,spring,0,WND,GWND_01,2040,ELC,1440.6614
HDP,shungnak,electric,2045,spring,0,WND,GWND_01,2045,ELC,1081.4845
HDP,shungnak,electric,2045,spring,1,ELC,ELECT,2040,ELECD,18403.753
HDP,shungnak,electric,2045,spring,1,HYD,GHYD_01,2030,ELC,4270.4932
HDP,shungnak,electric,2045,spring,1,WND,GWND_01,2030,ELC,5026.042
HDP,shungnak,electric,2045,spring,1,WND,GWND_01,2035,ELC,5026.042
HDP,shungnak,electric,2045,spring,1,WND,GWND_01,2040,ELC,1435.4492
HDP,shungnak,electric,2045,spring,1,WND,GWND_01,2045,ELC,1077.5718
HDP,shungnak,electric,2045,spring,10,ELC,EBATT_01,2045,ELC,9525.9001
HDP,shungnak,electric,2045,spring,10,ELC,ELECT,2045,ELECD,26897.793
HDP,shungnak,electric,2045,spring,10,HYD,GHYD_01,2030,ELC,4270.4932
HDP,shungnak,electric,2045,spring,10,SOL,GSOL_01,2025,ELC,6034.946
HDP,shungnak,electric,2045,spring,10,SOL,GSOL_01,2030,ELC,8098.4245
HDP,shungnak,electric,2045,spring,10,SOL,GSOL_01,2035,ELC,5509.4741
HDP,shungnak,electric,2045,spring,10,WND,GWND_01,2030,ELC,5004.142
HDP,shungnak,electric,2045,spring,10,WND,GWND_01,2035,ELC,5004.142
HDP,shungnak,electric,2045,spring,10,WND,GWND_01,2040,ELC,1429.1945
HDP,shungnak,electric,2045,spring,10,WND,GWND_01,2045,ELC,1072.8765
HDP,shungnak,electric,2045,spring,11,ELC,EBATT_01,2045,ELC,13026.556
HDP,shungnak,electric,2045,spring,11,ELC,ELECT,2035,ELECD,27504.51
HDP,shungnak,electric,2045,spring,11,HYD,GHYD_01,2030,ELC,4270.4932
HDP,shungnak,electric,2045,spring,11,SOL,GSOL_01,2025,ELC,7507.1328
HDP,shungnak,electric,2045,spring,11,SOL,GSOL_01,2030,ELC,10073.984
HDP,shungnak,electric,2045,spring,11,SOL,GSOL_01,2035,ELC,6853.4754
HDP,shungnak,electric,2045,spring,11,WND,GWND_01,2030,ELC,4730.3924
HDP,shungnak,electric,2045,spring,11,WND,GWND_01,2035,ELC,4730.3924
HDP,shungnak,electric,2045,spring,11,WND,GWND_01,2040,ELC,1351.011
HDP,shungnak,electric,2045,spring,11,WND,GWND_01,2045,ELC,1014.1852
HDP,shungnak,electric,2045,spring,12,ELC,EBATT_01,2040,ELC,16002.683
HDP,shungnak,electric,2045,spring,12,ELC,ELECT,2045,ELECD,26088.837
HDP,shungnak,electric,2045,spring,12,HYD,GHYD_01,2030,ELC,4270.4932
HDP,shungnak,electric,2045,spring,12,SOL,GSOL_01,2025,ELC,8202.4266
HDP,shungnak,electric,2045,spring,12,SOL,GSOL_01,2030,ELC,11007.014
HDP,shungnak,electric,2045,spring,12,SOL,GSOL_01,2035,ELC,7488.2289
HDP,shungnak,electric,2045,spring,12,WND,GWND_01,2030,ELC,4449.3429
HDP,shungnak,electric,2045,spring,12,WND,GWND_01,2035,ELC,4449.3429
HDP,shungnak,electric,2045,spring,12,WND,GWND_01,2040,ELC,1270.7426
HDP,shungnak,electric,2045,spring,12,WND,GWND_01,2045,ELC,953.92884
HDP,shungnak,electric,2045,spring,13,ELC,EBATT_01,2040,ELC,17007.267
HDP,shungnak,electric,2045,spring,13,ELC,ELECT,2035,ELECD,25077.641
HDP,shungnak,electric,2045,spring,13,HYD,GHYD_01,2030,ELC,4270.4932
HDP,shungnak,electric,2045,spring,13,SOL,GSOL_01,2025,ELC,8622.3228
HDP,shungnak,electric,2045,spring,13,SOL,GSOL_01,2030,ELC,11570.481
HDP,shungnak,electric,2045,spring,13,SOL,GSOL_01,2035,ELC,7871.5641
HDP,shungnak,electric,2045,spring,13,WND,GWND_01,2030,ELC,3900.0188
HDP,shungnak,electric,2045,spring,13,WND,GWND_01,2035,ELC,3900.0188
HDP,shungnak,electric,2045,spring,13,WND,GWND_01,2040,ELC,1113.8544
HDP,shungnak,electric,2045,spring,13,WND,GWND_01,2045,ELC,836.15502
HDP,shungnak,electric,2045,spring,14,ELC,EBATT_01,2045,ELC,15771.251
HDP,shungnak,electric,2045,spring,14,ELC,ELECT,2030,ELECD,25482.119
HDP,shungnak,electric,2045,spring,14,HYD,GHYD_01,2030,ELC,4270.4932
HDP,shungnak,electric,2045,spring,14,SOL,GSOL_01,2025,ELC,8588.3231
HDP,shungnak,electric,2045,spring,14,SOL,GSOL_01,2030,ELC,11524.857
HDP,shungnak,electric,2045,spring,14,SOL,GSOL_01,2035,ELC,7840.5249
HDP,shungnak,electric,2045,spring,14,WND,GWND_01,2030,ELC,3611.6692
HDP,shungnak,electric,2045,spring,14,WND,GWND_01,2035,ELC,3611.6692
HDP,shungnak,electric,2045,spring,14,WND,GWND_01,2040,ELC,1031.5011
HDP,shungnak,electric,2045,spring,14,WND,GWND_01,2045,ELC,774.33355
HDP,shungnak,electric,2045,spring,15,ELC,EBATT_01,2035,ELC,8930.3945
HDP,shungnak,electric,2045,spring,15,ELC,EBATT_01,2045,ELC,5617.086
HDP,shungnak,electric,2045,spring,15,ELC,ELECT,2045,ELECD,25279.88
HDP,shungnak,electric,2045,spring,15,HYD,GHYD_01,2030,ELC,4270.4932
HDP,shungnak,electric,2045,spring,15,SOL,GSOL_01,2025,ELC,8088.5276
HDP,shungnak,electric,2045,spring,15,SOL,GSOL_01,2030,ELC,10854.17
HDP,shungnak,electric,2045,spring,15,SOL,GSOL_01,2035,ELC,7384.2473
HDP,shungnak,electric,2045,spring,15,WND,GWND_01,2030,ELC,3691.9691
HDP,shungnak,electric,2045,spring,15,WND,GWND_01,2035,ELC,3691.9691
HDP,shungnak,electric,2045,spring,15,WND,GWND_01,2040,ELC,1054.4349
HDP,shungnak,electric,2045,spring,15,WND,GWND_01,2045,ELC,791.54965
HDP,shungnak,electric,2045,spring,16,ELC,EBATT_01,2045,ELC,10613.952
HDP,shungnak,electric,2045,spring,16,ELC,ELECT,2045,ELECD,26493.315
HDP,shungnak,electric,2045,spring,16,HYD,GHYD_01,2030,ELC,4270.4932
HDP,shungnak,electric,2045,spring,16,SOL,GSOL_01,2025,ELC,7024.3371
HDP,shungnak,electric,2045,spring,16,SOL,GSOL_01,2030,ELC,9426.1099
HDP,shungnak,electric,2045,spring,16,SOL,GSOL_01,2035,ELC,6412.7175
HDP,shungnak,electric,2045,spring,16,WND,GWND_01,2030,ELC,3989.4436
HDP,shungnak,electric,2045,spring,16,WND,GWND_01,2035,ELC,3989.4436
HDP,shungnak,electric,2045,spring,16,WND,GWND_01,2040,ELC,1139.3943
HDP,shungnak,electric,2045,spring,16,WND,GWND_01,2045,ELC,855.3275
HDP,shungnak,electric,2045,spring,17,ELC,EBATT_01,2045,ELC,4924.3718
HDP,shungnak,electric,2045,spring,17,ELC,ELECT,2030,ELECD,26493.315
HDP,shungnak,electric,2045,spring,17,HYD,GHYD_01,2030,ELC,4270.4932
HDP,shungnak,electric,2045,spring,17,SOL,GSOL_01,2025,ELC,5234.2531
HDP,shungnak,electric,2045,spring,17,SOL,GSOL_01,2030,ELC,7023.9575
HDP,shungnak,electric,2045,spring,17,SOL,GSOL_01,2035,ELC,4778.4988
HDP,shungnak,electric,2045,spring,17,WND,GWND_01,2030,ELC,4044.1935
HDP,shungnak,electric,2045,spring,17,WND,GWND_01,2035,ELC,4044.1935
HDP,shungnak,electric,2045,spring,17,WND,GWND_01,2040,ELC,1155.031
HDP,shungnak,electric,2045,spring,17,WND,GWND_01,2045,ELC,867.06576
HDP,shungnak,electric,2045,spring,18,ELC,ELECT,2045,ELECD,25077.641
HDP,shungnak,electric,2045,spring,18,HYD,GHYD_01,2030,ELC,4270.4932
HDP,shungnak,electric,2045,spring,18,SOL,GSOL_01,2025,ELC,3172.1716
HDP,shungnak,electric,2045,spring,18,SOL,GSOL_01,2030,ELC,4256.8057
HDP,shungnak,electric,2045,spring,18,SOL,GSOL_01,2035,ELC,2895.9658
HDP,shungnak,electric,2045,spring,18,WND,GWND_01,2030,ELC,4168.2933
HDP,shungnak,electric,2045,spring,18,WND,GWND_01,2035,ELC,4168.2933
HDP,shungnak,electric,2045,spring,18,WND,GWND_01,2040,ELC,1190.4742
HDP,shungnak,electric,2045,spring,18,WND,GWND_01,2045,ELC,893.67247
HDP,shungnak,electric,2045,spring,19,ELC,ELECT,2045,ELECD,24268.685
HDP,shungnak,electric,2045,spring,19,HYD,GHYD_01,2030,ELC,4270.4932
HDP,shungnak,electric,2045,spring,19,SOL,GSOL_01,2025,ELC,1380.3876
HDP,shungnak,electric,2045,spring,19,SOL,GSOL_01,2030,ELC,1852.372
HDP,shungnak,electric,2045,spring,19,SOL,GSOL_01,2035,ELC,1260.1952
HDP,shungnak,electric,2045,spring,19,WND,GWND_01,2030,ELC,4292.3931
HDP,shungnak,electric,2045,spring,19,WND,GWND_01,2035,ELC,4292.3931
HDP,shungnak,electric,2045,spring,19,WND,GWND_01,2040,ELC,1225.9174
HDP,shungnak,electric,2045,spring,19,WND,GWND_01,2045,ELC,920.27918
HDP,shungnak,electric,2045,spring,2,ELC,ELECT,2045,ELECD,17594.797
HDP,shungnak,electric,2045,spring,2,HYD,GHYD_01,2030,ELC,4270.4932
HDP,shungnak,electric,2045,spring,2,WND,GWND_01,2030,ELC,4909.2421
HDP,shungnak,electric,2045,spring,2,WND,GWND_01,2035,ELC,4909.2421
HDP,shungnak,electric,2045,spring,2,WND,GWND_01,2040,ELC,1402.0909
HDP,shungnak,electric,2045,spring,2,WND,GWND_01,2045,ELC,1052.5302
HDP,shungnak,electric,2045,spring,20,ELC,ELECT,2035,ELECD,25077.641
HDP,shungnak,electric,2045,spring,20,HYD,GHYD_01,2030,ELC,4270.4932
HDP,shungnak,electric,2045,spring,20,SOL,GSOL_01,2025,ELC,503.19549
HDP,shungnak,electric,2045,spring,20,SOL,GSOL_01,2030,ELC,675.24892
HDP,shungnak,electric,2045,spring,20,SOL,GSOL_01,2035,ELC,459.3815
HDP,shungnak,electric,2045,spring,20,WND,GWND_01,2030,ELC,4547.8927
HDP,shungnak,electric,2045,spring,20,WND,GWND_01,2035,ELC,4547.8927
HDP,shungnak,electric,2045,spring,20,WND,GWND_01,2040,ELC,1298.8887
HDP,shungnak,electric,2045,spring,20,WND,GWND_01,2045,ELC,975.0577
HDP,shungnak,electric,2045,spring,21,ELC,ELECT,2035,ELECD,23661.968
HDP,shungnak,electric,2045,spring,21,HYD,GHYD_01,2030,ELC,4270.4932
HDP,shungnak,electric,2045,spring,21,SOL,GSOL_01,2025,ELC,219.29804
HDP,shungnak,electric,2045,spring,21,SOL,GSOL_01,2030,ELC,294.28078
HDP,shungnak,electric,2045,spring,21,SOL,GSOL_01,2035,ELC,200.20343
HDP,shungnak,electric,2045,spring,21,WND,GWND_01,2030,ELC,4434.7429
HDP,shungnak,electric,2045,spring,21,WND,GWND_01,2035,ELC,4434.7429
HDP,shungnak,electric,2045,spring,21,WND,GWND_01,2040,ELC,1266.5728
HDP,shungnak,electric,2045,spring,21,WND,GWND_01,2045,ELC,950.79864
HDP,shungnak,electric,2045,spring,22,ELC,ELECT,2040,ELECD,23055.251
HDP,shungnak,electric,2045,spring,22,HYD,GHYD_01,2030,ELC,4270.4932
HDP,shungnak,electric,2045,spring,22,SOL,GSOL_01,2025,ELC,84.999239
HDP,shungnak,electric,2045,spring,22,SOL,GSOL_01,2030,ELC,114.06232
HDP,shungnak,electric,2045,spring,22,SOL,GSOL_01,2035,ELC,77.598227
HDP,shungnak,electric,2045,spring,22,WND,GWND_01,2030,ELC,4949.3921
HDP,shungnak,electric,2045,spring,22,WND,GWND_01,2035,ELC,4949.3921
HDP,shungnak,electric,2045,spring,22,WND,GWND_01,2040,ELC,1413.5578
HDP,shungnak,electric,2045,spring,22,WND,GWND_01,2045,ELC,1061.1382
HDP,shungnak,electric,2045,spring,23,ELC,ELECT,2040,ELECD,21437.339
HDP,shungnak,electric,2045,spring,23,HYD,GHYD_01,2030,ELC,4270.4932
HDP,shungnak,electric,2045,spring,23,SOL,GSOL_01,2025,ELC,13.599878
HDP,shungnak,electric,2045,spring,23,SOL,GSOL_01,2030,ELC,18.249971
HDP,shungnak,electric,2045,spring,23,SOL,GSOL_01,2035,ELC,12.415716
HDP,shungnak,electric,2045,spring,23,WND,GWND_01,2030,ELC,5049.7669
HDP,shungnak,electric,2045,spring,23,WND,GWND_01,2035,ELC,5049.7669
HDP,shungnak,electric,2045,spring,23,WND,GWND_01,2040,ELC,1442.2251
HDP,shungnak,electric,2045,spring,23,WND,GWND_01,2045,ELC,1082.6584
HDP,shungnak,electric,2045,spring,3,ELC,ELECT,2045,ELECD,17594.797
HDP,shungnak,electric,2045,spring,3,HYD,GHYD_01,2030,ELC,4270.4932
HDP,shungnak,electric,2045,spring,3,WND,GWND_01,2030,ELC,5153.7918
HDP,shungnak,electric,2045,spring,3,WND,GWND_01,2035,ELC,5153.7918
HDP,shungnak,electric,2045,spring,3,WND,GWND_01,2040,ELC,1471.9348
HDP,shungnak,electric,2045,spring,3,WND,GWND_01,2045,ELC,1104.9611
HDP,shungnak,electric,2045,spring,4,ELC,ELECT,2045,ELECD,17797.036
HDP,shungnak,electric,2045,spring,4,HYD,GHYD_01,2030,ELC,4270.4932
HDP,shungnak,electric,2045,spring,4,SOL,GSOL_01,2025,ELC,20.399817
HDP,shungnak,electric,2045,spring,4,WND,GWND_01,2030,ELC,5407.4663
HDP,shungnak,electric,2045,spring,4,WND,GWND_01,2035,ELC,5407.4663
HDP,shungnak,electric,2045,spring,4,WND,GWND_01,2040,ELC,1544.3849
HDP,shungnak,electric,2045,spring,4,WND,GWND_01,2045,ELC,1146.8252
HDP,shungnak,electric,2045,spring,5,ELC,ELECT,2035,ELECD,18201.514
HDP,shungnak,electric,2045,spring,5,HYD,GHYD_01,2030,ELC,4270.4932
HDP,shungnak,electric,2045,spring,5,SOL,GSOL_01,2025,ELC,90.099193
HDP,shungnak,electric,2045,spring,5,WND,GWND_01,2030,ELC,5646.541
HDP,shungnak,electric,2045,spring,5,WND,GWND_01,2035,ELC,5646.541
HDP,shungnak,electric,2045,spring,5,WND,GWND_01,2040,ELC,1612.6651
HDP,shungnak,electric,2045,spring,5,WND,GWND_01,2045,ELC,935.17445
HDP,shungnak,electric,2045,spring,6,ELC,ELECT,2035,ELECD,18605.992
HDP,shungnak,electric,2045,spring,6,HYD,GHYD_01,2030,ELC,4270.4932
HDP,shungnak,electric,2045,spring,6,SOL,GSOL_01,2025,ELC,302.59729
HDP,shungnak,electric,2045,spring,6,WND,GWND_01,2030,ELC,5701.2909
HDP,shungnak,electric,2045,spring,6,WND,GWND_01,2035,ELC,5480.9652
HDP,shungnak,electric,2045,spring,6,WND,GWND_01,2040,ELC,1628.3018
HDP,shungnak,electric,2045,spring,6,WND,GWND_01,2045,ELC,1222.3436
HDP,shungnak,electric,2045,spring,7,ELC,ELECT,2040,ELECD,20426.143
HDP,shungnak,electric,2045,spring,7,HYD,GHYD_01,2030,ELC,4270.4932
HDP,shungnak,electric,2045,spring,7,SOL,GSOL_01,2025,ELC,972.39129
HDP,shungnak,electric,2045,spring,7,SOL,GSOL_01,2030,ELC,1304.8729
HDP,shungnak,electric,2045,spring,7,SOL,GSOL_01,2035,ELC,204.59535
HDP,shungnak,electric,2045,spring,7,WND,GWND_01,2030,ELC,5469.5162
HDP,shungnak,electric,2045,spring,7,WND,GWND_01,2035,ELC,5469.5162
HDP,shungnak,electric,2045,spring,7,WND,GWND_01,2040,ELC,1562.1065
HDP,shungnak,electric,2045,spring,7,WND,GWND_01,2045,ELC,1172.6517
HDP,shungnak,electric,2045,spring,8,ELC,ELECT,2035,ELECD,24268.685
HDP,shungnak,electric,2045,spring,8,HYD,GHYD_01,2030,ELC,4270.4932
HDP,shungnak,electric,2045,spring,8,SOL,GSOL_01,2025,ELC,2264.3797
HDP,shungnak,electric,2045,spring,8,SOL,GSOL_01,2030,ELC,3038.6201
HDP,shungnak,electric,2045,spring,8,SOL,GSOL_01,2035,ELC,2067.2168
HDP,shungnak,electric,2045,spring,8,WND,GWND_01,2030,ELC,5695.8159
HDP,shungnak,electric,2045,spring,8,WND,GWND_01,2035,ELC,5305.4213
HDP,shungnak,electric,2045,spring,8,WND,GWND_01,2040,ELC,1626.7382
HDP,shungnak,electric,2045,spring,9,ELC,EBATT_01,2040,ELC,1119.0987
HDP,shungnak,electric,2045,spring,9,ELC,ELECT,2045,ELECD,24875.402
HDP,shungnak,electric,2045,spring,9,HYD,GHYD_01,2030,ELC,4270.4932
HDP,shungnak,electric,2045,spring,9,SOL,GSOL_01,2025,ELC,4188.7625
HDP,shungnak,electric,2045,spring,9,SOL,GSOL_01,2030,ELC,5620.991
HDP,shungnak,electric,2045,spring,9,SOL,GSOL_01,2035,ELC,3824.0406
HDP,shungnak,electric,2045,spring,9,WND,GWND_01,2030,ELC,5086.2669
HDP,shungnak,electric,2045,spring,9,WND,GWND_01,2035,ELC,1913.463
HDP,shungnak,electric,2045,spring,9,WND,GWND_01,2045,ELC,1090.4839
HDP,shungnak,electric,2045,summer,0,ELC,EBATT_01,2045,ELC,382.38201
HDP,shungnak,electric,2045,summer,0,ELC,ELECT,2035,ELECD,13752.255
HDP,shungnak,electric,2045,summer,0,HYD,GHYD_01,2030,ELC,10853.623
HDP,shungnak,electric,2045,summer,0,SOL,GSOL_01,2025,ELC,16.999848
HDP,shungnak,electric,2045,summer,0,SOL,GSOL_01,2030,ELC,22.812463
HDP,shungnak,electric,2045,summer,0,SOL,GSOL_01,2035,ELC,15.519645
HDP,shungnak,electric,2045,summer,0,WND,GWND_01,2030,ELC,1290.2729
HDP,shungnak,electric,2045,summer,0,WND,GWND_01,2035,ELC,1290.2729
HDP,shungnak,electric,2045,summer,0,WND,GWND_01,2040,ELC,368.50493
HDP,shungnak,electric,2045,summer,0,WND,GWND_01,2045,ELC,276.63154
HDP,shungnak,electric,2045,summer,1,ELC,EBATT_01,2040,ELC,865.23539
HDP,shungnak,electric,2045,summer,1,ELC,ELECT,2045,ELECD,12538.821
HDP,shungnak,electric,2045,summer,1,HYD,GHYD_01,2030,ELC,10853.623
HDP,shungnak,electric,2045,summer,1,WND,GWND_01,2030,ELC,1020.1734
HDP,shungnak,electric,2045,summer,1,WND,GWND_01,2035,ELC,1020.1734
HDP,shungnak,electric,2045,summer,1,WND,GWND_01,2040,ELC,291.36387
HDP,shungnak,electric,2045,summer,1,WND,GWND_01,2045,ELC,218.72282
HDP,shungnak,electric,2045,summer,10,ELC,EBATT_01,2035,ELC,7364.7266
HDP,shungnak,electric,2045,summer,10,ELC,EBATT_01,2045,ELC,7887.6879
HDP,shungnak,electric,2045,summer,10,ELC,ELECT,2030,ELECD,15370.167
HDP,shungnak,electric,2045,summer,10,HYD,GHYD_01,2030,ELC,10853.623
HDP,shungnak,electric,2045,summer,10,SOL,GSOL_01,2025,ELC,5400.8516
HDP,shungnak,electric,2045,summer,10,SOL,GSOL_01,2030,ELC,7247.5197
HDP,shungnak,electric,2045,summer,10,SOL,GSOL_01,2035,ELC,4930.5913
HDP,shungnak,electric,2045,summer,10,WND,GWND_01,2030,ELC,875.9986
HDP,shungnak,electric,2045,summer,10,WND,GWND_01,2035,ELC,875.9986
HDP,shungnak,electric,2045,summer,10,WND,GWND_01,2040,ELC,250.18722
HDP,shungnak,electric,2045,summer,10,WND,GWND_01,2045,ELC,187.81208
HDP,shungnak,electric,2045,summer,11,ELC,EBATT_01,2035,ELC,17973.51
HDP,shungnak,electric,2045,summer,11,ELC,ELECT,2045,ELECD,15774.645
HDP,shungnak,electric,2045,summer,11,HYD,GHYD_01,2030,ELC,10853.623
HDP,shungnak,electric,2045,summer,11,SOL,GSOL_01,2025,ELC,6448.0423
HDP,shungnak,electric,2045,summer,11,SOL,GSOL_01,2030,ELC,8652.7674
HDP,shungnak,electric,2045,summer,11,SOL,GSOL_01,2035,ELC,5886.6015
HDP,shungnak,electric,2045,summer,11,WND,GWND_01,2030,ELC,762.84878
HDP,shungnak,electric,2045,summer,11,WND,GWND_01,2035,ELC,762.84878
HDP,shungnak,electric,2045,summer,11,WND,GWND_01,2040,ELC,217.87137
HDP,shungnak,electric,2045,summer,11,WND,GWND_01,2045,ELC,163.55302
HDP,shungnak,electric,2045,summer,12,ELC,EBATT_01,2035,ELC,20862.684
HDP,shungnak,electric,2045,summer,12,ELC,ELECT,2030,ELECD,15370.167
HDP,shungnak,electric,2045,summer,12,HYD,GHYD_01,2030,ELC,10853.623
HDP,shungnak,electric,2045,summer,12,SOL,GSOL_01,2025,ELC,7219.8354
HDP,shungnak,electric,2045,summer,12,SOL,GSOL_01,2030,ELC,9688.4532
HDP,shungnak,electric,2045,summer,12,SOL,GSOL_01,2035,ELC,6591.1934
HDP,shungnak,electric,2045,summer,12,WND,GWND_01,2030,ELC,751.8988
HDP,shungnak,electric,2045,summer,12,WND,GWND_01,2035,ELC,751.8988
HDP,shungnak,electric,2045,summer,12,WND,GWND_01,2040,ELC,214.74403
HDP,shungnak,electric,2045,summer,12,WND,GWND_01,2045,ELC,161.20537
HDP,shungnak,electric,2045,summer,13,ELC,EBATT_01,2040,ELC,22396.289
HDP,shungnak,electric,2045,summer,13,ELC,ELECT,2045,ELECD,15167.928
HDP,shungnak,electric,2045,summer,13,HYD,GHYD_01,2030,ELC,10853.623
HDP,shungnak,electric,2045,summer,13,SOL,GSOL_01,2025,ELC,7593.832
HDP,shungnak,electric,2045,summer,13,SOL,GSOL_01,2030,ELC,10190.327
HDP,shungnak,electric,2045,summer,13,SOL,GSOL_01,2035,ELC,6932.6256
HDP,shungnak,electric,2045,summer,13,WND,GWND_01,2030,ELC,797.52372
HDP,shungnak,electric,2045,summer,13,WND,GWND_01,2035,ELC,797.52372
HDP,shungnak,electric,2045,summer,13,WND,GWND_01,2040,ELC,227.77462
HDP,shungnak,electric,2045,summer,13,WND,GWND_01,2045,ELC,170.98725
HDP,shungnak,electric,2045,summer,14,ELC,EBATT_01,2035,ELC,23453.456
HDP,shungnak,electric,2045,summer,14,ELC,ELECT,2045,ELECD,14965.689
HDP,shungnak,electric,2045,summer,14,HYD,GHYD_01,2030,ELC,10853.623
HDP,shungnak,electric,2045,summer,14,SOL,GSOL_01,2025,ELC,7804.6301
HDP,shungnak,electric,2045,summer,14,SOL,GSOL_01,2030,ELC,10473.202
HDP,shungnak,electric,2045,summer,14,SOL,GSOL_01,2035,ELC,7125.0692
HDP,shungnak,electric,2045,summer,14,WND,GWND_01,2030,ELC,865.04862
HDP,shungnak,electric,2045,summer,14,WND,GWND_01,2035,ELC,865.04862
HDP,shungnak,electric,2045,summer,14,WND,GWND_01,2040,ELC,247.05988
HDP,shungnak,electric,2045,summer,14,WND,GWND_01,2045,ELC,185.46443
HDP,shungnak,electric,2045,summer,15,ELC,EBATT_01,2040,ELC,20082.761
HDP,shungnak,electric,2045,summer,15,ELC,ELECT,2045,ELECD,15572.406
HDP,shungnak,electric,2045,summer,15,HYD,GHYD_01,2030,ELC,10853.623
HDP,shungnak,electric,2045,summer,15,SOL,GSOL_01,2025,ELC,7031.1371
HDP,shungnak,electric,2045,summer,15,SOL,GSOL_01,2030,ELC,9435.2349
HDP,shungnak,electric,2045,summer,15,SOL,GSOL_01,2035,ELC,6418.9253
HDP,shungnak,electric,2045,summer,15,WND,GWND_01,2030,ELC,766.49877
HDP,shungnak,electric,2045,summer,15,WND,GWND_01,2035,ELC,766.49877
HDP,shungnak,electric,2045,summer,15,WND,GWND_01,2040,ELC,218.91382
HDP,shungnak,electric,2045,summer,15,WND,GWND_01,2045,ELC,164.33557
HDP,shungnak,electric,2045,summer,16,ELC,EBATT_01,2035,ELC,16118.542
HDP,shungnak,electric,2045,summer,16,ELC,ELECT,2030,ELECD,17392.558
HDP,shungnak,electric,2045,summer,16,HYD,GHYD_01,2030,ELC,10853.623
HDP,shungnak,electric,2045,summer,16,SOL,GSOL_01,2025,ELC,6480.342
HDP,shungnak,electric,2045,summer,16,SOL,GSOL_01,2030,ELC,8696.1111
HDP,shungnak,electric,2045,summer,16,SOL,GSOL_01,2035,ELC,5916.0888
HDP,shungnak,electric,2045,summer,16,WND,GWND_01,2030,ELC,625.974
HDP,shungnak,electric,2045,summer,16,WND,GWND_01,2035,ELC,625.974
HDP,shungnak,electric,2045,summer,16,WND,GWND_01,2040,ELC,178.77962
HDP,shungnak,electric,2045,summer,16,WND,GWND_01,2045,ELC,134.20738
HDP,shungnak,electric,2045,summer,17,ELC,EBATT_01,2045,ELC,12295.424
HDP,shungnak,electric,2045,summer,17,ELC,ELECT,2040,ELECD,17797.036
HDP,shungnak,electric,2045,summer,17,HYD,GHYD_01,2030,ELC,10853.623
HDP,shungnak,electric,2045,summer,17,SOL,GSOL_01,2025,ELC,5375.3519
HDP,shungnak,electric,2045,summer,17,SOL,GSOL_01,2030,ELC,7213.301
HDP,shungnak,electric,2045,summer,17,SOL,GSOL_01,2035,ELC,4907.3119
HDP,shungnak,electric,2045,summer,17,WND,GWND_01,2030,ELC,697.14888
HDP,shungnak,electric,2045,summer,17,WND,GWND_01,2035,ELC,697.14888
HDP,shungnak,electric,2045,summer,17,WND,GWND_01,2040,ELC,199.10733
HDP,shungnak,electric,2045,summer,17,WND,GWND_01,2045,ELC,149.46711
HDP,shungnak,electric,2045,summer,18,ELC,EBATT_01,2045,ELC,9667.2783
HDP,shungnak,electric,2045,summer,18,ELC,ELECT,2045,ELECD,15976.884
HDP,shungnak,electric,2045,summer,18,HYD,GHYD_01,2030,ELC,10853.623
HDP,shungnak,electric,2045,summer,18,SOL,GSOL_01,2025,ELC,3833.4657
HDP,shungnak,electric,2045,summer,18,SOL,GSOL_01,2030,ELC,5144.2105
HDP,shungnak,electric,2045,summer,18,SOL,GSOL_01,2035,ELC,3499.68
HDP,shungnak,electric,2045,summer,18,WND,GWND_01,2030,ELC,925.27352
HDP,shungnak,electric,2045,summer,18,WND,GWND_01,2035,ELC,925.27352
HDP,shungnak,electric,2045,summer,18,WND,GWND_01,2040,ELC,264.26025
HDP,shungnak,electric,2045,summer,18,WND,GWND_01,2045,ELC,198.37651
HDP,shungnak,electric,2045,summer,19,ELC,EBATT_01,2035,ELC,4550.2072
HDP,shungnak,electric,2045,summer,19,ELC,ELECT,2040,ELECD,15572.406
HDP,shungnak,electric,2045,summer,19,HYD,GHYD_01,2030,ELC,10853.623
HDP,shungnak,electric,2045,summer,19,SOL,GSOL_01,2025,ELC,2233.78
HDP,shungnak,electric,2045,summer,19,SOL,GSOL_01,2030,ELC,2997.5577
HDP,shungnak,electric,2045,summer,19,SOL,GSOL_01,2035,ELC,2039.2814
HDP,shungnak,electric,2045,summer,19,WND,GWND_01,2030,ELC,799.34872
HDP,shungnak,electric,2045,summer,19,WND,GWND_01,2035,ELC,799.34872
HDP,shungnak,electric,2045,summer,19,WND,GWND_01,2040,ELC,228.29584
HDP,shungnak,electric,2045,summer,19,WND,GWND_01,2045,ELC,171.37852
HDP,shungnak,electric,2045,summer,2,ELC,EBATT_01,2035,ELC,853.03727
HDP,shungnak,electric,2045,summer,2,ELC,ELECT,2030,ELECD,12336.582
HDP,shungnak,electric,2045,summer,2,HYD,GHYD_01,2030,ELC,10853.623
HDP,shungnak,electric,2045,summer,2,WND,GWND_01,2030,ELC,934.3985
HDP,shungnak,electric,2045,summer,2,WND,GWND_01,2035,ELC,934.3985
HDP,shungnak,electric,2045,summer,2,WND,GWND_01,2040,ELC,266.86637
HDP,shungnak,electric,2045,summer,2,WND,GWND_01,2045,ELC,200.33288
HDP,shungnak,electric,2045,summer,20,ELC,EBATT_01,2040,ELC,1513.0686
HDP,shungnak,electric,2045,summer,20,ELC,ELECT,2040,ELECD,15572.406
HDP,shungnak,electric,2045,summer,20,HYD,GHYD_01,2030,ELC,10853.623
HDP,shungnak,electric,2045,summer,20,SOL,GSOL_01,2025,ELC,1157.6896
HDP,shungnak,electric,2045,summer,20,SOL,GSOL_01,2030,ELC,1553.5288
HDP,shungnak,electric,2045,summer,20,SOL,GSOL_01,2035,ELC,1056.8879
HDP,shungnak,electric,2045,summer,20,WND,GWND_01,2030,ELC,985.49842
HDP,shungnak,electric,2045,summer,20,WND,GWND_01,2035,ELC,985.49842
HDP,shungnak,electric,2045,summer,20,WND,GWND_01,2040,ELC,281.46062
HDP,shungnak,electric,2045,summer,20,WND,GWND_01,2045,ELC,211.28859
HDP,shungnak,electric,2045,summer,21,ELC,EBATT_01,2045,ELC,1759.5606
HDP,shungnak,electric,2045,summer,21,ELC,ELECT,2045,ELECD,14358.972
HDP,shungnak,electric,2045,summer,21,HYD,GHYD_01,2030,ELC,10853.623
HDP,shungnak,electric,2045,summer,21,SOL,GSOL_01,2025,ELC,526.99528
HDP,shungnak,electric,2045,summer,21,SOL,GSOL_01,2030,ELC,707.18637
HDP,shungnak,electric,2045,summer,21,SOL,GSOL_01,2035,ELC,481.10901
HDP,shungnak,electric,2045,summer,21,WND,GWND_01,2030,ELC,1419.8477
HDP,shungnak,electric,2045,summer,21,WND,GWND_01,2035,ELC,1419.8477
HDP,shungnak,electric,2045,summer,21,WND,GWND_01,2040,ELC,405.51179
HDP,shungnak,electric,2045,summer,21,WND,GWND_01,2045,ELC,304.41208
HDP,shungnak,electric,2045,summer,22,ELC,EBATT_01,2035,ELC,992.29013
HDP,shungnak,electric,2045,summer,22,ELC,ELECT,2030,ELECD,14358.972
HDP,shungnak,electric,2045,summer,22,HYD,GHYD_01,2030,ELC,10853.623
HDP,shungnak,electric,2045,summer,22,SOL,GSOL_01,2025,ELC,317.89715
HDP,shungnak,electric,2045,summer,22,SOL,GSOL_01,2030,ELC,426.59307
HDP,shungnak,electric,2045,summer,22,SOL,GSOL_01,2035,ELC,290.21737
HDP,shungnak,electric,2045,summer,22,WND,GWND_01,2030,ELC,1385.1728
HDP,shungnak,electric,2045,summer,22,WND,GWND_01,2035,ELC,1385.1728
HDP,shungnak,electric,2045,summer,22,WND,GWND_01,2040,ELC,395.60854
HDP,shungnak,electric,2045,summer,22,WND,GWND_01,2045,ELC,296.97785
HDP,shungnak,electric,2045,summer,23,ELC,EBATT_01,2035,ELC,801.77181
HDP,shungnak,electric,2045,summer,23,ELC,ELECT,2040,ELECD,14156.733
HDP,shungnak,electric,2045,summer,23,HYD,GHYD_01,2030,ELC,10853.623
HDP,shungnak,electric,2045,summer,23,SOL,GSOL_01,2025,ELC,93.499163
HDP,shungnak,electric,2045,summer,23,SOL,GSOL_01,2030,ELC,125.46855
HDP,shungnak,electric,2045,summer,23,SOL,GSOL_01,2035,ELC,85.35805
HDP,shungnak,electric,2045,summer,23,WND,GWND_01,2030,ELC,1520.2226
HDP,shungnak,electric,2045,summer,23,WND,GWND_01,2035,ELC,1520.2226
HDP,shungnak,electric,2045,summer,23,WND,GWND_01,2040,ELC,434.17907
HDP,shungnak,electric,2045,summer,23,WND,GWND_01,2045,ELC,325.93221
HDP,shungnak,electric,2045,summer,3,ELC,EBATT_01,2035,ELC,2061.4538
HDP,shungnak,electric,2045,summer,3,ELC,ELECT,2040,ELECD,11527.625
HDP,shungnak,electric,2045,summer,3,HYD,GHYD_01,2030,ELC,10853.623
HDP,shungnak,electric,2045,summer,3,SOL,GSOL_01,2025,ELC,20.399817
HDP,shungnak,electric,2045,summer,3,SOL,GSOL_01,2030,ELC,27.374956
HDP,shungnak,electric,2045,summer,3,SOL,GSOL_01,2035,ELC,18.623574
HDP,shungnak,electric,2045,summer,3,WND,GWND_01,2030,ELC,1067.6233
HDP,shungnak,electric,2045,summer,3,WND,GWND_01,2035,ELC,1067.6233
HDP,shungnak,electric,2045,summer,3,WND,GWND_01,2040,ELC,304.91568
HDP,shungnak,electric,2045,summer,3,WND,GWND_01,2045,ELC,228.89597
HDP,shungnak,electric,2045,summer,4,ELC,EBATT_01,2035,ELC,2682.6629
HDP,shungnak,electric,2045,summer,4,ELC,ELECT,2030,ELECD,11325.386
HDP,shungnak,electric,2045,summer,4,HYD,GHYD_01,2030,ELC,10853.623
HDP,shungnak,electric,2045,summer,4,SOL,GSOL_01,2025,ELC,130.89883
HDP,shungnak,electric,2045,summer,4,SOL,GSOL_01,2030,ELC,175.65597
HDP,shungnak,electric,2045,summer,4,SOL,GSOL_01,2035,ELC,119.50127
HDP,shungnak,electric,2045,summer,4,WND,GWND_01,2030,ELC,1091.3483
HDP,shungnak,electric,2045,summer,4,WND,GWND_01,2035,ELC,1091.3483
HDP,shungnak,electric,2045,summer,4,WND,GWND_01,2040,ELC,311.69158
HDP,shungnak,electric,2045,summer,4,WND,GWND_01,2045,ELC,233.98255
HDP,shungnak,electric,2045,summer,5,ELC,EBATT_01,2045,ELC,3181.4279
HDP,shungnak,electric,2045,summer,5,ELC,ELECT,2040,ELECD,11325.386
HDP,shungnak,electric,2045,summer,5,HYD,GHYD_01,2030,ELC,10853.623
HDP,shungnak,electric,2045,summer,5,SOL,GSOL_01,2025,ELC,253.29773
HDP,shungnak,electric,2045,summer,5,SOL,GSOL_01,2030,ELC,339.90571
HDP,shungnak,electric,2045,summer,5,SOL,GSOL_01,2035,ELC,231.24272
HDP,shungnak,electric,2045,summer,5,WND,GWND_01,2030,ELC,1131.4982
HDP,shungnak,electric,2045,summer,5,WND,GWND_01,2035,ELC,1131.4982
HDP,shungnak,electric,2045,summer,5,WND,GWND_01,2040,ELC,323.15849
HDP,shungnak,electric,2045,summer,5,WND,GWND_01,2045,ELC,242.5906
HDP,shungnak,electric,2045,summer,6,ELC,EBATT_01,2035,ELC,3347.574
HDP,shungnak,electric,2045,summer,6,ELC,ELECT,2045,ELECD,12134.343
HDP,shungnak,electric,2045,summer,6,HYD,GHYD_01,2030,ELC,10853.623
HDP,shungnak,electric,2045,summer,6,SOL,GSOL_01,2025,ELC,642.59425
HDP,shungnak,electric,2045,summer,6,SOL,GSOL_01,2030,ELC,862.31112
HDP,shungnak,electric,2045,summer,6,SOL,GSOL_01,2035,ELC,586.6426
HDP,shungnak,electric,2045,summer,6,WND,GWND_01,2030,ELC,1014.6984
HDP,shungnak,electric,2045,summer,6,WND,GWND_01,2035,ELC,1014.6984
HDP,shungnak,electric,2045,summer,6,WND,GWND_01,2040,ELC,289.8002
HDP,shungnak,electric,2045,summer,6,WND,GWND_01,2045,ELC,217.54899
HDP,shungnak,electric,2045,summer,7,ELC,EBATT_01,2040,ELC,5632.4547
HDP,shungnak,electric,2045,summer,7,ELC,ELECT,2040,ELECD,12336.582
HDP,shungnak,electric,2045,summer,7,HYD,GHYD_01,2030,ELC,10853.623
HDP,shungnak,electric,2045,summer,7,SOL,GSOL_01,2025,ELC,1538.4862
HDP,shungnak,electric,2045,summer,7,SOL,GSOL_01,2030,ELC,2064.5279
HDP,shungnak,electric,2045,summer,7,SOL,GSOL_01,2035,ELC,1404.5279
HDP,shungnak,electric,2045,summer,7,WND,GWND_01,2030,ELC,843.14865
HDP,shungnak,electric,2045,summer,7,WND,GWND_01,2035,ELC,843.14865
HDP,shungnak,electric,2045,summer,7,WND,GWND_01,2040,ELC,240.8052
HDP,shungnak,electric,2045,summer,7,WND,GWND_01,2045,ELC,180.76912
HDP,shungnak,electric,2045,summer,8,ELC,EBATT_01,2040,ELC,9067.9792
HDP,shungnak,electric,2045,summer,8,ELC,EBATT_01,2045,ELC,1022.1237
HDP,shungnak,electric,2045,summer,8,ELC,ELECT,2030,ELECD,12741.06
HDP,shungnak,electric,2045,summer,8,HYD,GHYD_01,2030,ELC,10853.623
HDP,shungnak,electric,2045,summer,8,SOL,GSOL_01,2025,ELC,3014.073
HDP,shungnak,electric,2045,summer,8,SOL,GSOL_01,2030,ELC,4044.6498
HDP,shungnak,electric,2045,summer,8,SOL,GSOL_01,2035,ELC,2751.6331
HDP,shungnak,electric,2045,summer,8,WND,GWND_01,2030,ELC,866.87361
HDP,shungnak,electric,2045,summer,8,WND,GWND_01,2035,ELC,866.87361
HDP,shungnak,electric,2045,summer,8,WND,GWND_01,2040,ELC,247.5811
HDP,shungnak,electric,2045,summer,8,WND,GWND_01,2045,ELC,185.8557
HDP,shungnak,electric,2045,summer,9,ELC,EBATT_01,2040,ELC,13139.794
HDP,shungnak,electric,2045,summer,9,ELC,ELECT,2045,ELECD,13145.538
HDP,shungnak,electric,2045,summer,9,HYD,GHYD_01,2030,ELC,10853.623
HDP,shungnak,electric,2045,summer,9,SOL,GSOL_01,2025,ELC,4117.3631
HDP,shungnak,electric,2045,summer,9,SOL,GSOL_01,2030,ELC,5525.1787
HDP,shungnak,electric,2045,summer,9,SOL,GSOL_01,2035,ELC,3758.8581
HDP,shungnak,electric,2045,summer,9,WND,GWND_01,2030,ELC,812.1237
HDP,shungnak,electric,2045,summer,9,WND,GWND_01,2035,ELC,812.1237
HDP,shungnak,electric,2045,summer,9,WND,GWND_01,2040,ELC,231.9444
HDP,shungnak,electric,2045,summer,9,WND,GWND_01,2045,ELC,174.11745
HDP,shungnak,electric,2045,winter,0,ELC,ELECT,2045,ELECD,23055.251
HDP,shungnak,electric,2045,winter,0,HYD,GHYD_01,2030,ELC,1011.7784
HDP,shungnak,electric,2045,winter,0,WND,GWND_01,2030,ELC,5513.3162
HDP,shungnak,electric,2045,winter,0,WND,GWND_01,2035,ELC,5513.3162
HDP,shungnak,electric,2045,winter,0,WND,GWND_01,2040,ELC,1574.6158
HDP,shungnak,electric,2045,winter,0,WND,GWND_01,2045,ELC,1182.0423
HDP,shungnak,electric,2045,winter,1,ELC,ELECT,2040,ELECD,22853.012
HDP,shungnak,electric,2045,winter,1,HYD,GHYD_01,2030,ELC,1011.7784
HDP,shungnak,electric,2045,winter,1,WND,GWND_01,2030,ELC,5620.991
HDP,shungnak,electric,2045,winter,1,WND,GWND_01,2035,ELC,5620.991
HDP,shungnak,electric,2045,winter,1,WND,GWND_01,2040,ELC,1605.368
HDP,shungnak,electric,2045,winter,1,WND,GWND_01,2045,ELC,1205.1275
HDP,shungnak,electric,2045,winter,10,ELC,ELECT,2035,ELECD,29324.661
HDP,shungnak,electric,2045,winter,10,HYD,GHYD_01,2030,ELC,1011.7784
HDP,shungnak,electric,2045,winter,10,SOL,GSOL_01,2025,ELC,193.79826
HDP,shungnak,electric,2045,winter,10,SOL,GSOL_01,2030,ELC,260.06208
HDP,shungnak,electric,2045,winter,10,SOL,GSOL_01,2035,ELC,176.92396
HDP,shungnak,electric,2045,winter,10,WND,GWND_01,2030,ELC,5449.4413
HDP,shungnak,electric,2045,winter,10,WND,GWND_01,2035,ELC,5449.4413
HDP,shungnak,electric,2045,winter,10,WND,GWND_01,2040,ELC,1556.373
HDP,shungnak,electric,2045,winter,10,WND,GWND_01,2045,ELC,1168.3476
HDP,shungnak,electric,2045,winter,11,ELC,ELECT,2045,ELECD,30335.856
HDP,shungnak,electric,2045,winter,11,HYD,GHYD_01,2030,ELC,1011.7784
HDP,shungnak,electric,2045,winter,11,SOL,GSOL_01,2025,ELC,657.89411
HDP,shungnak,electric,2045,winter,11,SOL,GSOL_01,2030,ELC,882.84234
HDP,shungnak,electric,2045,winter,11,SOL,GSOL_01,2035,ELC,600.61028
HDP,shungnak,electric,2045,winter,11,WND,GWND_01,2030,ELC,5442.1413
HDP,shungnak,electric,2045,winter,11,WND,GWND_01,2035,ELC,5442.1413
HDP,shungnak,electric,2045,winter,11,WND,GWND_01,2040,ELC,1554.2881
HDP,shungnak,electric,2045,winter,11,WND,GWND_01,2045,ELC,1166.7825
HDP,shungnak,electric,2045,winter,12,ELC,ELECT,2045,ELECD,29931.378
HDP,shungnak,electric,2045,winter,12,HYD,GHYD_01,2030,ELC,1011.7784
HDP,shungnak,electric,2045,winter,12,SOL,GSOL_01,2025,ELC,1164.4896
HDP,shungnak,electric,2045,winter,12,SOL,GSOL_01,2030,ELC,1562.6537
HDP,shungnak,electric,2045,winter,12,SOL,GSOL_01,2035,ELC,1063.0957
HDP,shungnak,electric,2045,winter,12,WND,GWND_01,2030,ELC,5662.9659
HDP,shungnak,electric,2045,winter,12,WND,GWND_01,2035,ELC,5662.9659
HDP,shungnak,electric,2045,winter,12,WND,GWND_01,2040,ELC,1617.3561
HDP,shungnak,electric,2045,winter,12,WND,GWND_01,2045,ELC,1214.1268
HDP,shungnak,electric,2045,winter,13,ELC,ELECT,2035,ELECD,29122.422
HDP,shungnak,electric,2045,winter,13,HYD,GHYD_01,2030,ELC,1011.7784
HDP,shungnak,electric,2045,winter,13,SOL,GSOL_01,2025,ELC,1497.6866
HDP,shungnak,electric,2045,winter,13,SOL,GSOL_01,2030,ELC,2009.778
HDP,shungnak,electric,2045,winter,13,SOL,GSOL_01,2035,ELC,1367.2808
HDP,shungnak,electric,2045,winter,13,WND,GWND_01,2030,ELC,5902.0406
HDP,shungnak,electric,2045,winter,13,WND,GWND_01,2035,ELC,5902.0406
HDP,shungnak,electric,2045,winter,13,WND,GWND_01,2040,ELC,1685.6364
HDP,shungnak,electric,2045,winter,13,WND,GWND_01,2045,ELC,1265.3839
HDP,shungnak,electric,2045,winter,14,ELC,ELECT,2045,ELECD,28920.183
HDP,shungnak,electric,2045,winter,14,HYD,GHYD_01,2030,ELC,1011.7784
HDP,shungnak,electric,2045,winter,14,SOL,GSOL_01,2025,ELC,1497.6866
HDP,shungnak,electric,2045,winter,14,SOL,GSOL_01,2030,ELC,2009.778
HDP,shungnak,electric,2045,winter,14,SOL,GSOL_01,2035,ELC,1367.2808
HDP,shungnak,electric,2045,winter,14,WND,GWND_01,2030,ELC,5761.5158
HDP,shungnak,electric,2045,winter,14,WND,GWND_01,2035,ELC,5761.5158
HDP,shungnak,electric,2045,winter,14,WND,GWND_01,2040,ELC,1645.5022
HDP,shungnak,electric,2045,winter,14,WND,GWND_01,2045,ELC,1235.2557
HDP,shungnak,electric,2045,winter,15,ELC,ELECT,2035,ELECD,27504.51
HDP,shungnak,electric,2045,winter,15,HYD,GHYD_01,2030,ELC,1011.7784
HDP,shungnak,electric,2045,winter,15,SOL,GSOL_01,2025,ELC,1106.6901
HDP,shungnak,electric,2045,winter,15,SOL,GSOL_01,2030,ELC,1485.0914
HDP,shungnak,electric,2045,winter,15,SOL,GSOL_01,2035,ELC,1010.3289
HDP,shungnak,electric,2045,winter,15,WND,GWND_01,2030,ELC,5883.7906
HDP,shungnak,electric,2045,winter,15,WND,GWND_01,2035,ELC,5883.7906
HDP,shungnak,electric,2045,winter,15,WND,GWND_01,2040,ELC,1680.4242
HDP,shungnak,electric,2045,winter,15,WND,GWND_01,2045,ELC,1261.4711
HDP,shungnak,electric,2045,winter,16,ELC,ELECT,2040,ELECD,28920.183
HDP,shungnak,electric,2045,winter,16,HYD,GHYD_01,2030,ELC,1011.7784
HDP,shungnak,electric,2045,winter,16,SOL,GSOL_01,2025,ELC,600.09463
HDP,shungnak,electric,2045,winter,16,SOL,GSOL_01,2030,ELC,805.27996
HDP,shungnak,electric,2045,winter,16,SOL,GSOL_01,2035,ELC,547.84348
HDP,shungnak,electric,2045,winter,16,WND,GWND_01,2030,ELC,5798.0157
HDP,shungnak,electric,2045,winter,16,WND,GWND_01,2035,ELC,5798.0157
HDP,shungnak,electric,2045,winter,16,WND,GWND_01,2040,ELC,1655.9267
HDP,shungnak,electric,2045,winter,16,WND,GWND_01,2045,ELC,1243.0812
HDP,shungnak,electric,2045,winter,17,ELC,ELECT,2040,ELECD,31144.813
HDP,shungnak,electric,2045,winter,17,HYD,GHYD_01,2030,ELC,1011.7784
HDP,shungnak,electric,2045,winter,17,SOL,GSOL_01,2025,ELC,156.3986
HDP,shungnak,electric,2045,winter,17,SOL,GSOL_01,2030,ELC,209.87466
HDP,shungnak,electric,2045,winter,17,SOL,GSOL_01,2035,ELC,142.78074
HDP,shungnak,electric,2045,winter,17,WND,GWND_01,2030,ELC,5662.9659
HDP,shungnak,electric,2045,winter,17,WND,GWND_01,2035,ELC,5662.9659
HDP,shungnak,electric,2045,winter,17,WND,GWND_01,2040,ELC,1617.3561
HDP,shungnak,electric,2045,winter,17,WND,GWND_01,2045,ELC,1214.1268
HDP,shungnak,electric,2045,winter,18,ELC,ELECT,2045,ELECD,31347.052
HDP,shungnak,electric,2045,winter,18,HYD,GHYD_01,2030,ELC,1011.7784
HDP,shungnak,electric,2045,winter,18,SOL,GSOL_01,2025,ELC,3.3999696
HDP,shungnak,electric,2045,winter,18,SOL,GSOL_01,2030,ELC,4.5624927
HDP,shungnak,electric,2045,winter,18,SOL,GSOL_01,2035,ELC,3.1039291
HDP,shungnak,electric,2045,winter,18,WND,GWND_01,2030,ELC,5602.741
HDP,shungnak,electric,2045,winter,18,WND,GWND_01,2035,ELC,5602.741
HDP,shungnak,electric,2045,winter,18,WND,GWND_01,2040,ELC,1600.1558
HDP,shungnak,electric,2045,winter,18,WND,GWND_01,2045,ELC,1201.2147
HDP,shungnak,electric,2045,winter,19,ELC,ELECT,2045,ELECD,27302.271
HDP,shungnak,electric,2045,winter,19,HYD,GHYD_01,2030,ELC,1011.7784
HDP,shungnak,electric,2045,winter,19,WND,GWND_01,2030,ELC,5679.3909
HDP,shungnak,electric,2045,winter,19,WND,GWND_01,2035,ELC,5679.3909
HDP,shungnak,electric,2045,winter,19,WND,GWND_01,2040,ELC,1622.0472
HDP,shungnak,electric,2045,winter,19,WND,GWND_01,2045,ELC,1217.6483
HDP,shungnak,electric,2045,winter,2,ELC,ELECT,2045,ELECD,23055.251
HDP,shungnak,electric,2045,winter,2,HYD,GHYD_01,2030,ELC,1011.7784
HDP,shungnak,electric,2045,winter,2,WND,GWND_01,2030,ELC,5422.0663
HDP,shungnak,electric,2045,winter,2,WND,GWND_01,2035,ELC,5422.0663
HDP,shungnak,electric,2045,winter,2,WND,GWND_01,2040,ELC,1548.5547
HDP,shungnak,electric,2045,winter,2,WND,GWND_01,2045,ELC,1162.4785
HDP,shungnak,electric,2045,winter,20,ELC,ELECT,2045,ELECD,27504.51
HDP,shungnak,electric,2045,winter,20,HYD,GHYD_01,2030,ELC,1011.7784
HDP,shungnak,electric,2045,winter,20,WND,GWND_01,2030,ELC,5739.6158
HDP,shungnak,electric,2045,winter,20,WND,GWND_01,2035,ELC,5739.6158
HDP,shungnak,electric,2045,winter,20,WND,GWND_01,2040,ELC,1639.2475
HDP,shungnak,electric,2045,winter,20,WND,GWND_01,2045,ELC,1230.5604
HDP,shungnak,electric,2045,winter,21,ELC,ELECT,2045,ELECD,26088.837
HDP,shungnak,electric,2045,winter,21,HYD,GHYD_01,2030,ELC,1011.7784
HDP,shungnak,electric,2045,winter,21,WND,GWND_01,2030,ELC,6015.1904
HDP,shungnak,electric,2045,winter,21,WND,GWND_01,2035,ELC,6015.1904
HDP,shungnak,electric,2045,winter,21,WND,GWND_01,2040,ELC,1717.9523
HDP,shungnak,electric,2045,winter,21,WND,GWND_01,2045,ELC,1289.6429
HDP,shungnak,electric,2045,winter,22,ELC,ELECT,2035,ELECD,25077.641
HDP,shungnak,electric,2045,winter,22,HYD,GHYD_01,2030,ELC,1011.7784
HDP,shungnak,electric,2045,winter,22,WND,GWND_01,2030,ELC,6048.0403
HDP,shungnak,electric,2045,winter,22,WND,GWND_01,2035,ELC,6048.0403
HDP,shungnak,electric,2045,winter,22,WND,GWND_01,2040,ELC,1727.3343
HDP,shungnak,electric,2045,winter,22,WND,GWND_01,2045,ELC,1296.6859
HDP,shungnak,electric,2045,winter,23,ELC,ELECT,2045,ELECD,22650.773
HDP,shungnak,electric,2045,winter,23,HYD,GHYD_01,2030,ELC,1011.7784
HDP,shungnak,electric,2045,winter,23,WND,GWND_01,2030,ELC,5719.5408
HDP,shungnak,electric,2045,winter,23,WND,GWND_01,2035,ELC,5719.5408
HDP,shungnak,electric,2045,winter,23,WND,GWND_01,2040,ELC,1633.5141
HDP,shungnak,electric,2045,winter,23,WND,GWND_01,2045,ELC,1226.2564
HDP,shungnak,electric,2045,winter,3,ELC,ELECT,2040,ELECD,21841.817
HDP,shungnak,electric,2045,winter,3,HYD,GHYD_01,2030,ELC,1011.7784
HDP,shungnak,electric,2045,winter,3,WND,GWND_01,2030,ELC,5141.0168
HDP,shungnak,electric,2045,winter,3,WND,GWND_01,2035,ELC,5141.0168
HDP,shungnak,electric,2045,winter,3,WND,GWND_01,2040,ELC,1468.2863
HDP,shungnak,electric,2045,winter,3,WND,GWND_01,2045,ELC,1102.2221
HDP,shungnak,electric,2045,winter,4,ELC,ELECT,2045,ELECD,21032.86
HDP,shungnak,electric,2045,winter,4,HYD,GHYD_01,2030,ELC,1011.7784
HDP,shungnak,electric,2045,winter,4,WND,GWND_01,2030,ELC,5040.6419
HDP,shungnak,electric,2045,winter,4,WND,GWND_01,2035,ELC,5040.6419
HDP,shungnak,electric,2045,winter,4,WND,GWND_01,2040,ELC,1439.619
HDP,shungnak,electric,2045,winter,4,WND,GWND_01,2045,ELC,1080.702
HDP,shungnak,electric,2045,winter,5,ELC,ELECT,2030,ELECD,21235.1
HDP,shungnak,electric,2045,winter,5,HYD,GHYD_01,2030,ELC,1011.7784
HDP,shungnak,electric,2045,winter,5,WND,GWND_01,2030,ELC,5153.7918
HDP,shungnak,electric,2045,winter,5,WND,GWND_01,2035,ELC,5153.7918
HDP,shungnak,electric,2045,winter,5,WND,GWND_01,2040,ELC,1471.9348
HDP,shungnak,electric,2045,winter,5,WND,GWND_01,2045,ELC,1104.9611
HDP,shungnak,electric,2045,winter,6,ELC,ELECT,2030,ELECD,21639.578
HDP,shungnak,electric,2045,winter,6,HYD,GHYD_01,2030,ELC,1011.7784
HDP,shungnak,electric,2045,winter,6,WND,GWND_01,2030,ELC,5193.9417
HDP,shungnak,electric,2045,winter,6,WND,GWND_01,2035,ELC,5193.9417
HDP,shungnak,electric,2045,winter,6,WND,GWND_01,2040,ELC,1483.4017
HDP,shungnak,electric,2045,winter,6,WND,GWND_01,2045,ELC,1113.5691
HDP,shungnak,electric,2045,winter,7,ELC,ELECT,2035,ELECD,21235.1
HDP,shungnak,electric,2045,winter,7,HYD,GHYD_01,2030,ELC,1011.7784
HDP,shungnak,electric,2045,winter,7,WND,GWND_01,2030,ELC,5254.1666
HDP,shungnak,electric,2045,winter,7,WND,GWND_01,2035,ELC,5254.1666
HDP,shungnak,electric,2045,winter,7,WND,GWND_01,2040,ELC,1500.6021
HDP,shungnak,electric,2045,winter,7,WND,GWND_01,2045,ELC,1126.4812
HDP,shungnak,electric,2045,winter,8,ELC,ELECT,2035,ELECD,23257.49
HDP,shungnak,electric,2045,winter,8,HYD,GHYD_01,2030,ELC,1011.7784
HDP,shungnak,electric,2045,winter,8,WND,GWND_01,2030,ELC,5343.5915
HDP,shungnak,electric,2045,winter,8,WND,GWND_01,2035,ELC,5343.5915
HDP,shungnak,electric,2045,winter,8,WND,GWND_01,2040,ELC,1526.1421
HDP,shungnak,electric,2045,winter,8,WND,GWND_01,2045,ELC,1145.6537
HDP,shungnak,electric,2045,winter,9,ELC,ELECT,2035,ELECD,27504.51
HDP,shungnak,electric,2045,winter,9,HYD,GHYD_01,2030,ELC,1011.7784
HDP,shungnak,electric,2045,winter,9,WND,GWND_01,2030,ELC,5706.7659
HDP,shungnak,electric,2045,winter,9,WND,GWND_01,2035,ELC,5706.7659
HDP,shungnak,electric,2045,winter,9,WND,GWND_01,2040,ELC,1629.8655
HDP,shungnak,electric,2045,winter,9,WND,GWND_01,2045,ELC,1223.5174
HDP,shungnak,supply,2030,fall,0,ethos,IMP_HYD,2025,HYD,6057.5303
HDP,shungnak,supply,2030,fall,0,ethos,IMP_WND,2025,WND,5398.3414
HDP,shungnak,supply,2030,fall,1,ethos,IMP_HYD,2025,HYD,6057.5303
HDP,shungnak,supply,2030,fall,1,ethos,IMP_WND,2030,WND,5522.4412
HDP,shungnak,supply,2030,fall,10,ethos,IMP_HYD,2030,HYD,6057.5303
HDP,shungnak,supply,2030,fall,10,ethos,IMP_SOL,2025,SOL,3133.2289
HDP,shungnak,supply,2030,fall,10,ethos,IMP_WND,2030,WND,5239.5666
HDP,shungnak,supply,2030,fall,11,ethos,IMP_HYD,2025,HYD,6057.5303
HDP,shungnak,supply,2030,fall,11,ethos,IMP_SOL,2025,SOL,5677.2356
HDP,shungnak,supply,2030,fall,11,ethos,IMP_WND,2030,WND,5190.2917
HDP,shungnak,supply,2030,fall,12,ethos,IMP_HYD,2025,HYD,6057.5303
HDP,shungnak,supply,2030,fall,12,ethos,IMP_SOL,2025,SOL,7006.9668
HDP,shungnak,supply,2030,fall,12,ethos,IMP_WND,2025,WND,5217.6667
HDP,shungnak,supply,2030,fall,13,ethos,IMP_HYD,2025,HYD,6057.5303
HDP,shungnak,supply,2030,fall,13,ethos,IMP_SOL,2025,SOL,7711.6447
HDP,shungnak,supply,2030,fall,13,ethos,IMP_WND,2025,WND,5188.4667
HDP,shungnak,supply,2030,fall,14,ethos,IMP_HYD,2030,HYD,6057.5303
HDP,shungnak,supply,2030,fall,14,ethos,IMP_SOL,2030,SOL,7281.6717
HDP,shungnak,supply,2030,fall,14,ethos,IMP_WND,2025,WND,5259.6416
HDP,shungnak,supply,2030,fall,15,ethos,IMP_HYD,2025,HYD,6057.5303
HDP,shungnak,supply,2030,fall,15,ethos,IMP_SOL,2025,SOL,6075.3587
HDP,shungnak,supply,2030,fall,15,ethos,IMP_WND,2030,WND,5137.3668
HDP,shungnak,supply,2030,fall,16,ethos,IMP_HYD,2030,HYD,6057.5303
HDP,shungnak,supply,2030,fall,16,ethos,IMP_SOL,2025,SOL,4192.2364
HDP,shungnak,supply,2030,fall,16,ethos,IMP_WND,2025,WND,5423.8913
HDP,shungnak,supply,2030,fall,17,ethos,IMP_HYD,2030,HYD,6057.5303
HDP,shungnak,supply,2030,fall,17,ethos,IMP_SOL,2025,SOL,2118.015
HDP,shungnak,supply,2030,fall,17,ethos,IMP_WND,2025,WND,5471.3412
HDP,shungnak,supply,2030,fall,18,ethos,IMP_HYD,2030,HYD,6057.5303
HDP,shungnak,supply,2030,fall,18,ethos,IMP_SOL,2025,SOL,744.49022
HDP,shungnak,supply,2030,fall,18,ethos,IMP_WND,2025,WND,5206.7167
HDP,shungnak,supply,2030,fall,19,ethos,IMP_HYD,2030,HYD,6057.5303
HDP,shungnak,supply,2030,fall,19,ethos,IMP_SOL,2030,SOL,183.13663
HDP,shungnak,supply,2030,fall,19,ethos,IMP_WND,2025,WND,5146.4918
HDP,shungnak,supply,2030,fall,2,ethos,IMP_HYD,2025,HYD,6057.5303
HDP,shungnak,supply,2030,fall,2,ethos,IMP_WND,2030,WND,5560.7661
HDP,shungnak,supply,2030,fall,20,ethos,IMP_HYD,2030,HYD,6057.5303
HDP,shungnak,supply,2030,fall,20,ethos,IMP_SOL,2030,SOL,11.943693
HDP,shungnak,supply,2030,fall,20,ethos,IMP_WND,2030,WND,5210.3667
HDP,shungnak,supply,2030,fall,21,ethos,IMP_HYD,2025,HYD,6057.5303
HDP,shungnak,supply,2030,fall,21,ethos,IMP_WND,2025,WND,4982.242
HDP,shungnak,supply,2030,fall,22,ethos,IMP_HYD,2025,HYD,6057.5303
HDP,shungnak,supply,2030,fall,22,ethos,IMP_WND,2025,WND,5305.2665
HDP,shungnak,supply,2030,fall,23,ethos,IMP_HYD,2025,HYD,6057.5303
HDP,shungnak,supply,2030,fall,23,ethos,IMP_WND,2030,WND,5203.0667
HDP,shungnak,supply,2030,fall,3,ethos,IMP_HYD,2030,HYD,6057.5303
HDP,shungnak,supply,2030,fall,3,ethos,IMP_WND,2030,WND,5485.9412
HDP,shungnak,supply,2030,fall,4,ethos,IMP_HYD,2025,HYD,6057.5303
HDP,shungnak,supply,2030,fall,4,ethos,IMP_WND,2030,WND,5330.8165
HDP,shungnak,supply,2030,fall,5,ethos,IMP_HYD,2030,HYD,6057.5303
HDP,shungnak,supply,2030,fall,5,ethos,IMP_WND,2025,WND,5516.9662
HDP,shungnak,supply,2030,fall,6,ethos,IMP_HYD,2030,HYD,6057.5303
HDP,shungnak,supply,2030,fall,6,ethos,IMP_WND,2030,WND,5418.4163
HDP,shungnak,supply,2030,fall,7,ethos,IMP_HYD,2025,HYD,6057.5303
HDP,shungnak,supply,2030,fall,7,ethos,IMP_SOL,2025,SOL,71.66216
HDP,shungnak,supply,2030,fall,7,ethos,IMP_WND,2025,WND,5401.9914
HDP,shungnak,supply,2030,fall,8,ethos,IMP_HYD,2025,HYD,6057.5303
HDP,shungnak,supply,2030,fall,8,ethos,IMP_SOL,2030,SOL,692.73422
HDP,shungnak,supply,2030,fall,8,ethos,IMP_WND,2030,WND,5518.7912
HDP,shungnak,supply,2030,fall,9,ethos,IMP_HYD,2025,HYD,6057.5303
HDP,shungnak,supply,2030,fall,9,ethos,IMP_SOL,2030,SOL,1477.0367
HDP,shungnak,supply,2030,fall,9,ethos,IMP_WND,2030,WND,5310.7415
HDP,shungnak,supply,2030,spring,0,ethos,IMP_DSL,2025,DSL,10631.198
HDP,shungnak,supply,2030,spring,0,ethos,IMP_HYD,2030,HYD,4270.4932
HDP,shungnak,supply,2030,spring,0,ethos,IMP_WND,2025,WND,5044.2919
HDP,shungnak,supply,2030,spring,1,ethos,IMP_DSL,2030,DSL,19280.964
HDP,shungnak,supply,2030,spring,1,ethos,IMP_HYD,2030,HYD,4270.4932
HDP,shungnak,supply,2030,spring,1,ethos,IMP_WND,2025,WND,5026.042
HDP,shungnak,supply,2030,spring,10,ethos,IMP_HYD,2025,HYD,4270.4932
HDP,shungnak,supply,2030,spring,10,ethos,IMP_SOL,2025,SOL,14133.371
HDP,shungnak,supply,2030,spring,10,ethos,IMP_WND,2030,WND,5004.142
HDP,shungnak,supply,2030,spring,11,ethos,IMP_HYD,2025,HYD,4270.4932
HDP,shungnak,supply,2030,spring,11,ethos,IMP_SOL,2025,SOL,17581.117
HDP,shungnak,supply,2030,spring,11,ethos,IMP_WND,2030,WND,4730.3924
HDP,shungnak,supply,2030,spring,12,ethos,IMP_HYD,2030,HYD,4270.4932
HDP,shungnak,supply,2030,spring,12,ethos,IMP_SOL,2025,SOL,19209.44
HDP,shungnak,supply,2030,spring,12,ethos,IMP_WND,2030,WND,4449.3429
HDP,shungnak,supply,2030,spring,13,ethos,IMP_HYD,2030,HYD,4270.4932
HDP,shungnak,supply,2030,spring,13,ethos,IMP_SOL,2025,SOL,20192.804
HDP,shungnak,supply,2030,spring,13,ethos,IMP_WND,2025,WND,3900.0188
HDP,shungnak,supply,2030,spring,14,ethos,IMP_HYD,2025,HYD,4270.4932
HDP,shungnak,supply,2030,spring,14,ethos,IMP_SOL,2025,SOL,20113.18
HDP,shungnak,supply,2030,spring,14,ethos,IMP_WND,2025,WND,3611.6692
HDP,shungnak,supply,2030,spring,15,ethos,IMP_HYD,2025,HYD,4270.4932
HDP,shungnak,supply,2030,spring,15,ethos,IMP_SOL,2030,SOL,18942.698
HDP,shungnak,supply,2030,spring,15,ethos,IMP_WND,2025,WND,3691.9691
HDP,shungnak,supply,2030,spring,16,ethos,IMP_HYD,2025,HYD,4270.4932
HDP,shungnak,supply,2030,spring,16,ethos,IMP_SOL,2025,SOL,16450.447
HDP,shungnak,supply,2030,spring,16,ethos,IMP_WND,2030,WND,3989.4436
HDP,shungnak,supply,2030,spring,17,ethos,IMP_HYD,2030,HYD,4270.4932
HDP,shungnak,supply,2030,spring,17,ethos,IMP_SOL,2025,SOL,12258.211
HDP,shungnak,supply,2030,spring,17,ethos,IMP_WND,2025,WND,4044.1935
HDP,shungnak,supply,2030,spring,18,ethos,IMP_HYD,2025,HYD,4270.4932
HDP,shungnak,supply,2030,spring,18,ethos,IMP_SOL,2025,SOL,7428.9773
HDP,shungnak,supply,2030,spring,18,ethos,IMP_WND,2025,WND,4168.2933
HDP,shungnak,supply,2030,spring,19,ethos,IMP_HYD,2030,HYD,4270.4932
HDP,shungnak,supply,2030,spring,19,ethos,IMP_SOL,2030,SOL,3232.7597
HDP,shungnak,supply,2030,spring,19,ethos,IMP_WND,2025,WND,4292.3931
HDP,shungnak,supply,2030,spring,2,ethos,IMP_DSL,2030,DSL,17575.099
HDP,shungnak,supply,2030,spring,2,ethos,IMP_HYD,2025,HYD,4270.4932
HDP,shungnak,supply,2030,spring,2,ethos,IMP_WND,2025,WND,4909.2421
HDP,shungnak,supply,2030,spring,20,ethos,IMP_DSL,2030,DSL,13342.855
HDP,shungnak,supply,2030,spring,20,ethos,IMP_HYD,2030,HYD,4270.4932
HDP,shungnak,supply,2030,spring,20,ethos,IMP_SOL,2030,SOL,1178.4444
HDP,shungnak,supply,2030,spring,20,ethos,IMP_WND,2025,WND,4547.8927
HDP,shungnak,supply,2030,spring,21,ethos,IMP_DSL,2030,DSL,32830.614
HDP,shungnak,supply,2030,spring,21,ethos,IMP_HYD,2025,HYD,4270.4932
HDP,shungnak,supply,2030,spring,21,ethos,IMP_SOL,2030,SOL,513.57882
HDP,shungnak,supply,2030,spring,21,ethos,IMP_WND,2030,WND,4434.7429
HDP,shungnak,supply,2030,spring,22,ethos,IMP_DSL,2025,DSL,30704.946
HDP,shungnak,supply,2030,spring,22,ethos,IMP_HYD,2030,HYD,4270.4932
HDP,shungnak,supply,2030,spring,22,ethos,IMP_SOL,2030,SOL,199.06156
HDP,shungnak,supply,2030,spring,22,ethos,IMP_WND,2025,WND,4949.3921
HDP,shungnak,supply,2030,spring,23,ethos,IMP_DSL,2025,DSL,26802.737
HDP,shungnak,supply,2030,spring,23,ethos,IMP_HYD,2025,HYD,4270.4932
HDP,shungnak,supply,2030,spring,23,ethos,IMP_SOL,2030,SOL,31.849849
HDP,shungnak,supply,2030,spring,23,ethos,IMP_WND,2025,WND,5049.7669
HDP,shungnak,supply,2030,spring,3,ethos,IMP_DSL,2030,DSL,16855.835
HDP,shungnak,supply,2030,spring,3,ethos,IMP_HYD,2025,HYD,4270.4932
HDP,shungnak,supply,2030,spring,3,ethos,IMP_WND,2030,WND,5153.7918
HDP,shungnak,supply,2030,spring,4,ethos,IMP_DSL,2030,DSL,16481.568
HDP,shungnak,supply,2030,spring,4,ethos,IMP_HYD,2025,HYD,4270.4932
HDP,shungnak,supply,2030,spring,4,ethos,IMP_SOL,2025,SOL,47.774774
HDP,shungnak,supply,2030,spring,4,ethos,IMP_WND,2030,WND,5407.4663
HDP,shungnak,supply,2030,spring,5,ethos,IMP_DSL,2030,DSL,16323.015
HDP,shungnak,supply,2030,spring,5,ethos,IMP_HYD,2025,HYD,4270.4932
HDP,shungnak,supply,2030,spring,5,ethos,IMP_SOL,2025,SOL,211.00525
HDP,shungnak,supply,2030,spring,5,ethos,IMP_WND,2030,WND,5646.541
HDP,shungnak,supply,2030,spring,6,ethos,IMP_DSL,2030,DSL,15722.995
HDP,shungnak,supply,2030,spring,6,ethos,IMP_HYD,2025,HYD,4270.4932
HDP,shungnak,supply,2030,spring,6,ethos,IMP_SOL,2030,SOL,708.65914
HDP,shungnak,supply,2030,spring,6,ethos,IMP_WND,2030,WND,5701.2909
HDP,shungnak,supply,2030,spring,7,ethos,IMP_DSL,2030,DSL,16402.277
HDP,shungnak,supply,2030,spring,7,ethos,IMP_HYD,2030,HYD,4270.4932
HDP,shungnak,supply,2030,spring,7,ethos,IMP_SOL,2030,SOL,2277.2642
HDP,shungnak,supply,2030,spring,7,ethos,IMP_WND,2030,WND,5469.5162
HDP,shungnak,supply,2030,spring,8,ethos,IMP_DSL,2030,DSL,16572.089
HDP,shungnak,supply,2030,spring,8,ethos,IMP_HYD,2030,HYD,4270.4932
HDP,shungnak,supply,2030,spring,8,ethos,IMP_SOL,2025,SOL,5302.9999
HDP,shungnak,supply,2030,spring,8,ethos,IMP_WND,2025,WND,5695.8159
HDP,shungnak,supply,2030,spring,9,ethos,IMP_DSL,2030,DSL,6646.7683
HDP,shungnak,supply,2030,spring,9,ethos,IMP_HYD,2025,HYD,4270.4932
HDP,shungnak,supply,2030,spring,9,ethos,IMP_SOL,2030,SOL,9809.7535
HDP,shungnak,supply,2030,spring,9,ethos,IMP_WND,2030,WND,5086.2669
HDP,shungnak,supply,2030,summer,0,ethos,IMP_HYD,2030,HYD,10853.623
HDP,shungnak,supply,2030,summer,0,ethos,IMP_SOL,2030,SOL,39.812311
HDP,shungnak,supply,2030,summer,0,ethos,IMP_WND,2025,WND,1290.2729
HDP,shungnak,supply,2030,summer,1,ethos,IMP_HYD,2030,HYD,10853.623
HDP,shungnak,supply,2030,summer,1,ethos,IMP_WND,2025,WND,1020.1734
HDP,shungnak,supply,2030,summer,10,ethos,IMP_HYD,2030,HYD,10853.623
HDP,shungnak,supply,2030,summer,10,ethos,IMP_SOL,2025,SOL,12648.371
HDP,shungnak,supply,2030,summer,10,ethos,IMP_WND,2025,WND,875.9986
HDP,shungnak,supply,2030,summer,11,ethos,IMP_HYD,2030,HYD,10853.623
HDP,shungnak,supply,2030,summer,11,ethos,IMP_SOL,2030,SOL,15100.81
HDP,shungnak,supply,2030,summer,11,ethos,IMP_WND,2030,WND,762.84878
HDP,shungnak,supply,2030,summer,12,ethos,IMP_HYD,2025,HYD,10853.623
HDP,shungnak,supply,2030,summer,12,ethos,IMP_SOL,2030,SOL,16908.289
HDP,shungnak,supply,2030,summer,12,ethos,IMP_WND,2025,WND,751.8988
HDP,shungnak,supply,2030,summer,13,ethos,IMP_HYD,2030,HYD,10853.623
HDP,shungnak,supply,2030,summer,13,ethos,IMP_SOL,2025,SOL,17784.159
HDP,shungnak,supply,2030,summer,13,ethos,IMP_WND,2025,WND,797.52372
HDP,shungnak,supply,2030,summer,14,ethos,IMP_HYD,2025,HYD,10853.623
HDP,shungnak,supply,2030,summer,14,ethos,IMP_SOL,2025,SOL,18277.832
HDP,shungnak,supply,2030,summer,14,ethos,IMP_WND,2030,WND,865.04862
HDP,shungnak,supply,2030,summer,15,ethos,IMP_HYD,2025,HYD,10853.623
HDP,shungnak,supply,2030,summer,15,ethos,IMP_SOL,2025,SOL,16466.372
HDP,shungnak,supply,2030,summer,15,ethos,IMP_WND,2025,WND,766.49877
HDP,shungnak,supply,2030,summer,16,ethos,IMP_HYD,2025,HYD,10853.623
HDP,shungnak,supply,2030,summer,16,ethos,IMP_SOL,2025,SOL,15176.453
HDP,shungnak,supply,2030,summer,16,ethos,IMP_WND,2030,WND,625.974
HDP,shungnak,supply,2030,summer,17,ethos,IMP_HYD,2025,HYD,10853.623
HDP,shungnak,supply,2030,summer,17,ethos,IMP_SOL,2030,SOL,12588.653
HDP,shungnak,supply,2030,summer,17,ethos,IMP_WND,2030,WND,697.14888
HDP,shungnak,supply,2030,summer,18,ethos,IMP_HYD,2030,HYD,10853.623
HDP,shungnak,supply,2030,summer,18,ethos,IMP_SOL,2025,SOL,8977.6762
HDP,shungnak,supply,2030,summer,18,ethos,IMP_WND,2030,WND,925.27352
HDP,shungnak,supply,2030,summer,19,ethos,IMP_HYD,2025,HYD,10853.623
HDP,shungnak,supply,2030,summer,19,ethos,IMP_SOL,2025,SOL,5231.3377
HDP,shungnak,supply,2030,summer,19,ethos,IMP_WND,2030,WND,799.34872
HDP,shungnak,supply,2030,summer,2,ethos,IMP_HYD,2025,HYD,10853.623
HDP,shungnak,supply,2030,summer,2,ethos,IMP_WND,2025,WND,934.3985
HDP,shungnak,supply,2030,summer,20,ethos,IMP_HYD,2030,HYD,10853.623
HDP,shungnak,supply,2030,summer,20,ethos,IMP_SOL,2025,SOL,2711.2184
HDP,shungnak,supply,2030,summer,20,ethos,IMP_WND,2030,WND,985.49842
HDP,shungnak,supply,2030,summer,21,ethos,IMP_HYD,2030,HYD,10853.623
HDP,shungnak,supply,2030,summer,21,ethos,IMP_SOL,2025,SOL,1234.1817
HDP,shungnak,supply,2030,summer,21,ethos,IMP_WND,2030,WND,1419.8477
HDP,shungnak,supply,2030,summer,22,ethos,IMP_HYD,2025,HYD,10853.623
HDP,shungnak,supply,2030,summer,22,ethos,IMP_SOL,2030,SOL,744.49022
HDP,shungnak,supply,2030,summer,22,ethos,IMP_WND,2025,WND,1385.1728
HDP,shungnak,supply,2030,summer,23,ethos,IMP_HYD,2030,HYD,10853.623
HDP,shungnak,supply,2030,summer,23,ethos,IMP_SOL,2025,SOL,218.96771
HDP,shungnak,supply,2030,summer,23,ethos,IMP_WND,2025,WND,1520.2226
HDP,shungnak,supply,2030,summer,3,ethos,IMP_HYD,2025,HYD,10853.623
HDP,shungnak,supply,2030,summer,3,ethos,IMP_SOL,2025,SOL,47.774774
HDP,shungnak,supply,2030,summer,3,ethos,IMP_WND,2025,WND,1067.6233
HDP,shungnak,supply,2030,summer,4,ethos,IMP_HYD,2030,HYD,10853.623
HDP,shungnak,supply,2030,summer,4,ethos,IMP_SOL,2030,SOL,306.5548
HDP,shungnak,supply,2030,summer,4,ethos,IMP_WND,2030,WND,1091.3483
HDP,shungnak,supply,2030,summer,5,ethos,IMP_HYD,2025,HYD,10853.623
HDP,shungnak,supply,2030,summer,5,ethos,IMP_SOL,2030,SOL,593.20344
HDP,shungnak,supply,2030,summer,5,ethos,IMP_WND,2030,WND,1131.4982
HDP,shungnak,supply,2030,summer,6,ethos,IMP_HYD,2025,HYD,10853.623
HDP,shungnak,supply,2030,summer,6,ethos,IMP_SOL,2025,SOL,1504.9054
HDP,shungnak,supply,2030,summer,6,ethos,IMP_WND,2025,WND,1014.6984
HDP,shungnak,supply,2030,summer,7,ethos,IMP_HYD,2025,HYD,10853.623
HDP,shungnak,supply,2030,summer,7,ethos,IMP_SOL,2030,SOL,3603.0142
HDP,shungnak,supply,2030,summer,7,ethos,IMP_WND,2025,WND,843.14865
HDP,shungnak,supply,2030,summer,8,ethos,IMP_HYD,2025,HYD,10853.623
HDP,shungnak,supply,2030,summer,8,ethos,IMP_SOL,2025,SOL,7058.7228
HDP,shungnak,supply,2030,summer,8,ethos,IMP_WND,2025,WND,866.87361
HDP,shungnak,supply,2030,summer,9,ethos,IMP_HYD,2030,HYD,10853.623
HDP,shungnak,supply,2030,summer,9,ethos,IMP_SOL,2030,SOL,9642.5418
HDP,shungnak,supply,2030,summer,9,ethos,IMP_WND,2030,WND,812.1237
HDP,shungnak,supply,2030,winter,0,ethos,IMP_DSL,2030,DSL,13031.456
HDP,shungnak,supply,2030,winter,0,ethos,IMP_HYD,2030,HYD,1011.7784
HDP,shungnak,supply,2030,winter,0,ethos,IMP_WND,2025,WND,5513.3162
HDP,shungnak,supply,2030,winter,1,ethos,IMP_DSL,2030,DSL,38387.237
HDP,shungnak,supply,2030,winter,1,ethos,IMP_HYD,2025,HYD,1011.7784
HDP,shungnak,supply,2030,winter,1,ethos,IMP_WND,2025,WND,5620.991
HDP,shungnak,supply,2030,winter,10,ethos,IMP_DSL,2030,DSL,53952.064
HDP,shungnak,supply,2030,winter,10,ethos,IMP_HYD,2030,HYD,1011.7784
HDP,shungnak,supply,2030,winter,10,ethos,IMP_SOL,2030,SOL,453.86035
HDP,shungnak,supply,2030,winter,10,ethos,IMP_WND,2030,WND,5449.4413
HDP,shungnak,supply,2030,winter,11,ethos,IMP_DSL,2030,DSL,53338.582
HDP,shungnak,supply,2030,winter,11,ethos,IMP_HYD,2025,HYD,1011.7784
HDP,shungnak,supply,2030,winter,11,ethos,IMP_SOL,2030,SOL,1540.7364
HDP,shungnak,supply,2030,winter,11,ethos,IMP_WND,2025,WND,5442.1413
HDP,shungnak,supply,2030,winter,12,ethos,IMP_DSL,2030,DSL,48174.969
HDP,shungnak,supply,2030,winter,12,ethos,IMP_HYD,2030,HYD,1011.7784
HDP,shungnak,supply,2030,winter,12,ethos,IMP_SOL,2025,SOL,2727.1433
HDP,shungnak,supply,2030,winter,12,ethos,IMP_WND,2030,WND,5662.9659
HDP,shungnak,supply,2030,winter,13,ethos,IMP_DSL,2030,DSL,43127.352
HDP,shungnak,supply,2030,winter,13,ethos,IMP_HYD,2030,HYD,1011.7784
HDP,shungnak,supply,2030,winter,13,ethos,IMP_SOL,2030,SOL,3507.4646
HDP,shungnak,supply,2030,winter,13,ethos,IMP_WND,2030,WND,5902.0406
HDP,shungnak,supply,2030,winter,14,ethos,IMP_DSL,2025,DSL,43028.311
HDP,shungnak,supply,2030,winter,14,ethos,IMP_HYD,2030,HYD,1011.7784
HDP,shungnak,supply,2030,winter,14,ethos,IMP_SOL,2025,SOL,3507.4646
HDP,shungnak,supply,2030,winter,14,ethos,IMP_WND,2030,WND,5761.5158
HDP,shungnak,supply,2030,winter,15,ethos,IMP_DSL,2025,DSL,41775.426
HDP,shungnak,supply,2030,winter,15,ethos,IMP_HYD,2025,HYD,1011.7784
HDP,shungnak,supply,2030,winter,15,ethos,IMP_SOL,2030,SOL,2591.7815
HDP,shungnak,supply,2030,winter,15,ethos,IMP_WND,2025,WND,5883.7906
HDP,shungnak,supply,2030,winter,16,ethos,IMP_DSL,2030,DSL,49103.576
HDP,shungnak,supply,2030,winter,16,ethos,IMP_HYD,2025,HYD,1011.7784
HDP,shungnak,supply,2030,winter,16,ethos,IMP_SOL,2030,SOL,1405.3746
HDP,shungnak,supply,2030,winter,16,ethos,IMP_WND,2025,WND,5798.0157
HDP,shungnak,supply,2030,winter,17,ethos,IMP_DSL,2030,DSL,58192.796
HDP,shungnak,supply,2030,winter,17,ethos,IMP_HYD,2025,HYD,1011.7784
HDP,shungnak,supply,2030,winter,17,ethos,IMP_SOL,2030,SOL,366.27326
HDP,shungnak,supply,2030,winter,17,ethos,IMP_WND,2025,WND,5662.9659
HDP,shungnak,supply,2030,winter,18,ethos,IMP_DSL,2030,DSL,59936.131
HDP,shungnak,supply,2030,winter,18,ethos,IMP_HYD,2025,HYD,1011.7784
HDP,shungnak,supply,2030,winter,18,ethos,IMP_SOL,2030,SOL,7.9624623
HDP,shungnak,supply,2030,winter,18,ethos,IMP_WND,2025,WND,5602.741
HDP,shungnak,supply,2030,winter,19,ethos,IMP_DSL,2030,DSL,49487.139
HDP,shungnak,supply,2030,winter,19,ethos,IMP_HYD,2025,HYD,1011.7784
HDP,shungnak,supply,2030,winter,19,ethos,IMP_WND,2030,WND,5679.3909
HDP,shungnak,supply,2030,winter,2,ethos,IMP_DSL,2030,DSL,39484.658
HDP,shungnak,supply,2030,winter,2,ethos,IMP_HYD,2025,HYD,1011.7784
HDP,shungnak,supply,2030,winter,2,ethos,IMP_WND,2030,WND,5422.0663
HDP,shungnak,supply,2030,winter,20,ethos,IMP_DSL,2030,DSL,49822.356
HDP,shungnak,supply,2030,winter,20,ethos,IMP_HYD,2030,HYD,1011.7784
HDP,shungnak,supply,2030,winter,20,ethos,IMP_WND,2030,WND,5739.6158
HDP,shungnak,supply,2030,winter,21,ethos,IMP_DSL,2025,DSL,45425.403
HDP,shungnak,supply,2030,winter,21,ethos,IMP_HYD,2025,HYD,1011.7784
HDP,shungnak,supply,2030,winter,21,ethos,IMP_WND,2025,WND,6015.1904
HDP,shungnak,supply,2030,winter,22,ethos,IMP_DSL,2030,DSL,42767.043
HDP,shungnak,supply,2030,winter,22,ethos,IMP_HYD,2030,HYD,1011.7784
HDP,shungnak,supply,2030,winter,22,ethos,IMP_WND,2030,WND,6048.0403
HDP,shungnak,supply,2030,winter,23,ethos,IMP_DSL,2025,DSL,37585.036
HDP,shungnak,supply,2030,winter,23,ethos,IMP_HYD,2030,HYD,1011.7784
HDP,shungnak,supply,2030,winter,23,ethos,IMP_WND,2030,WND,5719.5408
HDP,shungnak,supply,2030,winter,3,ethos,IMP_DSL,2025,DSL,37237.183
HDP,shungnak,supply,2030,winter,3,ethos,IMP_HYD,2030,HYD,1011.7784
HDP,shungnak,supply,2030,winter,3,ethos,IMP_WND,2030,WND,5141.0168
HDP,shungnak,supply,2030,winter,4,ethos,IMP_DSL,2025,DSL,35483.009
HDP,shungnak,supply,2030,winter,4,ethos,IMP_HYD,2030,HYD,1011.7784
HDP,shungnak,supply,2030,winter,4,ethos,IMP_WND,2030,WND,5040.6419
HDP,shungnak,supply,2030,winter,5,ethos,IMP_DSL,2030,DSL,35662.564
HDP,shungnak,supply,2030,winter,5,ethos,IMP_HYD,2030,HYD,1011.7784
HDP,shungnak,supply,2030,winter,5,ethos,IMP_WND,2030,WND,5153.7918
HDP,shungnak,supply,2030,winter,6,ethos,IMP_DSL,2030,DSL,36569.173
HDP,shungnak,supply,2030,winter,6,ethos,IMP_HYD,2030,HYD,1011.7784
HDP,shungnak,supply,2030,winter,6,ethos,IMP_WND,2025,WND,5193.9417
HDP,shungnak,supply,2030,winter,7,ethos,IMP_DSL,2030,DSL,35367.344
HDP,shungnak,supply,2030,winter,7,ethos,IMP_HYD,2025,HYD,1011.7784
HDP,shungnak,supply,2030,winter,7,ethos,IMP_WND,2030,WND,5254.1666
HDP,shungnak,supply,2030,winter,8,ethos,IMP_DSL,2030,DSL,40227.815
HDP,shungnak,supply,2030,winter,8,ethos,IMP_HYD,2030,HYD,1011.7784
HDP,shungnak,supply,2030,winter,8,ethos,IMP_WND,2030,WND,5343.5915
HDP,shungnak,supply,2030,winter,9,ethos,IMP_DSL,2025,DSL,49918.973
HDP,shungnak,supply,2030,winter,9,ethos,IMP_HYD,2030,HYD,1011.7784
HDP,shungnak,supply,2030,winter,9,ethos,IMP_WND,2025,WND,5706.7659
HDP,shungnak,supply,2035,fall,0,ethos,IMP_HYD,2030,HYD,6057.5303
HDP,shungnak,supply,2035,fall,0,ethos,IMP_WND,2035,WND,10796.683
HDP,shungnak,supply,2035,fall,1,ethos,IMP_HYD,2025,HYD,6057.5303
HDP,shungnak,supply,2035,fall,1,ethos,IMP_WND,2035,WND,11044.882
HDP,shungnak,supply,2035,fall,10,ethos,IMP_HYD,2025,HYD,6057.5303
HDP,shungnak,supply,2035,fall,10,ethos,IMP_SOL,2030,SOL,4354.625
HDP,shungnak,supply,2035,fall,10,ethos,IMP_WND,2025,WND,10479.133
HDP,shungnak,supply,2035,fall,11,ethos,IMP_HYD,2030,HYD,6057.5303
HDP,shungnak,supply,2035,fall,11,ethos,IMP_SOL,2025,SOL,7890.337
HDP,shungnak,supply,2035,fall,11,ethos,IMP_WND,2035,WND,10380.583
HDP,shungnak,supply,2035,fall,12,ethos,IMP_HYD,2035,HYD,6057.5303
HDP,shungnak,supply,2035,fall,12,ethos,IMP_SOL,2030,SOL,9738.4244
HDP,shungnak,supply,2035,fall,12,ethos,IMP_WND,2025,WND,10435.333
HDP,shungnak,supply,2035,fall,13,ethos,IMP_HYD,2035,HYD,6057.5303
HDP,shungnak,supply,2035,fall,13,ethos,IMP_SOL,2030,SOL,10717.8
HDP,shungnak,supply,2035,fall,13,ethos,IMP_WND,2035,WND,10376.933
HDP,shungnak,supply,2035,fall,14,ethos,IMP_HYD,2025,HYD,6057.5303
HDP,shungnak,supply,2035,fall,14,ethos,IMP_SOL,2035,SOL,10120.215
HDP,shungnak,supply,2035,fall,14,ethos,IMP_WND,2025,WND,10519.283
HDP,shungnak,supply,2035,fall,15,ethos,IMP_HYD,2025,HYD,6057.5303
HDP,shungnak,supply,2035,fall,15,ethos,IMP_SOL,2025,SOL,8443.6566
HDP,shungnak,supply,2035,fall,15,ethos,IMP_WND,2035,WND,10274.734
HDP,shungnak,supply,2035,fall,16,ethos,IMP_HYD,2030,HYD,6057.5303
HDP,shungnak,supply,2035,fall,16,ethos,IMP_SOL,2035,SOL,5826.455
HDP,shungnak,supply,2035,fall,16,ethos,IMP_WND,2030,WND,10847.783
HDP,shungnak,supply,2035,fall,17,ethos,IMP_HYD,2035,HYD,6057.5303
HDP,shungnak,supply,2035,fall,17,ethos,IMP_SOL,2030,SOL,2943.6601
HDP,shungnak,supply,2035,fall,17,ethos,IMP_WND,2035,WND,10942.682
HDP,shungnak,supply,2035,fall,18,ethos,IMP_HYD,2025,HYD,6057.5303
HDP,shungnak,supply,2035,fall,18,ethos,IMP_SOL,2035,SOL,1034.7076
HDP,shungnak,supply,2035,fall,18,ethos,IMP_WND,2035,WND,10413.433
HDP,shungnak,supply,2035,fall,19,ethos,IMP_HYD,2035,HYD,6057.5303
HDP,shungnak,supply,2035,fall,19,ethos,IMP_SOL,2035,SOL,254.527
HDP,shungnak,supply,2035,fall,19,ethos,IMP_WND,2030,WND,10292.984
HDP,shungnak,supply,2035,fall,2,ethos,IMP_HYD,2035,HYD,6057.5303
HDP,shungnak,supply,2035,fall,2,ethos,IMP_WND,2035,WND,11121.532
HDP,shungnak,supply,2035,fall,20,ethos,IMP_HYD,2035,HYD,6057.5303
HDP,shungnak,supply,2035,fall,20,ethos,IMP_SOL,2035,SOL,16.599587
HDP,shungnak,supply,2035,fall,20,ethos,IMP_WND,2030,WND,10420.733
HDP,shungnak,supply,2035,fall,21,ethos,IMP_HYD,2035,HYD,6057.5303
HDP,shungnak,supply,2035,fall,21,ethos,IMP_WND,2025,WND,9964.4841
HDP,shungnak,supply,2035,fall,22,ethos,IMP_HYD,2025,HYD,6057.5303
HDP,shungnak,supply,2035,fall,22,ethos,IMP_WND,2030,WND,10610.533
HDP,shungnak,supply,2035,fall,23,ethos,IMP_HYD,2030,HYD,6057.5303
HDP,shungnak,supply,2035,fall,23,ethos,IMP_WND,2035,WND,10406.133
HDP,shungnak,supply,2035,fall,3,ethos,IMP_HYD,2025,HYD,6057.5303
HDP,shungnak,supply,2035,fall,3,ethos,IMP_WND,2035,WND,10971.882
HDP,shungnak,supply,2035,fall,4,ethos,IMP_HYD,2025,HYD,6057.5303
HDP,shungnak,supply,2035,fall,4,ethos,IMP_WND,2035,WND,10661.633
HDP,shungnak,supply,2035,fall,5,ethos,IMP_HYD,2035,HYD,6057.5303
HDP,shungnak,supply,2035,fall,5,ethos,IMP_WND,2030,WND,11033.932
HDP,shungnak,supply,2035,fall,6,ethos,IMP_HYD,2025,HYD,6057.5303
HDP,shungnak,supply,2035,fall,6,ethos,IMP_WND,2025,WND,10836.833
HDP,shungnak,supply,2035,fall,7,ethos,IMP_HYD,2025,HYD,6057.5303
HDP,shungnak,supply,2035,fall,7,ethos,IMP_SOL,2025,SOL,99.597522
HDP,shungnak,supply,2035,fall,7,ethos,IMP_WND,2035,WND,10803.983
HDP,shungnak,supply,2035,fall,8,ethos,IMP_HYD,2035,HYD,6057.5303
HDP,shungnak,supply,2035,fall,8,ethos,IMP_SOL,2030,SOL,962.77605
HDP,shungnak,supply,2035,fall,8,ethos,IMP_WND,2025,WND,11037.582
HDP,shungnak,supply,2035,fall,9,ethos,IMP_HYD,2030,HYD,6057.5303
HDP,shungnak,supply,2035,fall,9,ethos,IMP_SOL,2035,SOL,2052.8156
HDP,shungnak,supply,2035,fall,9,ethos,IMP_WND,2025,WND,10621.483
HDP,shungnak,supply,2035,spring,0,ethos,IMP_HYD,2025,HYD,4270.4932
HDP,shungnak,supply,2035,spring,0,ethos,IMP_WND,2025,WND,10088.584
HDP,shungnak,supply,2035,spring,1,ethos,IMP_DSL,2035,DSL,955.73128
HDP,shungnak,supply,2035,spring,1,ethos,IMP_HYD,2035,HYD,4270.4932
HDP,shungnak,supply,2035,spring,1,ethos,IMP_WND,2035,WND,10052.084
HDP,shungnak,supply,2035,spring,10,ethos,IMP_HYD,2030,HYD,4270.4932
HDP,shungnak,supply,2035,spring,10,ethos,IMP_SOL,2030,SOL,19642.845
HDP,shungnak,supply,2035,spring,10,ethos,IMP_WND,2030,WND,10008.284
HDP,shungnak,supply,2035,spring,11,ethos,IMP_HYD,2035,HYD,4270.4932
HDP,shungnak,supply,2035,spring,11,ethos,IMP_SOL,2030,SOL,24434.592
HDP,shungnak,supply,2035,spring,11,ethos,IMP_WND,2030,WND,9460.7849
HDP,shungnak,supply,2035,spring,12,ethos,IMP_HYD,2025,HYD,4270.4932
HDP,shungnak,supply,2035,spring,12,ethos,IMP_SOL,2025,SOL,26697.669
HDP,shungnak,supply,2035,spring,12,ethos,IMP_WND,2035,WND,8898.6858
HDP,shungnak,supply,2035,spring,13,ethos,IMP_HYD,2025,HYD,4270.4932
HDP,shungnak,supply,2035,spring,13,ethos,IMP_SOL,2025,SOL,28064.368
HDP,shungnak,supply,2035,spring,13,ethos,IMP_WND,2030,WND,7800.0375
HDP,shungnak,supply,2035,spring,14,ethos,IMP_HYD,2035,HYD,4270.4932
HDP,shungnak,supply,2035,spring,14,ethos,IMP_SOL,2030,SOL,27953.705
HDP,shungnak,supply,2035,spring,14,ethos,IMP_WND,2030,WND,7223.3384
HDP,shungnak,supply,2035,spring,15,ethos,IMP_HYD,2035,HYD,4270.4932
HDP,shungnak,supply,2035,spring,15,ethos,IMP_SOL,2025,SOL,26326.945
HDP,shungnak,supply,2035,spring,15,ethos,IMP_WND,2035,WND,7383.9382
HDP,shungnak,supply,2035,spring,16,ethos,IMP_HYD,2030,HYD,4270.4932
HDP,shungnak,supply,2035,spring,16,ethos,IMP_SOL,2030,SOL,22863.165
HDP,shungnak,supply,2035,spring,16,ethos,IMP_WND,2035,WND,7978.8872
HDP,shungnak,supply,2035,spring,17,ethos,IMP_HYD,2030,HYD,4270.4932
HDP,shungnak,supply,2035,spring,17,ethos,IMP_SOL,2035,SOL,17036.709
HDP,shungnak,supply,2035,spring,17,ethos,IMP_WND,2035,WND,8088.3871
HDP,shungnak,supply,2035,spring,18,ethos,IMP_HYD,2030,HYD,4270.4932
HDP,shungnak,supply,2035,spring,18,ethos,IMP_SOL,2030,SOL,10324.943
HDP,shungnak,supply,2035,spring,18,ethos,IMP_WND,2030,WND,8336.5867
HDP,shungnak,supply,2035,spring,19,ethos,IMP_HYD,2025,HYD,4270.4932
HDP,shungnak,supply,2035,spring,19,ethos,IMP_SOL,2035,SOL,4492.9549
HDP,shungnak,supply,2035,spring,19,ethos,IMP_WND,2030,WND,8584.7863
HDP,shungnak,supply,2035,spring,2,ethos,IMP_HYD,2030,HYD,4270.4932
HDP,shungnak,supply,2035,spring,2,ethos,IMP_WND,2025,WND,9818.4843
HDP,shungnak,supply,2035,spring,20,ethos,IMP_HYD,2030,HYD,4270.4932
HDP,shungnak,supply,2035,spring,20,ethos,IMP_SOL,2035,SOL,1637.8259
HDP,shungnak,supply,2035,spring,20,ethos,IMP_WND,2035,WND,9095.7854
HDP,shungnak,supply,2035,spring,21,ethos,IMP_HYD,2030,HYD,4270.4932
HDP,shungnak,supply,2035,spring,21,ethos,IMP_SOL,2035,SOL,713.78224
HDP,shungnak,supply,2035,spring,21,ethos,IMP_WND,2035,WND,8869.4858
HDP,shungnak,supply,2035,spring,22,ethos,IMP_HYD,2030,HYD,4270.4932
HDP,shungnak,supply,2035,spring,22,ethos,IMP_SOL,2030,SOL,276.65978
HDP,shungnak,supply,2035,spring,22,ethos,IMP_WND,2025,WND,9898.7842
HDP,shungnak,supply,2035,spring,23,ethos,IMP_HYD,2025,HYD,4270.4932
HDP,shungnak,supply,2035,spring,23,ethos,IMP_SOL,2025,SOL,44.265565
HDP,shungnak,supply,2035,spring,23,ethos,IMP_WND,2030,WND,10099.534
HDP,shungnak,supply,2035,spring,3,ethos,IMP_HYD,2030,HYD,4270.4932
HDP,shungnak,supply,2035,spring,3,ethos,IMP_WND,2030,WND,10307.584
HDP,shungnak,supply,2035,spring,4,ethos,IMP_DSL,2030,DSL,2822.3532
HDP,shungnak,supply,2035,spring,4,ethos,IMP_HYD,2035,HYD,4270.4932
HDP,shungnak,supply,2035,spring,4,ethos,IMP_SOL,2035,SOL,66.398348
HDP,shungnak,supply,2035,spring,4,ethos,IMP_WND,2035,WND,10814.933
HDP,shungnak,supply,2035,spring,5,ethos,IMP_DSL,2030,DSL,1825.7605
HDP,shungnak,supply,2035,spring,5,ethos,IMP_HYD,2030,HYD,4270.4932
HDP,shungnak,supply,2035,spring,5,ethos,IMP_SOL,2035,SOL,293.25937
HDP,shungnak,supply,2035,spring,5,ethos,IMP_WND,2030,WND,11293.082
HDP,shungnak,supply,2035,spring,6,ethos,IMP_DSL,2035,DSL,546.40592
HDP,shungnak,supply,2035,spring,6,ethos,IMP_HYD,2030,HYD,4270.4932
HDP,shungnak,supply,2035,spring,6,ethos,IMP_SOL,2035,SOL,984.90883
HDP,shungnak,supply,2035,spring,6,ethos,IMP_WND,2025,WND,11402.582
HDP,shungnak,supply,2035,spring,7,ethos,IMP_DSL,2025,DSL,344.13964
HDP,shungnak,supply,2035,spring,7,ethos,IMP_HYD,2025,HYD,4270.4932
HDP,shungnak,supply,2035,spring,7,ethos,IMP_SOL,2025,SOL,3164.9879
HDP,shungnak,supply,2035,spring,7,ethos,IMP_WND,2025,WND,10939.032
HDP,shungnak,supply,2035,spring,8,ethos,IMP_HYD,2025,HYD,4270.4932
HDP,shungnak,supply,2035,spring,8,ethos,IMP_SOL,2030,SOL,7370.2166
HDP,shungnak,supply,2035,spring,8,ethos,IMP_WND,2030,WND,11391.632
HDP,shungnak,supply,2035,spring,9,ethos,IMP_HYD,2030,HYD,4270.4932
HDP,shungnak,supply,2035,spring,9,ethos,IMP_SOL,2030,SOL,13633.794
HDP,shungnak,supply,2035,spring,9,ethos,IMP_WND,2030,WND,10172.534
HDP,shungnak,supply,2035,summer,0,ethos,IMP_HYD,2035,HYD,10853.623
HDP,shungnak,supply,2035,summer,0,ethos,IMP_SOL,2035,SOL,55.331957
HDP,shungnak,supply,2035,summer,0,ethos,IMP_WND,2035,WND,2580.5459
HDP,shungnak,supply,2035,summer,1,ethos,IMP_HYD,2025,HYD,10853.623
HDP,shungnak,supply,2035,summer,1,ethos,IMP_WND,2035,WND,2040.3467
HDP,shungnak,supply,2035,summer,10,ethos,IMP_HYD,2035,HYD,10853.623
HDP,shungnak,supply,2035,summer,10,ethos,IMP_SOL,2035,SOL,17578.963
HDP,shungnak,supply,2035,summer,10,ethos,IMP_WND,2025,WND,1751.9972
HDP,shungnak,supply,2035,summer,11,ethos,IMP_HYD,2030,HYD,10853.623
HDP,shungnak,supply,2035,summer,11,ethos,IMP_SOL,2035,SOL,20987.411
HDP,shungnak,supply,2035,summer,11,ethos,IMP_WND,2030,WND,1525.6976
HDP,shungnak,supply,2035,summer,12,ethos,IMP_HYD,2035,HYD,10853.623
HDP,shungnak,supply,2035,summer,12,ethos,IMP_SOL,2030,SOL,23499.482
HDP,shungnak,supply,2035,summer,12,ethos,IMP_WND,2035,WND,1503.7976
HDP,shungnak,supply,2035,summer,13,ethos,IMP_HYD,2025,HYD,10853.623
HDP,shungnak,supply,2035,summer,13,ethos,IMP_SOL,2025,SOL,24716.785
HDP,shungnak,supply,2035,summer,13,ethos,IMP_WND,2025,WND,1595.0474
HDP,shungnak,supply,2035,summer,14,ethos,IMP_HYD,2025,HYD,10853.623
HDP,shungnak,supply,2035,summer,14,ethos,IMP_SOL,2030,SOL,25402.901
HDP,shungnak,supply,2035,summer,14,ethos,IMP_WND,2030,WND,1730.0972
HDP,shungnak,supply,2035,summer,15,ethos,IMP_HYD,2030,HYD,10853.623
HDP,shungnak,supply,2035,summer,15,ethos,IMP_SOL,2025,SOL,22885.297
HDP,shungnak,supply,2035,summer,15,ethos,IMP_WND,2030,WND,1532.9975
HDP,shungnak,supply,2035,summer,16,ethos,IMP_HYD,2025,HYD,10853.623
HDP,shungnak,supply,2035,summer,16,ethos,IMP_SOL,2030,SOL,21092.542
HDP,shungnak,supply,2035,summer,16,ethos,IMP_WND,2025,WND,1251.948
HDP,shungnak,supply,2035,summer,17,ethos,IMP_HYD,2030,HYD,10853.623
HDP,shungnak,supply,2035,summer,17,ethos,IMP_SOL,2035,SOL,17495.965
HDP,shungnak,supply,2035,summer,17,ethos,IMP_WND,2030,WND,1394.2978
HDP,shungnak,supply,2035,summer,18,ethos,IMP_HYD,2025,HYD,10853.623
HDP,shungnak,supply,2035,summer,18,ethos,IMP_SOL,2030,SOL,12477.356
HDP,shungnak,supply,2035,summer,18,ethos,IMP_WND,2035,WND,1850.547
HDP,shungnak,supply,2035,summer,19,ethos,IMP_HYD,2030,HYD,10853.623
HDP,shungnak,supply,2035,summer,19,ethos,IMP_SOL,2030,SOL,7270.6191
HDP,shungnak,supply,2035,summer,19,ethos,IMP_WND,2035,WND,1598.6974
HDP,shungnak,supply,2035,summer,2,ethos,IMP_HYD,2025,HYD,10853.623
HDP,shungnak,supply,2035,summer,2,ethos,IMP_WND,2025,WND,1868.797
HDP,shungnak,supply,2035,summer,20,ethos,IMP_HYD,2025,HYD,10853.623
HDP,shungnak,supply,2035,summer,20,ethos,IMP_SOL,2030,SOL,3768.1063
HDP,shungnak,supply,2035,summer,20,ethos,IMP_WND,2030,WND,1970.9968
HDP,shungnak,supply,2035,summer,21,ethos,IMP_HYD,2025,HYD,10853.623
HDP,shungnak,supply,2035,summer,21,ethos,IMP_SOL,2030,SOL,1715.2907
HDP,shungnak,supply,2035,summer,21,ethos,IMP_WND,2035,WND,2839.6955
HDP,shungnak,supply,2035,summer,22,ethos,IMP_HYD,2035,HYD,10853.623
HDP,shungnak,supply,2035,summer,22,ethos,IMP_SOL,2025,SOL,1034.7076
HDP,shungnak,supply,2035,summer,22,ethos,IMP_WND,2035,WND,2770.3456
HDP,shungnak,supply,2035,summer,23,ethos,IMP_HYD,2030,HYD,10853.623
HDP,shungnak,supply,2035,summer,23,ethos,IMP_SOL,2025,SOL,304.32576
HDP,shungnak,supply,2035,summer,23,ethos,IMP_WND,2030,WND,3040.4451
HDP,shungnak,supply,2035,summer,3,ethos,IMP_HYD,2030,HYD,10853.623
HDP,shungnak,supply,2035,summer,3,ethos,IMP_SOL,2030,SOL,66.398348
HDP,shungnak,supply,2035,summer,3,ethos,IMP_WND,2030,WND,2135.2466
HDP,shungnak,supply,2035,summer,4,ethos,IMP_HYD,2035,HYD,10853.623
HDP,shungnak,supply,2035,summer,4,ethos,IMP_SOL,2035,SOL,426.05607
HDP,shungnak,supply,2035,summer,4,ethos,IMP_WND,2030,WND,2182.6965
HDP,shungnak,supply,2035,summer,5,ethos,IMP_HYD,2030,HYD,10853.623
HDP,shungnak,supply,2035,summer,5,ethos,IMP_SOL,2035,SOL,824.44615
HDP,shungnak,supply,2035,summer,5,ethos,IMP_WND,2030,WND,2262.9964
HDP,shungnak,supply,2035,summer,6,ethos,IMP_HYD,2035,HYD,10853.623
HDP,shungnak,supply,2035,summer,6,ethos,IMP_SOL,2030,SOL,2091.548
HDP,shungnak,supply,2035,summer,6,ethos,IMP_WND,2025,WND,2029.3968
HDP,shungnak,supply,2035,summer,7,ethos,IMP_HYD,2030,HYD,10853.623
HDP,shungnak,supply,2035,summer,7,ethos,IMP_SOL,2035,SOL,5007.5421
HDP,shungnak,supply,2035,summer,7,ethos,IMP_WND,2025,WND,1686.2973
HDP,shungnak,supply,2035,summer,8,ethos,IMP_HYD,2025,HYD,10853.623
HDP,shungnak,supply,2035,summer,8,ethos,IMP_SOL,2035,SOL,9810.3559
HDP,shungnak,supply,2035,summer,8,ethos,IMP_WND,2035,WND,1733.7472
HDP,shungnak,supply,2035,summer,9,ethos,IMP_HYD,2025,HYD,10853.623
HDP,shungnak,supply,2035,summer,9,ethos,IMP_SOL,2025,SOL,13401.4
HDP,shungnak,supply,2035,summer,9,ethos,IMP_WND,2025,WND,1624.2474
HDP,shungnak,supply,2035,winter,0,ethos,IMP_HYD,2030,HYD,1011.7784
HDP,shungnak,supply,2035,winter,0,ethos,IMP_WND,2030,WND,11026.632
HDP,shungnak,supply,2035,winter,1,ethos,IMP_HYD,2025,HYD,1011.7784
HDP,shungnak,supply,2035,winter,1,ethos,IMP_WND,2030,WND,11241.982
HDP,shungnak,supply,2035,winter,10,ethos,IMP_HYD,2025,HYD,1011.7784
HDP,shungnak,supply,2035,winter,10,ethos,IMP_SOL,2025,SOL,630.78431
HDP,shungnak,supply,2035,winter,10,ethos,IMP_WND,2025,WND,10898.883
HDP,shungnak,supply,2035,winter,11,ethos,IMP_HYD,2035,HYD,1011.7784
HDP,shungnak,supply,2035,winter,11,ethos,IMP_SOL,2030,SOL,2141.3467
HDP,shungnak,supply,2035,winter,11,ethos,IMP_WND,2030,WND,10884.283
HDP,shungnak,supply,2035,winter,12,ethos,IMP_HYD,2035,HYD,1011.7784
HDP,shungnak,supply,2035,winter,12,ethos,IMP_SOL,2025,SOL,3790.239
HDP,shungnak,supply,2035,winter,12,ethos,IMP_WND,2025,WND,11325.932
HDP,shungnak,supply,2035,winter,13,ethos,IMP_HYD,2025,HYD,1011.7784
HDP,shungnak,supply,2035,winter,13,ethos,IMP_SOL,2025,SOL,4874.7454
HDP,shungnak,supply,2035,winter,13,ethos,IMP_WND,2030,WND,11804.081
HDP,shungnak,supply,2035,winter,14,ethos,IMP_HYD,2035,HYD,1011.7784
HDP,shungnak,supply,2035,winter,14,ethos,IMP_SOL,2025,SOL,4874.7454
HDP,shungnak,supply,2035,winter,14,ethos,IMP_WND,2030,WND,11523.032
HDP,shungnak,supply,2035,winter,15,ethos,IMP_HYD,2035,HYD,1011.7784
HDP,shungnak,supply,2035,winter,15,ethos,IMP_SOL,2030,SOL,3602.1104
HDP,shungnak,supply,2035,winter,15,ethos,IMP_WND,2025,WND,11767.581
HDP,shungnak,supply,2035,winter,16,ethos,IMP_HYD,2035,HYD,1011.7784
HDP,shungnak,supply,2035,winter,16,ethos,IMP_SOL,2035,SOL,1953.2181
HDP,shungnak,supply,2035,winter,16,ethos,IMP_WND,2035,WND,11596.031
HDP,shungnak,supply,2035,winter,17,ethos,IMP_HYD,2030,HYD,1011.7784
HDP,shungnak,supply,2035,winter,17,ethos,IMP_SOL,2030,SOL,509.054
HDP,shungnak,supply,2035,winter,17,ethos,IMP_WND,2025,WND,11325.932
HDP,shungnak,supply,2035,winter,18,ethos,IMP_HYD,2035,HYD,1011.7784
HDP,shungnak,supply,2035,winter,18,ethos,IMP_SOL,2030,SOL,11.066391
HDP,shungnak,supply,2035,winter,18,ethos,IMP_WND,2025,WND,11205.482
HDP,shungnak,supply,2035,winter,19,ethos,IMP_HYD,2035,HYD,1011.7784
HDP,shungnak,supply,2035,winter,19,ethos,IMP_WND,2025,WND,11358.782
HDP,shungnak,supply,2035,winter,2,ethos,IMP_HYD,2035,HYD,1011.7784
HDP,shungnak,supply,2035,winter,2,ethos,IMP_WND,2030,WND,10844.133
HDP,shungnak,supply,2035,winter,20,ethos,IMP_HYD,2025,HYD,1011.7784
HDP,shungnak,supply,2035,winter,20,ethos,IMP_WND,2030,WND,11479.232
HDP,shungnak,supply,2035,winter,21,ethos,IMP_HYD,2030,HYD,1011.7784
HDP,shungnak,supply,2035,winter,21,ethos,IMP_WND,2025,WND,12030.381
HDP,shungnak,supply,2035,winter,22,ethos,IMP_HYD,2025,HYD,1011.7784
HDP,shungnak,supply,2035,winter,22,ethos,IMP_WND,2025,WND,12096.081
HDP,shungnak,supply,2035,winter,23,ethos,IMP_HYD,2030,HYD,1011.7784
HDP,shungnak,supply,2035,winter,23,ethos,IMP_WND,2025,WND,11439.082
HDP,shungnak,supply,2035,winter,3,ethos,IMP_HYD,2025,HYD,1011.7784
HDP,shungnak,supply,2035,winter,3,ethos,IMP_WND,2035,WND,10282.034
HDP,shungnak,supply,2035,winter,4,ethos,IMP_HYD,2030,HYD,1011.7784
HDP,shungnak,supply,2035,winter,4,ethos,IMP_WND,2030,WND,10081.284
HDP,shungnak,supply,2035,winter,5,ethos,IMP_HYD,2035,HYD,1011.7784
HDP,shungnak,supply,2035,winter,5,ethos,IMP_WND,2030,WND,10307.584
HDP,shungnak,supply,2035,winter,6,ethos,IMP_HYD,2025,HYD,1011.7784
HDP,shungnak,supply,2035,winter,6,ethos,IMP_WND,2025,WND,10387.883
HDP,shungnak,supply,2035,winter,7,ethos,IMP_HYD,2030,HYD,1011.7784
HDP,shungnak,supply,2035,winter,7,ethos,IMP_WND,2035,WND,10508.333
HDP,shungnak,supply,2035,winter,8,ethos,IMP_HYD,2035,HYD,1011.7784
HDP,shungnak,supply,2035,winter,8,ethos,IMP_WND,2035,WND,10687.183
HDP,shungnak,supply,2035,winter,9,ethos,IMP_HYD,2030,HYD,1011.7784
HDP,shungnak,supply,2035,winter,9,ethos,IMP_WND,2035,WND,11413.532
HDP,shungnak,supply,2040,fall,0,ethos,IMP_HYD,2035,HYD,6057.5303
HDP,shungnak,supply,2040,fall,0,ethos,IMP_WND,2035,WND,12338.461
HDP,shungnak,supply,2040,fall,1,ethos,IMP_HYD,2025,HYD,6057.5303
HDP,shungnak,supply,2040,fall,1,ethos,IMP_WND,2025,WND,12622.104
HDP,shungnak,supply,2040,fall,10,ethos,IMP_HYD,2035,HYD,6057.5303
HDP,shungnak,supply,2040,fall,10,ethos,IMP_SOL,2040,SOL,4354.625
HDP,shungnak,supply,2040,fall,10,ethos,IMP_WND,2040,WND,11975.566
HDP,shungnak,supply,2040,fall,11,ethos,IMP_HYD,2030,HYD,6057.5303
HDP,shungnak,supply,2040,fall,11,ethos,IMP_SOL,2025,SOL,7890.337
HDP,shungnak,supply,2040,fall,11,ethos,IMP_WND,2030,WND,11862.943
HDP,shungnak,supply,2040,fall,12,ethos,IMP_HYD,2035,HYD,6057.5303
HDP,shungnak,supply,2040,fall,12,ethos,IMP_SOL,2040,SOL,9738.4244
HDP,shungnak,supply,2040,fall,12,ethos,IMP_WND,2040,WND,11925.511
HDP,shungnak,supply,2040,fall,13,ethos,IMP_HYD,2025,HYD,6057.5303
HDP,shungnak,supply,2040,fall,13,ethos,IMP_SOL,2030,SOL,10717.8
HDP,shungnak,supply,2040,fall,13,ethos,IMP_WND,2040,WND,11858.771
HDP,shungnak,supply,2040,fall,14,ethos,IMP_HYD,2030,HYD,6057.5303
HDP,shungnak,supply,2040,fall,14,ethos,IMP_SOL,2025,SOL,10120.215
HDP,shungnak,supply,2040,fall,14,ethos,IMP_WND,2040,WND,12021.449
HDP,shungnak,supply,2040,fall,15,ethos,IMP_HYD,2030,HYD,6057.5303
HDP,shungnak,supply,2040,fall,15,ethos,IMP_SOL,2030,SOL,8443.6566
HDP,shungnak,supply,2040,fall,15,ethos,IMP_WND,2025,WND,11741.977
HDP,shungnak,supply,2040,fall,16,ethos,IMP_HYD,2025,HYD,6057.5303
HDP,shungnak,supply,2040,fall,16,ethos,IMP_SOL,2035,SOL,5826.455
HDP,shungnak,supply,2040,fall,16,ethos,IMP_WND,2035,WND,12396.859
HDP,shungnak,supply,2040,fall,17,ethos,IMP_HYD,2030,HYD,6057.5303
HDP,shungnak,supply,2040,fall,17,ethos,IMP_SOL,2025,SOL,2943.6601
HDP,shungnak,supply,2040,fall,17,ethos,IMP_WND,2035,WND,12505.31
HDP,shungnak,supply,2040,fall,18,ethos,IMP_HYD,2025,HYD,6057.5303
HDP,shungnak,supply,2040,fall,18,ethos,IMP_SOL,2030,SOL,1034.7076
HDP,shungnak,supply,2040,fall,18,ethos,IMP_WND,2025,WND,11900.484
HDP,shungnak,supply,2040,fall,19,ethos,IMP_HYD,2040,HYD,6057.5303
HDP,shungnak,supply,2040,fall,19,ethos,IMP_SOL,2035,SOL,254.527
HDP,shungnak,supply,2040,fall,19,ethos,IMP_WND,2025,WND,11762.833
HDP,shungnak,supply,2040,fall,2,ethos,IMP_HYD,2025,HYD,6057.5303
HDP,shungnak,supply,2040,fall,2,ethos,IMP_WND,2030,WND,12709.7
HDP,shungnak,supply,2040,fall,20,ethos,IMP_HYD,2030,HYD,6057.5303
HDP,shungnak,supply,2040,fall,20,ethos,IMP_SOL,2040,SOL,16.599587
HDP,shungnak,supply,2040,fall,20,ethos,IMP_WND,2035,WND,11908.826
HDP,shungnak,supply,2040,fall,21,ethos,IMP_HYD,2040,HYD,6057.5303
HDP,shungnak,supply,2040,fall,21,ethos,IMP_WND,2025,WND,11387.424
HDP,shungnak,supply,2040,fall,22,ethos,IMP_HYD,2025,HYD,6057.5303
HDP,shungnak,supply,2040,fall,22,ethos,IMP_WND,2025,WND,12125.729
HDP,shungnak,supply,2040,fall,23,ethos,IMP_HYD,2040,HYD,6057.5303
HDP,shungnak,supply,2040,fall,23,ethos,IMP_WND,2025,WND,11892.141
HDP,shungnak,supply,2040,fall,3,ethos,IMP_HYD,2025,HYD,6057.5303
HDP,shungnak,supply,2040,fall,3,ethos,IMP_WND,2040,WND,12538.68
HDP,shungnak,supply,2040,fall,4,ethos,IMP_HYD,2035,HYD,6057.5303
HDP,shungnak,supply,2040,fall,4,ethos,IMP_WND,2025,WND,12184.126
HDP,shungnak,supply,2040,fall,5,ethos,IMP_HYD,2030,HYD,6057.5303
HDP,shungnak,supply,2040,fall,5,ethos,IMP_WND,2025,WND,12609.591
HDP,shungnak,supply,2040,fall,6,ethos,IMP_HYD,2030,HYD,6057.5303
HDP,shungnak,supply,2040,fall,6,ethos,IMP_WND,2025,WND,12384.345
HDP,shungnak,supply,2040,fall,7,ethos,IMP_HYD,2040,HYD,6057.5303
HDP,shungnak,supply,2040,fall,7,ethos,IMP_SOL,2040,SOL,99.597522
HDP,shungnak,supply,2040,fall,7,ethos,IMP_WND,2030,WND,12346.804
HDP,shungnak,supply,2040,fall,8,ethos,IMP_HYD,2025,HYD,6057.5303
HDP,shungnak,supply,2040,fall,8,ethos,IMP_SOL,2025,SOL,962.77605
HDP,shungnak,supply,2040,fall,8,ethos,IMP_WND,2025,WND,12613.762
HDP,shungnak,supply,2040,fall,9,ethos,IMP_HYD,2025,HYD,6057.5303
HDP,shungnak,supply,2040,fall,9,ethos,IMP_SOL,2025,SOL,2052.8156
HDP,shungnak,supply,2040,fall,9,ethos,IMP_WND,2040,WND,12138.243
HDP,shungnak,supply,2040,spring,0,ethos,IMP_HYD,2035,HYD,4270.4932
HDP,shungnak,supply,2040,spring,0,ethos,IMP_WND,2035,WND,11529.245
HDP,shungnak,supply,2040,spring,1,ethos,IMP_HYD,2030,HYD,4270.4932
HDP,shungnak,supply,2040,spring,1,ethos,IMP_WND,2025,WND,11487.533
HDP,shungnak,supply,2040,spring,10,ethos,IMP_HYD,2040,HYD,21.477829
HDP,shungnak,supply,2040,spring,10,ethos,IMP_SOL,2035,SOL,14133.371
HDP,shungnak,supply,2040,spring,10,ethos,IMP_WND,2025,WND,11437.478
HDP,shungnak,supply,2040,spring,11,ethos,IMP_HYD,2040,HYD,1429.45
HDP,shungnak,supply,2040,spring,11,ethos,IMP_SOL,2040,SOL,24434.592
HDP,shungnak,supply,2040,spring,11,ethos,IMP_WND,2040,WND,10811.796
HDP,shungnak,supply,2040,spring,12,ethos,IMP_HYD,2035,HYD,4270.4932
HDP,shungnak,supply,2040,spring,12,ethos,IMP_SOL,2035,SOL,26697.669
HDP,shungnak,supply,2040,spring,12,ethos,IMP_WND,2040,WND,10169.428
HDP,shungnak,supply,2040,spring,13,ethos,IMP_HYD,2030,HYD,4270.4932
HDP,shungnak,supply,2040,spring,13,ethos,IMP_SOL,2035,SOL,28064.368
HDP,shungnak,supply,2040,spring,13,ethos,IMP_WND,2025,WND,8913.8919
HDP,shungnak,supply,2040,spring,14,ethos,IMP_HYD,2025,HYD,4270.4932
HDP,shungnak,supply,2040,spring,14,ethos,IMP_SOL,2030,SOL,27953.705
HDP,shungnak,supply,2040,spring,14,ethos,IMP_WND,2030,WND,8254.8395
HDP,shungnak,supply,2040,spring,15,ethos,IMP_HYD,2035,HYD,4270.4932
HDP,shungnak,supply,2040,spring,15,ethos,IMP_SOL,2040,SOL,26326.945
HDP,shungnak,supply,2040,spring,15,ethos,IMP_WND,2035,WND,8438.3731
HDP,shungnak,supply,2040,spring,16,ethos,IMP_HYD,2035,HYD,4270.4932
HDP,shungnak,supply,2040,spring,16,ethos,IMP_SOL,2025,SOL,22863.165
HDP,shungnak,supply,2040,spring,16,ethos,IMP_WND,2030,WND,9118.2815
HDP,shungnak,supply,2040,spring,17,ethos,IMP_HYD,2040,HYD,4270.4932
HDP,shungnak,supply,2040,spring,17,ethos,IMP_SOL,2035,SOL,17036.709
HDP,shungnak,supply,2040,spring,17,ethos,IMP_WND,2040,WND,9243.4181
HDP,shungnak,supply,2040,spring,18,ethos,IMP_HYD,2025,HYD,4270.4932
HDP,shungnak,supply,2040,spring,18,ethos,IMP_SOL,2025,SOL,10324.943
HDP,shungnak,supply,2040,spring,18,ethos,IMP_WND,2025,WND,9527.0609
HDP,shungnak,supply,2040,spring,19,ethos,IMP_HYD,2040,HYD,4270.4932
HDP,shungnak,supply,2040,spring,19,ethos,IMP_SOL,2030,SOL,4492.9549
HDP,shungnak,supply,2040,spring,19,ethos,IMP_WND,2035,WND,9810.7036
HDP,shungnak,supply,2040,spring,2,ethos,IMP_HYD,2030,HYD,4270.4932
HDP,shungnak,supply,2040,spring,2,ethos,IMP_WND,2025,WND,11220.575
HDP,shungnak,supply,2040,spring,20,ethos,IMP_HYD,2035,HYD,4270.4932
HDP,shungnak,supply,2040,spring,20,ethos,IMP_SOL,2030,SOL,1637.8259
HDP,shungnak,supply,2040,spring,20,ethos,IMP_WND,2035,WND,10394.674
HDP,shungnak,supply,2040,spring,21,ethos,IMP_HYD,2035,HYD,4270.4932
HDP,shungnak,supply,2040,spring,21,ethos,IMP_SOL,2040,SOL,713.78224
HDP,shungnak,supply,2040,spring,21,ethos,IMP_WND,2035,WND,10136.059
HDP,shungnak,supply,2040,spring,22,ethos,IMP_HYD,2035,HYD,4270.4932
HDP,shungnak,supply,2040,spring,22,ethos,IMP_SOL,2025,SOL,276.65978
HDP,shungnak,supply,2040,spring,22,ethos,IMP_WND,2040,WND,11312.342
HDP,shungnak,supply,2040,spring,23,ethos,IMP_HYD,2030,HYD,4270.4932
HDP,shungnak,supply,2040,spring,23,ethos,IMP_SOL,2040,SOL,44.265565
HDP,shungnak,supply,2040,spring,23,ethos,IMP_WND,2040,WND,11541.759
HDP,shungnak,supply,2040,spring,3,ethos,IMP_HYD,2035,HYD,4270.4932
HDP,shungnak,supply,2040,spring,3,ethos,IMP_WND,2040,WND,11779.518
HDP,shungnak,supply,2040,spring,4,ethos,IMP_HYD,2030,HYD,4270.4932
HDP,shungnak,supply,2040,spring,4,ethos,IMP_SOL,2035,SOL,66.398348
HDP,shungnak,supply,2040,spring,4,ethos,IMP_WND,2025,WND,12359.318
HDP,shungnak,supply,2040,spring,5,ethos,IMP_HYD,2040,HYD,4270.4932
HDP,shungnak,supply,2040,spring,5,ethos,IMP_SOL,2035,SOL,141.87567
HDP,shungnak,supply,2040,spring,5,ethos,IMP_WND,2035,WND,12905.747
HDP,shungnak,supply,2040,spring,6,ethos,IMP_HYD,2035,HYD,4270.4932
HDP,shungnak,supply,2040,spring,6,ethos,IMP_SOL,2025,SOL,984.90883
HDP,shungnak,supply,2040,spring,6,ethos,IMP_WND,2035,WND,12447.561
HDP,shungnak,supply,2040,spring,7,ethos,IMP_HYD,2040,HYD,4270.4932
HDP,shungnak,supply,2040,spring,7,ethos,IMP_SOL,2025,SOL,3164.9879
HDP,shungnak,supply,2040,spring,7,ethos,IMP_WND,2030,WND,11999.293
HDP,shungnak,supply,2040,spring,8,ethos,IMP_HYD,2030,HYD,4270.4932
HDP,shungnak,supply,2040,spring,8,ethos,IMP_SOL,2025,SOL,7370.2166
HDP,shungnak,supply,2040,spring,8,ethos,IMP_WND,2025,WND,11450.111
HDP,shungnak,supply,2040,spring,9,ethos,IMP_SOL,2030,SOL,13495.558
HDP,shungnak,supply,2040,spring,9,ethos,IMP_WND,2035,WND,10172.534
HDP,shungnak,supply,2040,summer,0,ethos,IMP_HYD,2040,HYD,10853.623
HDP,shungnak,supply,2040,summer,0,ethos,IMP_SOL,2035,SOL,55.331957
HDP,shungnak,supply,2040,summer,0,ethos,IMP_WND,2030,WND,2949.0508
HDP,shungnak,supply,2040,summer,1,ethos,IMP_HYD,2035,HYD,10853.623
HDP,shungnak,supply,2040,summer,1,ethos,IMP_WND,2030,WND,2331.7106
HDP,shungnak,supply,2040,summer,10,ethos,IMP_HYD,2025,HYD,10853.623
HDP,shungnak,supply,2040,summer,10,ethos,IMP_SOL,2030,SOL,17578.963
HDP,shungnak,supply,2040,summer,10,ethos,IMP_WND,2025,WND,2002.1844
HDP,shungnak,supply,2040,summer,11,ethos,IMP_HYD,2035,HYD,10853.623
HDP,shungnak,supply,2040,summer,11,ethos,IMP_SOL,2025,SOL,20987.411
HDP,shungnak,supply,2040,summer,11,ethos,IMP_WND,2040,WND,1743.5689
HDP,shungnak,supply,2040,summer,12,ethos,IMP_HYD,2035,HYD,10853.623
HDP,shungnak,supply,2040,summer,12,ethos,IMP_SOL,2025,SOL,23499.482
HDP,shungnak,supply,2040,summer,12,ethos,IMP_WND,2035,WND,1718.5416
HDP,shungnak,supply,2040,summer,13,ethos,IMP_HYD,2040,HYD,10853.623
HDP,shungnak,supply,2040,summer,13,ethos,IMP_SOL,2040,SOL,24716.785
HDP,shungnak,supply,2040,summer,13,ethos,IMP_WND,2025,WND,1822.8221
HDP,shungnak,supply,2040,summer,14,ethos,IMP_HYD,2040,HYD,10853.623
HDP,shungnak,supply,2040,summer,14,ethos,IMP_SOL,2040,SOL,25402.901
HDP,shungnak,supply,2040,summer,14,ethos,IMP_WND,2035,WND,1977.1571
HDP,shungnak,supply,2040,summer,15,ethos,IMP_HYD,2030,HYD,10853.623
HDP,shungnak,supply,2040,summer,15,ethos,IMP_SOL,2035,SOL,22885.297
HDP,shungnak,supply,2040,summer,15,ethos,IMP_WND,2025,WND,1751.9114
HDP,shungnak,supply,2040,summer,16,ethos,IMP_HYD,2025,HYD,10853.623
HDP,shungnak,supply,2040,summer,16,ethos,IMP_SOL,2035,SOL,21092.542
HDP,shungnak,supply,2040,summer,16,ethos,IMP_WND,2025,WND,1430.7276
HDP,shungnak,supply,2040,summer,17,ethos,IMP_HYD,2040,HYD,10853.623
HDP,shungnak,supply,2040,summer,17,ethos,IMP_SOL,2025,SOL,17495.965
HDP,shungnak,supply,2040,summer,17,ethos,IMP_WND,2040,WND,1593.4051
HDP,shungnak,supply,2040,summer,18,ethos,IMP_HYD,2040,HYD,10853.623
HDP,shungnak,supply,2040,summer,18,ethos,IMP_SOL,2040,SOL,12477.356
HDP,shungnak,supply,2040,summer,18,ethos,IMP_WND,2030,WND,2114.8073
HDP,shungnak,supply,2040,summer,19,ethos,IMP_HYD,2025,HYD,10853.623
HDP,shungnak,supply,2040,summer,19,ethos,IMP_SOL,2035,SOL,7270.6191
HDP,shungnak,supply,2040,summer,19,ethos,IMP_WND,2035,WND,1826.9933
HDP,shungnak,supply,2040,summer,2,ethos,IMP_HYD,2035,HYD,10853.623
HDP,shungnak,supply,2040,summer,2,ethos,IMP_WND,2030,WND,2135.6634
HDP,shungnak,supply,2040,summer,20,ethos,IMP_HYD,2025,HYD,10853.623
HDP,shungnak,supply,2040,summer,20,ethos,IMP_SOL,2040,SOL,3768.1063
HDP,shungnak,supply,2040,summer,20,ethos,IMP_WND,2025,WND,2252.4575
HDP,shungnak,supply,2040,summer,21,ethos,IMP_HYD,2030,HYD,10853.623
HDP,shungnak,supply,2040,summer,21,ethos,IMP_SOL,2025,SOL,1715.2907
HDP,shungnak,supply,2040,summer,21,ethos,IMP_WND,2030,WND,3245.2072
HDP,shungnak,supply,2040,summer,22,ethos,IMP_HYD,2030,HYD,10853.623
HDP,shungnak,supply,2040,summer,22,ethos,IMP_SOL,2035,SOL,1034.7076
HDP,shungnak,supply,2040,summer,22,ethos,IMP_WND,2040,WND,3165.9541
HDP,shungnak,supply,2040,summer,23,ethos,IMP_HYD,2025,HYD,10853.623
HDP,shungnak,supply,2040,summer,23,ethos,IMP_SOL,2025,SOL,304.32576
HDP,shungnak,supply,2040,summer,23,ethos,IMP_WND,2040,WND,3474.6242
HDP,shungnak,supply,2040,summer,3,ethos,IMP_HYD,2040,HYD,10853.623
HDP,shungnak,supply,2040,summer,3,ethos,IMP_SOL,2035,SOL,66.398348
HDP,shungnak,supply,2040,summer,3,ethos,IMP_WND,2025,WND,2440.1623
HDP,shungnak,supply,2040,summer,4,ethos,IMP_HYD,2030,HYD,10853.623
HDP,shungnak,supply,2040,summer,4,ethos,IMP_SOL,2025,SOL,426.05607
HDP,shungnak,supply,2040,summer,4,ethos,IMP_WND,2040,WND,2494.3881
HDP,shungnak,supply,2040,summer,5,ethos,IMP_HYD,2025,HYD,10853.623
HDP,shungnak,supply,2040,summer,5,ethos,IMP_SOL,2035,SOL,824.44615
HDP,shungnak,supply,2040,summer,5,ethos,IMP_WND,2035,WND,2586.1549
HDP,shungnak,supply,2040,summer,6,ethos,IMP_HYD,2040,HYD,10853.623
HDP,shungnak,supply,2040,summer,6,ethos,IMP_SOL,2025,SOL,2091.548
HDP,shungnak,supply,2040,summer,6,ethos,IMP_WND,2030,WND,2319.197
HDP,shungnak,supply,2040,summer,7,ethos,IMP_HYD,2025,HYD,10853.623
HDP,shungnak,supply,2040,summer,7,ethos,IMP_SOL,2040,SOL,5007.5421
HDP,shungnak,supply,2040,summer,7,ethos,IMP_WND,2035,WND,1927.1025
HDP,shungnak,supply,2040,summer,8,ethos,IMP_HYD,2025,HYD,10853.623
HDP,shungnak,supply,2040,summer,8,ethos,IMP_SOL,2035,SOL,9810.3559
HDP,shungnak,supply,2040,summer,8,ethos,IMP_WND,2025,WND,1981.3283
HDP,shungnak,supply,2040,summer,9,ethos,IMP_HYD,2025,HYD,10853.623
HDP,shungnak,supply,2040,summer,9,ethos,IMP_SOL,2030,SOL,13401.4
HDP,shungnak,supply,2040,summer,9,ethos,IMP_WND,2035,WND,1856.1918
HDP,shungnak,supply,2040,winter,0,ethos,IMP_HYD,2030,HYD,1011.7784
HDP,shungnak,supply,2040,winter,0,ethos,IMP_WND,2025,WND,12601.248
HDP,shungnak,supply,2040,winter,1,ethos,IMP_HYD,2030,HYD,1011.7784
HDP,shungnak,supply,2040,winter,1,ethos,IMP_WND,2040,WND,12847.35
HDP,shungnak,supply,2040,winter,10,ethos,IMP_HYD,2030,HYD,1011.7784
HDP,shungnak,supply,2040,winter,10,ethos,IMP_SOL,2025,SOL,630.78431
HDP,shungnak,supply,2040,winter,10,ethos,IMP_WND,2035,WND,12455.256
HDP,shungnak,supply,2040,winter,11,ethos,IMP_HYD,2040,HYD,1011.7784
HDP,shungnak,supply,2040,winter,11,ethos,IMP_SOL,2040,SOL,2141.3467
HDP,shungnak,supply,2040,winter,11,ethos,IMP_WND,2040,WND,12438.571
HDP,shungnak,supply,2040,winter,12,ethos,IMP_HYD,2030,HYD,1011.7784
HDP,shungnak,supply,2040,winter,12,ethos,IMP_SOL,2025,SOL,3790.239
HDP,shungnak,supply,2040,winter,12,ethos,IMP_WND,2030,WND,12943.288
HDP,shungnak,supply,2040,winter,13,ethos,IMP_HYD,2025,HYD,1011.7784
HDP,shungnak,supply,2040,winter,13,ethos,IMP_SOL,2025,SOL,4874.7454
HDP,shungnak,supply,2040,winter,13,ethos,IMP_WND,2030,WND,13489.718
HDP,shungnak,supply,2040,winter,14,ethos,IMP_HYD,2025,HYD,1011.7784
HDP,shungnak,supply,2040,winter,14,ethos,IMP_SOL,2035,SOL,4874.7454
HDP,shungnak,supply,2040,winter,14,ethos,IMP_WND,2025,WND,13168.534
HDP,shungnak,supply,2040,winter,15,ethos,IMP_HYD,2025,HYD,1011.7784
HDP,shungnak,supply,2040,winter,15,ethos,IMP_SOL,2030,SOL,3602.1104
HDP,shungnak,supply,2040,winter,15,ethos,IMP_WND,2030,WND,13448.005
HDP,shungnak,supply,2040,winter,16,ethos,IMP_HYD,2030,HYD,1011.7784
HDP,shungnak,supply,2040,winter,16,ethos,IMP_SOL,2030,SOL,1953.2181
HDP,shungnak,supply,2040,winter,16,ethos,IMP_WND,2035,WND,13251.958
HDP,shungnak,supply,2040,winter,17,ethos,IMP_HYD,2025,HYD,1011.7784
HDP,shungnak,supply,2040,winter,17,ethos,IMP_SOL,2030,SOL,509.054
HDP,shungnak,supply,2040,winter,17,ethos,IMP_WND,2040,WND,12943.288
HDP,shungnak,supply,2040,winter,18,ethos,IMP_HYD,2030,HYD,1011.7784
HDP,shungnak,supply,2040,winter,18,ethos,IMP_SOL,2035,SOL,11.066391
HDP,shungnak,supply,2040,winter,18,ethos,IMP_WND,2040,WND,12805.638
HDP,shungnak,supply,2040,winter,19,ethos,IMP_HYD,2030,HYD,1011.7784
HDP,shungnak,supply,2040,winter,19,ethos,IMP_WND,2040,WND,12980.829
HDP,shungnak,supply,2040,winter,2,ethos,IMP_HYD,2025,HYD,1011.7784
HDP,shungnak,supply,2040,winter,2,ethos,IMP_WND,2025,WND,12392.687
HDP,shungnak,supply,2040,winter,20,ethos,IMP_HYD,2030,HYD,1011.7784
HDP,shungnak,supply,2040,winter,20,ethos,IMP_WND,2040,WND,13118.479
HDP,shungnak,supply,2040,winter,21,ethos,IMP_HYD,2025,HYD,1011.7784
HDP,shungnak,supply,2040,winter,21,ethos,IMP_WND,2040,WND,13748.333
HDP,shungnak,supply,2040,winter,22,ethos,IMP_HYD,2030,HYD,1011.7784
HDP,shungnak,supply,2040,winter,22,ethos,IMP_WND,2035,WND,13823.415
HDP,shungnak,supply,2040,winter,23,ethos,IMP_HYD,2030,HYD,1011.7784
HDP,shungnak,supply,2040,winter,23,ethos,IMP_WND,2040,WND,13072.596
HDP,shungnak,supply,2040,winter,3,ethos,IMP_HYD,2035,HYD,1011.7784
HDP,shungnak,supply,2040,winter,3,ethos,IMP_WND,2035,WND,11750.32
HDP,shungnak,supply,2040,winter,4,ethos,IMP_HYD,2040,HYD,1011.7784
HDP,shungnak,supply,2040,winter,4,ethos,IMP_WND,2035,WND,11520.903
HDP,shungnak,supply,2040,winter,5,ethos,IMP_HYD,2025,HYD,1011.7784
HDP,shungnak,supply,2040,winter,5,ethos,IMP_WND,2025,WND,11779.518
HDP,shungnak,supply,2040,winter,6,ethos,IMP_HYD,2030,HYD,1011.7784
HDP,shungnak,supply,2040,winter,6,ethos,IMP_WND,2030,WND,11871.285
HDP,shungnak,supply,2040,winter,7,ethos,IMP_HYD,2040,HYD,1011.7784
HDP,shungnak,supply,2040,winter,7,ethos,IMP_WND,2025,WND,12008.935
HDP,shungnak,supply,2040,winter,8,ethos,IMP_HYD,2030,HYD,1011.7784
HDP,shungnak,supply,2040,winter,8,ethos,IMP_WND,2035,WND,12213.325
HDP,shungnak,supply,2040,winter,9,ethos,IMP_HYD,2040,HYD,1011.7784
HDP,shungnak,supply,2040,winter,9,ethos,IMP_WND,2030,WND,13043.397
HDP,shungnak,supply,2045,fall,0,ethos,IMP_HYD,2040,HYD,6057.5303
HDP,shungnak,supply,2045,fall,0,ethos,IMP_WND,2045,WND,13495.853
HDP,shungnak,supply,2045,fall,1,ethos,IMP_HYD,2030,HYD,6057.5303
HDP,shungnak,supply,2045,fall,1,ethos,IMP_WND,2035,WND,13806.103
HDP,shungnak,supply,2045,fall,10,ethos,IMP_HYD,2040,HYD,6057.5303
HDP,shungnak,supply,2045,fall,10,ethos,IMP_SOL,2030,SOL,4354.625
HDP,shungnak,supply,2045,fall,10,ethos,IMP_WND,2025,WND,13098.917
HDP,shungnak,supply,2045,fall,11,ethos,IMP_HYD,2045,HYD,6057.5303
HDP,shungnak,supply,2045,fall,11,ethos,IMP_SOL,2040,SOL,7890.337
HDP,shungnak,supply,2045,fall,11,ethos,IMP_WND,2025,WND,12975.729
HDP,shungnak,supply,2045,fall,12,ethos,IMP_HYD,2045,HYD,6057.5303
HDP,shungnak,supply,2045,fall,12,ethos,IMP_SOL,2045,SOL,9738.4244
HDP,shungnak,supply,2045,fall,12,ethos,IMP_WND,2030,WND,13044.167
HDP,shungnak,supply,2045,fall,13,ethos,IMP_HYD,2045,HYD,6057.5303
HDP,shungnak,supply,2045,fall,13,ethos,IMP_SOL,2040,SOL,10717.8
HDP,shungnak,supply,2045,fall,13,ethos,IMP_WND,2025,WND,12971.167
HDP,shungnak,supply,2045,fall,14,ethos,IMP_HYD,2040,HYD,6057.5303
HDP,shungnak,supply,2045,fall,14,ethos,IMP_SOL,2025,SOL,10120.215
HDP,shungnak,supply,2045,fall,14,ethos,IMP_WND,2030,WND,13149.104
HDP,shungnak,supply,2045,fall,15,ethos,IMP_HYD,2035,HYD,6057.5303
HDP,shungnak,supply,2045,fall,15,ethos,IMP_SOL,2040,SOL,8443.6566
HDP,shungnak,supply,2045,fall,15,ethos,IMP_WND,2030,WND,12843.417
HDP,shungnak,supply,2045,fall,16,ethos,IMP_HYD,2035,HYD,6057.5303
HDP,shungnak,supply,2045,fall,16,ethos,IMP_SOL,2030,SOL,5826.455
HDP,shungnak,supply,2045,fall,16,ethos,IMP_WND,2045,WND,13559.728
HDP,shungnak,supply,2045,fall,17,ethos,IMP_HYD,2040,HYD,6057.5303
HDP,shungnak,supply,2045,fall,17,ethos,IMP_SOL,2030,SOL,2943.6601
HDP,shungnak,supply,2045,fall,17,ethos,IMP_WND,2025,WND,13678.353
HDP,shungnak,supply,2045,fall,18,ethos,IMP_HYD,2030,HYD,6057.5303
HDP,shungnak,supply,2045,fall,18,ethos,IMP_SOL,2025,SOL,1034.7076
HDP,shungnak,supply,2045,fall,18,ethos,IMP_WND,2045,WND,13016.792
HDP,shungnak,supply,2045,fall,19,ethos,IMP_HYD,2045,HYD,6057.5303
HDP,shungnak,supply,2045,fall,19,ethos,IMP_SOL,2045,SOL,254.527
HDP,shungnak,supply,2045,fall,19,ethos,IMP_WND,2040,WND,12866.229
HDP,shungnak,supply,2045,fall,2,ethos,IMP_HYD,2040,HYD,6057.5303
HDP,shungnak,supply,2045,fall,2,ethos,IMP_WND,2035,WND,13901.915
HDP,shungnak,supply,2045,fall,20,ethos,IMP_HYD,2025,HYD,6057.5303
HDP,shungnak,supply,2045,fall,20,ethos,IMP_SOL,2025,SOL,16.599587
HDP,shungnak,supply,2045,fall,20,ethos,IMP_WND,2035,WND,13025.917
HDP,shungnak,supply,2045,fall,21,ethos,IMP_HYD,2025,HYD,6057.5303
HDP,shungnak,supply,2045,fall,21,ethos,IMP_WND,2035,WND,12455.605
HDP,shungnak,supply,2045,fall,22,ethos,IMP_HYD,2045,HYD,6057.5303
HDP,shungnak,supply,2045,fall,22,ethos,IMP_WND,2040,WND,13263.166
HDP,shungnak,supply,2045,fall,23,ethos,IMP_HYD,2025,HYD,6057.5303
HDP,shungnak,supply,2045,fall,23,ethos,IMP_WND,2025,WND,13007.667
HDP,shungnak,supply,2045,fall,3,ethos,IMP_HYD,2035,HYD,6057.5303
HDP,shungnak,supply,2045,fall,3,ethos,IMP_WND,2045,WND,13714.853
HDP,shungnak,supply,2045,fall,4,ethos,IMP_HYD,2040,HYD,6057.5303
HDP,shungnak,supply,2045,fall,4,ethos,IMP_WND,2035,WND,13327.041
HDP,shungnak,supply,2045,fall,5,ethos,IMP_HYD,2040,HYD,6057.5303
HDP,shungnak,supply,2045,fall,5,ethos,IMP_WND,2025,WND,13792.415
HDP,shungnak,supply,2045,fall,6,ethos,IMP_HYD,2040,HYD,6057.5303
HDP,shungnak,supply,2045,fall,6,ethos,IMP_WND,2030,WND,13546.041
HDP,shungnak,supply,2045,fall,7,ethos,IMP_HYD,2030,HYD,6057.5303
HDP,shungnak,supply,2045,fall,7,ethos,IMP_SOL,2040,SOL,99.597522
HDP,shungnak,supply,2045,fall,7,ethos,IMP_WND,2025,WND,13504.978
HDP,shungnak,supply,2045,fall,8,ethos,IMP_HYD,2045,HYD,6057.5303
HDP,shungnak,supply,2045,fall,8,ethos,IMP_SOL,2035,SOL,962.77605
HDP,shungnak,supply,2045,fall,8,ethos,IMP_WND,2040,WND,13796.978
HDP,shungnak,supply,2045,fall,9,ethos,IMP_HYD,2025,HYD,6057.5303
HDP,shungnak,supply,2045,fall,9,ethos,IMP_SOL,2040,SOL,2052.8156
HDP,shungnak,supply,2045,fall,9,ethos,IMP_WND,2030,WND,13276.854
HDP,shungnak,supply,2045,spring,0,ethos,IMP_HYD,2045,HYD,4270.4932
HDP,shungnak,supply,2045,spring,0,ethos,IMP_WND,2045,WND,12610.73
HDP,shungnak,supply,2045,spring,1,ethos,IMP_HYD,2035,HYD,4270.4932
HDP,shungnak,supply,2045,spring,1,ethos,IMP_WND,2030,WND,12565.105
HDP,shungnak,supply,2045,spring,10,ethos,IMP_HYD,2040,HYD,4270.4932
HDP,shungnak,supply,2045,spring,10,ethos,IMP_SOL,2045,SOL,19642.845
HDP,shungnak,supply,2045,spring,10,ethos,IMP_WND,2045,WND,12510.355
HDP,shungnak,supply,2045,spring,11,ethos,IMP_HYD,2045,HYD,4270.4932
HDP,shungnak,supply,2045,spring,11,ethos,IMP_SOL,2040,SOL,24434.592
HDP,shungnak,supply,2045,spring,11,ethos,IMP_WND,2045,WND,11825.981
HDP,shungnak,supply,2045,spring,12,ethos,IMP_HYD,2030,HYD,4270.4932
HDP,shungnak,supply,2045,spring,12,ethos,IMP_SOL,2045,SOL,26697.669
HDP,shungnak,supply,2045,spring,12,ethos,IMP_WND,2035,WND,11123.357
HDP,shungnak,supply,2045,spring,13,ethos,IMP_HYD,2025,HYD,4270.4932
HDP,shungnak,supply,2045,spring,13,ethos,IMP_SOL,2035,SOL,28064.368
HDP,shungnak,supply,2045,spring,13,ethos,IMP_WND,2040,WND,9750.0469
HDP,shungnak,supply,2045,spring,14,ethos,IMP_HYD,2025,HYD,4270.4932
HDP,shungnak,supply,2045,spring,14,ethos,IMP_SOL,2040,SOL,27953.705
HDP,shungnak,supply,2045,spring,14,ethos,IMP_WND,2040,WND,9029.1731
HDP,shungnak,supply,2045,spring,15,ethos,IMP_HYD,2030,HYD,4270.4932
HDP,shungnak,supply,2045,spring,15,ethos,IMP_SOL,2035,SOL,26326.945
HDP,shungnak,supply,2045,spring,15,ethos,IMP_WND,2035,WND,9229.9227
HDP,shungnak,supply,2045,spring,16,ethos,IMP_HYD,2045,HYD,4270.4932
HDP,shungnak,supply,2045,spring,16,ethos,IMP_SOL,2025,SOL,22863.165
HDP,shungnak,supply,2045,spring,16,ethos,IMP_WND,2045,WND,9973.609
HDP,shungnak,supply,2045,spring,17,ethos,IMP_HYD,2040,HYD,4270.4932
HDP,shungnak,supply,2045,spring,17,ethos,IMP_SOL,2040,SOL,17036.709
HDP,shungnak,supply,2045,spring,17,ethos,IMP_WND,2045,WND,10110.484
HDP,shungnak,supply,2045,spring,18,ethos,IMP_HYD,2025,HYD,4270.4932
HDP,shungnak,supply,2045,spring,18,ethos,IMP_SOL,2030,SOL,10324.943
HDP,shungnak,supply,2045,spring,18,ethos,IMP_WND,2025,WND,10420.733
HDP,shungnak,supply,2045,spring,19,ethos,IMP_HYD,2040,HYD,4270.4932
HDP,shungnak,supply,2045,spring,19,ethos,IMP_SOL,2040,SOL,4492.9549
HDP,shungnak,supply,2045,spring,19,ethos,IMP_WND,2030,WND,10730.983
HDP,shungnak,supply,2045,spring,2,ethos,IMP_HYD,2045,HYD,4270.4932
HDP,shungnak,supply,2045,spring,2,ethos,IMP_WND,2045,WND,12273.105
HDP,shungnak,supply,2045,spring,20,ethos,IMP_HYD,2035,HYD,4270.4932
HDP,shungnak,supply,2045,spring,20,ethos,IMP_SOL,2045,SOL,1637.8259
HDP,shungnak,supply,2045,spring,20,ethos,IMP_WND,2040,WND,11369.732
HDP,shungnak,supply,2045,spring,21,ethos,IMP_HYD,2035,HYD,4270.4932
HDP,shungnak,supply,2045,spring,21,ethos,IMP_SOL,2045,SOL,713.78224
HDP,shungnak,supply,2045,spring,21,ethos,IMP_WND,2030,WND,11086.857
HDP,shungnak,supply,2045,spring,22,ethos,IMP_HYD,2040,HYD,4270.4932
HDP,shungnak,supply,2045,spring,22,ethos,IMP_SOL,2025,SOL,276.65978
HDP,shungnak,supply,2045,spring,22,ethos,IMP_WND,2030,WND,12373.48
HDP,shungnak,supply,2045,spring,23,ethos,IMP_HYD,2030,HYD,4270.4932
HDP,shungnak,supply,2045,spring,23,ethos,IMP_SOL,2035,SOL,44.265565
HDP,shungnak,supply,2045,spring,23,ethos,IMP_WND,2035,WND,12624.417
HDP,shungnak,supply,2045,spring,3,ethos,IMP_HYD,2035,HYD,4270.4932
HDP,shungnak,supply,2045,spring,3,ethos,IMP_WND,2025,WND,12884.479
HDP,shungnak,supply,2045,spring,4,ethos,IMP_HYD,2035,HYD,4270.4932
HDP,shungnak,supply,2045,spring,4,ethos,IMP_SOL,2035,SOL,20.399817
HDP,shungnak,supply,2045,spring,4,ethos,IMP_WND,2030,WND,13506.143
HDP,shungnak,supply,2045,spring,5,ethos,IMP_HYD,2030,HYD,4270.4932
HDP,shungnak,supply,2045,spring,5,ethos,IMP_SOL,2040,SOL,90.099193
HDP,shungnak,supply,2045,spring,5,ethos,IMP_WND,2035,WND,13840.922
HDP,shungnak,supply,2045,spring,6,ethos,IMP_HYD,2030,HYD,4270.4932
HDP,shungnak,supply,2045,spring,6,ethos,IMP_SOL,2025,SOL,302.59729
HDP,shungnak,supply,2045,spring,6,ethos,IMP_WND,2030,WND,14032.901
HDP,shungnak,supply,2045,spring,7,ethos,IMP_HYD,2040,HYD,4270.4932
HDP,shungnak,supply,2045,spring,7,ethos,IMP_SOL,2025,SOL,2481.8596
HDP,shungnak,supply,2045,spring,7,ethos,IMP_WND,2030,WND,13673.791
HDP,shungnak,supply,2045,spring,8,ethos,IMP_HYD,2035,HYD,4270.4932
HDP,shungnak,supply,2045,spring,8,ethos,IMP_SOL,2030,SOL,7370.2166
HDP,shungnak,supply,2045,spring,8,ethos,IMP_WND,2045,WND,12627.975
HDP,shungnak,supply,2045,spring,9,ethos,IMP_HYD,2040,HYD,4270.4932
HDP,shungnak,supply,2045,spring,9,ethos,IMP_SOL,2030,SOL,13633.794
HDP,shungnak,supply,2045,spring,9,ethos,IMP_WND,2035,WND,8090.2137
HDP,shungnak,supply,2045,summer,0,ethos,IMP_HYD,2025,HYD,10853.623
HDP,shungnak,supply,2045,summer,0,ethos,IMP_SOL,2030,SOL,55.331957
HDP,shungnak,supply,2045,summer,0,ethos,IMP_WND,2040,WND,3225.6823
HDP,shungnak,supply,2045,summer,1,ethos,IMP_HYD,2040,HYD,10853.623
HDP,shungnak,supply,2045,summer,1,ethos,IMP_WND,2030,WND,2550.4334
HDP,shungnak,supply,2045,summer,10,ethos,IMP_HYD,2025,HYD,10853.623
HDP,shungnak,supply,2045,summer,10,ethos,IMP_SOL,2040,SOL,17578.963
HDP,shungnak,supply,2045,summer,10,ethos,IMP_WND,2045,WND,2189.9965
HDP,shungnak,supply,2045,summer,11,ethos,IMP_HYD,2030,HYD,10853.623
HDP,shungnak,supply,2045,summer,11,ethos,IMP_SOL,2035,SOL,20987.411
HDP,shungnak,supply,2045,summer,11,ethos,IMP_WND,2035,WND,1907.1219
HDP,shungnak,supply,2045,summer,12,ethos,IMP_HYD,2025,HYD,10853.623
HDP,shungnak,supply,2045,summer,12,ethos,IMP_SOL,2045,SOL,23499.482
HDP,shungnak,supply,2045,summer,12,ethos,IMP_WND,2045,WND,1879.747
HDP,shungnak,supply,2045,summer,13,ethos,IMP_HYD,2045,HYD,10853.623
HDP,shungnak,supply,2045,summer,13,ethos,IMP_SOL,2030,SOL,24716.785
HDP,shungnak,supply,2045,summer,13,ethos,IMP_WND,2025,WND,1993.8093
HDP,shungnak,supply,2045,summer,14,ethos,IMP_HYD,2040,HYD,10853.623
HDP,shungnak,supply,2045,summer,14,ethos,IMP_SOL,2030,SOL,25402.901
HDP,shungnak,supply,2045,summer,14,ethos,IMP_WND,2045,WND,2162.6215
HDP,shungnak,supply,2045,summer,15,ethos,IMP_HYD,2045,HYD,10853.623
HDP,shungnak,supply,2045,summer,15,ethos,IMP_SOL,2045,SOL,22885.297
HDP,shungnak,supply,2045,summer,15,ethos,IMP_WND,2025,WND,1916.2469
HDP,shungnak,supply,2045,summer,16,ethos,IMP_HYD,2035,HYD,10853.623
HDP,shungnak,supply,2045,summer,16,ethos,IMP_SOL,2040,SOL,21092.542
HDP,shungnak,supply,2045,summer,16,ethos,IMP_WND,2045,WND,1564.935
HDP,shungnak,supply,2045,summer,17,ethos,IMP_HYD,2030,HYD,10853.623
HDP,shungnak,supply,2045,summer,17,ethos,IMP_SOL,2030,SOL,17495.965
HDP,shungnak,supply,2045,summer,17,ethos,IMP_WND,2035,WND,1742.8722
HDP,shungnak,supply,2045,summer,18,ethos,IMP_HYD,2035,HYD,10853.623
HDP,shungnak,supply,2045,summer,18,ethos,IMP_SOL,2035,SOL,12477.356
HDP,shungnak,supply,2045,summer,18,ethos,IMP_WND,2045,WND,2313.1838
HDP,shungnak,supply,2045,summer,19,ethos,IMP_HYD,2030,HYD,10853.623
HDP,shungnak,supply,2045,summer,19,ethos,IMP_SOL,2025,SOL,7270.6191
HDP,shungnak,supply,2045,summer,19,ethos,IMP_WND,2040,WND,1998.3718
HDP,shungnak,supply,2045,summer,2,ethos,IMP_HYD,2025,HYD,10853.623
HDP,shungnak,supply,2045,summer,2,ethos,IMP_WND,2030,WND,2335.9963
HDP,shungnak,supply,2045,summer,20,ethos,IMP_HYD,2030,HYD,10853.623
HDP,shungnak,supply,2045,summer,20,ethos,IMP_SOL,2030,SOL,3768.1063
HDP,shungnak,supply,2045,summer,20,ethos,IMP_WND,2025,WND,2463.7461
HDP,shungnak,supply,2045,summer,21,ethos,IMP_HYD,2040,HYD,10853.623
HDP,shungnak,supply,2045,summer,21,ethos,IMP_SOL,2030,SOL,1715.2907
HDP,shungnak,supply,2045,summer,21,ethos,IMP_WND,2030,WND,3549.6193
HDP,shungnak,supply,2045,summer,22,ethos,IMP_HYD,2035,HYD,10853.623
HDP,shungnak,supply,2045,summer,22,ethos,IMP_SOL,2025,SOL,1034.7076
HDP,shungnak,supply,2045,summer,22,ethos,IMP_WND,2040,WND,3462.932
HDP,shungnak,supply,2045,summer,23,ethos,IMP_HYD,2035,HYD,10853.623
HDP,shungnak,supply,2045,summer,23,ethos,IMP_SOL,2045,SOL,304.32576
HDP,shungnak,supply,2045,summer,23,ethos,IMP_WND,2045,WND,3800.5564
HDP,shungnak,supply,2045,summer,3,ethos,IMP_HYD,2035,HYD,10853.623
HDP,shungnak,supply,2045,summer,3,ethos,IMP_SOL,2040,SOL,66.398348
HDP,shungnak,supply,2045,summer,3,ethos,IMP_WND,2025,WND,2669.0582
HDP,shungnak,supply,2045,summer,4,ethos,IMP_HYD,2045,HYD,10853.623
HDP,shungnak,supply,2045,summer,4,ethos,IMP_SOL,2045,SOL,426.05607
HDP,shungnak,supply,2045,summer,4,ethos,IMP_WND,2025,WND,2728.3706
HDP,shungnak,supply,2045,summer,5,ethos,IMP_HYD,2045,HYD,10853.623
HDP,shungnak,supply,2045,summer,5,ethos,IMP_SOL,2025,SOL,824.44615
HDP,shungnak,supply,2045,summer,5,ethos,IMP_WND,2035,WND,2828.7455
HDP,shungnak,supply,2045,summer,6,ethos,IMP_HYD,2035,HYD,10853.623
HDP,shungnak,supply,2045,summer,6,ethos,IMP_SOL,2040,SOL,2091.548
HDP,shungnak,supply,2045,summer,6,ethos,IMP_WND,2030,WND,2536.7459
HDP,shungnak,supply,2045,summer,7,ethos,IMP_HYD,2045,HYD,10853.623
HDP,shungnak,supply,2045,summer,7,ethos,IMP_SOL,2030,SOL,5007.5421
HDP,shungnak,supply,2045,summer,7,ethos,IMP_WND,2035,WND,2107.8716
HDP,shungnak,supply,2045,summer,8,ethos,IMP_HYD,2030,HYD,10853.623
HDP,shungnak,supply,2045,summer,8,ethos,IMP_SOL,2045,SOL,9810.3559
HDP,shungnak,supply,2045,summer,8,ethos,IMP_WND,2030,WND,2167.184
HDP,shungnak,supply,2045,summer,9,ethos,IMP_HYD,2025,HYD,10853.623
HDP,shungnak,supply,2045,summer,9,ethos,IMP_SOL,2040,SOL,13401.4
HDP,shungnak,supply,2045,summer,9,ethos,IMP_WND,2035,WND,2030.3093
HDP,shungnak,supply,2045,winter,0,ethos,IMP_HYD,2030,HYD,1011.7784
HDP,shungnak,supply,2045,winter,0,ethos,IMP_WND,2025,WND,13783.29
HDP,shungnak,supply,2045,winter,1,ethos,IMP_HYD,2025,HYD,1011.7784
HDP,shungnak,supply,2045,winter,1,ethos,IMP_WND,2035,WND,14052.478
HDP,shungnak,supply,2045,winter,10,ethos,IMP_HYD,2040,HYD,1011.7784
HDP,shungnak,supply,2045,winter,10,ethos,IMP_SOL,2040,SOL,630.78431
HDP,shungnak,supply,2045,winter,10,ethos,IMP_WND,2030,WND,13623.603
HDP,shungnak,supply,2045,winter,11,ethos,IMP_HYD,2030,HYD,1011.7784
HDP,shungnak,supply,2045,winter,11,ethos,IMP_SOL,2025,SOL,2141.3467
HDP,shungnak,supply,2045,winter,11,ethos,IMP_WND,2045,WND,13605.353
HDP,shungnak,supply,2045,winter,12,ethos,IMP_HYD,2035,HYD,1011.7784
HDP,shungnak,supply,2045,winter,12,ethos,IMP_SOL,2040,SOL,3790.239
HDP,shungnak,supply,2045,winter,12,ethos,IMP_WND,2040,WND,14157.415
HDP,shungnak,supply,2045,winter,13,ethos,IMP_HYD,2040,HYD,1011.7784
HDP,shungnak,supply,2045,winter,13,ethos,IMP_SOL,2035,SOL,4874.7454
HDP,shungnak,supply,2045,winter,13,ethos,IMP_WND,2035,WND,14755.101
HDP,shungnak,supply,2045,winter,14,ethos,IMP_HYD,2030,HYD,1011.7784
HDP,shungnak,supply,2045,winter,14,ethos,IMP_SOL,2025,SOL,4874.7454
HDP,shungnak,supply,2045,winter,14,ethos,IMP_WND,2045,WND,14403.789
HDP,shungnak,supply,2045,winter,15,ethos,IMP_HYD,2035,HYD,1011.7784
HDP,shungnak,supply,2045,winter,15,ethos,IMP_SOL,2035,SOL,3602.1104
HDP,shungnak,supply,2045,winter,15,ethos,IMP_WND,2030,WND,14709.476
HDP,shungnak,supply,2045,winter,16,ethos,IMP_HYD,2030,HYD,1011.7784
HDP,shungnak,supply,2045,winter,16,ethos,IMP_SOL,2030,SOL,1953.2181
HDP,shungnak,supply,2045,winter,16,ethos,IMP_WND,2025,WND,14495.039
HDP,shungnak,supply,2045,winter,17,ethos,IMP_HYD,2035,HYD,1011.7784
HDP,shungnak,supply,2045,winter,17,ethos,IMP_SOL,2025,SOL,509.054
HDP,shungnak,supply,2045,winter,17,ethos,IMP_WND,2045,WND,14157.415
HDP,shungnak,supply,2045,winter,18,ethos,IMP_HYD,2025,HYD,1011.7784
HDP,shungnak,supply,2045,winter,18,ethos,IMP_SOL,2040,SOL,11.066391
HDP,shungnak,supply,2045,winter,18,ethos,IMP_WND,2030,WND,14006.853
HDP,shungnak,supply,2045,winter,19,ethos,IMP_HYD,2035,HYD,1011.7784
HDP,shungnak,supply,2045,winter,19,ethos,IMP_WND,2030,WND,14198.477
HDP,shungnak,supply,2045,winter,2,ethos,IMP_HYD,2025,HYD,1011.7784
HDP,shungnak,supply,2045,winter,2,ethos,IMP_WND,2030,WND,13555.166
HDP,shungnak,supply,2045,winter,20,ethos,IMP_HYD,2035,HYD,1011.7784
HDP,shungnak,supply,2045,winter,20,ethos,IMP_WND,2030,WND,14349.04
HDP,shungnak,supply,2045,winter,21,ethos,IMP_HYD,2040,HYD,1011.7784
HDP,shungnak,supply,2045,winter,21,ethos,IMP_WND,2035,WND,15037.976
HDP,shungnak,supply,2045,winter,22,ethos,IMP_HYD,2030,HYD,1011.7784
HDP,shungnak,supply,2045,winter,22,ethos,IMP_WND,2040,WND,15120.101
HDP,shungnak,supply,2045,winter,23,ethos,IMP_HYD,2025,HYD,1011.7784
HDP,shungnak,supply,2045,winter,23,ethos,IMP_WND,2045,WND,14298.852
HDP,shungnak,supply,2045,winter,3,ethos,IMP_HYD,2030,HYD,1011.7784
HDP,shungnak,supply,2045,winter,3,ethos,IMP_WND,2040,WND,12852.542
HDP,shungnak,supply,2045,winter,4,ethos,IMP_HYD,2025,HYD,1011.7784
HDP,shungnak,supply,2045,winter,4,ethos,IMP_WND,2030,WND,12601.605
HDP,shungnak,supply,2045,winter,5,ethos,IMP_HYD,2040,HYD,1011.7784
HDP,shungnak,supply,2045,winter,5,ethos,IMP_WND,2030,WND,12884.479
HDP,shungnak,supply,2045,winter,6,ethos,IMP_HYD,2040,HYD,1011.7784
HDP,shungnak,supply,2045,winter,6,ethos,IMP_WND,2035,WND,12984.854
HDP,shungnak,supply,2045,winter,7,ethos,IMP_HYD,2025,HYD,1011.7784
HDP,shungnak,supply,2045,winter,7,ethos,IMP_WND,2040,WND,13135.416
HDP,shungnak,supply,2045,winter,8,ethos,IMP_HYD,2035,HYD,1011.7784
HDP,shungnak,supply,2045,winter,8,ethos,IMP_WND,2030,WND,13358.979
HDP,shungnak,supply,2045,winter,9,ethos,IMP_HYD,2040,HYD,1011.7784
HDP,shungnak,supply,2045,winter,9,ethos,IMP_WND,2040,WND,14266.915
